IMGNAME	DB_PRAUC	DB_FSPEAK	DB_MAXREC	DBALT_PRAUC	DBALT_FSPEAK	DBALT_MAXREC
mESC4d_Tsix-AF594	0.342772	0.493478	1.000000	NaN	NaN	NaN
mESC4d_Xist-CY5	0.385838	0.497937	0.996364	NaN	NaN	NaN
scrna_E1R2I4_STL1	0.335717	0.437809	0.994891	NaN	NaN	NaN
scrna_E1R2I4_CTT1	0.389758	0.486500	0.996124	NaN	NaN	NaN
scrna_E2R1I2_STL1	0.286708	0.405006	0.990896	NaN	NaN	NaN
scrna_E2R1I2_CTT1	0.344908	0.495133	0.980915	NaN	NaN	NaN
scrna_E2R2I3_STL1	0.371364	0.483323	0.996641	NaN	NaN	NaN
scrna_E2R2I3_CTT1	0.407994	0.560833	0.982857	NaN	NaN	NaN
scrna_E2R2I5_STL1	0.396658	0.498840	0.995804	NaN	NaN	NaN
scrna_E2R2I5_CTT1	0.466659	0.596396	0.986111	NaN	NaN	NaN
mESC_loday_D0I18_Xist	0.430154	0.559441	1.000000	NaN	NaN	NaN
mESC_loday_D0I18_Tsix	0.350786	0.453629	0.995763	NaN	NaN	NaN
mESC_loday_D0I04_Xist	0.446943	0.584615	1.000000	NaN	NaN	NaN
mESC_loday_DHI07_Xist	0.518756	0.613139	0.978723	NaN	NaN	NaN
mESC_loday_DHI32_Xist	0.641522	0.657143	1.000000	NaN	NaN	NaN
mESC_loday_D1I02_Xist	0.561289	0.654397	0.994186	NaN	NaN	NaN
mESC_loday_D1I02_Tsix	0.347512	0.463104	0.996552	NaN	NaN	NaN
mESC_loday_D1I15_Xist	0.418314	0.530329	0.982759	NaN	NaN	NaN
scprotein_Msb2_4M1m	0.443517	0.585593	0.982188	NaN	NaN	NaN
scprotein_Msb2_4M5m	0.431502	0.591923	0.970356	NaN	NaN	NaN
scprotein_Opy2_4M1m	0.512866	0.635945	0.959184	NaN	NaN	NaN
scprotein_Opy2_4M5m	0.460863	0.641304	0.946524	NaN	NaN	NaN
sim_mESC_histone_100x_1	0.973044	0.976764	0.987795	0.995942	0.996996	0.996530
sim_mESC_histone_100x_2	0.969821	0.974602	0.985327	0.996389	0.997002	0.997334
sim_mESC_histone_100x_3	0.972376	0.976832	0.988037	0.995651	0.997033	0.996836
sim_mESC_RNA_100x_1	0.617954	0.770975	0.994286	0.792098	0.851638	0.995708
sim_mESC_RNA_100x_2	0.505119	0.706468	0.995327	0.781918	0.845501	0.992126
sim_mESC_RNA_100x_3	0.625987	0.775785	0.994350	0.769412	0.836134	0.995455
sim_mESC_RNA_LE_100x_1	0.552316	0.737864	1.000000	0.633797	0.758621	1.000000
sim_mESC_RNA_LE_100x_2	0.519095	0.716981	1.000000	0.555458	0.672897	1.000000
sim_mESC_RNA_LE_100x_3	0.441756	0.672000	0.976744	0.525856	0.655738	0.979592
sim_mESC_RNA_LEHB_100x_1	0.882063	0.942529	0.976190	0.865928	0.924528	0.960784
sim_mESC_RNA_LEHB_100x_2	0.999160	0.985507	1.000000	0.882568	0.894118	1.000000
sim_mESC_RNA_LEHB_100x_3	NaN	NaN	NaN	NaN	NaN	NaN
sim_mESC_RNA_TMRLike_100x_1	0.507973	0.717949	0.991525	0.861831	0.906217	0.995516
sim_mESC_RNA_TMRLike_100x_2	0.474548	0.689311	0.980114	0.883633	0.923560	1.000000
sim_mESC_RNA_TMRLike_100x_3	0.503466	0.701187	0.990854	0.876856	0.913440	0.997531
sim_yeast_proteinGFP_100x_1	0.844419	0.950166	0.928571	0.978188	0.988964	0.979549
sim_yeast_proteinGFP_100x_2	0.924583	0.962712	0.940397	0.977976	0.989180	0.979267
sim_yeast_proteinGFP_100x_1_blur	0.641427	0.652363	0.986842	0.931818	0.964706	0.931818
sim_yeast_proteinGFP_100x_2_blur	0.631120	0.653276	0.982625	0.919050	0.962025	0.974359
sim_yeast_RNA_CY5like_100x_1	0.925514	0.955224	0.992248	0.993149	0.995740	0.995740
sim_yeast_RNA_CY5like_100x_2	0.934787	0.959088	0.989448	0.990442	0.993656	0.991669
sim_yeast_RNA_LE_CY5like_100x_1	0.883355	0.931677	1.000000	0.876944	0.882353	1.000000
sim_yeast_RNA_LE_CY5like_100x_2	0.877176	0.930233	0.987654	0.898233	0.913462	0.980583
sim_yeast_RNA_TMRlike_100x_1	0.733194	0.858479	0.994015	0.994022	0.996775	0.995491
sim_yeast_RNA_TMRlike_100x_2	0.739535	0.863636	0.991026	0.992317	0.994972	0.993411
histonesc_D0I1B_H3K36me3_Histone	0.615176	0.793831	0.942197	NaN	NaN	NaN
histonesc_D0I1C_H3K36me3_Tsix	0.115932	0.217526	0.987755	NaN	NaN	NaN
histonesc_D0I2A_H3K36me3_Histone	0.718670	0.861333	0.947214	NaN	NaN	NaN
histonesc_D0I3A_H3K36me3_Tsix	0.123124	0.227095	0.991561	NaN	NaN	NaN
histonesc_D0I3B_H3K36me3_Xist	0.332251	0.500000	1.000000	NaN	NaN	NaN
histonesc_D0I3C_H3K36me3_Xist	0.326459	0.437500	1.000000	NaN	NaN	NaN
histonesc_D2I1A_H3K36me3_Histone	0.637640	0.819820	0.934932	NaN	NaN	NaN
histonesc_D2I1C_H3K36me3_Histone	0.530663	0.764347	0.931548	NaN	NaN	NaN
histonesc_D2I2A_H3K36me3_Xist	0.315589	0.434457	1.000000	NaN	NaN	NaN
histonesc_D2I2B_H3K36me3_Xist	0.357628	0.463668	0.983051	NaN	NaN	NaN
histonesc_D2I2C_H3K36me3_Tsix	0.142550	0.251046	1.000000	NaN	NaN	NaN
histonesc_D2I3C_H3K36me3_Tsix	0.149329	0.264755	0.996032	NaN	NaN	NaN
ROI001_P01_XY1657818948_Z00_T0_CY5	0.633309	0.848000	0.946429	NaN	NaN	NaN
ROI001_P03_XY1657818950_Z00_T0_CY5	0.741282	0.846154	0.942857	NaN	NaN	NaN
ROI001_P04_XY1657818951_Z00_T0_GFP	0.840372	0.914286	0.941176	NaN	NaN	NaN
ROI001_P07_XY1657818954_Z00_T0_GFP	0.681825	0.833333	0.930233	NaN	NaN	NaN
ROI011_XY1657822942_Z00_T0_CY5	0.421429	0.727273	1.000000	NaN	NaN	NaN
ROI012_XY1657822943_Z00_T0_GFP	1.000000	1.000000	1.000000	NaN	NaN	NaN
ROI017_XY1657822948_Z00_T0_GFP	1.000000	1.000000	1.000000	NaN	NaN	NaN
ROI017_XY1657822948_Z00_T0_CY5	NaN	NaN	NaN	NaN	NaN	NaN
ROI002_XY1657815441_Z00_T0_GFP	0.199244	0.325000	1.000000	NaN	NaN	NaN
ROI002_XY1657815441_Z00_T0_CY5	0.246418	0.348624	0.977273	NaN	NaN	NaN
ROI003_XY1657814110_Z00_T0_GFP	0.421376	0.626866	1.000000	NaN	NaN	NaN
ROI012_XY1657814119_Z00_T0_CY5	0.370006	0.547771	1.000000	NaN	NaN	NaN
histonesc_D0I1E_H3K4me2_Histone	0.425026	0.669939	0.947917	NaN	NaN	NaN
histonesc_D2I1E_H3K4me2_Tsix	0.130271	0.236729	1.000000	NaN	NaN	NaN
histonesc_D2I2D_H3K4me2_Xist	0.299024	0.428571	0.992126	NaN	NaN	NaN
histonesc_D2I2D_H3K4me2_Histone	0.607097	0.765432	0.977301	NaN	NaN	NaN
histonesc_D2I3D_H3K4me2_Xist	0.291707	0.419048	1.000000	NaN	NaN	NaN
rsfish_celegans	0.580322	0.760300	0.946387	NaN	NaN	NaN
rsfish_sim_bgs_30A	1.000000	1.000000	1.000000	0.531064	0.628571	1.000000
rsfish_sim_bgs_30B	1.000000	1.000000	1.000000	0.531156	0.681818	1.000000
rsfish_sim_bgs_30C	0.750000	0.857143	0.750000	0.604923	0.674419	1.000000
rsfish_sim_bgs_300A	0.800000	0.888889	0.800000	0.693724	0.766182	0.989899
rsfish_sim_bgs_300B	0.952381	0.975610	0.952381	0.720230	0.760417	0.989865
rsfish_sim_bgs_300C	0.842105	0.914286	0.842105	0.699820	0.780876	0.983278
rsfish_sim_bgs_3000A	0.891304	0.942529	0.891304	0.905616	0.951097	0.971676
rsfish_sim_bgs_3000B	0.846154	0.916667	0.846154	0.919406	0.953480	0.975628
rsfish_sim_bgs_3000C	0.875000	0.933333	0.875000	0.913545	0.951238	0.970904
rsfish_sim_bgl_30A	NaN	NaN	NaN	0.732519	0.702703	1.000000
rsfish_sim_bgl_30B	NaN	NaN	NaN	0.567048	0.773333	1.000000
rsfish_sim_bgl_30C	NaN	NaN	NaN	0.618454	0.735294	0.962963
rsfish_sim_bgl_300A	NaN	NaN	NaN	0.583370	0.690773	0.978947
rsfish_sim_bgl_300B	NaN	NaN	NaN	0.608148	0.715013	0.985965
rsfish_sim_bgl_3000A	0.923077	0.960000	0.923077	0.909091	0.945425	0.960801
rsfish_sim_bgl_3000B	0.769231	0.869565	0.769231	0.906057	0.953159	0.968559
rsfish_sim_bgl_3000C	0.800000	0.888889	0.800000	0.926358	0.961384	0.974715
rsfish_sim_snrs_1A	0.515898	0.735294	0.892857	0.545403	0.623656	1.000000
rsfish_sim_snrs_1B	0.652978	0.800000	1.000000	0.553833	0.593407	0.966667
rsfish_sim_snrs_1C	0.582351	0.732394	0.962963	0.604731	0.659091	1.000000
rsfish_sim_snrs_2A	NaN	NaN	NaN	0.542654	0.652174	1.000000
rsfish_sim_snrs_2B	NaN	NaN	NaN	0.504325	0.589474	1.000000
rsfish_sim_snrs_2C	0.500000	0.666667	0.500000	0.585046	0.630435	0.966667
rsfish_sim_snrs_4A	NaN	NaN	NaN	0.924107	0.952381	0.952381
rsfish_sim_snrs_4B	NaN	NaN	NaN	0.858769	0.888889	0.888889
rsfish_sim_snrs_4C	NaN	NaN	NaN	0.922007	0.944444	1.000000
rsfish_sim_snrl_1A	0.820409	0.888889	1.000000	0.325225	0.487395	1.000000
rsfish_sim_snrl_1B	0.842450	0.894737	1.000000	0.367816	0.472222	0.966667
rsfish_sim_snrl_1C	0.825896	0.848485	0.875000	0.328947	0.480000	1.000000
rsfish_sim_snrl_2A	NaN	NaN	NaN	0.559727	0.735294	1.000000
rsfish_sim_snrl_2B	NaN	NaN	NaN	0.377020	0.722222	1.000000
rsfish_sim_snrl_2C	NaN	NaN	NaN	0.694866	0.746667	1.000000
rsfish_sim_snri_30A	0.430108	0.591837	1.000000	0.866436	0.882353	1.000000
rsfish_sim_snri_30B	0.523049	0.666667	0.966667	0.793522	0.852941	0.966667
rsfish_sim_snri_30C	0.497858	0.651685	1.000000	0.856425	0.852941	1.000000
rsfish_sim_snri_300A	0.645090	0.732984	0.993243	0.909880	0.946515	0.989831
rsfish_sim_snri_300B	0.577547	0.720207	0.996587	0.921508	0.934169	0.996656
rsfish_sim_snri_300C	0.630222	0.739869	1.000000	0.909808	0.925466	0.996667
rsfish_sim_snri_3000A	0.820627	0.917098	0.928322	0.912679	0.957576	0.975309
rsfish_sim_snri_3000B	0.827948	0.911038	0.924749	0.918095	0.955389	0.965682
rsfish_sim_snri_3000C	0.844140	0.921645	0.954984	0.936079	0.964612	0.977438
simvar_amplvar_var_pt2	0.907563	0.937500	0.991736	1.000000	1.000000	1.000000
simvar_amplvar_var_pt3	0.902964	0.942529	0.995984	1.000000	1.000000	1.000000
simvar_amplvar_var_pt4	0.865323	0.929936	0.990950	0.980392	0.990099	0.980392
simvar_amplvar_var_pt5	0.881313	0.928571	0.979079	0.994536	0.997260	0.994536
simvar_amplvar_var_pt6	0.871073	0.923387	0.995652	0.989418	0.994681	0.989418
simvar_amplvar_var_pt7	0.883702	0.943396	0.996016	0.987952	0.993939	0.987952
simvar_amplvar_var_pt8	0.870315	0.927235	0.995536	0.986740	0.990937	0.987952
simvar_bkgvar_var_pt05	0.832937	0.915254	0.990826	0.995169	0.997579	0.995169
simvar_bkgvar_var_pt10	0.932234	0.964803	1.000000	0.995187	0.995413	0.995413
simvar_bkgvar_var_pt15	0.961414	0.977667	0.985000	0.994083	0.997033	0.994083
simvar_bkgvar_var_pt20	0.960119	0.970655	0.995370	0.988506	0.994220	0.988506
simvar_bkgvar_var_pt25	0.969448	0.981132	0.981132	1.000000	1.000000	1.000000
simvar_bkgvar_var_pt30	0.984939	0.978723	0.990431	0.995122	0.997555	0.995122
simvar_bkgvar_var_pt35	0.985375	0.987342	1.000000	0.990927	0.992519	0.995000
simvar_cluster_var_10_31	0.925548	0.947917	0.994565	0.960435	0.976471	0.988095
simvar_cluster_var_12_38	0.900906	0.925450	0.989011	0.954752	0.968839	0.982759
simvar_cluster_var_14_45	0.945264	0.957831	1.000000	0.954737	0.966667	0.966667
simvar_cluster_var_2_3	0.891740	0.937626	0.991489	0.987604	0.995192	0.995192
simvar_cluster_var_4_10	0.913076	0.949698	1.000000	0.992833	0.994709	0.994709
simvar_cluster_var_6_17	0.971987	0.970509	0.994505	1.000000	1.000000	1.000000
simvar_cluster_var_8_24	0.903686	0.938865	1.000000	0.982425	0.987469	0.985000
simvar_expr_var_1024	0.908992	0.933084	0.994018	0.988011	0.992405	0.989899
simvar_expr_var_16	0.801010	0.900000	1.000000	1.000000	1.000000	1.000000
simvar_expr_var_256	0.889716	0.934183	0.991031	0.990196	0.995074	0.990196
simvar_expr_var_4096	0.849946	0.903196	0.971305	0.993376	0.993213	0.996972
simvar_expr_var_64	0.841399	0.914286	0.987805	0.985507	0.992701	0.985507
simvar_intensity_var_100	NaN	NaN	NaN	0.988948	0.969697	1.000000
simvar_intensity_var_200	0.909091	0.952381	0.909091	0.954242	0.942029	1.000000
simvar_intensity_var_300	0.906250	0.950820	0.906250	0.971031	0.964126	0.995455
simvar_intensity_var_400	0.967372	0.974359	0.974359	0.990475	0.991453	0.991453
simvar_intensity_var_500	0.932353	0.964912	0.964912	0.989801	0.995392	1.000000
simvar_intensity_var_600	0.976261	0.974747	0.984694	0.989981	0.997773	1.000000
simvar_intensity_var_700	0.973669	0.987212	0.984694	0.994898	0.997442	0.994898
simvarmass_0033af15	0.889963	0.932104	0.988152	0.990949	0.994228	0.993890
simvarmass_00368c8d	0.910607	0.950424	0.974582	NaN	NaN	NaN
simvarmass_007da2e3	0.908133	0.943340	0.969852	0.990319	0.991918	0.995673
simvarmass_00872053	0.900182	0.943323	0.975904	NaN	NaN	NaN
simvarmass_00a827ab	0.905820	0.930818	0.988994	0.995450	0.996206	0.996963
simvarmass_014c429a	0.828520	0.903704	0.997664	NaN	NaN	NaN
simvarmass_017294ed	0.887666	0.934995	0.968589	0.991502	0.993395	0.995587
simvarmass_017ff4a0	0.881277	0.928548	0.971953	NaN	NaN	NaN
simvarmass_01dcaff7	0.938012	0.954821	0.994398	0.989109	0.992674	0.992674
simvarmass_024f78dd	0.901013	0.946924	0.966577	NaN	NaN	NaN
simvarmass_02800722	0.860050	0.911065	0.979940	NaN	NaN	NaN
simvarmass_0290bbb2	0.882129	0.939591	0.975512	0.992089	0.993092	0.997332
simvarmass_02daa4b8	0.904565	0.954447	0.942184	NaN	NaN	NaN
simvarmass_02ef6f18	0.889557	0.943950	0.972057	0.987786	0.991480	0.993261
simvarmass_031f1884	0.920585	0.944838	0.992550	NaN	NaN	NaN
simvarmass_0324cc54	0.818182	0.900000	0.818182	0.964437	0.969984	0.992885
simvarmass_033cdb19	0.912406	0.944198	0.987037	NaN	NaN	NaN
simvarmass_035ebae1	0.853500	0.909550	0.991491	0.990245	0.994238	0.995513
simvarmass_036b8dab	0.933734	0.955426	0.978175	NaN	NaN	NaN
simvarmass_0394e7c4	0.916200	0.945031	0.978688	0.989947	0.994757	0.996249
simvarmass_03b61c22	0.857051	0.914210	0.976512	NaN	NaN	NaN
simvarmass_0405f327	0.985553	0.986667	1.000000	0.998307	0.998198	1.000000
simvarmass_040e2043	0.887208	0.937900	0.968868	NaN	NaN	NaN
simvarmass_04eac1fb	0.903880	0.940299	0.978082	0.984797	0.993746	0.994312
simvarmass_05f5a045	0.905658	0.944812	0.977913	NaN	NaN	NaN
simvarmass_06033d3a	0.968259	0.973730	0.985816	0.996214	0.994340	0.998106
simvarmass_0603b709	0.897742	0.947344	0.973758	NaN	NaN	NaN
simvarmass_0620182b	0.890343	0.922809	0.983318	0.991992	0.995495	0.996137
simvarmass_066432a7	0.907973	0.941730	0.990099	NaN	NaN	NaN
simvarmass_06f60ed6	0.927146	0.952297	0.964222	0.994847	0.992681	0.997326
simvarmass_06fc8010	0.908500	0.939810	0.985604	NaN	NaN	NaN
simvarmass_06fe9d6f	0.959223	0.969555	0.992806	0.997672	0.997696	0.997696
simvarmass_07899160	0.912162	0.956811	0.923077	NaN	NaN	NaN
simvarmass_0789a0f3	0.875000	0.933333	0.875000	0.978264	0.975951	0.992874
simvarmass_07b44a9c	0.913418	0.947844	0.989529	NaN	NaN	NaN
simvarmass_07dccd64	0.903286	0.941641	0.976314	0.994763	0.995993	0.998582
simvarmass_07f0eb01	0.855575	0.916325	0.994917	NaN	NaN	NaN
simvarmass_083b2a31	0.936391	0.960742	0.976778	0.995034	0.996988	1.000000
simvarmass_0873b7ba	0.928856	0.944668	0.993651	NaN	NaN	NaN
simvarmass_087a6c84	0.895914	0.938918	0.981752	0.993321	0.995587	0.995880
simvarmass_08f24a73	0.880774	0.923745	0.978011	NaN	NaN	NaN
simvarmass_090b7baf	0.908140	0.944351	0.985915	0.989413	0.996058	0.994751
simvarmass_0995c52b	0.911893	0.946481	0.987003	NaN	NaN	NaN
simvarmass_09d1b2f2	0.920251	0.944642	0.991471	0.995025	0.997506	0.995025
simvarmass_0a10d52a	0.954671	0.972421	0.991667	NaN	NaN	NaN
simvarmass_0a30b947	0.912580	0.958986	0.946981	0.988621	0.991588	0.995035
simvarmass_0ab4e48b	0.903904	0.948315	0.905579	NaN	NaN	NaN
simvarmass_0ada3d07	0.851858	0.911019	0.983878	0.991136	0.993014	0.997401
simvarmass_0b80d062	0.925532	0.961326	0.925532	NaN	NaN	NaN
simvarmass_0b97225e	0.935731	0.961660	0.973516	0.992611	0.994129	0.998035
simvarmass_0bb86b1a	0.898682	0.945918	0.967136	NaN	NaN	NaN
simvarmass_0c23b69a	0.867443	0.921429	0.976883	0.990233	0.993227	0.995655
simvarmass_0c2bf665	0.854338	0.915658	0.979370	NaN	NaN	NaN
simvarmass_0c45ac8e	1.000000	1.000000	1.000000	0.933762	0.948216	0.973995
simvarmass_0c50ef71	0.919695	0.958391	0.957064	NaN	NaN	NaN
simvarmass_0c706dac	0.922657	0.951178	0.978355	0.997611	0.998804	0.997611
simvarmass_0cafbb9a	0.900823	0.931442	0.989397	NaN	NaN	NaN
simvarmass_0d011625	0.887346	0.934631	0.976493	0.986496	0.990581	0.992193
simvarmass_0d4e98a7	0.931118	0.962264	0.933638	NaN	NaN	NaN
simvarmass_0d6b6bc2	0.910691	0.942293	0.984921	0.991648	0.994807	0.993088
simvarmass_0db1e688	0.948450	0.964448	0.985102	NaN	NaN	NaN
simvarmass_0db4faaf	0.799097	0.879433	0.989362	0.984947	0.989831	0.986486
simvarmass_0dbf6196	0.861330	0.927687	0.969159	NaN	NaN	NaN
simvarmass_0dee1aa6	0.896995	0.937077	0.971939	0.990052	0.992130	0.996387
simvarmass_0e7acf26	0.970853	0.974790	0.983051	NaN	NaN	NaN
simvarmass_0ed101e7	0.880478	0.923316	0.980976	0.996084	0.995393	0.999658
simvarmass_0f18e193	0.935321	0.966722	0.944715	NaN	NaN	NaN
simvarmass_0f34776d	0.967742	0.983607	0.967742	0.966569	0.968026	0.990598
simvarmass_102b4a40	0.940314	0.964247	0.984513	NaN	NaN	NaN
simvarmass_1052e817	0.914842	0.961913	0.959364	0.988902	0.990833	0.994979
simvarmass_1097fdcb	0.898483	0.935636	0.981555	NaN	NaN	NaN
simvarmass_10af34f7	0.949242	0.963021	0.976077	0.987777	0.990981	0.993617
simvarmass_10b163ae	0.929468	0.961197	0.971645	NaN	NaN	NaN
simvarmass_10c07806	0.942651	0.965326	0.953425	0.985273	0.987609	0.994455
simvarmass_10e25af3	0.867185	0.916499	0.978541	NaN	NaN	NaN
simvarmass_1115abf2	0.867003	0.911288	0.989599	0.994939	0.994823	0.996013
simvarmass_113acbd7	0.858811	0.916958	0.979273	NaN	NaN	NaN
simvarmass_11aa0f3b	0.904493	0.945885	0.971627	0.989605	0.991150	0.995429
simvarmass_11f2a03f	0.899204	0.936508	0.975413	NaN	NaN	NaN
simvarmass_12381dd4	0.944803	0.956393	0.986280	0.991367	0.995665	0.991367
simvarmass_123bf752	0.925264	0.953368	0.938776	NaN	NaN	NaN
simvarmass_12b06339	0.896595	0.935100	0.976285	0.990379	0.993573	0.993573
simvarmass_12cd60b8	0.938516	0.980080	0.991935	NaN	NaN	NaN
simvarmass_135c1087	0.907834	0.948405	0.986885	0.993216	0.994557	0.995050
simvarmass_137586c6	0.886602	0.928916	0.981050	NaN	NaN	NaN
simvarmass_14278158	0.756692	0.864583	1.000000	1.000000	1.000000	1.000000
simvarmass_14b9939d	0.881425	0.918356	0.983871	NaN	NaN	NaN
simvarmass_14fdec33	0.928551	0.962295	0.940705	0.982881	0.984783	0.995792
simvarmass_158c6d6f	0.963054	0.971098	0.994083	NaN	NaN	NaN
simvarmass_15d70ca1	0.867024	0.911931	0.990167	0.992203	0.995126	0.996283
simvarmass_15e8b12f	0.892106	0.928815	0.983747	NaN	NaN	NaN
simvarmass_1609773c	0.879187	0.934708	0.979298	0.993016	0.994401	0.998127
simvarmass_16ed3239	0.895718	0.930901	0.991779	NaN	NaN	NaN
simvarmass_17553ddf	0.907365	0.951355	0.983477	0.987559	0.989648	0.995142
simvarmass_176ec772	0.869094	0.907145	0.982711	NaN	NaN	NaN
simvarmass_17ec41cc	0.860488	0.921066	0.972399	0.992772	0.993346	0.996984
simvarmass_1815af94	0.918784	0.956600	0.970197	NaN	NaN	NaN
simvarmass_18bddac2	0.839713	0.901408	0.842105	0.982349	0.975309	0.994604
simvarmass_18bedc09	0.882472	0.927166	0.976612	NaN	NaN	NaN
simvarmass_18bf134c	0.851219	0.905128	0.984315	NaN	NaN	NaN
simvarmass_18c77a5a	0.928571	0.962963	0.928571	0.969842	0.964706	0.995146
simvarmass_18d50b59	0.860018	0.920870	0.979331	NaN	NaN	NaN
simvarmass_1927f645	0.925140	0.960139	0.964317	0.986020	0.992721	0.996627
simvarmass_1958a247	0.895333	0.925317	0.990408	0.988220	0.994337	0.992090
simvarmass_195eb129	0.956633	0.968649	0.995556	0.988727	0.997361	0.997361
simvarmass_19b429de	1.000000	1.000000	1.000000	0.954752	0.957682	0.990485
simvarmass_1a06ca02	0.906704	0.941176	0.991803	0.991264	0.995146	0.991935
simvarmass_1a0ffbfb	0.981196	0.974359	0.984456	1.000000	1.000000	1.000000
simvarmass_1b0d6725	0.891836	0.936080	0.981174	0.989779	0.992596	0.994604
simvarmass_1b0f68d2	0.926056	0.959712	0.962482	0.991032	0.994125	0.997642
simvarmass_1b12b4bb	0.888706	0.935265	0.971831	0.993323	0.993242	0.998164
simvarmass_1b703957	0.914274	0.942469	0.989023	0.998339	0.999169	0.998339
simvarmass_1bad66b5	0.909470	0.946695	0.976898	0.986572	0.989811	0.995816
simvarmass_1c1f6378	0.944754	0.963761	0.993939	0.991889	0.995381	0.993088
simvarmass_1c691c91	0.850936	0.910831	0.978200	NaN	NaN	NaN
simvarmass_1c6953fe	0.968652	0.982301	0.969432	0.991994	0.990457	0.998987
simvarmass_1c801c66	0.911526	0.946412	0.981784	0.990422	0.994868	0.995890
simvarmass_1cca47ae	0.997521	0.989691	1.000000	0.998858	0.993103	1.000000
simvarmass_1d13cb6a	0.898607	0.941995	0.978575	0.992463	0.994327	0.994954
simvarmass_1d8f48d6	0.918343	0.942318	0.993541	0.995066	0.997527	0.995066
simvarmass_1e292794	0.868742	0.910916	0.993160	0.992047	0.995122	0.997207
simvarmass_1ef11d56	0.886819	0.933204	0.973082	0.986838	0.991971	0.993436
simvarmass_1f2146f2	0.910128	0.945331	0.979592	0.988544	0.992701	0.995122
simvarmass_1f7dec2e	0.870813	0.921725	0.976497	0.995571	0.995368	0.998838
simvarmass_1f9bee6c	0.887984	0.926765	0.994387	0.991914	0.995940	0.991914
simvarmass_1fa85e81	0.907285	0.951389	0.907285	0.987179	0.988108	0.995643
simvarmass_2019dff8	0.914679	0.952540	0.978335	0.989745	0.992656	0.993411
simvarmass_2040c07c	0.930339	0.964358	0.991701	0.996909	0.995773	1.000000
simvarmass_2073e39f	0.871255	0.924658	0.976845	0.994552	0.994737	0.997361
simvarmass_207810da	0.862422	0.914827	0.977997	NaN	NaN	NaN
simvarmass_20965d30	0.934748	0.956391	0.978462	0.993830	0.992984	0.996750
simvarmass_20b8e1ca	0.865274	0.924684	0.970454	0.987438	0.992535	0.994701
simvarmass_20fe9f1d	0.868992	0.922783	0.982099	0.986745	0.992461	0.995140
simvarmass_217b106f	0.873940	0.924048	0.980100	0.990400	0.994307	0.995117
simvarmass_218590cf	0.954804	0.961009	0.990544	0.989100	0.993882	0.990515
simvarmass_218a3c9c	0.945034	0.956381	0.981758	0.991870	0.995918	0.991870
simvarmass_2194e4e6	0.892031	0.935901	0.978954	0.992659	0.996115	0.996115
simvarmass_223ddcdb	0.910149	0.947660	0.973647	0.985586	0.992741	0.996530
simvarmass_2246722f	0.875071	0.918865	0.979281	0.996224	0.994581	0.999637
simvarmass_22c3bef7	0.898300	0.938898	0.979788	0.989150	0.991656	0.995431
simvarmass_22c87f1f	1.000000	1.000000	1.000000	0.951232	0.955500	0.988419
simvarmass_22f1554e	0.855027	0.911135	0.969723	NaN	NaN	NaN
simvarmass_232f20ff	0.845476	0.905258	0.979780	NaN	NaN	NaN
simvarmass_23354941	0.935679	0.967632	0.955157	0.990617	0.991051	0.998167
simvarmass_23730928	0.892689	0.935466	0.986391	0.992260	0.994027	0.993180
simvarmass_23dcaeec	0.932759	0.960000	0.970588	0.989011	0.994475	0.989011
simvarmass_23df681e	0.875370	0.923755	0.972622	0.993859	0.994183	0.996290
simvarmass_2421fd62	0.899676	0.948509	0.906736	0.983208	0.987089	0.996239
simvarmass_24540a92	0.889721	0.943372	0.957021	0.988452	0.990682	0.995387
simvarmass_2473ca29	0.961664	0.965642	0.987061	0.984499	0.990119	0.986220
simvarmass_24830497	0.902801	0.940803	0.985968	0.991008	0.993509	0.993130
simvarmass_2488a473	0.860319	0.915996	0.978808	0.992555	0.994634	0.998990
simvarmass_256d35df	0.867001	0.926259	0.974670	0.988686	0.992612	0.994735
simvarmass_258b991f	0.889110	0.929142	0.985868	0.994878	0.994135	0.996326
simvarmass_25a99594	0.941777	0.966967	0.955490	0.985985	0.988069	0.996435
simvarmass_25cbd4e4	0.877680	0.921285	0.978831	NaN	NaN	NaN
simvarmass_25ef5f1c	0.957948	0.972912	0.972912	0.992155	0.993121	0.997487
simvarmass_260be588	1.000000	1.000000	1.000000	0.914866	0.939293	0.985994
simvarmass_26270823	0.921203	0.947652	0.992090	1.000000	1.000000	1.000000
simvarmass_263e6d84	1.000000	1.000000	1.000000	0.935320	0.946541	0.990132
simvarmass_269b0fa8	0.887073	0.938628	0.992366	1.000000	1.000000	1.000000
simvarmass_273ee887	0.911111	0.953488	0.911111	0.968120	0.975692	0.993127
simvarmass_2750ce6e	0.923014	0.958812	0.961776	0.987095	0.990430	0.994757
simvarmass_27c666b8	0.887505	0.921608	0.995657	0.989654	0.995261	0.998998
simvarmass_2805da1a	0.969428	0.980892	0.974684	0.988169	0.985507	1.000000
simvarmass_283db249	0.927566	0.960539	0.946869	0.994920	0.994709	0.998366
simvarmass_2870985c	0.838045	0.907037	0.978426	NaN	NaN	NaN
simvarmass_28887250	0.864273	0.930533	0.993103	0.985207	0.990291	0.986188
simvarmass_28ff8035	0.858423	0.914168	0.980162	0.996885	0.995632	0.998749
simvarmass_2923e3c9	0.950433	0.967160	0.989460	0.987660	0.990325	0.991197
simvarmass_29b2baa7	0.914293	0.947168	0.979167	0.992352	0.992866	0.996745
simvarmass_29cbf09c	0.861132	0.911055	0.973127	0.990009	0.993073	0.996663
simvarmass_29d78f93	0.919524	0.956522	0.929193	0.986079	0.988122	0.996853
simvarmass_29f9711c	0.897823	0.940239	0.975207	0.990363	0.994367	0.994610
simvarmass_29ff6193	0.934426	0.960803	0.977626	0.983743	0.988785	0.987862
simvarmass_2a285943	0.901211	0.940620	0.986770	0.991801	0.994065	0.992593
simvarmass_2a6895f5	0.868843	0.915206	0.987018	0.990509	0.993860	0.996822
simvarmass_2af9baa6	0.895246	0.928295	0.987342	0.990726	0.994952	0.993584
simvarmass_2b02193a	0.891140	0.933117	0.983447	0.985829	0.992314	0.991551
simvarmass_2b46b01d	0.944587	0.968992	0.946970	0.991257	0.985045	0.999326
simvarmass_2bafae7f	0.833333	0.909091	0.833333	0.927599	0.947977	0.988235
simvarmass_2bfdedda	0.897328	0.948454	0.958333	1.000000	1.000000	1.000000
simvarmass_2c007613	0.898054	0.939770	0.977523	0.993042	0.993590	0.999621
simvarmass_2c291fa6	0.905953	0.960920	0.937220	0.985452	0.985156	0.993696
simvarmass_2c2b754d	1.000000	1.000000	1.000000	0.948564	0.972045	0.970494
simvarmass_2c4ed30f	0.744342	0.860465	0.770833	0.972982	0.971776	0.992545
simvarmass_2c606d5d	0.902981	0.948126	0.974319	0.992826	0.993623	0.996512
simvarmass_2c7b671a	0.938436	0.969219	0.966929	0.991990	0.992259	0.995294
simvarmass_2c7f4b5a	0.867030	0.918022	0.991947	0.984173	0.991238	0.987991
simvarmass_2cb0f5cd	0.975034	0.983294	0.976303	0.984998	0.988976	0.993671
simvarmass_2cb34d52	0.933217	0.961199	0.968028	0.991546	0.994201	0.994726
simvarmass_2cc3689d	0.928226	0.959412	0.966855	0.992882	0.993393	0.996686
simvarmass_2d47e4a0	0.896052	0.937817	0.973009	0.989178	0.993711	0.995798
simvarmass_2d5afc24	0.851239	0.899896	0.989968	0.994228	0.996623	0.999154
simvarmass_2d9e4bfa	0.877122	0.932665	0.973152	0.989286	0.991361	0.993199
simvarmass_2dc51da2	0.902763	0.951339	0.963265	0.989286	0.992360	0.995443
simvarmass_2df16dde	0.851706	0.914676	0.979890	0.992222	0.994702	0.995633
simvarmass_2e3428d7	0.886220	0.933573	0.990854	0.992141	0.995703	0.992656
simvarmass_2e971b22	0.900252	0.941234	0.990722	0.988872	0.997155	0.997155
simvarmass_2e9e1b5f	0.862959	0.920946	0.974959	0.989223	0.992085	0.993658
simvarmass_2eb4322c	0.933425	0.944882	0.984683	0.999087	0.999055	1.000000
simvarmass_2f1b5a5f	0.869699	0.921172	0.985938	0.986188	0.994517	0.996619
simvarmass_2f453bf9	0.879153	0.927740	0.971517	0.987682	0.991323	0.992759
simvarmass_2f5b2fee	0.923447	0.956600	0.974217	0.991351	0.994299	0.996192
simvarmass_2f6b35b9	0.899542	0.946111	0.978736	0.989447	0.993544	0.996915
simvarmass_2fa025ec	0.907766	0.955128	0.937107	0.989786	0.990252	0.994738
simvarmass_303e209d	0.864888	0.914286	0.981207	0.990068	0.994290	0.995427
simvarmass_30dbea07	0.902989	0.941176	0.979468	0.992721	0.995918	0.998182
simvarmass_30e1e0ab	0.979561	0.977941	0.992537	0.998756	0.998450	1.000000
simvarmass_31f8abbe	0.966397	0.967213	0.983333	0.959601	0.965831	0.995305
simvarmass_3241ee85	0.897487	0.939872	0.983826	0.988714	0.991029	0.991552
simvarmass_328f80f1	0.851568	0.907139	0.979284	NaN	NaN	NaN
simvarmass_330ad0b6	0.859050	0.928281	0.976810	0.986463	0.991605	0.993076
simvarmass_337425ae	0.915571	0.955374	0.959173	0.983007	0.986833	0.992193
simvarmass_3394996f	0.958669	0.967419	0.989744	0.994253	0.997118	0.994253
simvarmass_33dfe207	0.929404	0.963446	0.958243	0.984081	0.987810	0.996816
simvarmass_33ffa140	0.878788	0.935484	0.878788	0.971142	0.974359	0.989041
simvarmass_34406a5b	0.960786	0.976744	0.988235	0.999802	0.992806	1.000000
simvarmass_3441f94a	0.969421	0.967033	1.000000	1.000000	1.000000	1.000000
simvarmass_35041662	0.854631	0.897629	0.986268	0.989361	0.992315	0.994563
simvarmass_357db159	0.935484	0.966667	0.935484	0.965917	0.967819	0.996727
simvarmass_35e1660c	0.883159	0.928281	0.982759	0.984442	0.992764	0.995164
simvarmass_3627c8e7	0.876556	0.939286	0.965299	0.988447	0.990897	0.994639
simvarmass_3642549e	0.958316	0.964618	0.990440	0.991341	0.995206	0.992352
simvarmass_366e6dde	0.885293	0.924044	0.990296	0.992488	0.996926	0.996926
simvarmass_36793b22	0.862007	0.916762	0.977134	NaN	NaN	NaN
simvarmass_36bb4c2c	0.869123	0.928624	0.974011	0.992640	0.994475	0.995851
simvarmass_36d96606	0.908565	0.941063	0.979223	0.992354	0.995881	0.994516
simvarmass_371cf04e	0.914099	0.956703	0.968803	0.992173	0.993256	0.995673
simvarmass_375f5c52	0.932781	0.965116	0.970760	0.997545	0.997620	0.999047
simvarmass_378bfb2d	0.918420	0.957754	0.962215	0.991765	0.991898	0.997896
simvarmass_37eb6798	0.911679	0.949533	0.979434	0.987113	0.993611	0.993238
simvarmass_381069bf	0.967272	0.972344	0.988166	0.993691	0.996835	0.993691
simvarmass_38474828	0.874021	0.928379	0.979842	0.988857	0.992789	0.996265
simvarmass_3852c7b0	0.935034	0.963547	0.953216	0.977550	0.982694	0.992075
simvarmass_38840b79	0.903927	0.943662	0.972296	0.993125	0.994271	0.997021
simvarmass_38a0f3c9	0.917644	0.955414	0.993377	1.000000	1.000000	1.000000
simvarmass_38f8c7ab	0.892033	0.936620	0.980563	0.985722	0.991195	0.994113
simvarmass_391943f4	0.937017	0.958637	0.997468	1.000000	1.000000	1.000000
simvarmass_39408a1e	0.934885	0.957320	0.986755	0.991675	0.994539	0.996353
simvarmass_3a4a561c	0.886618	0.940620	0.963747	0.987198	0.990918	0.994391
simvarmass_3a4f329f	0.885530	0.943166	0.967454	0.988524	0.991621	0.993056
simvarmass_3a67e8d5	0.863544	0.918690	0.978178	0.987046	0.991842	0.993869
simvarmass_3b0ff24f	0.942040	0.965018	0.954654	0.996697	0.995633	0.997500
simvarmass_3b507a51	1.000000	1.000000	1.000000	0.967609	0.972940	0.990814
simvarmass_3b525d94	0.876214	0.915561	0.989982	0.993575	0.994210	0.997419
simvarmass_3bd477e1	0.941234	0.969494	0.967473	0.985758	0.989856	0.995683
simvarmass_3c589d67	0.925995	0.949926	0.992308	0.983555	0.991718	0.991718
simvarmass_3c7a0e3a	0.886126	0.929775	0.973887	0.993075	0.993586	0.999439
simvarmass_3cd1139d	0.933620	0.962963	0.933702	0.980509	0.981573	0.992120
simvarmass_3cea51ba	0.880487	0.928986	0.979124	0.989686	0.993491	0.993151
simvarmass_3d8063b2	0.923090	0.958298	0.956669	0.984994	0.990857	0.989635
simvarmass_3da5abcb	0.891241	0.940968	0.963724	0.988917	0.989512	0.995311
simvarmass_3dd1f5ef	0.918115	0.952196	0.980053	0.996549	0.996968	0.997573
simvarmass_3ee3d134	0.926995	0.959195	0.960806	0.988369	0.989879	0.994098
simvarmass_3f19edca	0.909713	0.942178	0.981523	0.990262	0.993969	0.995971
simvarmass_3f4a6e16	0.889783	0.947492	0.967645	0.991413	0.993618	0.997198
simvarmass_3f8c8e2c	0.954400	0.973373	0.961988	0.990840	0.991881	0.995924
simvarmass_3fa62fa9	0.854046	0.902599	0.992545	0.990799	0.994148	0.995068
simvarmass_41239248	0.846154	0.916667	0.846154	0.946196	0.955002	0.985991
simvarmass_41b978de	0.906720	0.949440	0.980378	0.991021	0.992981	0.994499
simvarmass_4209aba5	0.873820	0.919035	0.996026	0.994440	0.996466	0.995763
simvarmass_420d8c31	0.917560	0.942708	0.987273	0.990151	0.993933	0.991199
simvarmass_42271b67	0.877346	0.939240	0.970193	0.986323	0.989554	0.994430
simvarmass_4278d716	0.857641	0.912612	0.978723	NaN	NaN	NaN
simvarmass_42835432	0.899014	0.942320	0.968043	0.988141	0.992133	0.994035
simvarmass_4290f5ce	0.908954	0.948975	0.961848	0.984465	0.990718	0.992496
simvarmass_42af58fa	0.897237	0.940020	0.986245	0.990486	0.994516	0.997250
simvarmass_42efa23f	0.926432	0.963242	0.989351	0.992217	0.995547	0.993090
simvarmass_4342bc62	0.901987	0.944798	0.972452	0.991717	0.994713	0.996469
simvarmass_4385314b	0.915033	0.946526	0.991281	0.995539	0.996307	0.996307
simvarmass_43bc3288	0.970045	0.972177	0.996644	0.995556	0.997773	0.995556
simvarmass_43e38541	0.910179	0.935831	0.992392	0.993352	0.997188	0.999195
simvarmass_4403d3ed	0.945899	0.968332	0.974504	0.994608	0.994912	1.000000
simvarmass_44087b8d	0.920188	0.965517	0.955075	0.983825	0.987930	0.993928
simvarmass_447de12e	0.910256	0.953020	0.910256	0.973946	0.977716	0.993396
simvarmass_44805fd5	0.909124	0.953289	0.966184	0.990493	0.991134	0.995342
simvarmass_449806e8	0.929513	0.951073	0.984014	0.992941	0.996458	0.992941
simvarmass_44aaa311	0.867286	0.915999	0.981113	0.996402	0.995452	0.999715
simvarmass_4507ea79	0.945021	0.965190	0.969793	0.987966	0.991701	0.994176
simvarmass_4509e5ed	0.907132	0.943190	0.989943	0.994133	0.994777	0.995977
simvarmass_451126e7	0.858376	0.915924	0.977179	NaN	NaN	NaN
simvarmass_45504ee8	0.896464	0.936864	0.982906	0.989536	0.994251	0.997571
simvarmass_45a81515	0.861626	0.911659	0.987852	0.990839	0.994547	0.995225
simvarmass_45c559ed	0.854168	0.906839	0.982237	NaN	NaN	NaN
simvarmass_4629fa96	1.000000	1.000000	1.000000	0.950446	0.969828	0.968992
simvarmass_46c7c787	0.892401	0.937629	0.971388	0.991984	0.994220	0.995972
simvarmass_4720035d	0.898737	0.941970	0.978962	0.994961	0.996070	0.998499
simvarmass_479d938e	0.888581	0.931810	0.977594	0.988789	0.991585	0.995775
simvarmass_47a2dd88	0.952517	0.965392	0.990654	0.988249	0.993954	0.997573
simvarmass_47b2e4bb	0.876059	0.922233	0.988241	0.990842	0.995017	0.994636
simvarmass_47c96b2b	0.903103	0.952356	0.974812	0.991574	0.993621	0.995575
simvarmass_47e5ac67	0.922410	0.961364	0.954497	0.987166	0.988821	0.995129
simvarmass_48fe87a6	0.894549	0.934687	0.984962	0.993952	0.994996	0.997050
simvarmass_49420bf2	0.894431	0.934307	0.983572	0.990911	0.992806	0.992466
simvarmass_49723d89	0.850000	0.918919	0.850000	0.969056	0.971477	0.988966
simvarmass_497bd937	0.939907	0.964589	0.945833	0.983245	0.986501	0.994483
simvarmass_497f1863	0.849019	0.913970	0.975569	NaN	NaN	NaN
simvarmass_498ddeec	NaN	NaN	NaN	0.937452	0.959036	0.974694
simvarmass_499bad61	0.938059	0.960098	0.966393	0.992525	0.994188	0.995711
simvarmass_49a23205	0.888197	0.930416	0.983879	0.986722	0.991546	0.993947
simvarmass_49ad582d	0.895800	0.921609	0.994118	0.997433	0.997074	0.998535
simvarmass_4a324a5c	0.916503	0.950092	0.975552	0.993321	0.994147	0.997741
simvarmass_4a3ec322	0.928791	0.960000	0.944882	0.990267	0.991453	0.996564
simvarmass_4a5cc146	0.944712	0.961279	0.987889	0.987087	0.991536	0.990338
simvarmass_4ae936fb	0.901216	0.944915	0.989645	0.989997	0.994299	0.990909
simvarmass_4af4e733	0.885615	0.938124	0.963283	0.986932	0.991017	0.994847
simvarmass_4af9eae4	0.907317	0.948443	0.977346	0.993383	0.992733	0.998875
simvarmass_4b973734	0.871976	0.922428	0.986961	0.983969	0.992656	0.993264
simvarmass_4bf851f4	0.895474	0.939759	0.906977	0.983305	0.983032	0.995565
simvarmass_4c3db3e0	0.936000	0.966942	0.936000	0.974380	0.978328	0.996060
simvarmass_4cff68dd	0.888479	0.937776	0.974771	0.993062	0.993401	0.997960
simvarmass_4da96527	0.840158	0.895856	0.988076	NaN	NaN	NaN
simvarmass_4e2037de	0.884640	0.925969	0.992443	0.988449	0.993688	0.989228
simvarmass_4e6424d4	0.894661	0.937995	0.977992	0.988444	0.992092	0.996166
simvarmass_4e6c66b5	0.903272	0.944146	0.988735	0.992039	0.994129	0.994778
simvarmass_4ee1f562	0.960654	0.968716	0.988987	0.985673	0.992785	0.985673
simvarmass_4f0a8f7b	0.886255	0.936852	0.978794	0.991136	0.992685	0.995285
simvarmass_4faa4c1b	0.893736	0.927447	0.990164	0.988197	0.993236	0.994357
simvarmass_4fc9f3d5	0.937601	0.955247	0.988818	0.993492	0.993502	0.998549
simvarmass_50141771	0.896604	0.937536	0.993812	0.994962	0.994985	0.995984
simvarmass_5038838c	0.858505	0.915453	0.978525	0.991437	0.992178	0.997797
simvarmass_507a3469	0.901710	0.938757	0.971180	0.993703	0.994343	0.997381
simvarmass_508f27ea	0.869366	0.925971	0.971136	0.989347	0.991739	0.994181
simvarmass_509cce05	0.917519	0.955050	0.990132	0.992577	0.994550	0.993197
simvarmass_50dc0c1b	0.902795	0.943637	0.977957	0.991889	0.996204	0.995784
simvarmass_5110afc0	0.957099	0.967742	0.963303	1.000000	1.000000	1.000000
simvarmass_5130d79d	0.852014	0.917103	0.973356	NaN	NaN	NaN
simvarmass_514dab69	0.921236	0.944582	0.983635	0.986793	0.993803	0.989899
simvarmass_519be62c	0.911976	0.949508	0.966463	0.992863	0.992955	0.998333
simvarmass_521b2fcf	0.894377	0.931334	0.987448	0.989047	0.994129	0.989610
simvarmass_52b9e24b	0.867219	0.922722	0.977995	0.990342	0.992635	0.995455
simvarmass_52cc7cad	0.882118	0.934472	0.970673	0.990979	0.993882	0.996044
simvarmass_52e9b9f6	0.867421	0.920766	0.982766	0.988002	0.990799	0.993440
simvarmass_53aa2603	0.864477	0.911497	0.987890	NaN	NaN	NaN
simvarmass_5412536b	0.911738	0.947185	0.989061	0.980355	0.992690	0.992690
simvarmass_542d785e	0.931133	0.956265	0.983822	0.988045	0.995240	0.997398
simvarmass_547ded23	0.879593	0.939271	0.991525	0.989247	0.994595	0.989247
simvarmass_54f92f8f	0.993976	0.996979	0.993976	0.992295	0.993304	0.997758
simvarmass_550575d2	0.930933	0.958204	0.990400	0.994392	0.996579	0.995444
simvarmass_5572f538	0.928991	0.960805	0.955651	0.994352	0.993392	0.997859
simvarmass_557bcb9f	0.912231	0.954490	0.939467	0.991014	0.992964	0.994714
simvarmass_55b80af7	0.892659	0.929329	0.980611	0.991824	0.995025	0.998004
simvarmass_55d2f605	0.892474	0.937230	0.984648	0.992440	0.993771	0.994247
simvarmass_55e79ac7	0.890913	0.934907	0.980611	0.987579	0.989935	0.994942
simvarmass_566f6ec3	0.869623	0.917142	0.982092	0.998052	0.996548	0.999654
simvarmass_56809116	0.895742	0.933416	0.981675	0.991389	0.995181	0.995981
simvarmass_569a3926	0.884104	0.927807	0.987397	0.993068	0.995000	0.995000
simvarmass_569fe391	0.918767	0.944258	0.994342	0.996584	0.997944	0.997260
simvarmass_574b4882	0.918500	0.955414	0.922131	0.980546	0.982636	0.996528
simvarmass_578a5ba2	0.913672	0.953425	0.935484	0.985895	0.984810	0.993614
simvarmass_57989454	0.942110	0.956039	0.986784	0.994956	0.999608	1.000000
simvarmass_57cb1b17	0.881241	0.933290	0.977625	0.986616	0.991287	0.996787
simvarmass_57ed1b96	0.921682	0.953253	0.979208	0.984273	0.991180	0.991180
simvarmass_58219ab8	0.897179	0.931270	0.985529	0.989822	0.993296	0.991761
simvarmass_5857e475	0.924362	0.947305	0.978723	0.986887	0.994644	0.992366
simvarmass_58c88cb8	0.948500	0.969914	0.972701	0.993394	0.995015	0.996008
simvarmass_5904c7c9	0.897481	0.931213	0.989713	0.998034	0.998300	0.998639
simvarmass_59331951	0.939772	0.955892	0.979757	0.990873	0.993814	0.993132
simvarmass_593b6ef9	0.894224	0.947258	0.975431	0.992950	0.992748	0.999158
simvarmass_59916540	0.889688	0.931636	0.982596	0.990906	0.991945	0.995956
simvarmass_599fc245	0.906273	0.948898	0.964662	0.988179	0.990706	0.995848
simvarmass_59bbde05	0.885897	0.936995	0.972429	0.990725	0.993464	0.996820
simvarmass_5a15dfc7	0.947142	0.964835	0.973392	0.987419	0.992497	0.989316
simvarmass_5a3e9319	0.884205	0.932824	0.973447	0.991823	0.995401	0.997367
simvarmass_5a492619	0.891962	0.936952	0.973789	0.994565	0.996183	0.996183
simvarmass_5a694510	0.972459	0.984127	0.992000	0.986287	0.996226	1.000000
simvarmass_5a7e342f	0.940984	0.969214	0.963080	0.988639	0.990286	0.995251
simvarmass_5a9f8e7a	0.877206	0.933333	0.997361	0.990678	0.993988	0.992000
simvarmass_5aa243e5	0.910836	0.951041	0.959137	0.986624	0.990266	0.996234
simvarmass_5b395735	0.905747	0.933780	0.992870	0.990427	0.992989	0.992357
simvarmass_5b3a6fd2	0.896656	0.943220	0.964475	0.987742	0.991501	0.993565
simvarmass_5b6a9fc1	0.915788	0.953765	0.989041	0.989286	0.994020	0.990728
simvarmass_5bc6cd50	0.860443	0.914115	0.974450	NaN	NaN	NaN
simvarmass_5bd1d42c	0.896354	0.930789	0.995200	0.988336	0.994242	0.992337
simvarmass_5bf9cd3e	0.933931	0.968465	0.953103	0.988089	0.989352	0.996425
simvarmass_5c185bcd	0.939415	0.950669	0.983564	0.997068	0.996322	0.998946
simvarmass_5c9c66d2	0.903442	0.947021	0.961766	0.988270	0.991481	0.995913
simvarmass_5cb94119	0.858382	0.912213	0.979325	NaN	NaN	NaN
simvarmass_5cc6f9ed	0.906277	0.940177	0.985895	0.984050	0.992632	0.989507
simvarmass_5cf74cd5	0.908797	0.945768	0.981537	0.986690	0.991134	0.992652
simvarmass_5d1433c9	0.928460	0.961725	0.949609	0.987713	0.990552	0.996023
simvarmass_5db79e71	0.918834	0.955026	0.930412	0.978198	0.984500	0.992992
simvarmass_5dfaa789	0.861318	0.919718	0.981955	0.991258	0.994405	0.995418
simvarmass_5e3334b1	0.870721	0.932384	0.996198	0.991803	0.995885	0.991803
simvarmass_5e5cb717	0.870954	0.922399	0.982344	0.987281	0.990973	0.995466
simvarmass_5e7e58f5	0.955277	0.974747	0.955446	0.992898	0.995610	0.998239
simvarmass_5ec909b0	0.885376	0.922123	0.987254	0.989461	0.992253	0.992253
simvarmass_5fbb60fb	0.913099	0.954203	0.952546	0.984901	0.987301	0.993122
simvarmass_6018f2df	0.892003	0.935430	0.981154	0.992900	0.993764	0.996708
simvarmass_601f97c7	0.860374	0.915022	0.982234	0.987697	0.991365	0.994105
simvarmass_60555ad7	0.930208	0.963274	0.974522	0.994494	0.995125	0.999388
simvarmass_60f369b7	0.894778	0.938462	0.969469	0.988144	0.991843	0.996647
simvarmass_6106c83b	0.916540	0.954852	0.972561	0.990540	0.992326	0.997987
simvarmass_611d0266	0.894757	0.934897	0.984668	0.989562	0.993140	0.996294
simvarmass_613cc0be	0.890028	0.941423	0.967175	0.987846	0.991927	0.997586
simvarmass_614ec418	0.850939	0.916655	0.979926	NaN	NaN	NaN
simvarmass_61de38c9	0.894339	0.932917	0.982168	0.992494	0.994885	0.995993
simvarmass_61f04b84	0.948159	0.975490	0.959807	0.988161	0.985339	0.995643
simvarmass_622dcdb1	0.879121	0.935673	0.879121	0.983793	0.981387	0.996564
simvarmass_62ce7be9	0.884131	0.939222	0.977697	0.992559	0.994422	0.995146
simvarmass_62f549d9	0.921440	0.961905	0.963573	0.988664	0.993084	0.996669
simvarmass_63215b79	0.890931	0.930263	0.984223	0.987446	0.991789	0.994706
simvarmass_63250dba	0.855728	0.912705	0.979955	0.991045	0.992754	0.997430
simvarmass_6377e4e0	0.873639	0.923232	0.979986	0.986233	0.992217	0.994400
simvarmass_645bb2f2	0.910966	0.941437	0.987384	0.986390	0.991364	0.989655
simvarmass_64aa794a	0.901952	0.942515	0.975217	0.987140	0.993631	0.995745
simvarmass_64d1401e	0.903678	0.942343	0.972536	0.993563	0.993641	0.995017
simvarmass_64defaf0	0.911631	0.946809	0.927083	0.978989	0.982747	0.992627
simvarmass_65333ab4	0.973468	0.967320	0.980132	0.993464	0.996721	0.993464
simvarmass_654ce2e4	0.858984	0.915572	0.983871	0.994580	0.996078	0.996860
simvarmass_654fd554	0.896393	0.938359	0.984186	0.991773	0.995973	0.995973
simvarmass_65666ac5	0.924348	0.951496	0.991398	0.997936	0.997963	0.997963
simvarmass_6586fd74	0.896024	0.926104	0.992798	0.990306	0.994144	0.992208
simvarmass_659fa243	0.937587	0.964112	0.955224	0.985307	0.986319	0.994482
simvarmass_65d8292e	0.930105	0.963047	0.966591	0.990810	0.991633	0.997804
simvarmass_663c9378	0.877509	0.930176	0.985663	0.990929	0.992697	0.994450
simvarmass_66a8d804	0.866124	0.909471	0.986379	0.994180	0.995848	0.996803
simvarmass_66d1f4c5	0.891946	0.927957	0.988629	0.992506	0.994083	0.993631
simvarmass_66f63cf6	0.908610	0.950588	0.972713	0.986999	0.992000	0.994785
simvarmass_67b2916e	0.865870	0.912958	0.986786	0.996461	0.997314	0.999103
simvarmass_6819313d	0.697427	0.855422	0.986111	0.973302	0.980392	1.000000
simvarmass_6897f4a7	0.909091	0.952381	0.909091	1.000000	1.000000	1.000000
simvarmass_689fa9ed	0.920288	0.961478	0.966798	0.988065	0.991178	0.995909
simvarmass_68f8a12f	0.899799	0.944304	0.973535	0.990125	0.990939	0.996897
simvarmass_690ae13f	0.861429	0.919786	0.976620	0.983856	0.988214	0.992234
simvarmass_695e624c	0.927332	0.953458	0.984726	0.996826	0.995792	0.998126
simvarmass_6965cbd0	0.928464	0.952040	0.992537	0.985828	0.991919	0.985944
simvarmass_698362ec	0.928775	0.968867	0.948780	0.991855	0.993173	0.998229
simvarmass_69ec5775	0.891714	0.928460	0.979224	0.989057	0.993561	0.997414
simvarmass_6b29022b	0.901754	0.939660	0.993457	0.998969	0.998492	1.000000
simvarmass_6b81ae5d	0.943002	0.966159	0.989601	0.990875	0.993927	0.991919
simvarmass_6bf089f5	0.945975	0.959712	0.979442	0.984034	0.993733	0.996409
simvarmass_6c60f6f9	0.877174	0.924158	0.984004	0.992088	0.994316	0.994693
simvarmass_6c8f9341	0.882850	0.932328	0.976879	0.991501	0.992149	0.997661
simvarmass_6cfb89e7	0.916607	0.948758	0.985484	0.984783	0.992333	0.984783
simvarmass_6d1b128c	0.955865	0.967083	0.986111	1.000000	1.000000	1.000000
simvarmass_6d6f1ea7	0.917399	0.944075	0.984502	0.993859	0.995090	0.998030
simvarmass_6d88b866	0.931615	0.965155	0.969617	0.991272	0.992047	0.995798
simvarmass_6e1e63e0	0.903999	0.950511	0.963444	0.986627	0.989506	0.994086
simvarmass_6e213421	0.887763	0.923077	0.989071	0.989349	0.996584	0.999239
simvarmass_6e6538b8	0.874915	0.924797	0.983883	0.986290	0.990282	0.991928
simvarmass_6e733dd7	0.897403	0.945537	0.969839	0.989116	0.992193	0.995018
simvarmass_6e9ec339	0.904653	0.962963	1.000000	1.000000	1.000000	1.000000
simvarmass_6eaf489e	0.893173	0.923187	0.989280	0.992826	0.995196	0.993605
simvarmass_6ec631d8	0.893064	0.929317	0.983434	0.994534	0.995858	0.998252
simvarmass_6fb02ac2	0.900693	0.937275	0.979780	0.994563	0.995106	0.996081
simvarmass_6ff7e6de	0.906638	0.945584	0.976509	0.990182	0.992510	0.995155
simvarmass_6ffa9b80	0.878929	0.927821	0.985755	0.989581	0.993959	0.995541
simvarmass_701c9c7a	0.915543	0.955786	0.927007	0.983223	0.985253	0.994107
simvarmass_70391638	1.000000	1.000000	1.000000	0.961730	0.957031	0.995968
simvarmass_705b44e5	0.940406	0.966507	0.943925	0.975469	0.980341	0.998665
simvarmass_70a83033	0.916685	0.951620	0.981771	0.992373	0.996518	0.998604
simvarmass_717702dc	0.907509	0.952462	0.958974	0.990957	0.991695	0.996292
simvarmass_71c62fa7	0.949687	0.954439	0.992710	0.997774	0.998342	0.997790
simvarmass_71e021f1	0.883871	0.931719	0.983234	0.989338	0.993503	0.996491
simvarmass_71fe28dc	0.927808	0.962134	0.962963	0.986486	0.990698	0.993007
simvarmass_723d899d	0.895877	0.940028	0.980466	0.988384	0.991704	0.993824
simvarmass_7253315a	0.863847	0.922137	0.975624	NaN	NaN	NaN
simvarmass_726e096b	0.895979	0.934593	0.983110	0.988844	0.993490	0.993209
simvarmass_73294985	0.903403	0.949001	0.965241	0.990131	0.990832	0.995565
simvarmass_7339f995	0.864297	0.912906	0.981132	NaN	NaN	NaN
simvarmass_7368d9fd	0.918602	0.952911	0.971104	0.986885	0.989460	0.994810
simvarmass_73b06dc7	0.882171	0.926533	0.985385	0.990496	0.994247	0.994584
simvarmass_74144664	0.876025	0.928555	0.976836	0.987342	0.992754	0.992754
simvarmass_7425cdad	0.932179	0.962006	0.948315	0.982473	0.987426	0.993295
simvarmass_7435c5e1	0.909595	0.940067	0.986572	0.994489	0.995434	0.995939
simvarmass_74410e3f	0.904579	0.945159	0.981406	0.990209	0.991900	0.994379
simvarmass_74cc1597	0.887176	0.931622	0.983837	0.992915	0.995595	0.995257
simvarmass_74d2dd40	0.945030	0.950549	0.976023	0.992000	0.995984	0.992000
simvarmass_7553a95d	0.895416	0.934646	0.988636	0.983294	0.992308	0.994859
simvarmass_75616fde	0.902646	0.952680	0.962909	0.990127	0.991547	0.998581
simvarmass_75d9de72	0.889468	0.929008	0.988989	0.991256	0.995146	0.991935
simvarmass_76118e8b	0.936933	0.964438	0.981187	0.975383	0.991573	0.988796
simvarmass_76697c82	0.917836	0.957255	0.967098	0.989159	0.991939	0.995716
simvarmass_76ede883	0.942857	0.970588	0.942857	0.962895	0.971657	0.991840
simvarmass_77bb444e	0.910172	0.943738	0.971162	0.989719	0.993149	0.995176
simvarmass_77ecf679	0.906945	0.954780	0.971587	0.987595	0.990852	0.991807
simvarmass_782852aa	0.936338	0.957249	0.975379	0.996613	0.996602	0.997732
simvarmass_7878cd81	0.877509	0.920798	0.985366	0.981185	0.992501	0.994695
simvarmass_78a92236	0.929133	0.956763	0.987414	0.983405	0.994731	0.990556
simvarmass_78af1b88	0.917924	0.944882	0.923077	0.990502	0.990040	0.997992
simvarmass_794c7e74	0.877706	0.925745	0.980226	0.992464	0.994275	0.995775
simvarmass_794e016e	0.881891	0.929193	0.989516	0.985494	0.992105	0.991236
simvarmass_796335db	0.981713	0.969697	0.987654	1.000000	1.000000	1.000000
simvarmass_79f59f39	0.871056	0.924793	0.981701	0.988047	0.990023	0.997635
simvarmass_7a06a63e	0.882083	0.939502	0.972973	0.988675	0.992750	0.997013
simvarmass_7a4be8ac	0.959210	0.962500	0.988991	0.988542	0.993498	0.989637
simvarmass_7a7bd27b	0.932337	0.960217	0.968978	0.991210	0.995224	0.995818
simvarmass_7ab6f80b	0.883365	0.923045	0.982910	0.989321	0.993621	0.994582
simvarmass_7b13e426	0.894153	0.933478	0.985767	0.989513	0.993875	0.994140
simvarmass_7bbb9f2e	0.931281	0.956456	0.973262	0.999558	0.997438	1.000000
simvarmass_7c470f61	0.897822	0.941375	0.967697	0.989648	0.991219	0.995662
simvarmass_7d7f0b39	0.875676	0.923210	0.974144	0.988169	0.991503	0.994435
simvarmass_7d96d10b	0.959418	0.968085	0.981132	0.999994	0.998745	1.000000
simvarmass_7dc5cba8	0.923239	0.954779	0.968780	0.992356	0.995264	0.996051
simvarmass_7e17cdc8	0.860729	0.917963	0.983562	0.990915	0.994889	0.995907
simvarmass_7e1f72b9	0.882173	0.937415	0.970529	0.985784	0.989911	0.991512
simvarmass_7e5123ee	0.967031	0.978583	0.993311	0.985131	0.991266	0.986957
simvarmass_7e6accd7	0.952804	0.962007	0.976710	0.999399	0.999280	1.000000
simvarmass_7e6ed0d4	0.714286	0.833333	0.714286	0.939609	0.945901	0.982619
simvarmass_7e841338	0.940630	0.965812	0.991228	0.983784	0.991826	0.983784
simvarmass_7eecf1a8	0.899043	0.940817	0.979179	0.988906	0.993234	0.996606
simvarmass_7f636ed6	0.907406	0.940171	0.990660	0.987544	0.993564	0.995165
simvarmass_7f85124f	0.500000	0.666667	0.500000	0.949581	0.961866	0.978549
simvarmass_7fa60030	0.911263	0.948280	0.971802	0.991148	0.993708	0.995153
simvarmass_7fd4cba4	0.934442	0.965517	0.950617	0.985468	0.987304	0.993611
simvarmass_7fe0d527	0.867015	0.919019	0.974273	NaN	NaN	NaN
simvarmass_8011fdf4	0.917342	0.957363	0.972321	0.991249	0.994905	0.999461
simvarmass_8038687b	NaN	NaN	NaN	0.981061	0.956522	1.000000
simvarmass_8064ea81	0.905725	0.939016	0.990497	0.994715	0.995174	0.996135
simvarmass_80c1924a	0.931953	0.968504	0.967235	0.988863	0.988842	0.993693
simvarmass_80d55429	0.845483	0.906933	0.983673	NaN	NaN	NaN
simvarmass_80f2941a	0.914658	0.950695	0.985583	0.991602	0.995270	0.992453
simvarmass_811ea018	0.895455	0.944031	0.972973	0.990746	0.992081	0.996736
simvarmass_81bd4ab0	0.848232	0.909015	0.980024	NaN	NaN	NaN
simvarmass_82540903	0.941058	0.963810	0.992157	0.988506	0.994220	0.988506
simvarmass_827d7229	0.866634	0.916074	1.000000	0.994346	0.993407	0.995595
simvarmass_82c889bc	0.903249	0.942740	0.970936	0.991670	0.992693	0.997774
simvarmass_82d1fb2c	0.887043	0.928021	0.994595	1.000000	1.000000	1.000000
simvarmass_8313513c	0.926649	0.953297	0.972897	0.989087	0.992316	0.996326
simvarmass_837233ab	0.900274	0.939681	0.977245	0.989428	0.993809	0.991763
simvarmass_837d2c66	0.922288	0.961609	0.965728	0.988231	0.992485	0.998880
simvarmass_83876660	0.934375	0.966074	0.934375	0.984682	0.984020	0.994475
simvarmass_8431587b	0.923585	0.957854	0.966495	0.996544	0.996071	0.998183
simvarmass_844a2817	0.851841	0.915485	0.976050	0.987349	0.989956	0.994752
simvarmass_845067c4	0.857662	0.916152	0.983326	0.991017	0.993809	0.995148
simvarmass_84adf24e	0.876910	0.932877	0.989826	0.989662	0.996319	0.995098
simvarmass_8523e7f2	0.855821	0.917410	0.974625	NaN	NaN	NaN
simvarmass_8540b49c	0.907104	0.941176	0.987053	0.986253	0.994369	0.993251
simvarmass_859ce34a	0.900448	0.954007	0.956274	0.988317	0.989722	0.997672
simvarmass_85ad50e3	0.908654	0.949261	0.981007	0.986799	0.994444	0.996659
simvarmass_86403c8b	0.974860	0.972000	0.991837	0.999955	0.998217	1.000000
simvarmass_8678b71a	0.914934	0.942731	0.983292	0.996619	0.996801	0.997865
simvarmass_86c06037	0.894745	0.927036	0.984281	0.991061	0.994382	0.996248
simvarmass_86c518d7	0.917018	0.960000	0.935065	0.974871	0.980344	0.997506
simvarmass_87ad8028	0.938193	0.962756	0.966355	0.993009	0.996119	0.993548
simvarmass_87b7f5cd	0.933768	0.951372	0.989980	0.982542	0.991817	0.992358
simvarmass_8876c877	0.883411	0.927365	0.982990	0.993320	0.995059	0.998141
simvarmass_88c53e48	0.906722	0.940550	0.974525	0.993829	0.994120	0.998163
simvarmass_896b855f	0.885091	0.936170	1.000000	1.000000	1.000000	1.000000
simvarmass_896ffc5c	0.875750	0.931395	0.981720	0.993140	0.993645	0.996252
simvarmass_89a0bbc8	0.908356	0.939211	0.977794	0.995297	0.997751	0.998714
simvarmass_89a470a0	0.878397	0.930429	0.975041	0.994163	0.994059	0.998012
simvarmass_8bd61e45	0.882210	0.928232	0.985103	0.989555	0.991288	0.994332
simvarmass_8be11847	0.921038	0.957179	0.926829	0.983417	0.985845	0.993974
simvarmass_8c57a37a	0.893750	0.928689	0.988325	0.996511	0.995849	0.999510
simvarmass_8d1c2be6	0.700000	0.823529	0.700000	0.956729	0.952381	0.994624
simvarmass_8d8f03ef	0.923033	0.948347	0.990291	0.984989	0.996390	0.995671
simvarmass_8e0ce813	0.927757	0.974899	0.967846	0.986537	0.989543	0.992327
simvarmass_8e23897e	0.874525	0.918909	0.978758	0.989592	0.993374	0.993923
simvarmass_8e2ac158	0.905539	0.956622	0.965143	0.989484	0.991374	0.995956
simvarmass_8e41c1bc	0.958333	0.978723	0.958333	0.950224	0.961751	0.978806
simvarmass_8e690e5d	0.867380	0.914145	0.983183	NaN	NaN	NaN
simvarmass_8f21444d	0.897526	0.917145	0.990257	0.987869	0.993651	0.988421
simvarmass_8f7e5c76	0.909057	0.946697	0.972994	0.987182	0.993569	0.994368
simvarmass_8fbfc6b1	0.870181	0.919869	0.976280	NaN	NaN	NaN
simvarmass_8fc9dc3f	0.856387	0.917034	0.980189	NaN	NaN	NaN
simvarmass_8ff198d4	0.888181	0.926165	0.996914	0.985061	0.993631	0.993631
simvarmass_9007607f	0.868875	0.918288	0.979404	NaN	NaN	NaN
simvarmass_90194d82	0.881369	0.931980	0.974147	0.992198	0.993433	0.999760
simvarmass_90c2bed3	0.900462	0.945318	0.969201	0.992901	0.995494	0.996676
simvarmass_90c81c23	0.917000	0.955017	0.969555	0.994036	0.992877	0.998897
simvarmass_90ce4753	0.968453	0.974182	0.986063	1.000000	1.000000	1.000000
simvarmass_9126b6c6	0.872319	0.926184	0.975340	0.990564	0.994991	0.995444
simvarmass_9138c9b7	0.925857	0.963145	0.933333	0.982128	0.982295	0.993951
simvarmass_9141969d	0.968298	0.969014	0.992308	0.994696	0.996832	0.995781
simvarmass_9144135b	0.932643	0.964067	0.963222	0.993942	0.992204	0.996954
simvarmass_9152f7db	0.975000	0.987342	0.975000	0.966406	0.987952	1.000000
simvarmass_91bac5d1	0.934810	0.956098	0.951456	0.988268	0.991179	1.000000
simvarmass_91c509e6	0.899281	0.938164	0.986859	0.991000	0.992851	0.992851
simvarmass_91d12f66	0.919581	0.957533	0.964265	0.991287	0.991458	0.998436
simvarmass_927f997e	0.944423	0.966741	0.964602	0.997275	0.998636	0.997275
simvarmass_9291bcb4	0.838710	0.912281	0.838710	0.971385	0.968295	0.990649
simvarmass_92c1b5c1	0.912441	0.953495	0.963668	0.990677	0.993132	0.995534
simvarmass_92c70a2a	0.923930	0.960827	0.958753	0.986253	0.989943	0.994489
simvarmass_93909125	0.887573	0.940413	0.966655	0.985531	0.989700	0.993109
simvarmass_93d17249	0.893845	0.939212	0.967838	0.989021	0.991564	0.994711
simvarmass_9418b085	0.956991	0.975916	0.960825	0.984074	0.986260	0.993846
simvarmass_943c95ac	0.927760	0.954945	0.977503	0.996861	0.997211	0.997768
simvarmass_94511d9a	0.931325	0.950188	0.988270	0.999084	0.998647	0.999097
simvarmass_9464ff4e	0.916582	0.947329	0.977047	0.994340	0.992211	0.998192
simvarmass_94669813	0.936699	0.968586	0.953608	0.980385	0.986453	0.995947
simvarmass_9531917a	0.912339	0.931034	0.965517	1.000000	1.000000	1.000000
simvarmass_958fc30a	0.868618	0.923716	0.978009	0.991207	0.994869	0.996086
simvarmass_95aee47a	0.984735	0.989130	0.989130	0.999932	0.994152	1.000000
simvarmass_95ccffdb	0.912353	0.953818	0.984891	0.993141	0.997057	0.996471
simvarmass_95fd9ae1	0.929626	0.965323	0.948435	0.980028	0.984086	0.991055
simvarmass_965d6e75	0.896043	0.946968	0.969710	0.986499	0.991061	0.993575
simvarmass_96b86f97	0.921848	0.954198	0.981354	0.993114	0.997543	0.996319
simvarmass_970e718a	0.920450	0.960959	0.947409	0.985796	0.987363	0.994052
simvarmass_973b6dd9	0.860980	0.917169	0.973150	0.991058	0.993600	0.996333
simvarmass_97e645de	0.895323	0.936300	0.985363	0.994174	0.995465	0.996972
simvarmass_97f8c504	0.929544	0.952157	0.985390	0.994633	0.995717	0.995717
simvarmass_9819ab98	0.872439	0.919878	0.976780	0.990570	0.994917	0.995837
simvarmass_983b3ec5	0.916170	0.939535	0.996055	0.994676	0.996047	0.996047
simvarmass_98de8b85	0.892089	0.920625	0.989657	0.997850	0.997734	0.998704
simvarmass_98f00cc4	0.931325	0.961159	0.946822	0.987506	0.989916	0.995614
simvarmass_99146b12	0.918345	0.959229	0.971471	0.990320	0.991874	0.998597
simvarmass_999606ec	0.912277	0.945870	0.973583	0.988527	0.991989	0.993126
simvarmass_9998f2a4	0.901105	0.948580	0.963477	0.987104	0.991173	0.994271
simvarmass_99f8a9e3	0.877575	0.934789	0.976625	0.987633	0.992917	0.995676
simvarmass_9a8152e0	0.908916	0.957203	0.951613	0.982687	0.987006	0.994983
simvarmass_9a9434af	0.916972	0.959472	0.954600	0.981621	0.987478	0.992508
simvarmass_9ab1bb36	0.908298	0.941833	0.991185	0.998111	0.998595	0.999063
simvarmass_9ac0b1e7	0.918356	0.953670	0.974785	0.990829	0.992939	0.996092
simvarmass_9ad6b4cd	0.909874	0.954585	0.966401	0.990987	0.993012	0.994667
simvarmass_9b3ab504	0.840916	0.909576	0.979167	NaN	NaN	NaN
simvarmass_9b532070	0.995074	0.982456	1.000000	1.000000	1.000000	1.000000
simvarmass_9b627c8d	0.835182	0.893617	0.840000	0.960223	0.970857	0.986443
simvarmass_9ba43122	0.893582	0.944411	0.964891	0.986738	0.990088	0.993131
simvarmass_9bfb66b5	0.913433	0.955455	0.990629	0.983257	0.988304	0.988304
simvarmass_9c6368fd	0.942377	0.961538	0.949367	0.991014	0.993248	0.998492
simvarmass_9ca707ab	0.933660	0.951311	1.000000	0.979214	0.986842	0.982533
simvarmass_9cab894e	0.916614	0.952981	0.971131	0.985308	0.989882	0.994154
simvarmass_9cf70bc5	0.883990	0.938017	0.893701	0.976138	0.978432	0.993051
simvarmass_9d0581dd	0.862853	0.918147	0.982096	0.989251	0.992196	0.992750
simvarmass_9d117033	0.896552	0.945455	0.896552	0.958126	0.966600	0.988277
simvarmass_9d409a1f	0.909266	0.954927	0.967091	0.987106	0.991010	0.995830
simvarmass_9d6b4e07	0.957268	0.977778	0.985075	1.000000	1.000000	1.000000
simvarmass_9d84f4be	0.946693	0.970223	0.977500	1.000000	1.000000	1.000000
simvarmass_9e509889	0.903775	0.944349	0.980444	0.989744	0.995160	0.996124
simvarmass_9e65e1b9	0.886391	0.941198	0.967920	0.988669	0.992491	0.995416
simvarmass_9e866580	0.835608	0.915423	0.851852	0.968061	0.977461	0.987889
simvarmass_9eb1e2de	0.919830	0.953304	0.978300	0.988342	0.994334	0.993396
simvarmass_9f7ba4f3	0.936064	0.958880	0.996364	0.994792	0.997389	0.994792
simvarmass_9fe0ac99	0.878876	0.922965	0.978805	0.994754	0.993715	0.999052
simvarmass_9fe70cf3	0.921348	0.956670	0.942697	0.990187	0.990855	0.996322
simvarmass_a07a3e42	0.959496	0.962832	0.989091	0.995192	0.997590	0.995192
simvarmass_a0a643b8	0.908631	0.939372	0.990812	0.991334	0.995648	0.991334
simvarmass_a0b632e5	0.928758	0.961179	0.964497	0.993173	0.994367	0.996435
simvarmass_a0fa54cc	0.854046	0.915320	0.975348	NaN	NaN	NaN
simvarmass_a107a7a1	0.900968	0.948925	0.924084	0.988106	0.988796	0.994366
simvarmass_a13aa03e	0.905357	0.937434	0.978118	0.992999	0.994253	0.994253
simvarmass_a14988c5	0.904399	0.948528	0.974085	0.991869	0.992502	0.996434
simvarmass_a15e4569	0.882692	0.935593	0.982644	0.988043	0.993113	0.993821
simvarmass_a1a8f156	0.844608	0.925750	0.996599	0.995050	0.997519	0.995050
simvarmass_a1c6098e	0.960217	0.960133	0.989726	0.995328	0.996689	0.996689
simvarmass_a2157ead	0.932684	0.967914	0.983696	0.992049	0.995283	0.992941
simvarmass_a2616bb5	0.878454	0.927769	0.979068	0.993974	0.995652	0.998443
simvarmass_a28e99ef	0.917196	0.951114	0.981469	0.991343	0.994033	0.997008
simvarmass_a29ec531	0.865224	0.917537	0.982389	0.983730	0.990071	0.992182
simvarmass_a2d36323	0.859830	0.918033	0.861538	0.977396	0.977994	0.993425
simvarmass_a2ece752	0.865187	0.922249	0.975218	0.988927	0.991905	0.996476
simvarmass_a2f8d796	1.000000	1.000000	1.000000	0.976362	0.956522	1.000000
simvarmass_a3049b62	0.942081	0.967598	0.956906	0.982538	0.988110	0.992203
simvarmass_a33ed321	0.862487	0.916309	0.975265	NaN	NaN	NaN
simvarmass_a358d303	0.880760	0.930218	0.979063	0.989586	0.992012	0.995040
simvarmass_a35f44e1	0.848155	0.914681	0.973997	NaN	NaN	NaN
simvarmass_a37b32b1	0.902842	0.927262	0.994924	0.995008	0.996273	0.995037
simvarmass_a3a7f137	0.953695	0.967172	0.972081	0.998205	0.997845	1.000000
simvarmass_a3e1508d	0.939836	0.964438	0.968571	0.994966	0.998000	1.000000
simvarmass_a3fb0822	0.974857	0.984071	0.996416	0.982533	0.991189	0.982533
simvarmass_a3fc51dc	0.880361	0.933665	0.967022	0.988167	0.991203	0.994568
simvarmass_a41fe574	0.870962	0.919725	0.976461	NaN	NaN	NaN
simvarmass_a4851b19	0.959472	0.967164	0.987805	0.986773	0.992683	0.987864
simvarmass_a4cf1575	0.881124	0.934858	0.970732	0.986055	0.990665	0.991632
simvarmass_a55cfb82	0.723356	0.875000	1.000000	1.000000	1.000000	1.000000
simvarmass_a56371c0	0.881048	0.920792	0.983919	0.991383	0.993032	0.996404
simvarmass_a57c2d34	0.896408	0.939331	0.971861	0.993511	0.995973	0.994638
simvarmass_a60820cd	0.884733	0.937500	0.976150	0.991570	0.993343	0.997729
simvarmass_a624eb18	0.836358	0.935065	1.000000	1.000000	1.000000	1.000000
simvarmass_a695da7f	0.893247	0.938353	0.973290	0.993034	0.993554	0.999411
simvarmass_a6b9dbf6	0.935484	0.966667	0.935484	0.980409	0.983275	0.990596
simvarmass_a6f53098	0.859745	0.919458	0.982259	0.990018	0.993599	0.993110
simvarmass_a7fe0bd2	0.881904	0.935825	0.972973	0.992760	0.992979	0.996226
simvarmass_a83a67fa	0.904541	0.949025	0.970221	0.991007	0.993580	0.996262
simvarmass_a8609fa2	0.931744	0.950192	0.976378	0.998803	0.998158	1.000000
simvarmass_a9128447	0.876118	0.939035	0.969979	0.988538	0.992339	0.996214
simvarmass_a975be17	0.863225	0.914246	0.977223	0.989482	0.992624	0.996123
simvarmass_a9b6d7d9	0.843172	0.900593	0.985180	NaN	NaN	NaN
simvarmass_aa1d5e84	0.911799	0.937742	0.987342	0.989870	0.993230	0.995155
simvarmass_aa8bf7c3	0.911864	0.943100	0.993113	0.990650	0.993125	0.992366
simvarmass_ab2044d4	0.896154	0.938677	0.970060	0.994282	0.996104	0.994812
simvarmass_ab301292	0.956482	0.965986	0.993023	0.995791	0.995423	1.000000
simvarmass_ab30392f	0.888889	0.941176	0.888889	0.935688	0.948912	0.992087
simvarmass_ab725cdf	0.854817	0.905991	0.977388	0.990761	0.993603	0.996382
simvarmass_ab7ec007	0.881204	0.943920	0.966075	0.986896	0.988403	0.992981
simvarmass_ab8d80a1	0.890230	0.933633	0.988235	0.999118	0.997758	1.000000
simvarmass_abc4715b	0.916340	0.957014	0.931718	0.988230	0.989214	0.996613
simvarmass_ac32dc12	0.956184	0.972851	0.964126	0.992277	0.994166	0.993007
simvarmass_ac455b12	0.883144	0.933447	0.973661	0.990449	0.993621	0.995863
simvarmass_ac7ebfb5	0.967839	0.964286	1.000000	0.987500	0.993711	0.987500
simvarmass_acb48fa0	0.908555	0.948892	0.969520	0.986420	0.989283	0.992146
simvarmass_acef0cf2	0.932194	0.953919	0.983350	0.994529	0.996113	0.998886
simvarmass_ad1993c7	1.000000	1.000000	1.000000	0.946359	0.949528	0.991162
simvarmass_ad3c8ef6	0.950930	0.966960	0.971239	0.992733	0.993930	0.995441
simvarmass_ad491f84	0.892624	0.934406	0.973177	0.987668	0.990991	0.994952
simvarmass_ad5bd7df	0.925583	0.960819	0.955713	0.990932	0.991631	0.997724
simvarmass_ad6ab13a	0.932936	0.963164	0.965255	0.994996	0.993269	0.997062
simvarmass_ad88da2f	0.869302	0.916667	0.980620	NaN	NaN	NaN
simvarmass_adabbca0	0.920019	0.952636	0.962094	0.991902	0.992076	0.996815
simvarmass_ae46c111	0.862167	0.907040	0.978450	NaN	NaN	NaN
simvarmass_ae8f484a	0.913004	0.957983	0.973319	0.990150	0.992969	0.996082
simvarmass_aecd1d80	1.000000	1.000000	1.000000	0.880114	0.952381	1.000000
simvarmass_af471a8b	0.928269	0.961415	0.946203	0.991614	0.991663	0.997041
simvarmass_af5f72db	0.882360	0.932924	0.971471	0.985508	0.991205	0.995325
simvarmass_af7051e3	0.911252	0.950269	0.991585	0.997899	0.998948	0.997899
simvarmass_afa08bc2	0.941158	0.959054	0.981413	0.989446	0.994695	0.989446
simvarmass_b075c428	0.895697	0.939903	0.977931	0.993237	0.996320	0.996320
simvarmass_b107e328	0.856547	0.917593	0.974854	0.992202	0.992882	0.996551
simvarmass_b11be187	1.000000	1.000000	1.000000	0.955056	0.955331	0.990123
simvarmass_b13532b4	0.860394	0.917618	0.971993	NaN	NaN	NaN
simvarmass_b15828e2	0.922247	0.957294	0.960247	0.989423	0.992623	0.995377
simvarmass_b1802c78	0.878105	0.929594	0.974579	NaN	NaN	NaN
simvarmass_b1a81dd6	0.945025	0.962490	0.982085	0.996689	0.997230	0.997230
simvarmass_b26dd97e	0.884181	0.923077	0.991886	0.990887	0.995665	0.998551
simvarmass_b2d72e73	0.858850	0.909935	0.977815	NaN	NaN	NaN
simvarmass_b2ddc1d6	0.875119	0.926610	0.974992	0.989450	0.992476	0.994721
simvarmass_b342ca83	0.893512	0.943170	0.974152	0.990534	0.992041	0.997176
simvarmass_b382a692	0.970148	0.977320	0.991632	0.994845	0.997416	0.994845
simvarmass_b388075f	0.912196	0.950239	0.972576	0.994478	0.997220	0.999071
simvarmass_b3ac667b	0.924370	0.960699	0.924370	0.982518	0.979200	0.993506
simvarmass_b3f59233	0.856160	0.910666	0.990897	0.989015	0.993580	0.990157
simvarmass_b42e4fc2	0.968043	0.978723	0.985714	0.995918	0.997955	0.995918
simvarmass_b44abeec	1.000000	1.000000	1.000000	0.958952	0.957070	0.989414
simvarmass_b4db6b08	0.886353	0.941110	0.980531	0.992552	0.993631	0.994334
simvarmass_b4e2af64	0.916804	0.956140	0.930299	0.983635	0.985837	0.994366
simvarmass_b4eb448d	0.892033	0.938428	0.969010	0.988699	0.991983	0.995636
simvarmass_b530d3e7	0.880059	0.931288	0.976565	0.990644	0.993051	0.997209
simvarmass_b54d34c8	0.958039	0.971429	0.986000	0.997468	0.998733	0.997468
simvarmass_b5ad4ebf	0.861075	0.908783	0.987723	0.991304	0.994709	0.994709
simvarmass_b5cc821e	0.882949	0.939130	0.965928	0.985084	0.991593	0.995062
simvarmass_b6bf924d	0.917399	0.958493	0.958493	0.985658	0.989192	0.993291
simvarmass_b6c3b693	0.876124	0.926635	0.973055	0.989189	0.992381	0.994275
simvarmass_b6c93e18	0.877107	0.909599	0.990597	0.994236	0.996422	0.996696
simvarmass_b7123098	0.887769	0.935732	0.976668	0.987089	0.992337	0.994454
simvarmass_b72e650b	0.880046	0.926777	0.982993	0.991577	0.993265	0.997745
simvarmass_b74505e2	0.871782	0.911345	0.989677	0.992079	0.995434	0.996734
simvarmass_b757f60c	0.870977	0.925396	0.975377	0.991912	0.994936	0.996618
simvarmass_b7708d72	0.956845	0.975930	0.986726	0.996053	0.995798	1.000000
simvarmass_b79172d4	0.891924	0.933472	0.997778	0.990415	0.995185	0.990415
simvarmass_b792ab90	0.895983	0.933921	0.980049	0.992829	0.995636	0.994396
simvarmass_b7d0f4c2	0.872419	0.908425	0.993590	0.990430	0.993993	0.995567
simvarmass_b7dd8b66	0.883596	0.944056	0.918367	0.990006	0.989115	0.996187
simvarmass_b7eac224	0.863915	0.920199	0.981285	0.988996	0.991891	0.996916
simvarmass_b830b9e5	0.902565	0.945154	0.978463	0.992086	0.994220	0.996474
simvarmass_b8ce6e85	0.949357	0.975709	0.995868	0.999934	0.998415	1.000000
simvarmass_b9176ae6	0.873038	0.916792	0.978009	0.991447	0.992106	0.995578
simvarmass_b93fce27	0.853426	0.916840	0.975664	NaN	NaN	NaN
simvarmass_b9de1ff0	0.909672	0.946111	0.986674	0.995767	0.996271	0.998505
simvarmass_b9ef9fbd	0.870148	0.917089	0.984375	NaN	NaN	NaN
simvarmass_ba0997f3	0.945528	0.955224	0.981595	1.000000	1.000000	1.000000
simvarmass_ba2250f9	0.936544	0.969577	0.963206	0.982271	0.986155	0.993562
simvarmass_ba859da6	0.885792	0.930530	0.977343	0.989638	0.991237	0.995307
simvarmass_bad3aace	0.951421	0.972810	0.983206	0.995024	0.996400	0.995683
simvarmass_bb0d8b0d	0.914980	0.933480	0.987626	0.997578	0.997857	0.998571
simvarmass_bb1a47f7	0.846154	0.916667	0.846154	0.965899	0.970584	0.987400
simvarmass_bb478e56	0.864084	0.902439	0.989834	0.991301	0.994737	0.993989
simvarmass_bbc725e1	0.907187	0.942556	0.978763	0.996058	0.996637	0.998316
simvarmass_bc1efc63	0.955751	0.968037	0.995305	0.986667	0.993289	0.986667
simvarmass_bcc4bfde	0.868440	0.920988	0.983520	NaN	NaN	NaN
simvarmass_bd15c14a	0.915622	0.953451	0.931034	0.989578	0.989651	0.998352
simvarmass_bd7d09a7	0.928167	0.959922	0.931689	0.985304	0.985507	0.994376
simvarmass_bdd233cf	0.925971	0.953614	0.959826	0.991924	0.993834	0.994916
simvarmass_be5467f1	0.931805	0.950855	0.984513	0.990330	0.994883	0.990940
simvarmass_beb154e3	0.885411	0.918750	0.991930	0.996708	0.996566	0.998124
simvarmass_bfbc137d	0.912163	0.954064	0.926773	0.986969	0.987048	0.994599
simvarmass_c058a35b	0.867671	0.919431	0.984599	0.991687	0.994174	0.995395
simvarmass_c1437e96	0.888688	0.933937	0.972851	0.987439	0.992933	0.994250
simvarmass_c1d5bf12	0.866258	0.908404	0.989826	0.994058	0.996590	0.996817
simvarmass_c1e14fbf	0.882157	0.936485	0.971546	0.987829	0.992024	0.993952
simvarmass_c2065f19	0.947376	0.959202	0.985102	0.991848	0.995907	0.991848
simvarmass_c3161682	0.868607	0.921637	0.980913	0.991335	0.993085	0.995203
simvarmass_c347b06f	0.899644	0.919383	0.988930	0.992324	0.995202	0.993160
simvarmass_c3b64c6f	0.839406	0.904048	0.973264	NaN	NaN	NaN
simvarmass_c3c4bfa6	0.944344	0.968338	0.989218	0.998456	0.998261	1.000000
simvarmass_c3d45688	0.863056	0.914531	0.979297	NaN	NaN	NaN
simvarmass_c3dc1c01	0.904290	0.947859	0.966292	0.986429	0.990412	0.994259
simvarmass_c400d673	0.932268	0.959627	0.961618	0.990722	0.990166	0.996043
simvarmass_c41fa130	0.900554	0.950273	0.960773	0.990285	0.991150	0.997174
simvarmass_c4602667	0.912726	0.946444	0.973557	0.992769	0.993977	0.997271
simvarmass_c4662f60	0.892819	0.931211	0.983503	0.988909	0.994900	0.993519
simvarmass_c47275cd	0.895586	0.942915	0.969094	0.989858	0.994433	0.995945
simvarmass_c497c2ee	0.865872	0.913036	0.985558	0.991464	0.994411	0.996799
simvarmass_c49f6224	0.905580	0.946515	0.965341	0.994851	0.993010	0.998788
simvarmass_c4a0b581	0.920414	0.959846	0.965812	0.990175	0.993530	0.997594
simvarmass_c573dc3b	0.941422	0.953443	0.997257	0.994700	0.997343	0.994700
simvarmass_c5881458	0.875957	0.925620	0.989899	0.989019	0.994197	0.994839
simvarmass_c5f2b379	0.892289	0.934456	0.979823	0.992870	0.996552	0.994836
simvarmass_c66cd307	0.860613	0.905467	0.990037	NaN	NaN	NaN
simvarmass_c6e07f08	0.923824	0.954645	0.975433	0.990083	0.992055	0.995690
simvarmass_c6f7830b	0.976911	0.986111	1.000000	0.983871	0.991870	0.983871
simvarmass_c7150cc2	0.892112	0.938252	0.971761	0.989197	0.993109	0.999133
simvarmass_c7d08b62	0.843753	0.906777	0.986527	0.988250	0.992281	0.995697
simvarmass_c812c142	0.879973	0.930633	0.978701	0.988543	0.992281	0.995269
simvarmass_c8f362b2	0.968099	0.976249	0.985124	0.997716	0.998224	0.998815
simvarmass_c8f52af5	0.929981	0.965517	0.948052	0.983570	0.985499	0.996805
simvarmass_c92b8fb3	0.871043	0.921720	0.980850	0.994107	0.994372	0.997056
simvarmass_c98035bc	0.921225	0.960348	0.952586	0.992921	0.991532	0.995876
simvarmass_c9d6bfa6	0.882353	0.937500	0.882353	0.972521	0.973289	0.994315
simvarmass_c9f6e910	0.950617	0.974684	0.950617	0.973724	0.976190	0.994226
simvarmass_ca1004cd	0.903698	0.940654	0.974359	0.991266	0.993840	0.998624
simvarmass_ca611d34	0.893896	0.939844	0.979202	0.991270	0.993268	0.995706
simvarmass_ca6ca1ee	0.857143	0.923077	0.857143	0.970163	0.963844	0.995103
simvarmass_cb60fb8f	0.895665	0.940830	0.965565	0.987826	0.992831	0.996077
simvarmass_cb9efa31	0.901793	0.940009	0.996340	0.989663	0.992692	0.991484
simvarmass_cc4375a8	0.928782	0.960630	0.928934	0.979573	0.982890	0.995507
simvarmass_ccc0c5d5	0.893699	0.939409	0.970990	0.988098	0.991525	0.994789
simvarmass_cd13e995	0.884608	0.926347	0.982450	0.989093	0.993264	0.996901
simvarmass_cd3977da	0.860521	0.922665	0.979894	0.987944	0.993340	0.995708
simvarmass_cd7b8fa7	0.910629	0.948084	0.965670	0.991194	0.992207	0.995115
simvarmass_cdcf66fd	0.864333	0.920715	0.984321	0.983613	0.991045	0.994012
simvarmass_ce301f80	0.920965	0.963421	0.969422	0.992184	0.992915	0.994324
simvarmass_ce78f771	0.929036	0.953501	0.989535	0.989874	0.993701	0.990581
simvarmass_cf48b1ae	0.888322	0.924193	0.984546	0.993023	0.994996	0.996659
simvarmass_cfa1841c	0.879380	0.924652	0.984262	0.991049	0.994992	0.997490
simvarmass_cff078cd	0.910259	0.955676	0.952137	0.987996	0.990495	0.995642
simvarmass_d013d641	0.864994	0.916855	0.981107	0.992844	0.995516	0.996154
simvarmass_d053681a	0.903319	0.943301	0.971161	0.992433	0.992596	0.998904
simvarmass_d065c8b5	1.000000	1.000000	1.000000	0.940894	0.957253	0.979070
simvarmass_d09ffdcc	0.983684	0.981413	1.000000	1.000000	1.000000	1.000000
simvarmass_d174a7f0	0.965065	0.976109	0.972789	0.993716	0.993103	1.000000
simvarmass_d195f8ed	0.893004	0.932559	0.980693	0.990090	0.994612	0.998119
simvarmass_d2328572	0.935485	0.963616	0.968958	0.988498	0.991643	0.990724
simvarmass_d233262c	0.911063	0.952687	0.936766	0.987943	0.989207	0.995249
simvarmass_d2705cad	0.846610	0.909973	0.979497	NaN	NaN	NaN
simvarmass_d276a605	0.929348	0.950626	0.972954	0.995531	0.995911	0.997076
simvarmass_d2845c5c	0.951182	0.970732	0.956731	0.991063	0.989961	0.994569
simvarmass_d2e1ee0e	0.949898	0.955631	0.985915	0.988333	0.996416	1.000000
simvarmass_d3b3e0e0	0.895113	0.934241	0.976436	0.987312	0.991495	0.993305
simvarmass_d3d3924d	0.911724	0.951157	0.974417	0.994505	0.995564	0.996195
simvarmass_d430e49c	0.888627	0.937532	0.972656	0.993687	0.993292	0.996698
simvarmass_d48ff508	0.915146	0.955665	0.932692	0.995429	0.996264	0.998752
simvarmass_d4a68a15	0.852260	0.913327	0.973473	NaN	NaN	NaN
simvarmass_d4f54e99	0.873901	0.910512	0.990225	0.993560	0.994515	0.998481
simvarmass_d50d1294	NaN	NaN	NaN	0.946330	0.970203	0.946512
simvarmass_d59a2975	0.950195	0.968442	0.962745	0.998200	0.996901	0.998965
simvarmass_d652ed10	0.894386	0.943087	0.968041	0.988784	0.990948	0.996253
simvarmass_d7365209	0.880102	0.928214	0.981495	0.994035	0.994879	0.996094
simvarmass_d7890311	1.000000	1.000000	1.000000	0.932581	0.938897	0.983351
simvarmass_d78e020e	0.953941	0.967089	0.994819	0.998272	0.997506	1.000000
simvarmass_d80351b1	0.853349	0.911379	0.985998	0.990122	0.993007	0.995027
simvarmass_d82c18aa	0.879175	0.927621	0.988656	0.989522	0.995582	0.994118
simvarmass_d836cd73	0.931216	0.956522	0.932203	0.975158	0.980229	0.993671
simvarmass_d845be36	0.895531	0.939908	0.981429	0.988548	0.991736	0.994898
simvarmass_d8654c95	0.989972	0.987654	1.000000	1.000000	1.000000	1.000000
simvarmass_d874cbbf	0.933333	0.965517	0.933333	0.933028	0.942408	0.996310
simvarmass_d88b2079	0.950168	0.972973	0.958175	0.986549	0.988688	0.998857
simvarmass_d8c2ef0a	0.896310	0.935399	0.982687	0.993783	0.996214	0.994600
simvarmass_d8cb7e20	0.939771	0.962700	0.981884	0.994705	0.996198	0.996198
simvarmass_d95c32cd	0.916062	0.949657	0.983412	0.991255	0.995215	0.998081
simvarmass_d96de116	0.893339	0.943848	0.974742	0.991226	0.994291	0.999002
simvarmass_d97954b4	0.884194	0.931415	0.981800	0.993307	0.995461	0.993958
simvarmass_d9947da0	1.000000	1.000000	1.000000	0.968519	0.960396	0.986441
simvarmass_d9fdb7af	0.918658	0.955125	0.959203	0.993390	0.995773	0.996977
simvarmass_da05d504	0.897135	0.946812	0.970397	0.987142	0.990904	0.996949
simvarmass_da378e15	0.958051	0.966469	0.987903	1.000000	1.000000	1.000000
simvarmass_daacaf19	0.871930	0.928451	0.974709	0.989219	0.994659	0.996224
simvarmass_db2ba867	0.937500	0.967742	0.937500	0.982936	0.984252	0.997340
simvarmass_db56d1d4	0.905650	0.954571	0.970353	0.992070	0.992180	0.998112
simvarmass_dbcabce0	0.926548	0.954442	0.988208	0.980500	0.993846	0.990798
simvarmass_dc3c980d	0.928006	0.959335	0.986692	0.998112	0.998246	1.000000
simvarmass_dc583fb6	0.882768	0.928355	0.987831	0.993723	0.995361	0.994103
simvarmass_dcde65ef	0.909091	0.952381	0.909091	0.971699	0.975938	0.989661
simvarmass_dd399522	0.908814	0.942333	0.986096	0.993346	0.994427	0.994718
simvarmass_dd6742a1	0.865528	0.911039	0.985133	0.993666	0.996293	0.997716
simvarmass_dded9e36	0.958581	0.965742	0.990000	NaN	NaN	NaN
simvarmass_de3181ba	0.806538	0.898305	0.997312	0.999822	0.998205	1.000000
simvarmass_de9f2dc4	0.923255	0.956025	0.978398	0.990380	0.993019	0.991289
simvarmass_deaf7c95	0.872640	0.921699	0.987207	0.981418	0.990326	0.986747
simvarmass_decc66e0	0.891776	0.929496	0.991558	0.986953	0.992642	0.988016
simvarmass_ded2d912	0.870025	0.925743	0.970171	0.993176	0.992749	0.998070
simvarmass_def0b7ad	0.893477	0.935874	0.977740	NaN	NaN	NaN
simvarmass_df06413e	0.857937	0.911448	0.985273	0.994093	0.995021	0.996930
simvarmass_df609ec6	0.911342	0.948380	0.969432	0.990075	0.992234	0.995636
simvarmass_df6d009d	0.907732	0.953950	0.970588	0.991127	0.993402	0.998408
simvarmass_df6de312	0.894834	0.939257	0.973909	NaN	NaN	NaN
simvarmass_df8b24be	0.854783	0.909747	0.981614	NaN	NaN	NaN
simvarmass_dfd9f0cb	0.857143	0.923077	0.857143	0.947668	0.961802	0.979809
simvarmass_dfed5afd	0.857433	0.910002	0.983045	NaN	NaN	NaN
simvarmass_e018a46b	0.940782	0.958768	0.982358	0.988593	0.995534	0.996748
simvarmass_e05133fd	0.863700	0.913663	0.986425	0.992326	0.995225	0.995904
simvarmass_e0c5c6fe	0.875644	0.924944	0.976250	NaN	NaN	NaN
simvarmass_e0d59209	0.867911	0.930048	0.986509	NaN	NaN	NaN
simvarmass_e1374a5a	0.964050	0.976190	0.964706	0.984842	0.976526	0.996805
simvarmass_e1427067	0.887690	0.933460	0.984024	0.994583	0.995767	0.996741
simvarmass_e14878ff	0.885139	0.939935	0.978702	0.989133	0.991781	0.993141
simvarmass_e165459e	0.935539	0.958904	0.945946	0.977169	0.973105	0.997994
simvarmass_e18c1ab4	0.877840	0.925081	0.991159	0.988908	0.992901	0.995409
simvarmass_e1a008cd	0.873913	0.923666	0.987722	0.993923	0.996557	0.996869
simvarmass_e1db6151	0.878244	0.925766	0.985552	0.994442	0.996003	0.996269
simvarmass_e22b6a44	0.881810	0.921911	0.980984	0.992779	0.992711	0.997143
simvarmass_e23ab5dd	0.992839	0.981818	1.000000	0.962987	0.981818	1.000000
simvarmass_e287be37	0.887760	0.935451	0.978696	0.991035	0.992970	0.996912
simvarmass_e2a72306	0.901312	0.939152	0.982777	0.993171	0.995219	0.995219
simvarmass_e2a8d5e2	0.905952	0.946112	0.987189	0.995308	0.997116	0.999422
simvarmass_e2aad6e7	0.920049	0.955659	0.954545	0.988507	0.992429	0.997924
simvarmass_e32a48a8	0.881054	0.923561	0.982775	0.991925	0.993972	0.995305
simvarmass_e356d4a7	0.920941	0.956602	0.931655	0.986470	0.988275	0.994222
simvarmass_e381c60b	0.895489	0.931624	0.994299	0.995820	0.996516	0.996516
simvarmass_e3c941c3	0.947446	0.967105	0.978369	0.989706	0.996121	0.998445
simvarmass_e3fc6056	0.928625	0.965159	0.950820	0.988388	0.990162	0.996317
simvarmass_e426384c	0.871788	0.926685	0.972796	0.992184	0.993459	0.995133
simvarmass_e4790b66	0.852590	0.899326	0.983825	0.990910	0.995062	0.997525
simvarmass_e4c0b05b	0.902084	0.943155	0.975166	0.991083	0.994016	0.996401
simvarmass_e6269848	0.854614	0.905153	0.988530	NaN	NaN	NaN
simvarmass_e63a952e	0.863324	0.915071	0.982427	NaN	NaN	NaN
simvarmass_e64faa7a	0.924281	0.954046	0.989637	0.989830	0.997154	0.999049
simvarmass_e6ae5632	0.893366	0.939372	0.971239	0.986928	0.990139	0.995924
simvarmass_e6d07cd9	0.887639	0.946746	0.911681	0.982142	0.986014	0.993735
simvarmass_e6e0008a	0.890975	0.927119	0.986771	0.995231	0.996904	0.998966
simvarmass_e6f0924e	0.929613	0.973352	0.963889	0.989764	0.990515	0.996390
simvarmass_e71cd64f	0.891696	0.936722	0.976269	0.990152	0.992606	0.993487
simvarmass_e7217135	0.920655	0.945455	0.989619	0.998332	0.998339	0.998339
simvarmass_e7415e3e	0.828983	0.909091	0.990566	0.977901	0.988827	0.977901
simvarmass_e74193a0	0.880313	0.921687	0.989418	0.992232	0.995848	0.997781
simvarmass_e7425106	0.923695	0.962539	0.962539	0.984111	0.987840	0.992720
simvarmass_e76e8e1d	0.862352	0.906377	0.982759	NaN	NaN	NaN
simvarmass_e7d86f55	0.909327	0.960847	0.954784	0.986286	0.988879	0.996122
simvarmass_e805a6ea	0.800000	0.888889	0.800000	0.944396	0.954714	0.985303
simvarmass_e8772445	0.871307	0.927862	0.980253	0.997167	0.995197	1.000000
simvarmass_e88de22b	0.886842	0.933658	0.993523	0.995162	0.996094	0.996094
simvarmass_e8d201d7	0.889176	0.933297	0.969886	NaN	NaN	NaN
simvarmass_e8e16044	0.846396	0.902948	0.982620	NaN	NaN	NaN
simvarmass_e9c01814	0.922517	0.949981	0.979829	0.994171	0.995013	0.995395
simvarmass_ea197f0a	0.878042	0.928105	0.993416	0.981927	0.991041	0.990358
simvarmass_ea5cd2e0	0.911733	0.946363	0.966000	0.986510	0.989358	0.993891
simvarmass_eab08179	0.894997	0.937513	0.972077	0.990557	0.992175	0.995067
simvarmass_ead1808a	0.891889	0.940671	0.971682	0.990344	0.991931	0.994868
simvarmass_eb091d20	0.901522	0.940243	0.987229	0.995934	0.996194	0.998093
simvarmass_eb0a5746	0.949871	0.972318	0.959044	0.994874	0.995816	0.996650
simvarmass_eb38558e	0.929231	0.946830	1.000000	0.996795	0.998395	0.996795
simvarmass_eb67dbde	0.935882	0.952991	0.991111	0.992056	0.994059	0.994059
simvarmass_eb7e930c	0.877083	0.926484	0.976811	0.990410	0.992931	0.993832
simvarmass_eb99d8ff	0.850062	0.913992	0.978414	0.990503	0.994061	0.994994
simvarmass_eba86414	0.870395	0.921011	0.980805	0.993229	0.995052	0.996531
simvarmass_ebb67b3a	0.980782	0.981366	0.987500	1.000000	1.000000	1.000000
simvarmass_ec107c19	0.906061	0.943953	0.909091	0.985312	0.986021	0.993738
simvarmass_ec95a07e	0.920999	0.965551	0.965551	0.983206	0.988981	0.992329
simvarmass_ecf4b772	0.956882	0.974490	1.000000	0.993678	0.992556	0.995025
simvarmass_ecf95783	0.904959	0.909091	0.909091	0.933482	0.950529	0.984238
simvarmass_edff7110	0.884262	0.931713	0.977153	0.989285	0.993919	0.995798
simvarmass_ee037e89	0.910047	0.938839	0.982456	0.986984	0.994340	0.996510
simvarmass_ee0b04b9	0.886925	0.924054	0.988771	0.993823	0.996316	0.999431
simvarmass_ee758b42	0.935340	0.962007	0.939776	0.990497	0.990645	0.997585
simvarmass_ef76d16c	0.916325	0.952191	0.977105	0.992511	0.994955	0.996890
simvarmass_efa9c49e	0.823000	0.896330	0.978521	NaN	NaN	NaN
simvarmass_f007f81e	0.961793	0.976109	1.000000	0.981818	0.990826	0.981818
simvarmass_f010b067	0.877334	0.926581	0.977751	0.993702	0.993941	0.998027
simvarmass_f05c0e48	0.922919	0.951346	0.984360	0.989104	0.993855	0.993448
simvarmass_f117aadd	0.878145	0.927780	0.983394	0.989866	0.993226	0.995300
simvarmass_f1184a43	0.882266	0.930292	0.976435	0.988700	0.992875	0.994017
simvarmass_f12c1da8	0.922875	0.944892	0.989624	0.995250	0.996276	0.996276
simvarmass_f15dc045	0.916962	0.941639	0.988221	0.990672	0.991006	0.993443
simvarmass_f15e1b2a	0.916466	0.952558	0.966494	0.989318	0.990510	0.995056
simvarmass_f1a37d16	0.931880	0.957205	0.976827	0.986417	0.992054	0.986456
simvarmass_f1a58a86	0.923558	0.952381	0.974026	0.987136	0.993590	1.000000
simvarmass_f20eaa64	0.953951	0.972037	0.960526	0.984960	0.988626	0.997519
simvarmass_f21954be	0.877464	0.933199	0.968641	0.988606	0.991824	0.993648
simvarmass_f294b35b	0.954092	0.968074	0.985325	0.990267	0.993804	0.992574
simvarmass_f34e527c	0.905098	0.939759	0.975813	0.989931	0.993254	0.995338
simvarmass_f38ffa44	0.920353	0.948315	0.982157	0.992662	0.995411	0.995918
simvarmass_f46f4548	0.900440	0.937156	0.971931	0.993022	0.994314	0.995662
simvarmass_f4c0e856	0.904578	0.940239	0.993266	0.982253	0.992108	0.988764
simvarmass_f5080c19	0.915129	0.952695	0.971578	0.995754	0.996296	0.997774
simvarmass_f5160ca2	0.908451	0.952030	0.908451	0.974995	0.980618	0.995325
simvarmass_f54fb0ed	0.894033	0.931185	0.992132	0.994584	0.996082	0.995108
simvarmass_f6203b49	0.921295	0.952679	0.966667	0.992668	0.994741	0.995489
simvarmass_f620bf30	0.885391	0.929162	0.984981	0.989935	0.994465	0.992634
simvarmass_f6405985	0.918010	0.949347	0.988043	0.988842	0.995509	0.994021
simvarmass_f6871db9	0.893444	0.938110	0.968403	0.992820	0.993396	0.998578
simvarmass_f767fb2a	0.925095	0.955343	0.975570	0.992865	0.993820	0.994229
simvarmass_f7a7b921	0.905831	0.950000	0.965620	0.991624	0.993251	0.994436
simvarmass_f7d7d223	0.880186	0.932544	0.974180	0.989590	0.993993	0.996198
simvarmass_f7da6ac3	0.899724	0.945092	0.968709	0.988930	0.990871	0.995553
simvarmass_f86b8d6a	0.922268	0.948527	0.976204	0.991697	0.992832	0.996711
simvarmass_f86bc8cd	0.800000	0.888889	0.800000	0.957462	0.968529	0.987557
simvarmass_f8c8f68e	0.882713	0.934409	0.971315	0.992141	0.994294	0.998167
simvarmass_f8d14033	0.904949	0.953208	0.963387	0.991410	0.992314	0.996569
simvarmass_f8f49276	0.881343	0.913183	0.994193	0.988336	0.995208	0.993620
simvarmass_f9124705	0.878015	0.926108	0.981490	0.989235	0.990618	0.994156
simvarmass_f96456a7	0.909928	0.941217	0.980659	0.988890	0.994295	0.995918
simvarmass_f9908f84	0.921668	0.957903	0.939252	0.980015	0.986146	0.995761
simvarmass_fa2d5fb3	0.862895	0.910781	0.991903	0.996102	0.998167	0.998167
simvarmass_fa4623eb	0.863415	0.917062	0.975421	NaN	NaN	NaN
simvarmass_fa538008	0.942286	0.963776	0.948164	0.988494	0.987327	0.992887
simvarmass_fa94dee8	0.944374	0.963716	0.985163	0.986191	0.991279	0.994169
simvarmass_fad5bda7	0.909305	0.942997	0.975295	0.988028	0.992234	0.993421
simvarmass_faec5751	0.866459	0.917051	0.979182	NaN	NaN	NaN
simvarmass_faff5b6e	0.960337	0.973392	0.986517	0.986493	0.992537	0.987624
simvarmass_fb0d8e36	0.894341	0.944706	0.969959	0.988875	0.992507	0.994992
simvarmass_fb3188b3	0.869719	0.924034	0.984304	0.990369	0.993565	0.995827
simvarmass_fb4a4559	0.861600	0.923374	0.974045	0.987024	0.990575	0.991911
simvarmass_fb7d4150	0.887532	0.930446	0.978831	0.993133	0.995230	0.996481
simvarmass_fbfaa1cf	0.915551	0.954009	0.979933	0.988298	0.993007	0.996491
simvarmass_fc3a9d18	0.968095	0.968553	0.974684	1.000000	1.000000	1.000000
simvarmass_fcb0bd6f	0.931157	0.952381	0.993072	0.989893	0.994382	0.990672
simvarmass_fe115fac	0.873483	0.921010	0.992232	0.989436	0.994362	0.994872
simvarmass_fe214e9f	0.952830	0.959420	0.976401	0.985294	0.992593	0.985294
simvarmass_fe39eea6	0.915921	0.953388	0.977510	0.991466	0.995261	0.993976
simvarmass_fe535e59	0.910095	0.953346	0.974890	0.985675	0.990481	0.994608
simvarmass_fe619ce4	0.932151	0.952551	0.989767	0.994496	0.995658	0.995178
simvarmass_fe677c52	0.947368	0.972973	0.947368	0.950086	0.958114	0.987080
simvarmass_fe7a8fb0	0.861584	0.911971	0.981716	NaN	NaN	NaN
simvarmass_feb6f796	0.915737	0.958491	0.941904	0.988589	0.988367	0.996392
simvarmass_febefd1f	0.871789	0.929704	0.976498	0.990986	0.992901	0.996071
simvarmass_fedb75d7	0.944444	0.971429	0.944444	0.962939	0.964308	0.991481
simvarmass_ff505f61	0.873965	0.929416	0.970723	0.991273	0.992772	0.998702
simvarmass_ffa14762	0.881538	0.931621	0.976247	0.993874	0.994056	0.995877
simvarmass_CY5L_0187fc2d	0.865016	0.899485	0.994869	NaN	NaN	NaN
simvarmass_CY5L_03be411c	0.882045	0.920000	0.995803	0.994281	0.996558	0.994845
simvarmass_CY5L_041707a3	0.914377	0.944079	0.994828	NaN	NaN	NaN
simvarmass_CY5L_04cdf185	0.853046	0.899455	0.991808	0.990845	0.994760	0.996769
simvarmass_CY5L_06ba1502	0.886354	0.910730	0.995318	NaN	NaN	NaN
simvarmass_CY5L_07960359	0.864587	0.911326	0.988571	0.988951	0.994030	0.995516
simvarmass_CY5L_07ecb936	0.849097	0.901229	0.992962	NaN	NaN	NaN
simvarmass_CY5L_088d2413	0.879156	0.921303	0.994595	0.998205	0.997460	0.998305
simvarmass_CY5L_08a8e0d5	0.875833	0.915629	0.993994	NaN	NaN	NaN
simvarmass_CY5L_08c1fcc9	0.871724	0.916828	0.995839	0.993447	0.996161	0.994253
simvarmass_CY5L_08f3289c	0.879830	0.919314	0.987713	NaN	NaN	NaN
simvarmass_CY5L_093ec882	0.859897	0.911330	0.994624	0.990224	0.993305	0.995122
simvarmass_CY5L_0a302ca1	0.636593	0.789474	0.967742	NaN	NaN	NaN
simvarmass_CY5L_0ad43798	0.865019	0.913235	0.997602	0.992527	0.995600	0.997481
simvarmass_CY5L_0b18a890	0.898173	0.926230	0.993184	NaN	NaN	NaN
simvarmass_CY5L_0d37d952	0.865885	0.911392	0.995861	0.986842	0.993206	0.991369
simvarmass_CY5L_10670cf2	0.889393	0.919083	0.999059	NaN	NaN	NaN
simvarmass_CY5L_107b9d3d	0.867454	0.908025	0.995059	0.993097	0.996029	0.993661
simvarmass_CY5L_10eeafd5	0.880851	0.909946	0.996342	NaN	NaN	NaN
simvarmass_CY5L_10f3bb0a	0.881955	0.919791	0.993846	0.995290	0.997628	1.000000
simvarmass_CY5L_11169287	0.900486	0.909799	0.997214	NaN	NaN	NaN
simvarmass_CY5L_1134940f	0.861232	0.900799	0.994878	0.992800	0.992448	0.997321
simvarmass_CY5L_12ac335e	0.873031	0.910073	0.996619	NaN	NaN	NaN
simvarmass_CY5L_13e08ce8	0.847254	0.892185	0.993510	0.990152	0.990562	0.991899
simvarmass_CY5L_14bcf616	0.881487	0.927052	0.998374	NaN	NaN	NaN
simvarmass_CY5L_14dede87	0.766218	0.880000	0.994350	0.991597	0.995781	0.991597
simvarmass_CY5L_150a2128	0.874640	0.909481	0.993964	NaN	NaN	NaN
simvarmass_CY5L_1562ae4c	0.860153	0.903770	0.993056	NaN	NaN	NaN
simvarmass_CY5L_167c7182	0.853668	0.917143	1.000000	0.983178	0.988189	0.984314
simvarmass_CY5L_16a81823	0.914648	0.943683	0.988854	NaN	NaN	NaN
simvarmass_CY5L_190a4024	0.871478	0.920293	0.992525	0.990402	0.995828	0.995828
simvarmass_CY5L_1a06e206	0.886796	0.907783	0.994439	NaN	NaN	NaN
simvarmass_CY5L_1ac1b13a	0.873986	0.902694	0.996503	NaN	NaN	NaN
simvarmass_CY5L_1c94f091	0.857252	0.888481	0.992962	NaN	NaN	NaN
simvarmass_CY5L_1c9c6a5f	0.895988	0.922865	0.997093	1.000000	1.000000	1.000000
simvarmass_CY5L_1d398611	0.900114	0.927217	0.997170	NaN	NaN	NaN
simvarmass_CY5L_1dc6dcaa	0.798647	0.884864	0.997093	0.995690	0.997840	0.995690
simvarmass_CY5L_1e495a5d	0.763257	0.880000	1.000000	NaN	NaN	NaN
simvarmass_CY5L_1f0383ed	0.898057	0.936965	0.996689	0.977916	0.988357	0.989637
simvarmass_CY5L_1f2b45f8	0.870064	0.913517	0.989764	NaN	NaN	NaN
simvarmass_CY5L_1f939cf0	0.857651	0.912445	0.989206	0.996573	0.997003	0.998000
simvarmass_CY5L_201f7a2d	0.894905	0.932862	1.000000	NaN	NaN	NaN
simvarmass_CY5L_22977c18	0.896558	0.929635	0.997114	0.996016	0.995859	0.997925
simvarmass_CY5L_22d33ae7	0.876308	0.915958	0.992497	NaN	NaN	NaN
simvarmass_CY5L_237f4c72	0.837027	0.888758	0.988611	NaN	NaN	NaN
simvarmass_CY5L_2554166f	0.847671	0.906593	0.994169	0.988019	0.991770	0.995868
simvarmass_CY5L_258ca893	0.847269	0.897240	0.994821	NaN	NaN	NaN
simvarmass_CY5L_25a36c92	0.879405	0.915643	0.995599	NaN	NaN	NaN
simvarmass_CY5L_26f50e87	0.670413	0.832487	1.000000	NaN	NaN	NaN
simvarmass_CY5L_28d950c6	0.874397	0.918877	0.988914	0.996932	0.997722	0.997268
simvarmass_CY5L_2c4ec817	0.861519	0.899154	0.992525	NaN	NaN	NaN
simvarmass_CY5L_2cbc3d23	0.764972	0.866242	1.000000	0.992392	0.993827	0.993827
simvarmass_CY5L_2ee74e9f	0.872343	0.918346	0.990847	NaN	NaN	NaN
simvarmass_CY5L_30cb6637	0.895039	0.921437	0.992545	0.992085	0.994220	0.995370
simvarmass_CY5L_32a3aeb6	0.844226	0.896281	0.990301	NaN	NaN	NaN
simvarmass_CY5L_33842744	0.829861	0.895977	0.992151	NaN	NaN	NaN
simvarmass_CY5L_340e180a	0.840980	0.898204	0.991401	NaN	NaN	NaN
simvarmass_CY5L_3411b650	0.882424	0.919844	0.995788	NaN	NaN	NaN
simvarmass_CY5L_3417dfb5	0.861898	0.904721	0.994357	0.988587	0.994893	0.996929
simvarmass_CY5L_34ee1647	0.848391	0.910102	0.990315	NaN	NaN	NaN
simvarmass_CY5L_35a74d8f	0.889042	0.916819	0.996044	NaN	NaN	NaN
simvarmass_CY5L_3ac13591	0.857994	0.904244	0.990268	NaN	NaN	NaN
simvarmass_CY5L_3baeb3a0	0.890731	0.934708	0.996337	0.994051	0.994580	0.997283
simvarmass_CY5L_3c3d0b00	0.679615	0.815534	1.000000	0.995795	0.985075	1.000000
simvarmass_CY5L_3ce660ee	0.890922	0.925316	0.994239	0.992048	0.995209	0.993169
simvarmass_CY5L_3f293d0a	0.834739	0.892550	0.994217	NaN	NaN	NaN
simvarmass_CY5L_3fbeb461	0.875000	0.916495	0.997805	NaN	NaN	NaN
simvarmass_CY5L_404f03b0	0.857439	0.911743	0.991252	0.990155	0.994043	0.994889
simvarmass_CY5L_432f525a	0.871922	0.905334	0.998970	0.991884	0.992612	0.994616
simvarmass_CY5L_433b52eb	0.873078	0.921753	0.994966	0.997053	0.995643	0.997817
simvarmass_CY5L_445780d7	0.879329	0.914122	0.993757	0.992856	0.993833	0.994709
simvarmass_CY5L_463f3d0e	0.853259	0.910624	0.991189	0.993867	0.997101	0.997680
simvarmass_CY5L_481edd78	0.855783	0.902238	0.989975	0.991117	0.993664	0.994776
simvarmass_CY5L_4824bda2	0.871255	0.911010	0.994396	0.995103	0.996033	0.996473
simvarmass_CY5L_4952c9ea	0.897520	0.940828	1.000000	1.000000	1.000000	1.000000
simvarmass_CY5L_4af3b5c2	0.889773	0.921002	0.996872	0.991614	0.995378	0.992320
simvarmass_CY5L_4b06e1a1	0.871374	0.922131	0.995575	0.989520	0.993925	0.990315
simvarmass_CY5L_4b8f9368	0.879694	0.940887	1.000000	0.975422	0.984520	0.975460
simvarmass_CY5L_4ba4183d	0.839946	0.895496	0.994089	NaN	NaN	NaN
simvarmass_CY5L_4e1231de	0.743018	0.880000	0.993548	0.991228	0.995595	0.991228
simvarmass_CY5L_500608c2	0.835719	0.888014	0.992537	NaN	NaN	NaN
simvarmass_CY5L_5090057d	0.852164	0.894591	0.990529	NaN	NaN	NaN
simvarmass_CY5L_525c29df	0.863073	0.912092	0.991941	0.991502	0.995860	0.997630
simvarmass_CY5L_539f9527	0.840505	0.914081	0.992228	0.992063	0.996016	0.992063
simvarmass_CY5L_53d5d0cc	0.843460	0.892814	0.993538	0.990793	0.993445	0.997805
simvarmass_CY5L_5587e50e	0.871896	0.906535	0.996914	0.991512	0.993197	0.993812
simvarmass_CY5L_56136743	0.776814	0.882759	1.000000	0.954185	0.980000	0.980000
simvarmass_CY5L_56916148	0.866139	0.911622	0.994716	NaN	NaN	NaN
simvarmass_CY5L_56d1e161	0.890815	0.927260	0.991317	0.997547	0.997613	0.997613
simvarmass_CY5L_57c005f7	0.769571	0.867925	0.994595	1.000000	1.000000	1.000000
simvarmass_CY5L_592532aa	0.845357	0.894118	0.992965	NaN	NaN	NaN
simvarmass_CY5L_595bdded	0.866180	0.919708	0.993430	0.982997	0.991736	0.990566
simvarmass_CY5L_5a0cca46	0.878989	0.928453	0.982394	0.970588	0.985075	0.970588
simvarmass_CY5L_5ae7e106	0.891244	0.929125	0.996437	0.994506	0.995150	0.996117
simvarmass_CY5L_5ca999d3	0.843856	0.888131	0.995413	NaN	NaN	NaN
simvarmass_CY5L_5cdea545	0.898277	0.917627	0.998146	0.994886	0.995856	0.998615
simvarmass_CY5L_5d7bbad5	0.856406	0.903524	0.994278	NaN	NaN	NaN
simvarmass_CY5L_5df9ec3e	0.851967	0.904088	0.994743	0.988262	0.992508	0.996460
simvarmass_CY5L_5f692ce6	0.913850	0.930730	0.997308	0.997980	0.998989	0.997980
simvarmass_CY5L_6133f4b1	0.884206	0.922449	0.994499	0.994390	0.995816	0.996650
simvarmass_CY5L_626c8c6a	0.856888	0.900266	0.992820	0.996295	0.997293	0.996753
simvarmass_CY5L_629fcaa9	0.816865	0.908475	1.000000	1.000000	1.000000	1.000000
simvarmass_CY5L_63a09921	0.863296	0.913903	0.987429	0.989867	0.993185	0.993636
simvarmass_CY5L_6421c005	0.907579	0.927315	0.998770	0.988343	0.993365	0.994307
simvarmass_CY5L_6464c463	0.890611	0.920315	0.995274	0.994771	0.996400	0.998557
simvarmass_CY5L_65b58cd3	1.000000	1.000000	1.000000	0.278495	0.444444	1.000000
simvarmass_CY5L_66024d2b	0.880369	0.913640	0.995311	0.994560	0.994911	0.996602
simvarmass_CY5L_69b6847f	0.863867	0.899583	0.996314	0.986444	0.993139	0.990590
simvarmass_CY5L_6b04b8c7	0.909795	0.934164	0.999167	0.991274	0.994205	0.993565
simvarmass_CY5L_6c359100	0.872021	0.918708	0.992780	0.991683	0.995243	0.996190
simvarmass_CY5L_6ce031d4	0.888238	0.923747	1.000000	0.990472	0.992701	0.992701
simvarmass_CY5L_6dab5181	0.847686	0.897212	0.993943	NaN	NaN	NaN
simvarmass_CY5L_707ed63b	0.858536	0.903503	0.994931	NaN	NaN	NaN
simvarmass_CY5L_71057227	0.862409	0.929577	0.970588	0.956522	0.977778	0.956522
simvarmass_CY5L_750c4c5e	0.867887	0.917051	0.986544	0.991225	0.995227	0.995227
simvarmass_CY5L_75f255b1	0.878382	0.923495	0.997079	0.986780	0.992063	0.993641
simvarmass_CY5L_76f02db6	0.844328	0.890524	0.992764	NaN	NaN	NaN
simvarmass_CY5L_77874ae6	0.892928	0.919084	0.996727	0.997500	0.998748	0.997500
simvarmass_CY5L_78e70971	0.911934	0.933137	0.995356	0.988359	0.993450	0.989130
simvarmass_CY5L_7b75f26c	0.806117	0.909953	1.000000	0.987342	0.993631	0.987342
simvarmass_CY5L_7b9b6f0f	0.855826	0.900263	0.990985	0.992838	0.994764	0.996187
simvarmass_CY5L_7c070caf	0.875948	0.920110	0.994059	0.984265	0.990369	0.990369
simvarmass_CY5L_7d1a3c5b	0.854548	0.904514	0.993643	0.988629	0.990347	0.994186
simvarmass_CY5L_80c68fc4	0.864674	0.905648	0.996528	0.991489	0.996360	0.997917
simvarmass_CY5L_80ee7cfe	0.854257	0.905246	0.996372	0.989788	0.992708	0.995127
simvarmass_CY5L_82f91e7d	1.000000	1.000000	1.000000	0.033635	0.080000	1.000000
simvarmass_CY5L_83a9584a	0.851369	0.891706	0.992029	NaN	NaN	NaN
simvarmass_CY5L_83bd0ca8	0.948461	0.955255	0.993506	0.987064	0.994746	0.996491
simvarmass_CY5L_8410b31a	0.900449	0.936877	0.993039	0.993311	0.996644	0.993311
simvarmass_CY5L_897bba36	0.838016	0.891476	0.992176	0.989835	0.993153	0.996385
simvarmass_CY5L_8bf7b484	0.894119	0.922699	0.993833	0.991875	0.994521	0.993160
simvarmass_CY5L_8d5d518f	0.856257	0.900304	0.991086	NaN	NaN	NaN
simvarmass_CY5L_8e259b70	0.881758	0.913365	0.995658	0.995999	0.996205	0.998099
simvarmass_CY5L_8f539d95	0.759366	0.866667	1.000000	0.944063	0.950820	1.000000
simvarmass_CY5L_8fe797af	0.863118	0.909446	0.990795	0.996195	0.995316	0.998825
simvarmass_CY5L_903c8326	0.879149	0.907240	0.994420	0.994972	0.994609	0.996400
simvarmass_CY5L_9094ab2c	0.843052	0.890135	0.994457	NaN	NaN	NaN
simvarmass_CY5L_917b35e1	0.891880	0.931067	0.997992	0.988709	0.992736	0.988746
simvarmass_CY5L_96198ad4	0.882727	0.927835	0.994000	0.991304	0.995633	0.991304
simvarmass_CY5L_96c4c192	0.912328	0.919192	0.998182	0.982264	0.987342	0.984848
simvarmass_CY5L_98343be9	0.847939	0.893256	0.994609	NaN	NaN	NaN
simvarmass_CY5L_9877a8d3	1.000000	1.000000	1.000000	0.088600	0.173913	1.000000
simvarmass_CY5L_99a8eb4f	0.831358	0.898584	0.989489	NaN	NaN	NaN
simvarmass_CY5L_9a373e9b	0.820482	0.890110	0.997033	0.995690	0.997840	0.995690
simvarmass_CY5L_9ca8bccd	0.894835	0.929539	1.000000	0.988961	0.994329	0.996212
simvarmass_CY5L_9d179fa5	0.876024	0.905660	0.995192	0.993401	0.994413	0.998597
simvarmass_CY5L_9d99e333	0.880933	0.924577	0.995580	0.984944	0.992641	0.991830
simvarmass_CY5L_9f809585	0.866804	0.916119	0.993425	NaN	NaN	NaN
simvarmass_CY5L_9f9145d3	0.834243	0.888761	0.990987	NaN	NaN	NaN
simvarmass_CY5L_9fd2384a	0.841092	0.897714	0.993675	0.989282	0.990673	0.996051
simvarmass_CY5L_a1312b66	0.868484	0.915033	0.997151	0.989064	0.996169	0.996169
simvarmass_CY5L_a430d118	0.902248	0.941317	0.995098	0.983053	0.994854	0.996564
simvarmass_CY5L_a4d6d0bb	0.918759	0.925479	0.994056	0.997604	0.996707	0.997802
simvarmass_CY5L_a6e00e93	0.845348	0.908550	0.991643	NaN	NaN	NaN
simvarmass_CY5L_a8047020	0.913011	0.932600	0.998538	0.990476	0.992352	0.992352
simvarmass_CY5L_a96389e6	0.874639	0.915068	0.997015	0.994191	0.995556	0.995556
simvarmass_CY5L_aa2d1ead	0.877047	0.917003	0.995131	0.987309	0.993082	0.990798
simvarmass_CY5L_ab31cf1e	0.827695	0.904762	0.993464	0.986158	0.995495	0.995495
simvarmass_CY5L_ab88b7cd	0.858013	0.901917	0.995660	NaN	NaN	NaN
simvarmass_CY5L_abd7139e	0.837368	0.893790	0.990436	0.988030	0.991749	0.993388
simvarmass_CY5L_ad5b63fc	0.845988	0.893855	0.987952	0.996445	0.992701	1.000000
simvarmass_CY5L_addda019	0.881005	0.912847	0.994374	NaN	NaN	NaN
simvarmass_CY5L_ae0bc257	0.873100	0.909770	0.998841	NaN	NaN	NaN
simvarmass_CY5L_b001e10f	0.859808	0.901057	0.989974	0.994999	0.996587	0.998480
simvarmass_CY5L_b037e931	0.907148	0.940318	0.997187	0.997685	0.998841	0.997685
simvarmass_CY5L_b156f56a	0.867918	0.906426	0.990919	0.978638	0.991033	0.994523
simvarmass_CY5L_b1a1efeb	0.852456	0.906443	0.986551	0.993951	0.996299	0.997037
simvarmass_CY5L_b29fff8a	0.859257	0.911905	0.994805	0.976465	0.988372	0.984556
simvarmass_CY5L_b39363cd	0.848328	0.900095	0.995266	NaN	NaN	NaN
simvarmass_CY5L_b4603be1	0.755319	0.866242	0.995122	0.993939	0.996960	0.993939
simvarmass_CY5L_b4d3b176	0.852845	0.902732	0.989814	0.991036	0.992439	0.992439
simvarmass_CY5L_b5fe215d	0.846509	0.898710	0.991601	0.990251	0.993364	0.994024
simvarmass_CY5L_b6e4ac56	0.878274	0.917288	0.993392	0.993526	0.995734	0.993917
simvarmass_CY5L_b7717876	0.733400	0.847059	1.000000	0.995061	0.983051	1.000000
simvarmass_CY5L_b888945d	0.872079	0.914361	0.993321	0.996735	0.996785	0.998390
simvarmass_CY5L_b901537e	0.884524	0.919255	0.998319	0.984393	0.992519	0.990050
simvarmass_CY5L_b95234dd	0.891213	0.917753	0.994565	0.999470	0.999173	1.000000
simvarmass_CY5L_b9ca4f72	0.875613	0.908654	0.995539	0.997625	0.998811	0.997625
simvarmass_CY5L_bae90715	0.903218	0.928661	0.994681	0.995927	0.996024	0.996024
simvarmass_CY5L_bf680c47	0.892870	0.927152	0.996441	0.985841	0.994083	0.990566
simvarmass_CY5L_bfdb01fb	0.856487	0.903565	0.994467	NaN	NaN	NaN
simvarmass_CY5L_c008c7b4	0.847622	0.910747	1.000000	0.994737	0.997361	0.994737
simvarmass_CY5L_c10f2b46	0.929698	0.954839	1.000000	0.971882	0.990291	1.000000
simvarmass_CY5L_c17e08be	0.726521	0.805195	1.000000	1.000000	1.000000	1.000000
simvarmass_CY5L_c335275c	0.883818	0.919852	0.992920	0.997014	0.997286	0.998641
simvarmass_CY5L_c399cc8f	0.849133	0.900659	0.994800	NaN	NaN	NaN
simvarmass_CY5L_c39aeae8	0.855823	0.890360	0.992962	0.994314	0.995215	0.997384
simvarmass_CY5L_c611a3c6	0.881121	0.912084	0.995754	0.991430	0.993879	0.992222
simvarmass_CY5L_c618c353	0.843753	0.887113	0.992209	NaN	NaN	NaN
simvarmass_CY5L_c761edd0	0.920832	0.937400	0.997760	0.995179	0.996656	0.996656
simvarmass_CY5L_c7c630f9	0.900224	0.924595	0.987952	0.990874	0.996399	0.997596
simvarmass_CY5L_ca22dc6d	0.894633	0.927835	0.997238	0.992063	0.996016	0.992063
simvarmass_CY5L_cad0905c	0.855820	0.907101	0.991653	NaN	NaN	NaN
simvarmass_CY5L_cafb1423	0.923477	0.935229	0.996678	0.993917	0.995238	0.995238
simvarmass_CY5L_cbaf43a3	0.908666	0.928624	0.993760	0.983052	0.990033	0.988938
simvarmass_CY5L_cc3478bc	0.891608	0.930233	0.994169	0.984633	0.990991	0.985663
simvarmass_CY5L_ccdde8b6	0.831380	0.899251	0.990371	NaN	NaN	NaN
simvarmass_CY5L_cd845f0f	0.890486	0.918618	0.994368	0.993425	0.993827	0.995056
simvarmass_CY5L_ceaa7951	0.794985	0.886598	1.000000	0.985797	0.994475	1.000000
simvarmass_CY5L_ced48015	0.849629	0.903846	0.992492	0.993677	0.994532	0.997258
simvarmass_CY5L_d0884605	0.868159	0.912457	0.996630	0.987437	0.991701	0.991701
simvarmass_CY5L_d0f3ce7f	0.882382	0.926719	0.993954	0.990962	0.993665	0.990975
simvarmass_CY5L_d20eccaf	0.854288	0.902680	0.998445	NaN	NaN	NaN
simvarmass_CY5L_d2a6c082	0.873734	0.926010	0.991254	0.986792	0.993388	0.993388
simvarmass_CY5L_d477463f	0.910560	0.931767	0.995277	0.996549	0.997425	0.996569
simvarmass_CY5L_d4f5fc46	0.825789	0.882850	0.985618	NaN	NaN	NaN
simvarmass_CY5L_d52169a1	0.848229	0.904901	0.986772	NaN	NaN	NaN
simvarmass_CY5L_d67250cf	0.869601	0.896088	0.997290	0.987337	0.992819	0.995500
simvarmass_CY5L_d7fd035a	0.916706	0.933579	0.998028	0.984546	0.992847	0.991429
simvarmass_CY5L_d8102e43	0.856101	0.890916	0.996602	0.995265	0.996982	0.998791
simvarmass_CY5L_d96fa1fa	0.890770	0.926241	0.997001	0.991091	0.995526	0.991091
simvarmass_CY5L_d9d7d7f1	0.867183	0.903589	0.990881	0.992045	0.992280	0.996898
simvarmass_CY5L_d9fc6491	0.880846	0.917590	0.992701	NaN	NaN	NaN
simvarmass_CY5L_daa12408	0.842785	0.888629	0.995320	NaN	NaN	NaN
simvarmass_CY5L_dcbae292	0.861105	0.901316	0.996034	0.994026	0.994286	0.995234
simvarmass_CY5L_dcd5f12f	0.882262	0.921776	0.993166	0.994293	0.997242	0.996692
simvarmass_CY5L_dd038fa8	0.877277	0.924179	0.989770	0.983615	0.988991	0.987179
simvarmass_CY5L_df41bc25	0.885054	0.925898	0.993574	0.996019	0.996188	0.997455
simvarmass_CY5L_e158d5e9	0.870232	0.915663	0.992237	0.989632	0.992524	0.991954
simvarmass_CY5L_e2d3c3ee	0.882050	0.920995	0.994345	0.990774	0.996288	0.995549
simvarmass_CY5L_e310b86e	0.930002	0.927820	0.995208	0.995352	0.998767	1.000000
simvarmass_CY5L_e327cde7	0.901223	0.931034	0.998776	0.994520	0.996383	0.994585
simvarmass_CY5L_e3dfe44b	0.890634	0.933934	0.993671	0.988095	0.996255	0.995012
simvarmass_CY5L_e4216685	0.845772	0.890839	0.994986	NaN	NaN	NaN
simvarmass_CY5L_e5434f9d	0.839407	0.901337	0.992386	NaN	NaN	NaN
simvarmass_CY5L_e7479ac8	0.872162	0.922658	0.994137	0.992167	0.993956	0.994624
simvarmass_CY5L_e74aa8b1	0.666394	0.804878	1.000000	0.979863	0.983051	1.000000
simvarmass_CY5L_e89f6af0	0.883645	0.919339	0.992711	0.998169	0.997503	0.998750
simvarmass_CY5L_e9a827f8	0.865224	0.922942	0.990672	0.992946	0.994723	0.994723
simvarmass_CY5L_e9b710b2	0.912414	0.935546	0.993280	0.994481	0.996587	0.995455
simvarmass_CY5L_ea8843b2	0.866915	0.898442	0.994483	NaN	NaN	NaN
simvarmass_CY5L_ec34d5b0	0.887785	0.921944	0.992076	0.998002	0.997904	0.998601
simvarmass_CY5L_ec47a6ad	0.841436	0.901750	0.991124	0.990094	0.993631	0.991525
simvarmass_CY5L_ec97f39a	0.854696	0.906350	0.992424	0.989291	0.994626	0.997512
simvarmass_CY5L_ef9dfecd	0.840978	0.889908	0.994143	0.982452	0.990270	0.994931
simvarmass_CY5L_efb30c9a	0.880172	0.919897	0.996289	0.998846	0.995995	1.000000
simvarmass_CY5L_f09f925c	0.895205	0.933116	0.990762	0.996161	0.995976	0.997984
simvarmass_CY5L_f16c4f04	0.877036	0.912805	0.994571	0.992752	0.994314	0.993506
simvarmass_CY5L_f3ca3027	0.881045	0.913928	0.996644	NaN	NaN	NaN
simvarmass_CY5L_f4101ca1	0.858411	0.911368	0.996849	0.995109	0.995208	0.995208
simvarmass_CY5L_f57370ec	0.883366	0.916737	0.993880	0.991253	0.994998	0.995450
simvarmass_CY5L_f597b922	0.848427	0.905832	0.987630	NaN	NaN	NaN
simvarmass_CY5L_f687367f	0.783145	0.878843	0.995902	0.982580	0.991354	0.994220
simvarmass_CY5L_f71f2ae3	0.919030	0.949020	1.000000	0.972831	0.988024	0.982143
simvarmass_CY5L_fa5eacdd	0.831147	0.890275	0.993738	NaN	NaN	NaN
simvarmass_CY5L_fa6ac544	0.859996	0.902319	0.989723	NaN	NaN	NaN
simvarmass_CY5L_fd058bc6	0.903380	0.931743	0.995751	0.993534	0.996757	0.993534
simvarmass_CY5L_fe7b94ae	0.888818	0.915744	0.996348	0.993578	0.995516	0.996633
simvarmass_CY5L_fe9feef3	0.912026	0.931785	0.996914	0.995011	0.996798	0.995736
simvarmass_CY5L_feb64b1c	0.874779	0.906929	0.994784	0.987459	0.993176	0.992655
simvarmass_TMRL_00a36523	0.922870	0.913934	0.995633	0.981951	0.989928	0.982857
simvarmass_TMRL_035bbb91	0.915015	0.945227	0.989083	NaN	NaN	NaN
simvarmass_TMRL_03e9ae6e	0.861495	0.918959	0.985122	0.988434	0.991951	0.995385
simvarmass_TMRL_0442bcde	0.907448	0.928783	0.988942	NaN	NaN	NaN
simvarmass_TMRL_051f2b11	0.884048	0.912841	0.995671	0.995460	0.997030	0.996044
simvarmass_TMRL_0618c3c0	1.000000	1.000000	1.000000	NaN	NaN	NaN
simvarmass_TMRL_065cc51d	0.880398	0.911041	0.991512	0.989172	0.992476	0.995687
simvarmass_TMRL_070849ff	0.928106	0.947431	0.997484	NaN	NaN	NaN
simvarmass_TMRL_072b5701	0.865585	0.896970	0.996830	0.993554	0.994731	0.997886
simvarmass_TMRL_091ea053	0.859309	0.904431	0.985634	NaN	NaN	NaN
simvarmass_TMRL_0c7f7779	0.919567	0.931778	0.996259	0.990146	0.992995	0.994737
simvarmass_TMRL_0d35ae2d	0.912789	0.919976	0.984334	NaN	NaN	NaN
simvarmass_TMRL_0d8365fd	0.886899	0.894928	0.990973	0.987710	0.990746	0.990136
simvarmass_TMRL_0efde4f6	0.866230	0.906237	0.990847	NaN	NaN	NaN
simvarmass_TMRL_0f8520f7	0.891011	0.900685	0.988806	0.986628	0.994709	0.992084
simvarmass_TMRL_11be5298	0.902987	0.924115	0.994026	NaN	NaN	NaN
simvarmass_TMRL_12d1c501	0.873549	0.892916	0.989774	0.997045	0.996457	0.999112
simvarmass_TMRL_132b0e1d	0.865427	0.909699	0.989605	NaN	NaN	NaN
simvarmass_TMRL_13951781	0.975138	0.959410	1.000000	0.991597	0.995781	0.991597
simvarmass_TMRL_144094e6	0.848384	0.889851	0.988248	NaN	NaN	NaN
simvarmass_TMRL_154fc139	0.909132	0.945960	0.978959	0.995317	0.996912	0.996296
simvarmass_TMRL_169f172d	0.916183	0.939333	0.984110	NaN	NaN	NaN
simvarmass_TMRL_17945961	0.915122	0.955711	0.990338	1.000000	1.000000	1.000000
simvarmass_TMRL_17fcfcf4	0.896019	0.935531	0.980046	NaN	NaN	NaN
simvarmass_TMRL_19c9fe8a	0.853590	0.894334	0.979318	0.982955	0.990490	0.991537
simvarmass_TMRL_1f6e6208	0.884230	0.925797	0.986541	NaN	NaN	NaN
simvarmass_TMRL_1fe9cbf5	0.876861	0.914107	0.989145	0.994169	0.996630	0.997110
simvarmass_TMRL_20610138	0.918033	0.945312	0.991803	NaN	NaN	NaN
simvarmass_TMRL_217a84bc	0.886951	0.927178	0.984822	0.992665	0.994152	0.996094
simvarmass_TMRL_217b8a01	0.893907	0.930401	0.986769	NaN	NaN	NaN
simvarmass_TMRL_21a3efda	0.895902	0.926117	0.987783	0.995423	0.994604	0.996672
simvarmass_TMRL_2338f30b	0.904737	0.933729	1.000000	NaN	NaN	NaN
simvarmass_TMRL_235d3ca8	0.908799	0.912467	0.994361	0.991623	0.996169	0.997442
simvarmass_TMRL_23e19e42	0.881866	0.898707	0.989349	NaN	NaN	NaN
simvarmass_TMRL_23e7c892	0.866610	0.912484	0.981345	0.995514	0.994421	0.998599
simvarmass_TMRL_24124f4a	0.906125	0.924319	0.987069	NaN	NaN	NaN
simvarmass_TMRL_248aabc0	0.876516	0.912353	0.992196	0.989938	0.991883	0.997551
simvarmass_TMRL_25a8a99e	0.887293	0.901440	0.987864	NaN	NaN	NaN
simvarmass_TMRL_266202bc	0.877754	0.896255	0.974063	0.995042	0.994511	0.997248
simvarmass_TMRL_273c5723	0.904914	0.938737	0.990060	NaN	NaN	NaN
simvarmass_TMRL_27986836	0.922767	0.919614	0.986395	0.985937	0.982301	1.000000
simvarmass_TMRL_28dc6f47	0.910125	0.938037	0.986679	NaN	NaN	NaN
simvarmass_TMRL_2c8705eb	0.889515	0.908297	0.990566	0.977215	0.981818	0.990826
simvarmass_TMRL_2c8cbd79	0.920863	0.934477	0.996700	NaN	NaN	NaN
simvarmass_TMRL_2db7b5fd	0.897177	0.903346	0.985801	0.990532	0.991077	0.992849
simvarmass_TMRL_2e3f28f3	0.915886	0.903125	0.989796	NaN	NaN	NaN
simvarmass_TMRL_2ebdbaf0	0.911684	0.920394	0.991857	0.996738	0.997696	0.997696
simvarmass_TMRL_2ef76c51	0.903767	0.939597	0.997151	NaN	NaN	NaN
simvarmass_TMRL_32388b80	0.892117	0.934598	0.986458	0.994481	0.995411	0.995918
simvarmass_TMRL_3374d92b	0.893958	0.930171	0.978743	NaN	NaN	NaN
simvarmass_TMRL_35c8d048	0.895774	0.912331	0.989362	0.986245	0.988900	0.989899
simvarmass_TMRL_3bb5d83a	0.927594	0.954128	1.000000	0.992532	0.982249	1.000000
simvarmass_TMRL_3c29f86e	0.875253	0.912023	0.987718	0.996643	0.996942	0.997705
simvarmass_TMRL_3d5487ce	0.848170	0.894316	0.986405	0.988961	0.990642	0.995299
simvarmass_TMRL_3dab40da	0.882046	0.916702	0.990099	0.990637	0.994083	0.991736
simvarmass_TMRL_40da6748	0.918538	0.954128	0.995215	0.986730	0.991843	0.987013
simvarmass_TMRL_4179b643	0.908024	0.930671	0.987059	0.990743	0.994819	0.997033
simvarmass_TMRL_418898bd	0.903561	0.913237	0.993548	0.989825	0.992614	0.998514
simvarmass_TMRL_4415117e	0.884727	0.920530	0.992898	0.985107	0.992624	0.992624
simvarmass_TMRL_44d95a97	0.918865	0.937018	0.993188	0.987908	0.993390	0.996212
simvarmass_TMRL_4552f372	0.944573	0.954033	0.996390	0.995886	0.995828	0.997214
simvarmass_TMRL_456b410c	0.910407	0.938713	0.979744	0.987885	0.993873	0.995092
simvarmass_TMRL_45b2c534	0.691536	0.846715	1.000000	1.000000	1.000000	1.000000
simvarmass_TMRL_46c8a8cf	0.912064	0.913165	0.982196	0.994988	0.994555	0.996364
simvarmass_TMRL_487e5f1d	0.848247	0.895882	0.989269	0.992241	0.994261	0.995690
simvarmass_TMRL_492fc7d6	0.916496	0.948250	0.992776	0.991670	0.994509	0.996333
simvarmass_TMRL_49455a7c	0.862710	0.908077	0.985263	0.992736	0.995055	0.997712
simvarmass_TMRL_4a02cbce	0.935945	0.944373	1.000000	0.991379	0.995671	0.991379
simvarmass_TMRL_4aff60bf	0.889569	0.924063	0.992029	0.993218	0.994908	0.994908
simvarmass_TMRL_4b89c98e	0.929373	0.941015	0.994203	0.987073	0.989899	0.991903
simvarmass_TMRL_4ca7c1f8	0.957012	0.959079	0.994695	0.992157	0.996063	0.992157
simvarmass_TMRL_4d299943	0.855669	0.909335	0.987391	0.988663	0.993410	0.995136
simvarmass_TMRL_4db68b26	0.911075	0.927799	0.990766	0.995385	0.995156	0.997226
simvarmass_TMRL_4e01ce8f	0.868299	0.897288	0.989130	0.979949	0.990179	0.991898
simvarmass_TMRL_4ee7b39c	0.892998	0.927311	0.991698	0.994879	0.995933	0.995354
simvarmass_TMRL_4fa41ff4	0.939004	0.947802	0.994302	0.982339	0.987854	0.983871
simvarmass_TMRL_5050c5eb	0.920237	0.916877	1.000000	0.988764	0.994350	0.988764
simvarmass_TMRL_51aca410	0.890650	0.906878	0.992011	0.992553	0.993642	0.994545
simvarmass_TMRL_531f2826	0.909091	0.952381	1.000000	0.114773	0.254545	1.000000
simvarmass_TMRL_54048b1d	0.877142	0.908453	0.990023	0.993062	0.994422	0.995532
simvarmass_TMRL_54a4ef33	0.877451	0.922101	0.996086	0.972048	0.987805	0.993865
simvarmass_TMRL_54df1a75	0.869932	0.900606	0.983658	0.993637	0.992972	0.997982
simvarmass_TMRL_55394eb0	0.874243	0.921222	0.983832	0.990036	0.992865	0.995482
simvarmass_TMRL_577ce5ca	0.861703	0.898775	0.982528	0.984669	0.990193	0.994165
simvarmass_TMRL_58abd6b5	0.886366	0.918699	0.986900	0.982468	0.989928	0.994220
simvarmass_TMRL_59ada9e0	0.871607	0.901778	0.990698	0.995000	0.996178	0.998723
simvarmass_TMRL_5bb3b255	0.916689	0.934018	0.989121	0.988711	0.992676	0.993103
simvarmass_TMRL_5d617c83	0.857366	0.907981	0.987238	0.992977	0.995572	0.997781
simvarmass_TMRL_5fefc118	0.863567	0.901296	0.981897	0.989355	0.993295	0.995202
simvarmass_TMRL_600a446c	0.906070	0.940989	0.988275	0.983465	0.990055	0.984615
simvarmass_TMRL_6040aa37	0.902855	0.924031	0.995546	0.988900	0.992236	0.993779
simvarmass_TMRL_604ef355	0.927213	0.948566	0.987678	0.987848	0.994096	0.995699
simvarmass_TMRL_617d8a56	0.847300	0.893773	0.987283	0.987488	0.990922	0.993697
simvarmass_TMRL_633d3698	0.886659	0.917293	0.989189	0.984582	0.988372	0.991254
simvarmass_TMRL_64f6c0b0	0.875453	0.910412	0.990053	0.992195	0.993949	0.996764
simvarmass_TMRL_6676fd5c	0.847204	0.903404	0.980529	0.991111	0.992636	0.993368
simvarmass_TMRL_66b77acd	0.935190	0.934579	0.994366	0.994258	0.995851	0.995851
simvarmass_TMRL_6984e828	0.848621	0.899711	0.985216	0.989675	0.991111	0.994901
simvarmass_TMRL_6c313417	0.920720	0.872340	1.000000	0.948728	0.967742	1.000000
simvarmass_TMRL_6c6e2c30	0.872143	0.916725	0.991470	0.992261	0.993785	0.994471
simvarmass_TMRL_6dc88c32	0.948793	0.952830	1.000000	0.952716	0.967320	0.973684
simvarmass_TMRL_6e8cb638	0.865061	0.906758	0.987032	0.985949	0.991062	0.995690
simvarmass_TMRL_6ef7c896	0.820728	0.827586	1.000000	0.607919	0.692308	1.000000
simvarmass_TMRL_70a83343	0.845701	0.899139	0.990515	0.992396	0.996497	0.996497
simvarmass_TMRL_721e1aef	0.931527	0.948077	0.991952	0.997089	0.997151	0.997151
simvarmass_TMRL_72d333b8	0.900301	0.939519	0.975732	0.990876	0.992435	0.996547
simvarmass_TMRL_79b3efaf	0.922734	0.946032	0.986842	0.999963	0.995708	1.000000
simvarmass_TMRL_7a76b5a4	0.923967	0.952451	0.989362	0.989338	0.990374	0.991435
simvarmass_TMRL_7c6cea1c	0.856123	0.907391	0.998041	0.991314	0.992115	0.994253
simvarmass_TMRL_7d35c0dc	0.908519	0.929779	0.984848	0.988594	0.994536	0.994536
simvarmass_TMRL_7d3e1a6f	0.908606	0.908734	0.989316	0.997093	0.998544	0.997093
simvarmass_TMRL_7d4309e5	0.885657	0.911317	0.981615	0.984867	0.991407	0.990343
simvarmass_TMRL_7e9c2032	0.898750	0.922306	0.992806	0.994753	0.995175	0.996377
simvarmass_TMRL_7ed3b3eb	0.901649	0.918571	0.993679	0.991644	0.994181	0.993355
simvarmass_TMRL_7fab4291	0.872272	0.909627	0.991955	0.996206	0.997701	0.996556
simvarmass_TMRL_7fbc4fc0	0.904993	0.924581	0.992560	0.993339	0.996954	0.997967
simvarmass_TMRL_80fee400	0.876142	0.921907	0.981320	0.990770	0.991323	0.994920
simvarmass_TMRL_8160d8bc	0.875785	0.911946	0.993293	0.996629	0.995923	0.997957
simvarmass_TMRL_81924417	0.894605	0.924731	0.980456	0.989153	0.992679	0.996082
simvarmass_TMRL_81c5ded7	0.902949	0.936652	0.995192	0.979257	0.991926	0.988506
simvarmass_TMRL_833b30e6	0.909884	0.917090	0.993939	0.992756	0.993699	0.994595
simvarmass_TMRL_83872c3e	0.873720	0.906955	0.987214	0.990572	0.994147	0.995491
simvarmass_TMRL_846117a2	0.863352	0.902900	0.986770	0.997582	0.997147	1.000000
simvarmass_TMRL_853a3a38	0.866764	0.894678	0.985802	0.986040	0.989964	0.997112
simvarmass_TMRL_87569aa8	0.893597	0.911392	0.993103	0.992881	0.995082	0.993453
simvarmass_TMRL_879db323	0.886549	0.911896	0.988424	0.990647	0.995380	0.995798
simvarmass_TMRL_87e73254	0.897530	0.891967	1.000000	0.988887	0.984848	0.993884
simvarmass_TMRL_898211e5	0.884636	0.919410	0.989414	0.996265	0.995255	0.997622
simvarmass_TMRL_8c95d1ab	0.878683	0.920209	0.992759	0.993437	0.993518	0.996454
simvarmass_TMRL_8d74bdc9	0.878310	0.902486	0.992431	0.993569	0.996181	0.996725
simvarmass_TMRL_8e20de30	0.869648	0.926459	0.988140	0.983985	0.989204	0.991186
simvarmass_TMRL_8ea5cf01	0.856618	0.899829	0.985059	0.992168	0.994107	0.997218
simvarmass_TMRL_8f54885b	0.861967	0.901870	0.987860	0.994147	0.994849	0.997418
simvarmass_TMRL_91852647	0.887519	0.907955	0.990735	0.992681	0.994336	0.995637
simvarmass_TMRL_92519093	0.899922	0.931651	0.988839	0.996775	0.997886	0.996832
simvarmass_TMRL_92f018f0	0.910710	0.930642	0.996681	0.984012	0.988417	0.990712
simvarmass_TMRL_94722e72	0.939918	0.955485	0.996700	0.988198	0.996399	0.995204
simvarmass_TMRL_97fa77e2	0.930913	0.950000	1.000000	0.777255	0.829268	1.000000
simvarmass_TMRL_9a4dbf7c	0.884007	0.897575	0.988048	0.996326	0.993939	0.997972
simvarmass_TMRL_9ab65de4	0.889850	0.900743	0.994208	0.992240	0.993932	0.993932
simvarmass_TMRL_9b2e6352	0.898643	0.930583	0.982032	0.992006	0.994823	0.996543
simvarmass_TMRL_9b8222e8	0.873581	0.899618	0.989485	0.991069	0.992542	0.995918
simvarmass_TMRL_9be462c3	0.917826	0.919162	0.995138	0.991131	0.993407	0.993407
simvarmass_TMRL_9d78b00c	0.922478	0.941176	0.984055	0.989306	0.993789	0.990712
simvarmass_TMRL_9db466e8	0.905210	0.929113	0.993340	0.981349	0.990363	0.988166
simvarmass_TMRL_9e2ebb0b	0.877111	0.910105	0.982991	0.982735	0.990558	0.993115
simvarmass_TMRL_a25afbb5	0.887692	0.922589	0.990357	0.992871	0.994785	0.996785
simvarmass_TMRL_a2e1fcdd	0.929691	0.941414	0.992898	0.993599	0.994698	0.993644
simvarmass_TMRL_a566aba4	0.926691	0.924528	0.995000	0.986463	0.988543	0.990164
simvarmass_TMRL_a62aa723	0.900913	0.923000	0.986155	0.988044	0.991493	0.989198
simvarmass_TMRL_a66b9c69	0.941135	0.933333	0.987406	0.995786	0.995556	0.997033
simvarmass_TMRL_a72b8843	0.864927	0.898573	0.990646	0.988553	0.991374	0.991945
simvarmass_TMRL_a72f8a37	0.905315	0.927778	0.994048	0.990660	0.991495	0.992701
simvarmass_TMRL_a8db5834	0.855671	0.886022	0.985714	0.998247	0.996997	1.000000
simvarmass_TMRL_aa416f85	0.873733	0.896451	0.989724	0.985536	0.990764	0.990764
simvarmass_TMRL_aa62ca2c	0.865933	0.900659	0.992159	0.990440	0.992980	0.994531
simvarmass_TMRL_ac8b146d	0.860806	0.904388	0.993315	0.987291	0.991817	0.994258
simvarmass_TMRL_ad3cc05c	0.898234	0.931424	0.982601	0.990285	0.993689	0.995402
simvarmass_TMRL_ae6ab853	0.893670	0.917582	0.986706	0.995373	0.993365	0.999047
simvarmass_TMRL_af462d76	0.944846	0.957746	0.987097	0.992801	0.990338	0.995146
simvarmass_TMRL_afc93458	0.904034	0.935610	0.978571	0.994711	0.996061	0.998871
simvarmass_TMRL_afda365f	0.884065	0.920839	0.992802	0.992512	0.994043	0.994043
simvarmass_TMRL_b07da363	0.889214	0.918609	0.989189	0.991595	0.995475	0.995976
simvarmass_TMRL_b1062cd2	0.898794	0.925126	0.992118	0.991360	0.991111	0.995536
simvarmass_TMRL_b1617b06	0.881107	0.913151	0.988393	0.990162	0.991960	0.991347
simvarmass_TMRL_b2a1181c	0.918763	0.944763	0.984305	0.987324	0.991682	0.995362
simvarmass_TMRL_b53fd232	0.922822	0.924316	0.982877	0.985002	0.988962	0.986784
simvarmass_TMRL_b58de1b6	0.866409	0.901985	0.993275	0.992788	0.992495	0.997172
simvarmass_TMRL_b689c4d9	0.881204	0.921734	0.992481	0.990502	0.993476	0.993476
simvarmass_TMRL_b8c4544d	0.921221	0.934394	0.995763	0.998264	0.997199	1.000000
simvarmass_TMRL_ba74c496	0.933817	0.940150	0.986911	0.994906	0.996403	0.996403
simvarmass_TMRL_bb5e8dac	0.886751	0.896774	0.991608	0.993961	0.996581	0.998288
simvarmass_TMRL_bbb2fa80	0.947256	0.956757	0.977901	0.995927	0.996000	0.996000
simvarmass_TMRL_bc410f7e	0.888340	0.923867	0.982712	0.985132	0.990016	0.991579
simvarmass_TMRL_bdd06456	0.882668	0.912858	0.988930	0.992728	0.994937	0.996619
simvarmass_TMRL_be862ff3	0.859073	0.864553	0.990132	0.991787	0.987500	0.995798
simvarmass_TMRL_beac175f	0.868103	0.902391	0.988293	0.987432	0.990058	0.994176
simvarmass_TMRL_beb8d9ce	0.904852	0.930728	0.996241	0.999965	0.997590	1.000000
simvarmass_TMRL_bebc9568	0.899135	0.910268	0.991984	0.985029	0.990762	0.993056
simvarmass_TMRL_bf32f465	0.892804	0.915709	0.983539	0.994314	0.995757	0.994350
simvarmass_TMRL_bfe94955	0.879318	0.921202	0.984186	0.990943	0.992603	0.993271
simvarmass_TMRL_c0010e10	0.880036	0.911313	0.989789	0.977972	0.989420	0.994048
simvarmass_TMRL_c0213033	0.851228	0.907692	0.988511	0.988814	0.994239	0.993902
simvarmass_TMRL_c02b436f	0.859911	0.905521	0.989474	0.987751	0.994227	0.997426
simvarmass_TMRL_c0f004c4	0.853301	0.885246	0.986897	0.990029	0.994494	0.997451
simvarmass_TMRL_c1621bcc	0.929197	0.944773	0.993776	0.995703	0.997067	0.997067
simvarmass_TMRL_c1dbffdc	0.889496	0.924452	0.990421	0.994938	0.996277	0.995536
simvarmass_TMRL_c25f7281	0.895791	0.925034	0.990427	0.990112	0.994802	0.995838
simvarmass_TMRL_c286e651	0.917572	0.943739	1.000000	0.989362	0.994652	0.989362
simvarmass_TMRL_c37876a5	0.912678	0.908029	0.993902	0.985537	0.987755	0.991803
simvarmass_TMRL_c403b364	0.915194	0.928082	0.992727	0.984615	0.992248	0.984615
simvarmass_TMRL_c4241d45	0.908548	0.938252	0.987342	0.994746	0.995984	0.995984
simvarmass_TMRL_c465b212	0.858825	0.894657	0.985564	0.991544	0.991459	0.994726
simvarmass_TMRL_c724cf94	0.858547	0.891286	0.980025	0.986626	0.989959	0.992543
simvarmass_TMRL_c773909b	0.907397	0.937136	0.990160	0.994558	0.995871	0.996694
simvarmass_TMRL_c8168f67	0.871271	0.903533	0.992576	0.996005	0.996547	0.999011
simvarmass_TMRL_c845118f	0.942256	0.954265	0.994845	0.978068	0.992063	0.988142
simvarmass_TMRL_c97de8d3	0.942178	0.952183	0.995652	0.990654	0.995305	0.990654
simvarmass_TMRL_cc84932a	0.865982	0.911185	0.989989	0.992600	0.995329	0.995687
simvarmass_TMRL_ce31054b	0.904423	0.936620	0.992537	0.984573	0.994475	0.994475
simvarmass_TMRL_ce40b073	0.920104	0.924078	0.986111	0.988448	0.992236	0.995327
simvarmass_TMRL_cff585d1	0.900122	0.932886	0.982332	0.992432	0.996914	0.996914
simvarmass_TMRL_d12eec9e	0.921666	0.943882	0.990347	0.989198	0.992806	0.991379
simvarmass_TMRL_d2c8fb9a	0.940625	0.954495	0.995413	0.982313	0.993289	0.989967
simvarmass_TMRL_d2d73305	0.885213	0.895609	0.993566	0.988433	0.990607	0.996222
simvarmass_TMRL_d311a735	0.897227	0.907563	1.000000	0.975894	0.973684	0.991071
simvarmass_TMRL_d3939da3	0.886634	0.934401	0.982618	0.989744	0.990530	0.994366
simvarmass_TMRL_d497b2ec	0.877067	0.914804	0.986446	0.992823	0.994934	0.995943
simvarmass_TMRL_d4d47896	0.932816	0.946108	0.985037	0.987616	0.993769	0.987616
simvarmass_TMRL_d5a7c403	0.911777	0.934028	0.994460	0.995026	0.996700	0.996042
simvarmass_TMRL_d7bbd0e2	0.884064	0.923767	0.988010	0.993406	0.994741	0.996488
simvarmass_TMRL_d8b2080a	0.910884	0.910039	0.997143	0.999985	0.998073	1.000000
simvarmass_TMRL_d8f4a6ae	0.881866	0.922645	0.984687	0.987352	0.992315	0.993269
simvarmass_TMRL_d9f4557f	0.886193	0.910454	0.990975	0.990189	0.994227	0.996144
simvarmass_TMRL_db34801c	0.852946	0.896150	0.994581	0.991068	0.993126	0.997370
simvarmass_TMRL_db5f4d7e	0.892207	0.927146	0.979958	0.988308	0.991957	0.994624
simvarmass_TMRL_dc02391f	0.853505	0.897456	0.991884	0.990726	0.992811	0.997112
simvarmass_TMRL_dcd948ad	0.893455	0.908213	0.994709	0.992260	0.994510	0.996855
simvarmass_TMRL_dd7166d2	0.872116	0.919472	0.987781	0.996324	0.997070	0.998533
simvarmass_TMRL_de87cb98	0.867192	0.899054	0.982081	0.989789	0.992380	0.998197
simvarmass_TMRL_e2d70a40	0.915785	0.930081	0.998255	0.986995	0.990604	0.989276
simvarmass_TMRL_e587ecca	0.907353	0.929282	0.984462	0.989122	0.991690	0.990318
simvarmass_TMRL_e6bb8457	0.910670	0.925011	0.997235	0.990610	0.993923	0.991914
simvarmass_TMRL_e79f6619	0.878910	0.910180	0.991304	0.991636	0.993497	0.994990
simvarmass_TMRL_ea7ac772	0.812560	0.867925	1.000000	0.987985	0.971429	1.000000
simvarmass_TMRL_eaeb7500	0.844339	0.893709	0.982512	0.989136	0.991765	0.991410
simvarmass_TMRL_ebd071e5	0.861890	0.904739	0.982501	0.988517	0.992696	0.994677
simvarmass_TMRL_ec03aa6c	0.910716	0.904523	0.989011	0.995031	0.995349	0.996894
simvarmass_TMRL_ed5a8d2f	0.907016	0.899696	0.991071	0.993043	0.992938	0.995751
simvarmass_TMRL_eddd606c	0.845550	0.900000	0.988095	0.973890	0.983871	1.000000
simvarmass_TMRL_f023a4b4	0.854501	0.876847	1.000000	0.978174	0.973684	1.000000
simvarmass_TMRL_f0f3a4a2	0.875906	0.906743	0.996094	0.989936	0.990122	0.995327
simvarmass_TMRL_f24946d7	0.885421	0.906103	0.989744	0.987011	0.993455	0.996063
simvarmass_TMRL_f4a57b9f	0.912589	0.933709	0.979290	0.990501	0.992095	0.992095
simvarmass_TMRL_f5c16209	0.909182	0.941576	0.988915	0.990240	0.995343	0.996503
simvarmass_TMRL_f7e45d35	0.888552	0.918100	0.992920	0.993025	0.995019	0.997503
simvarmass_TMRL_f8a97aae	0.901401	0.937244	0.988489	0.984935	0.991914	0.989247
simvarmass_TMRL_f9a98ebb	0.901654	0.919355	0.991304	1.000000	1.000000	1.000000
simvarmass_TMRL_f9aea244	0.850202	0.896841	0.984824	0.988628	0.991217	0.994962
simvarmass_TMRL_fa2aaf75	0.857655	0.900824	0.983251	0.991766	0.993058	0.996021
simvarmass_TMRL_faf6135e	0.885525	0.924499	0.983607	0.994656	0.994648	0.995536
simvarmass_TMRL_fbfb73de	0.920560	0.945511	0.981681	0.993124	0.993455	0.996063
simvarmass_TMRL_fc1513a8	0.858764	0.897180	0.985285	0.987447	0.992342	0.996761
simvarmass_TMRL_fc5b60a0	0.845036	0.857843	0.994595	0.975030	0.978142	0.994444
simvarmass_TMRL_fc9ef2d1	0.889343	0.919189	0.989263	0.993489	0.997033	1.000000
simvarmass_TMRL_fdb9a44a	0.925673	0.946429	0.983759	0.999325	0.999219	1.000000
simvarmass_TMRL_fe259400	0.864332	0.913075	0.992194	0.993451	0.992118	0.996832
simvarmass_TMRL_feb3ab2e	0.910993	0.932806	0.986416	0.992804	0.994315	0.997465
simvarmass_TMRL_ff787d2e	0.870283	0.918530	0.983466	0.993592	0.992928	0.998578
simvarmass_TMRL_ffeace8a	0.888525	0.897157	0.990842	0.992489	0.993983	0.993983
