IMGNAME	SIM_OR_EXP	TOTAL_VOXELS	MIN_TH_VAL	MIN_TH_SPOTS	TOTAL_VOX_LOG	MINTH_SPOTS_LOG	PROP
mESC4d_Tsix-AF594	Exp	260640828	10	486139	8.416042	5.686760	0.001865
mESC4d_Xist-CY5	Exp	260640828	10	127620	8.416042	5.105919	0.000490
scrna_E1R2I4_STL1	Exp	95154588	10	142065	7.978430	5.152487	0.001493
scrna_E1R2I4_CTT1	Exp	95154588	10	852325	7.978430	5.930605	0.008957
scrna_E2R1I2_STL1	Exp	95154588	10	126789	7.978430	5.103082	0.001332
scrna_E2R1I2_CTT1	Exp	95154588	10	263090	7.978430	5.420104	0.002765
scrna_E2R2I3_STL1	Exp	95154588	10	72357	7.978430	4.859481	0.000760
scrna_E2R2I3_CTT1	Exp	95154588	10	1401528	7.978430	6.146602	0.014729
scrna_E2R2I5_STL1	Exp	95154588	10	74171	7.978430	4.870234	0.000779
scrna_E2R2I5_CTT1	Exp	95154588	10	1470688	7.978430	6.167521	0.015456
mESC_loday_D0I18_Xist	Exp	335109636	1	5761848	8.525187	6.760562	0.017194
mESC_loday_D0I18_Tsix	Exp	335109636	1	4520100	8.525187	6.655148	0.013488
mESC_loday_D0I04_Xist	Exp	335109636	1	6281364	8.525187	6.798054	0.018744
mESC_loday_D0I04_Tsix	Exp	335439225	1	4640027	8.525614	6.666521	0.013833
mESC_loday_D0I29_Xist	Exp	335439225	1	5508631	8.525614	6.741044	0.016422
mESC_loday_D0I29_Tsix	Exp	335439225	1	4742420	8.525614	6.676000	0.014138
mESC_loday_D0I40_Xist	Exp	335439225	1	6160588	8.525614	6.789622	0.018366
mESC_loday_D0I40_Tsix	Exp	335439225	1	4652249	8.525614	6.667663	0.013869
mESC_loday_DHI07_Xist	Exp	335109636	1	6182488	8.525187	6.791163	0.018449
mESC_loday_DHI07_Tsix	Exp	335439225	1	4567203	8.525614	6.659650	0.013616
mESC_loday_DHI32_Xist	Exp	335109636	1	6430114	8.525187	6.808219	0.019188
mESC_loday_DHI32_Tsix	Exp	335439225	1	4797725	8.525614	6.681035	0.014303
mESC_loday_D1I02_Xist	Exp	335109636	1	6667610	8.525187	6.823970	0.019897
mESC_loday_D1I02_Tsix	Exp	335109636	1	4686714	8.525187	6.670868	0.013986
mESC_loday_D1I15_Xist	Exp	335109636	1	5730379	8.525187	6.758183	0.017100
mESC_loday_D1I15_Tsix	Exp	335439225	1	4501372	8.525614	6.653345	0.013419
mESC_loday_D1I32_Xist	Exp	335439225	1	6583226	8.525614	6.818439	0.019626
mESC_loday_D1I32_Tsix	Exp	335439225	1	4593352	8.525614	6.662130	0.013694
scprotein_Msb2_2M1m	Exp	11243331	10	85043	7.050895	4.929639	0.007564
scprotein_Msb2_2M5m	Exp	11243331	10	73966	7.050895	4.869032	0.006579
scprotein_Msb2_4M1m	Exp	11221100	10	103782	7.050035	5.016122	0.009249
scprotein_Msb2_4M5m	Exp	11221100	10	71621	7.050035	4.855040	0.006383
scprotein_Msb2_NoSalt	Exp	11243331	10	161532	7.050895	5.208259	0.014367
scprotein_Opy2_2M1m	Exp	11243331	10	95732	7.050895	4.981057	0.008515
scprotein_Opy2_2M5m	Exp	11243331	10	142333	7.050895	5.153306	0.012659
scprotein_Opy2_4M1m	Exp	11221100	10	126700	7.050035	5.102777	0.011291
scprotein_Opy2_4M5m	Exp	11221100	10	134068	7.050035	5.127325	0.011948
scprotein_Opy2_NoSalt	Exp	11243331	10	99583	7.050895	4.998185	0.008857
sim_mESC_histone_100x_1	Sim	335109636	10	4347168	8.525187	6.638206	0.012972
sim_mESC_histone_100x_2	Sim	335109636	10	4346220	8.525187	6.638112	0.012970
sim_mESC_histone_100x_3	Sim	335109636	10	4345579	8.525187	6.638048	0.012968
sim_mESC_RNA_100x_1	Sim	285463764	1	5287437	8.455551	6.723245	0.018522
sim_mESC_RNA_100x_2	Sim	285463764	1	5291059	8.455551	6.723543	0.018535
sim_mESC_RNA_100x_3	Sim	285463764	1	5286000	8.455551	6.723127	0.018517
sim_mESC_RNA_LE_100x_1	Sim	285463764	1	5293933	8.455551	6.723778	0.018545
sim_mESC_RNA_LE_100x_2	Sim	285463764	1	5293791	8.455551	6.723767	0.018545
sim_mESC_RNA_LE_100x_3	Sim	285463764	1	5292426	8.455551	6.723655	0.018540
sim_mESC_RNA_LEHB_100x_1	Sim	285463764	1	3712178	8.455551	6.569629	0.013004
sim_mESC_RNA_LEHB_100x_2	Sim	285463764	1	3710252	8.455551	6.569403	0.012997
sim_mESC_RNA_LEHB_100x_3	Sim	285463764	1	3707705	8.455551	6.569105	0.012988
sim_mESC_RNA_TMRLike_100x_1	Sim	285463764	10	3805732	8.455551	6.580438	0.013332
sim_mESC_RNA_TMRLike_100x_2	Sim	285463764	10	3805967	8.455551	6.580465	0.013333
sim_mESC_RNA_TMRLike_100x_3	Sim	285463764	10	3807731	8.455551	6.580666	0.013339
sim_yeast_proteinGFP_100x_1	Sim	13261300	10	169164	7.122586	5.228308	0.012756
sim_yeast_proteinGFP_100x_2	Sim	13261300	10	168900	7.122586	5.227630	0.012736
sim_yeast_proteinGFP_100x_1_blur	Sim	13261300	1	11911	7.122586	4.075948	0.000898
sim_yeast_proteinGFP_100x_2_blur	Sim	13261300	1	9971	7.122586	3.998739	0.000752
sim_yeast_RNA_CY5like_100x_1	Sim	103428900	10	1345449	8.014642	6.128867	0.013008
sim_yeast_RNA_CY5like_100x_2	Sim	103428900	10	1345257	8.014642	6.128805	0.013007
sim_yeast_RNA_LE_CY5like_100x_1	Sim	103428900	1	1455474	8.014642	6.163004	0.014072
sim_yeast_RNA_LE_CY5like_100x_2	Sim	103428900	1	1454493	8.014642	6.162712	0.014063
sim_yeast_RNA_TMRlike_100x_1	Sim	103428900	1	1097554	8.014642	6.040426	0.010612
sim_yeast_RNA_TMRlike_100x_2	Sim	103428900	1	1094546	8.014642	6.039234	0.010583
histonesc_D0I1A_H3K36me3_Xist	Exp	335439225	1	5275270	8.525614	6.722245	0.015726
histonesc_D0I1A_H3K36me3_Tsix	Exp	335439225	10	3636809	8.525614	6.560720	0.010842
histonesc_D0I1A_H3K36me3_Histone	Exp	335439225	1	4400042	8.525614	6.643457	0.013117
histonesc_D0I1B_H3K36me3_Xist	Exp	335439225	1	5043883	8.525614	6.702765	0.015037
histonesc_D0I1B_H3K36me3_Tsix	Exp	335439225	10	3646113	8.525614	6.561830	0.010870
histonesc_D0I1B_H3K36me3_Histone	Exp	335109636	1	4220280	8.525187	6.625341	0.012594
histonesc_D0I1C_H3K36me3_Xist	Exp	335439225	1	5231923	8.525614	6.718661	0.015597
histonesc_D0I1C_H3K36me3_Tsix	Exp	335109636	10	3592771	8.525187	6.555430	0.010721
histonesc_D0I1C_H3K36me3_Histone	Exp	335439225	1	4585917	8.525614	6.661426	0.013671
histonesc_D0I2A_H3K36me3_Xist	Exp	335439225	1	5266772	8.525614	6.721545	0.015701
histonesc_D0I2A_H3K36me3_Tsix	Exp	335439225	10	3600814	8.525614	6.556401	0.010735
histonesc_D0I2A_H3K36me3_Histone	Exp	335109636	1	4373324	8.525187	6.640812	0.013050
histonesc_D0I2B_H3K36me3_Xist	Exp	335439225	1	5035766	8.525614	6.702066	0.015012
histonesc_D0I2B_H3K36me3_Tsix	Exp	335439225	10	3715296	8.525614	6.569993	0.011076
histonesc_D0I2B_H3K36me3_Histone	Exp	335439225	1	4219223	8.525614	6.625232	0.012578
histonesc_D0I2C_H3K36me3_Xist	Exp	335439225	1	5276821	8.525614	6.722372	0.015731
histonesc_D0I2C_H3K36me3_Tsix	Exp	335439225	10	3673782	8.525614	6.565113	0.010952
histonesc_D0I2C_H3K36me3_Histone	Exp	335439225	1	4472274	8.525614	6.650528	0.013333
histonesc_D0I3A_H3K36me3_Xist	Exp	335439225	1	5184121	8.525614	6.714675	0.015455
histonesc_D0I3A_H3K36me3_Tsix	Exp	335109636	10	3704023	8.525187	6.568674	0.011053
histonesc_D0I3A_H3K36me3_Histone	Exp	335439225	1	4375003	8.525614	6.640978	0.013043
histonesc_D0I3B_H3K36me3_Xist	Exp	335109636	1	5071651	8.525187	6.705149	0.015134
histonesc_D0I3B_H3K36me3_Tsix	Exp	335439225	10	3708127	8.525614	6.569155	0.011055
histonesc_D0I3B_H3K36me3_Histone	Exp	335439225	1	4253623	8.525614	6.628759	0.012681
histonesc_D0I3C_H3K36me3_Xist	Exp	335109636	1	5288184	8.525187	6.723307	0.015780
histonesc_D0I3C_H3K36me3_Tsix	Exp	335439225	10	3757205	8.525614	6.574865	0.011201
histonesc_D0I3C_H3K36me3_Histone	Exp	335439225	1	4564460	8.525614	6.659389	0.013607
histonesc_D2I1A_H3K36me3_Xist	Exp	335439225	1	5326465	8.525614	6.726439	0.015879
histonesc_D2I1A_H3K36me3_Tsix	Exp	335439225	10	3482763	8.525614	6.541924	0.010383
histonesc_D2I1A_H3K36me3_Histone	Exp	335109636	1	4311253	8.525187	6.634604	0.012865
histonesc_D2I1B_H3K36me3_Xist	Exp	335439225	1	5309291	8.525614	6.725037	0.015828
histonesc_D2I1B_H3K36me3_Tsix	Exp	335439225	10	3483981	8.525614	6.542076	0.010386
histonesc_D2I1B_H3K36me3_Histone	Exp	335439225	1	4511225	8.525614	6.654294	0.013449
histonesc_D2I1C_H3K36me3_Xist	Exp	335439225	1	5068798	8.525614	6.704905	0.015111
histonesc_D2I1C_H3K36me3_Tsix	Exp	335439225	10	3674153	8.525614	6.565157	0.010953
histonesc_D2I1C_H3K36me3_Histone	Exp	335109636	1	4540914	8.525187	6.657143	0.013551
histonesc_D2I2A_H3K36me3_Xist	Exp	335109636	1	5273676	8.525187	6.722113	0.015737
histonesc_D2I2A_H3K36me3_Tsix	Exp	335439225	10	3587477	8.525614	6.554789	0.010695
histonesc_D2I2A_H3K36me3_Histone	Exp	335439225	1	4341487	8.525614	6.637639	0.012943
histonesc_D2I2B_H3K36me3_Xist	Exp	335109636	1	5197032	8.525187	6.715755	0.015508
histonesc_D2I2B_H3K36me3_Tsix	Exp	335439225	10	3613046	8.525614	6.557873	0.010771
histonesc_D2I2B_H3K36me3_Histone	Exp	335439225	1	4393692	8.525614	6.642830	0.013098
histonesc_D2I2C_H3K36me3_Xist	Exp	335439225	1	4997263	8.525614	6.698732	0.014898
histonesc_D2I2C_H3K36me3_Tsix	Exp	335109636	10	3731976	8.525187	6.571939	0.011137
histonesc_D2I2C_H3K36me3_Histone	Exp	335439225	1	4493527	8.525614	6.652587	0.013396
histonesc_D2I3A_H3K36me3_Xist	Exp	335439225	1	5323341	8.525614	6.726184	0.015870
histonesc_D2I3A_H3K36me3_Tsix	Exp	335439225	10	3612477	8.525614	6.557805	0.010769
histonesc_D2I3A_H3K36me3_Histone	Exp	335439225	1	4305420	8.525614	6.634016	0.012835
histonesc_D2I3B_H3K36me3_Xist	Exp	335439225	1	5245173	8.525614	6.719760	0.015637
histonesc_D2I3B_H3K36me3_Tsix	Exp	335439225	10	3610921	8.525614	6.557618	0.010765
histonesc_D2I3B_H3K36me3_Histone	Exp	335439225	1	4424920	8.525614	6.645905	0.013191
histonesc_D2I3C_H3K36me3_Xist	Exp	335439225	1	4972281	8.525614	6.696556	0.014823
histonesc_D2I3C_H3K36me3_Tsix	Exp	335109636	10	3799944	8.525187	6.579777	0.011339
histonesc_D2I3C_H3K36me3_Histone	Exp	335439225	1	4459502	8.525614	6.649286	0.013295
ROI001_P01_XY1657818948_Z00_T0_GFP	Exp	15094755	5	194861	7.178826	5.289725	0.012909
ROI001_P01_XY1657818948_Z00_T0_CY5	Exp	15053580	10	194919	7.177640	5.289854	0.012948
ROI001_P02_XY1657818949_Z00_T0_GFP	Exp	15094755	1	205631	7.178826	5.313089	0.013623
ROI001_P02_XY1657818949_Z00_T0_CY5	Exp	15094755	10	195541	7.178826	5.291238	0.012954
ROI001_P03_XY1657818950_Z00_T0_GFP	Exp	15094755	1	196180	7.178826	5.292655	0.012997
ROI001_P03_XY1657818950_Z00_T0_CY5	Exp	15053580	10	195440	7.177640	5.291013	0.012983
ROI001_P04_XY1657818951_Z00_T0_GFP	Exp	15053580	5	190736	7.177640	5.280433	0.012670
ROI001_P04_XY1657818951_Z00_T0_CY5	Exp	15094755	10	197186	7.178826	5.294876	0.013063
ROI001_P05_XY1657818952_Z00_T0_GFP	Exp	15094755	1	205599	7.178826	5.313021	0.013621
ROI001_P05_XY1657818952_Z00_T0_CY5	Exp	15094755	10	195293	7.178826	5.290687	0.012938
ROI001_P06_XY1657818953_Z00_T0_GFP	Exp	15094755	1	196822	7.178826	5.294074	0.013039
ROI001_P06_XY1657818953_Z00_T0_CY5	Exp	15094755	10	196641	7.178826	5.293674	0.013027
ROI001_P07_XY1657818954_Z00_T0_GFP	Exp	15053580	5	165248	7.177640	5.218136	0.010977
ROI001_P07_XY1657818954_Z00_T0_CY5	Exp	15094755	10	188764	7.178826	5.275919	0.012505
ROI001_P08_XY1657818955_Z00_T0_GFP	Exp	15094755	1	191773	7.178826	5.282787	0.012705
ROI001_P08_XY1657818955_Z00_T0_CY5	Exp	15094755	10	195160	7.178826	5.290391	0.012929
ROI001_P09_XY1657818956_Z00_T0_GFP	Exp	15094755	5	182822	7.178826	5.262028	0.012112
ROI001_P09_XY1657818956_Z00_T0_CY5	Exp	15094755	10	191553	7.178826	5.282289	0.012690
ROI001_P10_XY1657818957_Z00_T0_GFP	Exp	15094755	5	186987	7.178826	5.271811	0.012388
ROI001_P10_XY1657818957_Z00_T0_CY5	Exp	15094755	10	196221	7.178826	5.292745	0.012999
ROI001_P11_XY1657818958_Z00_T0_GFP	Exp	15094755	5	168378	7.178826	5.226285	0.011155
ROI001_P11_XY1657818958_Z00_T0_CY5	Exp	15094755	10	190383	7.178826	5.279628	0.012613
ROI001_P12_XY1657818959_Z00_T0_GFP	Exp	15094755	5	156029	7.178826	5.193205	0.010337
ROI001_P12_XY1657818959_Z00_T0_CY5	Exp	15094755	10	192771	7.178826	5.285042	0.012771
ROI001_XY1657822809_Z00_T0_GFP	Exp	15094755	1	219943	7.178826	5.342310	0.014571
ROI001_XY1657822809_Z00_T0_CY5	Exp	15094755	10	196815	7.178826	5.294058	0.013039
ROI002_XY1657822933_Z00_T0_GFP	Exp	15094755	1	217747	7.178826	5.337952	0.014425
ROI002_XY1657822933_Z00_T0_CY5	Exp	15094755	10	199718	7.178826	5.300417	0.013231
ROI003_XY1657822934_Z00_T0_GFP	Exp	15094755	1	220488	7.178826	5.343385	0.014607
ROI003_XY1657822934_Z00_T0_CY5	Exp	15094755	10	199505	7.178826	5.299954	0.013217
ROI005_XY1657822936_Z00_T0_GFP	Exp	15094755	1	222497	7.178826	5.347324	0.014740
ROI005_XY1657822936_Z00_T0_CY5	Exp	15094755	10	198036	7.178826	5.296744	0.013120
ROI006_XY1657822937_Z00_T0_GFP	Exp	15094755	1	228259	7.178826	5.358428	0.015122
ROI006_XY1657822937_Z00_T0_CY5	Exp	15094755	10	199208	7.178826	5.299307	0.013197
ROI007_XY1657822938_Z00_T0_GFP	Exp	15094755	1	223556	7.178826	5.349386	0.014810
ROI007_XY1657822938_Z00_T0_CY5	Exp	15094755	10	199272	7.178826	5.299446	0.013201
ROI008_XY1657822939_Z00_T0_GFP	Exp	15094755	1	226609	7.178826	5.355277	0.015012
ROI008_XY1657822939_Z00_T0_CY5	Exp	15094755	10	199905	7.178826	5.300824	0.013243
ROI009_XY1657822940_Z00_T0_GFP	Exp	15094755	1	226347	7.178826	5.354775	0.014995
ROI009_XY1657822940_Z00_T0_CY5	Exp	15094755	10	199363	7.178826	5.299645	0.013207
ROI010_XY1657822941_Z00_T0_GFP	Exp	15094755	1	223114	7.178826	5.348527	0.014781
ROI010_XY1657822941_Z00_T0_CY5	Exp	15094755	10	199281	7.178826	5.299466	0.013202
ROI011_XY1657822942_Z00_T0_GFP	Exp	15094755	1	230032	7.178826	5.361788	0.015239
ROI011_XY1657822942_Z00_T0_CY5	Exp	15053580	10	199393	7.177640	5.299710	0.013246
ROI012_XY1657822943_Z00_T0_GFP	Exp	15053580	1	230311	7.177640	5.362315	0.015299
ROI012_XY1657822943_Z00_T0_CY5	Exp	15094755	10	198420	7.178826	5.297585	0.013145
ROI013_XY1657822944_Z00_T0_GFP	Exp	15094755	1	224676	7.178826	5.351557	0.014884
ROI013_XY1657822944_Z00_T0_CY5	Exp	15094755	10	198539	7.178826	5.297846	0.013153
ROI014_XY1657822945_Z00_T0_GFP	Exp	15094755	1	214165	7.178826	5.330748	0.014188
ROI014_XY1657822945_Z00_T0_CY5	Exp	15094755	10	195429	7.178826	5.290989	0.012947
ROI016_XY1657822947_Z00_T0_GFP	Exp	15094755	1	213456	7.178826	5.329308	0.014141
ROI016_XY1657822947_Z00_T0_CY5	Exp	15094755	10	196111	7.178826	5.292502	0.012992
ROI017_XY1657822948_Z00_T0_GFP	Exp	15053580	1	205903	7.177640	5.313663	0.013678
ROI017_XY1657822948_Z00_T0_CY5	Exp	15053580	10	195576	7.177640	5.291316	0.012992
ROI018_XY1657822949_Z00_T0_GFP	Exp	15094755	1	214760	7.178826	5.331953	0.014227
ROI018_XY1657822949_Z00_T0_CY5	Exp	15094755	10	197075	7.178826	5.294632	0.013056
ROI001_XY1657814108_Z00_T0_GFP	Exp	15094755	5	153257	7.178826	5.185420	0.010153
ROI001_XY1657814108_Z00_T0_CY5	Exp	15094755	10	183756	7.178826	5.264242	0.012174
ROI002_XY1657815441_Z00_T0_GFP	Exp	15053580	5	141436	7.177640	5.150560	0.009396
ROI002_XY1657815441_Z00_T0_CY5	Exp	15053580	10	170546	7.177640	5.231842	0.011329
ROI003_XY1657814110_Z00_T0_GFP	Exp	15053580	1	190257	7.177640	5.279341	0.012639
ROI003_XY1657814110_Z00_T0_CY5	Exp	15094755	10	191055	7.178826	5.281158	0.012657
ROI004_XY1657814111_Z00_T0_GFP	Exp	15094755	5	161192	7.178826	5.207343	0.010679
ROI004_XY1657814111_Z00_T0_CY5	Exp	15094755	10	190302	7.178826	5.279443	0.012607
ROI005_XY1657814112_Z00_T0_GFP	Exp	15094755	5	162268	7.178826	5.210233	0.010750
ROI005_XY1657814112_Z00_T0_CY5	Exp	15094755	10	183367	7.178826	5.263321	0.012148
ROI006_XY1657814113_Z00_T0_GFP	Exp	15094755	5	177262	7.178826	5.248616	0.011743
ROI006_XY1657814113_Z00_T0_CY5	Exp	15094755	10	192592	7.178826	5.284638	0.012759
ROI007_XY1657814114_Z00_T0_GFP	Exp	15094755	5	173068	7.178826	5.238217	0.011465
ROI007_XY1657814114_Z00_T0_CY5	Exp	15094755	10	188501	7.178826	5.275314	0.012488
ROI008_XY1657814115_Z00_T0_GFP	Exp	15094755	5	138185	7.178826	5.140461	0.009155
ROI008_XY1657814115_Z00_T0_CY5	Exp	15094755	10	170490	7.178826	5.231699	0.011295
ROI009_XY1657814116_Z00_T0_GFP	Exp	15094755	5	174364	7.178826	5.241457	0.011551
ROI009_XY1657814116_Z00_T0_CY5	Exp	15094755	10	188759	7.178826	5.275908	0.012505
ROI010_XY1657814117_Z00_T0_GFP	Exp	15094755	5	156028	7.178826	5.193203	0.010337
ROI010_XY1657814117_Z00_T0_CY5	Exp	15094755	10	191499	7.178826	5.282167	0.012686
ROI011_XY1657814118_Z00_T0_GFP	Exp	15094755	5	160852	7.178826	5.206426	0.010656
ROI011_XY1657814118_Z00_T0_CY5	Exp	15094755	10	189529	7.178826	5.277676	0.012556
ROI012_XY1657814119_Z00_T0_GFP	Exp	15094755	5	153760	7.178826	5.186843	0.010186
ROI012_XY1657814119_Z00_T0_CY5	Exp	15053580	10	179300	7.177640	5.253580	0.011911
histonesc_D0I1D_H3K4me2_Xist	Exp	335439225	1	5148678	8.525614	6.711696	0.015349
histonesc_D0I1D_H3K4me2_Tsix	Exp	335439225	10	3577948	8.525614	6.553634	0.010666
histonesc_D0I1D_H3K4me2_Histone	Exp	335439225	1	4303841	8.525614	6.633856	0.012830
histonesc_D0I1E_H3K4me2_Xist	Exp	335439225	1	5031129	8.525614	6.701665	0.014999
histonesc_D0I1E_H3K4me2_Tsix	Exp	335439225	10	3772983	8.525614	6.576685	0.011248
histonesc_D0I1E_H3K4me2_Histone	Exp	335109636	1	4291834	8.525187	6.632643	0.012807
histonesc_D0I2D_H3K4me2_Xist	Exp	335439225	1	5154836	8.525614	6.712215	0.015367
histonesc_D0I2D_H3K4me2_Tsix	Exp	335439225	10	3700616	8.525614	6.568274	0.011032
histonesc_D0I2D_H3K4me2_Histone	Exp	335439225	1	4338055	8.525614	6.637295	0.012932
histonesc_D0I2E_H3K4me2_Xist	Exp	335439225	1	5010892	8.525614	6.699915	0.014938
histonesc_D0I2E_H3K4me2_Tsix	Exp	335439225	10	3787084	8.525614	6.578305	0.011290
histonesc_D0I2E_H3K4me2_Histone	Exp	335439225	1	4256442	8.525614	6.629047	0.012689
histonesc_D2I1D_H3K4me2_Xist	Exp	335439225	1	5206562	8.525614	6.716551	0.015522
histonesc_D2I1D_H3K4me2_Tsix	Exp	335439225	10	3483444	8.525614	6.542009	0.010385
histonesc_D2I1D_H3K4me2_Histone	Exp	335439225	1	4497132	8.525614	6.652936	0.013407
histonesc_D2I1E_H3K4me2_Xist	Exp	335439225	1	4986408	8.525614	6.697788	0.014865
histonesc_D2I1E_H3K4me2_Tsix	Exp	335109636	10	3438852	8.525187	6.536413	0.010262
histonesc_D2I1E_H3K4me2_Histone	Exp	335439225	1	4431214	8.525614	6.646523	0.013210
histonesc_D2I2D_H3K4me2_Xist	Exp	335109636	1	5260808	8.525187	6.721052	0.015699
histonesc_D2I2D_H3K4me2_Tsix	Exp	335439225	10	3566674	8.525614	6.552263	0.010633
histonesc_D2I2D_H3K4me2_Histone	Exp	335109636	1	4490868	8.525187	6.652330	0.013401
histonesc_D2I2E_H3K4me2_Xist	Exp	335439225	1	5087914	8.525614	6.706540	0.015168
histonesc_D2I2E_H3K4me2_Tsix	Exp	335439225	10	3563842	8.525614	6.551918	0.010624
histonesc_D2I2E_H3K4me2_Histone	Exp	335439225	1	4484468	8.525614	6.651711	0.013369
histonesc_D2I3D_H3K4me2_Xist	Exp	335109636	1	5296332	8.525187	6.723975	0.015805
histonesc_D2I3D_H3K4me2_Tsix	Exp	335439225	10	3469741	8.525614	6.540297	0.010344
histonesc_D2I3D_H3K4me2_Histone	Exp	335439225	1	4510458	8.525614	6.654221	0.013446
histonesc_D2I3E_H3K4me2_Xist	Exp	335439225	1	5009313	8.525614	6.699778	0.014934
histonesc_D2I3E_H3K4me2_Tsix	Exp	335439225	10	3685261	8.525614	6.566468	0.010986
histonesc_D2I3E_H3K4me2_Histone	Exp	335439225	1	4434011	8.525614	6.646797	0.013219
sctc_E1R1_0m_I1_STL1	Exp	103530625	1	1401729	8.015069	6.146664	0.013539
sctc_E1R1_0m_I1_CTT1	Exp	103530625	5	1280505	8.015069	6.107381	0.012368
sctc_E1R1_0m_I2_STL1	Exp	103530625	1	1354244	8.015069	6.131697	0.013081
sctc_E1R1_0m_I2_CTT1	Exp	103530625	5	1225765	8.015069	6.088407	0.011840
sctc_E1R1_0m_I3_STL1	Exp	103530625	1	1155507	8.015069	6.062773	0.011161
sctc_E1R1_0m_I3_CTT1	Exp	103530625	5	1120594	8.015069	6.049448	0.010824
sctc_E1R1_0m_I4_STL1	Exp	103530625	1	1171944	8.015069	6.068907	0.011320
sctc_E1R1_0m_I4_CTT1	Exp	103530625	5	1100913	8.015069	6.041753	0.010634
sctc_E1R1_10m_I1_STL1	Exp	103530625	1	947122	8.015069	5.976406	0.009148
sctc_E1R1_10m_I1_CTT1	Exp	103530625	5	957149	8.015069	5.980980	0.009245
sctc_E1R1_10m_I2_STL1	Exp	103530625	1	1249017	8.015069	6.096568	0.012064
sctc_E1R1_10m_I2_CTT1	Exp	103530625	5	1186596	8.015069	6.074303	0.011461
sctc_E1R1_10m_I3_STL1	Exp	103530625	1	1131257	8.015069	6.053561	0.010927
sctc_E1R1_10m_I3_CTT1	Exp	103530625	5	1073484	8.015069	6.030796	0.010369
sctc_E1R1_10m_I4_STL1	Exp	103530625	1	1015066	8.015069	6.006494	0.009804
sctc_E1R1_10m_I4_CTT1	Exp	103530625	5	934201	8.015069	5.970440	0.009023
sctc_E1R1_15m_I1_STL1	Exp	103530625	1	800472	8.015069	5.903346	0.007732
sctc_E1R1_15m_I1_CTT1	Exp	103530625	5	826858	8.015069	5.917431	0.007987
sctc_E1R1_15m_I2_STL1	Exp	103530625	1	634993	8.015069	5.802769	0.006133
sctc_E1R1_15m_I2_CTT1	Exp	103530625	5	748954	8.015069	5.874455	0.007234
sctc_E1R1_15m_I3_STL1	Exp	103530625	1	831015	8.015069	5.919609	0.008027
sctc_E1R1_15m_I3_CTT1	Exp	103530625	5	929137	8.015069	5.968080	0.008975
sctc_E1R1_15m_I4_STL1	Exp	103530625	1	856603	8.015069	5.932780	0.008274
sctc_E1R1_15m_I4_CTT1	Exp	103530625	5	946216	8.015069	5.975990	0.009139
sctc_E1R1_1m_I1_STL1	Exp	132519200	1	2050967	8.122279	6.311959	0.015477
sctc_E1R1_1m_I1_CTT1	Exp	132519200	5	1718502	8.122279	6.235150	0.012968
sctc_E1R1_1m_I2_STL1	Exp	132519200	1	2387649	8.122279	6.377970	0.018017
sctc_E1R1_1m_I2_CTT1	Exp	132519200	5	1805293	8.122279	6.256548	0.013623
sctc_E1R1_1m_I3_STL1	Exp	132519200	1	1638555	8.122279	6.214461	0.012365
sctc_E1R1_1m_I3_CTT1	Exp	132519200	5	1483189	8.122279	6.171196	0.011192
sctc_E1R1_1m_I4_STL1	Exp	132519200	1	2193320	8.122279	6.341102	0.016551
sctc_E1R1_1m_I4_CTT1	Exp	132519200	5	1762444	8.122279	6.246115	0.013300
sctc_E1R1_20m_I1_STL1	Exp	103530625	1	705346	8.015069	5.848402	0.006813
sctc_E1R1_20m_I1_CTT1	Exp	103530625	5	944895	8.015069	5.975384	0.009127
sctc_E1R1_20m_I2_STL1	Exp	103530625	1	928374	8.015069	5.967723	0.008967
sctc_E1R1_20m_I2_CTT1	Exp	103530625	5	1035482	8.015069	6.015143	0.010002
sctc_E1R1_20m_I3_STL1	Exp	103530625	1	856890	8.015069	5.932925	0.008277
sctc_E1R1_20m_I3_CTT1	Exp	103530625	5	1065561	8.015069	6.027578	0.010292
sctc_E1R1_20m_I4_STL1	Exp	103530625	1	727218	8.015069	5.861665	0.007024
sctc_E1R1_20m_I4_CTT1	Exp	103530625	5	961688	8.015069	5.983034	0.009289
sctc_E1R1_25m_I1_STL1	Exp	103530625	1	1118496	8.015069	6.048634	0.010804
sctc_E1R1_25m_I1_CTT1	Exp	103530625	5	1339714	8.015069	6.127012	0.012940
sctc_E1R1_25m_I2_STL1	Exp	103530625	1	1212344	8.015069	6.083626	0.011710
sctc_E1R1_25m_I2_CTT1	Exp	103530625	5	1377107	8.015069	6.138968	0.013301
sctc_E1R1_25m_I3_STL1	Exp	103530625	1	1313797	8.015069	6.118528	0.012690
sctc_E1R1_25m_I3_CTT1	Exp	103530625	5	1398465	8.015069	6.145652	0.013508
sctc_E1R1_25m_I4_STL1	Exp	103530625	1	1291144	8.015069	6.110975	0.012471
sctc_E1R1_25m_I4_CTT1	Exp	103530625	5	1376070	8.015069	6.138641	0.013291
sctc_E1R1_2m_I1_STL1	Exp	103530625	1	1889356	8.015069	6.276314	0.018249
sctc_E1R1_2m_I1_CTT1	Exp	103530625	5	1448310	8.015069	6.160862	0.013989
sctc_E1R1_2m_I2_STL1	Exp	103530625	1	1884323	8.015069	6.275155	0.018201
sctc_E1R1_2m_I2_CTT1	Exp	103530625	5	1442983	8.015069	6.159261	0.013938
sctc_E1R1_2m_I3_STL1	Exp	103530625	1	1899233	8.015069	6.278578	0.018345
sctc_E1R1_2m_I3_CTT1	Exp	103530625	5	1469402	8.015069	6.167141	0.014193
sctc_E1R1_2m_I4_STL1	Exp	103530625	1	1635262	8.015069	6.213587	0.015795
sctc_E1R1_2m_I4_CTT1	Exp	103530625	5	1369904	8.015069	6.136690	0.013232
sctc_E1R1_30m_I1_STL1	Exp	103530625	1	730627	8.015069	5.863696	0.007057
sctc_E1R1_30m_I1_CTT1	Exp	103530625	5	1139527	8.015069	6.056725	0.011007
sctc_E1R1_30m_I2_STL1	Exp	103530625	1	734434	8.015069	5.865953	0.007094
sctc_E1R1_30m_I2_CTT1	Exp	103530625	5	1112030	8.015069	6.046117	0.010741
sctc_E1R1_30m_I3_STL1	Exp	103530625	1	743400	8.015069	5.871223	0.007180
sctc_E1R1_30m_I3_CTT1	Exp	103530625	5	1101933	8.015069	6.042155	0.010644
sctc_E1R1_30m_I4_STL1	Exp	103530625	1	623163	8.015069	5.794602	0.006019
sctc_E1R1_30m_I4_CTT1	Exp	103530625	5	1029466	8.015069	6.012612	0.009944
sctc_E1R1_35m_I1_STL1	Exp	103530625	1	1604723	8.015069	6.205400	0.015500
sctc_E1R1_35m_I1_CTT1	Exp	103530625	5	1453393	8.015069	6.162383	0.014038
sctc_E1R1_35m_I2_STL1	Exp	103530625	1	1604260	8.015069	6.205275	0.015496
sctc_E1R1_35m_I2_CTT1	Exp	103530625	5	1463351	8.015069	6.165349	0.014134
sctc_E1R1_35m_I3_STL1	Exp	103530625	1	1604430	8.015069	6.205321	0.015497
sctc_E1R1_35m_I3_CTT1	Exp	103530625	5	1432900	8.015069	6.156216	0.013840
sctc_E1R1_35m_I4_STL1	Exp	103530625	1	1605751	8.015069	6.205678	0.015510
sctc_E1R1_35m_I4_CTT1	Exp	103530625	5	1421853	8.015069	6.152855	0.013734
sctc_E1R1_40m_I1_STL1	Exp	103530625	1	1611219	8.015069	6.207155	0.015563
sctc_E1R1_40m_I1_CTT1	Exp	103530625	5	1437919	8.015069	6.157734	0.013889
sctc_E1R1_40m_I2_STL1	Exp	103530625	1	1701255	8.015069	6.230769	0.016432
sctc_E1R1_40m_I2_CTT1	Exp	103530625	5	1402483	8.015069	6.146898	0.013547
sctc_E1R1_40m_I3_STL1	Exp	103530625	1	1248310	8.015069	6.096322	0.012057
sctc_E1R1_40m_I3_CTT1	Exp	103530625	5	1319691	8.015069	6.120472	0.012747
sctc_E1R1_40m_I4_STL1	Exp	103530625	1	1257120	8.015069	6.099377	0.012142
sctc_E1R1_40m_I4_CTT1	Exp	103530625	5	1286949	8.015069	6.109561	0.012431
sctc_E1R1_45m_I1_STL1	Exp	103530625	1	1330751	8.015069	6.124097	0.012854
sctc_E1R1_45m_I1_CTT1	Exp	103530625	5	1323341	8.015069	6.121672	0.012782
sctc_E1R1_45m_I2_STL1	Exp	103530625	1	1146654	8.015069	6.059432	0.011076
sctc_E1R1_45m_I2_CTT1	Exp	103530625	5	1189961	8.015069	6.075533	0.011494
sctc_E1R1_45m_I3_STL1	Exp	103530625	1	1219520	8.015069	6.086189	0.011779
sctc_E1R1_45m_I3_CTT1	Exp	103530625	5	1304340	8.015069	6.115391	0.012599
sctc_E1R1_45m_I4_STL1	Exp	103530625	1	1268752	8.015069	6.103377	0.012255
sctc_E1R1_45m_I4_CTT1	Exp	103530625	5	1317450	8.015069	6.119734	0.012725
sctc_E1R1_4m_I1_STL1	Exp	132519200	1	2089020	8.122279	6.319943	0.015764
sctc_E1R1_4m_I1_CTT1	Exp	132519200	5	1703047	8.122279	6.231227	0.012851
sctc_E1R1_4m_I2_STL1	Exp	115954300	1	1870906	8.064287	6.272052	0.016135
sctc_E1R1_4m_I2_CTT1	Exp	115954300	5	1517206	8.064287	6.181045	0.013085
sctc_E1R1_4m_I3_STL1	Exp	132519200	1	2046044	8.122279	6.310915	0.015440
sctc_E1R1_4m_I3_CTT1	Exp	132519200	5	1710929	8.122279	6.233232	0.012911
sctc_E1R1_4m_I4_STL1	Exp	132519200	1	2258631	8.122279	6.353845	0.017044
sctc_E1R1_4m_I4_CTT1	Exp	132519200	5	1787983	8.122279	6.252363	0.013492
sctc_E1R1_50m_I1_STL1	Exp	103530625	1	1713356	8.015069	6.233848	0.016549
sctc_E1R1_50m_I1_CTT1	Exp	103530625	5	1413408	8.015069	6.150268	0.013652
sctc_E1R1_50m_I2_STL1	Exp	103530625	1	1461601	8.015069	6.164829	0.014118
sctc_E1R1_50m_I2_CTT1	Exp	103530625	5	1390857	8.015069	6.143282	0.013434
sctc_E1R1_50m_I3_STL1	Exp	103530625	1	1528797	8.015069	6.184350	0.014767
sctc_E1R1_50m_I3_CTT1	Exp	103530625	5	1394563	8.015069	6.144438	0.013470
sctc_E1R1_55m_I1_STL1	Exp	103530625	1	1239430	8.015069	6.093222	0.011972
sctc_E1R1_55m_I1_CTT1	Exp	103530625	5	1334614	8.015069	6.125356	0.012891
sctc_E1R1_55m_I2_STL1	Exp	103530625	1	1055228	8.015069	6.023346	0.010192
sctc_E1R1_55m_I2_CTT1	Exp	103530625	5	1221737	8.015069	6.086978	0.011801
sctc_E1R1_55m_I3_STL1	Exp	103530625	1	1146297	8.015069	6.059297	0.011072
sctc_E1R1_55m_I3_CTT1	Exp	103530625	5	1247326	8.015069	6.095980	0.012048
sctc_E1R1_55m_I4_STL1	Exp	103530625	1	1212902	8.015069	6.083826	0.011715
sctc_E1R1_55m_I4_CTT1	Exp	103530625	5	1317052	8.015069	6.119603	0.012721
sctc_E1R1_6m_I1_STL1	Exp	103530625	1	1933224	8.015069	6.286282	0.018673
sctc_E1R1_6m_I1_CTT1	Exp	103530625	5	1352731	8.015069	6.131211	0.013066
sctc_E1R1_6m_I2_STL1	Exp	103530625	1	2037775	8.015069	6.309156	0.019683
sctc_E1R1_6m_I2_CTT1	Exp	103530625	5	1397875	8.015069	6.145468	0.013502
sctc_E1R1_6m_I3_STL1	Exp	103530625	1	1121206	8.015069	6.049685	0.010830
sctc_E1R1_6m_I3_CTT1	Exp	103530625	5	1243674	8.015069	6.094707	0.012013
sctc_E1R1_6m_I4_STL1	Exp	103530625	1	1175671	8.015069	6.070286	0.011356
sctc_E1R1_6m_I4_CTT1	Exp	103530625	5	1145641	8.015069	6.059049	0.011066
sctc_E1R1_8m_I1_STL1	Exp	103530625	1	703753	8.015069	5.847420	0.006798
sctc_E1R1_8m_I1_CTT1	Exp	103530625	5	804288	8.015069	5.905412	0.007769
sctc_E1R1_8m_I2_STL1	Exp	103530625	1	775127	8.015069	5.889373	0.007487
sctc_E1R1_8m_I2_CTT1	Exp	103530625	5	878834	8.015069	5.943907	0.008489
sctc_E1R1_8m_I3_STL1	Exp	103530625	1	767061	8.015069	5.884830	0.007409
sctc_E1R1_8m_I3_CTT1	Exp	103530625	5	852054	8.015069	5.930467	0.008230
sctc_E1R1_8m_I4_STL1	Exp	103530625	1	699355	8.015069	5.844698	0.006755
sctc_E1R1_8m_I4_CTT1	Exp	103530625	5	814804	8.015069	5.911053	0.007870
sctc_E1R2_0m_I1_STL1	Exp	86965725	10	123353	7.939348	5.091150	0.001418
sctc_E1R2_0m_I1_CTT1	Exp	86965725	10	1051392	7.939348	6.021765	0.012090
sctc_E1R2_0m_I2_STL1	Exp	86965725	10	131776	7.939348	5.119836	0.001515
sctc_E1R2_0m_I2_CTT1	Exp	86965725	10	1068533	7.939348	6.028788	0.012287
sctc_E1R2_0m_I3_STL1	Exp	86965725	10	103673	7.939348	5.015666	0.001192
sctc_E1R2_0m_I3_CTT1	Exp	86965725	10	1172570	7.939348	6.069139	0.013483
sctc_E1R2_0m_I4_STL1	Exp	86965725	10	94749	7.939348	4.976575	0.001089
sctc_E1R2_0m_I4_CTT1	Exp	86965725	10	1221554	7.939348	6.086913	0.014046
sctc_E1R2_10m_I1_STL1	Exp	86965725	10	76572	7.939348	4.884070	0.000880
sctc_E1R2_10m_I1_CTT1	Exp	86965725	10	847933	7.939348	5.928362	0.009750
sctc_E1R2_10m_I2_STL1	Exp	86965725	10	104765	7.939348	5.020216	0.001205
sctc_E1R2_10m_I2_CTT1	Exp	86965725	10	421532	7.939348	5.624831	0.004847
sctc_E1R2_10m_I3_STL1	Exp	86965725	10	87709	7.939348	4.943044	0.001009
sctc_E1R2_10m_I3_CTT1	Exp	86965725	10	660117	7.939348	5.819621	0.007591
sctc_E1R2_10m_I4_STL1	Exp	86965725	10	117728	7.939348	5.070880	0.001354
sctc_E1R2_10m_I4_CTT1	Exp	86965725	10	724641	7.939348	5.860123	0.008332
sctc_E1R2_15m_I1_STL1	Exp	86965725	10	197208	7.939348	5.294925	0.002268
sctc_E1R2_15m_I1_CTT1	Exp	86965725	10	780877	7.939348	5.892583	0.008979
sctc_E1R2_15m_I2_STL1	Exp	86965725	10	173290	7.939348	5.238774	0.001993
sctc_E1R2_15m_I2_CTT1	Exp	86965725	10	893921	7.939348	5.951299	0.010279
sctc_E1R2_15m_I3_STL1	Exp	86965725	10	268727	7.939348	5.429311	0.003090
sctc_E1R2_15m_I3_CTT1	Exp	86965725	10	914560	7.939348	5.961212	0.010516
sctc_E1R2_15m_I4_STL1	Exp	86965725	10	147490	7.939348	5.168763	0.001696
sctc_E1R2_15m_I4_CTT1	Exp	86965725	10	890536	7.939348	5.949651	0.010240
sctc_E1R2_1m_I1_STL1	Exp	86965725	10	121776	7.939348	5.085562	0.001400
sctc_E1R2_1m_I1_CTT1	Exp	86965725	10	1132058	7.939348	6.053869	0.013017
sctc_E1R2_1m_I2_STL1	Exp	86965725	10	122332	7.939348	5.087540	0.001407
sctc_E1R2_1m_I2_CTT1	Exp	86965725	10	1164481	7.939348	6.066132	0.013390
sctc_E1R2_1m_I3_STL1	Exp	86965725	10	107534	7.939348	5.031546	0.001237
sctc_E1R2_1m_I3_CTT1	Exp	86965725	10	1234197	7.939348	6.091384	0.014192
sctc_E1R2_1m_I4_STL1	Exp	86965725	10	101548	7.939348	5.006671	0.001168
sctc_E1R2_1m_I4_CTT1	Exp	86965725	10	1198861	7.939348	6.078769	0.013785
sctc_E1R2_20m_I1_STL1	Exp	86965725	10	297153	7.939348	5.472980	0.003417
sctc_E1R2_20m_I1_CTT1	Exp	86965725	10	791348	7.939348	5.898368	0.009100
sctc_E1R2_20m_I2_STL1	Exp	86965725	10	322147	7.939348	5.508054	0.003704
sctc_E1R2_20m_I2_CTT1	Exp	86965725	10	852536	7.939348	5.930713	0.009803
sctc_E1R2_20m_I3_STL1	Exp	86965725	10	320787	7.939348	5.506217	0.003689
sctc_E1R2_20m_I3_CTT1	Exp	86965725	10	930116	7.939348	5.968537	0.010695
sctc_E1R2_20m_I4_STL1	Exp	86965725	10	286368	7.939348	5.456924	0.003293
sctc_E1R2_20m_I4_CTT1	Exp	86965725	10	859492	7.939348	5.934242	0.009883
sctc_E1R2_25m_I1_STL1	Exp	86965725	10	87389	7.939348	4.941457	0.001005
sctc_E1R2_25m_I1_CTT1	Exp	86965725	10	1331554	7.939348	6.124359	0.015311
sctc_E1R2_25m_I2_STL1	Exp	86965725	10	86353	7.939348	4.936277	0.000993
sctc_E1R2_25m_I2_CTT1	Exp	86965725	10	1369134	7.939348	6.136446	0.015743
sctc_E1R2_25m_I3_STL1	Exp	86965725	10	69389	7.939348	4.841291	0.000798
sctc_E1R2_25m_I3_CTT1	Exp	86965725	10	1392680	7.939348	6.143851	0.016014
sctc_E1R2_25m_I4_STL1	Exp	86965725	10	69937	7.939348	4.844707	0.000804
sctc_E1R2_25m_I4_CTT1	Exp	86965725	10	1373783	7.939348	6.137918	0.015797
sctc_E1R2_2m_I1_STL1	Exp	86965725	10	155741	7.939348	5.192403	0.001791
sctc_E1R2_2m_I1_CTT1	Exp	86965725	10	1155538	7.939348	6.062784	0.013287
sctc_E1R2_2m_I2_STL1	Exp	86965725	10	152518	7.939348	5.183321	0.001754
sctc_E1R2_2m_I2_CTT1	Exp	86965725	10	1189839	7.939348	6.075488	0.013682
sctc_E1R2_2m_I3_STL1	Exp	86965725	10	98915	7.939348	4.995262	0.001137
sctc_E1R2_2m_I3_CTT1	Exp	86965725	10	1300929	7.939348	6.114254	0.014959
sctc_E1R2_2m_I4_STL1	Exp	86965725	10	137951	7.939348	5.139725	0.001586
sctc_E1R2_2m_I4_CTT1	Exp	86965725	10	1197212	7.939348	6.078171	0.013766
sctc_E1R2_30m_I1_STL1	Exp	86965725	10	56490	7.939348	4.751972	0.000650
sctc_E1R2_30m_I1_CTT1	Exp	86965725	10	1326334	7.939348	6.122653	0.015251
sctc_E1R2_30m_I2_STL1	Exp	86965725	10	45999	7.939348	4.662748	0.000529
sctc_E1R2_30m_I2_CTT1	Exp	86965725	10	1346666	7.939348	6.129260	0.015485
sctc_E1R2_30m_I3_STL1	Exp	86965725	10	45911	7.939348	4.661917	0.000528
sctc_E1R2_30m_I3_CTT1	Exp	86965725	10	1330734	7.939348	6.124091	0.015302
sctc_E1R2_30m_I4_STL1	Exp	86965725	10	34994	7.939348	4.543994	0.000402
sctc_E1R2_30m_I4_CTT1	Exp	86965725	10	1377213	7.939348	6.139001	0.015836
sctc_E1R2_30m_I7_STL1	Exp	86965725	10	34990	7.939348	4.543944	0.000402
sctc_E1R2_30m_I7_CTT1	Exp	86965725	10	1373037	7.939348	6.137682	0.015788
sctc_E1R2_35m_I1_STL1	Exp	86965725	10	131798	7.939348	5.119909	0.001516
sctc_E1R2_35m_I1_CTT1	Exp	86965725	10	1124733	7.939348	6.051049	0.012933
sctc_E1R2_35m_I2_STL1	Exp	86965725	10	134707	7.939348	5.129390	0.001549
sctc_E1R2_35m_I2_CTT1	Exp	86965725	10	1151779	7.939348	6.061369	0.013244
sctc_E1R2_35m_I3_STL1	Exp	86965725	10	98036	7.939348	4.991386	0.001127
sctc_E1R2_35m_I3_CTT1	Exp	86965725	10	1265196	7.939348	6.102158	0.014548
sctc_E1R2_35m_I4_STL1	Exp	86965725	10	100000	7.939348	5.000000	0.001150
sctc_E1R2_35m_I4_CTT1	Exp	86965725	10	1242883	7.939348	6.094430	0.014292
sctc_E1R2_40m_I1_STL1	Exp	86965725	10	72716	7.939348	4.861630	0.000836
sctc_E1R2_40m_I1_CTT1	Exp	86965725	10	1308352	7.939348	6.116725	0.015044
sctc_E1R2_40m_I2_STL1	Exp	86965725	10	95828	7.939348	4.981492	0.001102
sctc_E1R2_40m_I2_CTT1	Exp	86965725	10	1272124	7.939348	6.104529	0.014628
sctc_E1R2_40m_I3_STL1	Exp	86965725	10	105196	7.939348	5.021999	0.001210
sctc_E1R2_40m_I3_CTT1	Exp	86965725	10	1275693	7.939348	6.105746	0.014669
sctc_E1R2_40m_I4_STL1	Exp	86965725	10	103119	7.939348	5.013339	0.001186
sctc_E1R2_40m_I4_CTT1	Exp	86965725	10	1249745	7.939348	6.096821	0.014371
sctc_E1R2_45m_I1_STL1	Exp	86965725	10	43648	7.939348	4.639964	0.000502
sctc_E1R2_45m_I1_CTT1	Exp	86965725	10	1278570	7.939348	6.106725	0.014702
sctc_E1R2_45m_I2_STL1	Exp	86965725	10	54764	7.939348	4.738495	0.000630
sctc_E1R2_45m_I2_CTT1	Exp	86965725	10	1306626	7.939348	6.116151	0.015025
sctc_E1R2_45m_I3_STL1	Exp	86965725	10	52871	7.939348	4.723218	0.000608
sctc_E1R2_45m_I3_CTT1	Exp	86965725	10	1326065	7.939348	6.122565	0.015248
sctc_E1R2_45m_I4_STL1	Exp	86965725	10	51892	7.939348	4.715100	0.000597
sctc_E1R2_45m_I4_CTT1	Exp	86965725	10	1348208	7.939348	6.129757	0.015503
sctc_E1R2_4m_I1_STL1	Exp	86965725	10	81898	7.939348	4.913273	0.000942
sctc_E1R2_4m_I1_CTT1	Exp	86965725	10	1060878	7.939348	6.025665	0.012199
sctc_E1R2_4m_I2_STL1	Exp	86965725	10	120778	7.939348	5.081988	0.001389
sctc_E1R2_4m_I2_CTT1	Exp	86965725	10	1020859	7.939348	6.008966	0.011739
sctc_E1R2_4m_I3_STL1	Exp	86965725	10	110544	7.939348	5.043535	0.001271
sctc_E1R2_4m_I3_CTT1	Exp	86965725	10	1260063	7.939348	6.100392	0.014489
sctc_E1R2_4m_I4_STL1	Exp	86965725	10	84252	7.939348	4.925580	0.000969
sctc_E1R2_4m_I4_CTT1	Exp	86965725	10	1299507	7.939348	6.113779	0.014943
sctc_E1R2_50m_I1_STL1	Exp	86965725	10	28848	7.939348	4.460116	0.000332
sctc_E1R2_50m_I1_CTT1	Exp	86965725	10	1392722	7.939348	6.143864	0.016015
sctc_E1R2_50m_I2_STL1	Exp	86965725	10	39074	7.939348	4.591888	0.000449
sctc_E1R2_50m_I2_CTT1	Exp	86965725	10	1366651	7.939348	6.135658	0.015715
sctc_E1R2_50m_I3_STL1	Exp	86965725	10	31820	7.939348	4.502700	0.000366
sctc_E1R2_50m_I3_CTT1	Exp	86965725	10	1392324	7.939348	6.143740	0.016010
sctc_E1R2_55m_I1_STL1	Exp	86965725	10	60444	7.939348	4.781353	0.000695
sctc_E1R2_55m_I1_CTT1	Exp	86965725	10	1220663	7.939348	6.086596	0.014036
sctc_E1R2_55m_I2_STL1	Exp	86965725	10	82293	7.939348	4.915363	0.000946
sctc_E1R2_55m_I2_CTT1	Exp	86965725	10	1188776	7.939348	6.075100	0.013669
sctc_E1R2_55m_I3_STL1	Exp	86965725	10	85256	7.939348	4.930725	0.000980
sctc_E1R2_55m_I3_CTT1	Exp	86965725	10	1181534	7.939348	6.072446	0.013586
sctc_E1R2_55m_I4_STL1	Exp	86965725	10	71866	7.939348	4.856523	0.000826
sctc_E1R2_55m_I4_CTT1	Exp	86965725	10	1260344	7.939348	6.100489	0.014492
sctc_E1R2_6m_I1_STL1	Exp	86965725	10	109157	7.939348	5.038052	0.001255
sctc_E1R2_6m_I1_CTT1	Exp	86965725	10	1033137	7.939348	6.014158	0.011880
sctc_E1R2_6m_I2_STL1	Exp	86965725	10	135733	7.939348	5.132685	0.001561
sctc_E1R2_6m_I2_CTT1	Exp	86965725	10	863506	7.939348	5.936265	0.009929
sctc_E1R2_6m_I3_STL1	Exp	86965725	10	140202	7.939348	5.146754	0.001612
sctc_E1R2_6m_I3_CTT1	Exp	86965725	10	882071	7.939348	5.945504	0.010143
sctc_E1R2_6m_I4_STL1	Exp	86965725	10	136484	7.939348	5.135082	0.001569
sctc_E1R2_6m_I4_CTT1	Exp	86965725	10	911703	7.939348	5.959853	0.010483
sctc_E1R2_8m_I1_STL1	Exp	86965725	10	71461	7.939348	4.854069	0.000822
sctc_E1R2_8m_I1_CTT1	Exp	86965725	10	1031592	7.939348	6.013508	0.011862
sctc_E1R2_8m_I2_STL1	Exp	86965725	10	101246	7.939348	5.005378	0.001164
sctc_E1R2_8m_I2_CTT1	Exp	86965725	10	999626	7.939348	5.999838	0.011494
sctc_E1R2_8m_I3_STL1	Exp	86965725	10	98669	7.939348	4.994181	0.001135
sctc_E1R2_8m_I3_CTT1	Exp	86965725	10	1012918	7.939348	6.005574	0.011647
sctc_E1R2_8m_I4_STL1	Exp	86965725	10	106732	7.939348	5.028295	0.001227
sctc_E1R2_8m_I4_CTT1	Exp	86965725	10	1083977	7.939348	6.035020	0.012464
sctc_E2R1_0m_I1_STL1	Exp	86965725	10	99370	7.939348	4.997255	0.001143
sctc_E2R1_0m_I1_CTT1	Exp	86965725	10	1208366	7.939348	6.082198	0.013895
sctc_E2R1_0m_I2_STL1	Exp	86965725	10	92661	7.939348	4.966897	0.001065
sctc_E2R1_0m_I2_CTT1	Exp	86965725	10	1245233	7.939348	6.095251	0.014319
sctc_E2R1_0m_I3_STL1	Exp	86965725	10	55277	7.939348	4.742544	0.000636
sctc_E2R1_0m_I3_CTT1	Exp	86965725	10	1314903	7.939348	6.118894	0.015120
sctc_E2R1_0m_I4_STL1	Exp	86965725	10	62050	7.939348	4.792742	0.000713
sctc_E2R1_0m_I4_CTT1	Exp	86965725	10	1335583	7.939348	6.125671	0.015358
sctc_E2R1_10m_I1_STL1	Exp	86965725	10	85956	7.939348	4.934276	0.000988
sctc_E2R1_10m_I1_CTT1	Exp	86965725	10	131522	7.939348	5.118998	0.001512
sctc_E2R1_10m_I2_STL1	Exp	86965725	10	89028	7.939348	4.949527	0.001024
sctc_E2R1_10m_I2_CTT1	Exp	86965725	10	178996	7.939348	5.252843	0.002058
sctc_E2R1_10m_I3_STL1	Exp	86965725	10	138616	7.939348	5.141813	0.001594
sctc_E2R1_10m_I3_CTT1	Exp	86965725	10	180244	7.939348	5.255861	0.002073
sctc_E2R1_10m_I4_STL1	Exp	86965725	10	149970	7.939348	5.176004	0.001724
sctc_E2R1_10m_I4_CTT1	Exp	86965725	10	294937	7.939348	5.469729	0.003391
sctc_E2R1_15m_I1_STL1	Exp	86965725	10	179964	7.939348	5.255186	0.002069
sctc_E2R1_15m_I1_CTT1	Exp	86965725	10	297112	7.939348	5.472920	0.003416
sctc_E2R1_15m_I2_STL1	Exp	86965725	10	197966	7.939348	5.296591	0.002276
sctc_E2R1_15m_I2_CTT1	Exp	86965725	10	219195	7.939348	5.340831	0.002520
sctc_E2R1_15m_I3_STL1	Exp	86965725	10	242877	7.939348	5.385386	0.002793
sctc_E2R1_15m_I3_CTT1	Exp	86965725	10	308369	7.939348	5.489071	0.003546
sctc_E2R1_15m_I4_STL1	Exp	86965725	10	100099	7.939348	5.000430	0.001151
sctc_E2R1_15m_I4_CTT1	Exp	86965725	10	163189	7.939348	5.212691	0.001876
sctc_E2R1_15m_I5_STL1	Exp	91106950	10	190039	7.959552	5.278843	0.002086
sctc_E2R1_15m_I5_CTT1	Exp	91106950	10	283461	7.959552	5.452493	0.003111
sctc_E2R1_15m_I6_STL1	Exp	86965725	10	240523	7.939348	5.381157	0.002766
sctc_E2R1_15m_I6_CTT1	Exp	86965725	10	912711	7.939348	5.960333	0.010495
sctc_E2R1_15m_I7_STL1	Exp	86965725	10	75745	7.939348	4.879354	0.000871
sctc_E2R1_15m_I7_CTT1	Exp	86965725	10	178243	7.939348	5.251012	0.002050
sctc_E2R1_15m_I8_STL1	Exp	86965725	10	308863	7.939348	5.489766	0.003552
sctc_E2R1_15m_I8_CTT1	Exp	86965725	10	918051	7.939348	5.962867	0.010556
sctc_E2R1_15m_I9_STL1	Exp	91106950	10	181223	7.959552	5.258213	0.001989
sctc_E2R1_15m_I9_CTT1	Exp	91106950	10	256162	7.959552	5.408515	0.002812
sctc_E2R1_1m_I1_STL1	Exp	86965725	10	138179	7.939348	5.140442	0.001589
sctc_E2R1_1m_I1_CTT1	Exp	86965725	10	1194219	7.939348	6.077084	0.013732
sctc_E2R1_1m_I2_STL1	Exp	86965725	10	54570	7.939348	4.736954	0.000627
sctc_E2R1_1m_I2_CTT1	Exp	86965725	10	1348668	7.939348	6.129905	0.015508
sctc_E2R1_1m_I3_STL1	Exp	86965725	10	167519	7.939348	5.224064	0.001926
sctc_E2R1_1m_I3_CTT1	Exp	86965725	10	1087067	7.939348	6.036256	0.012500
sctc_E2R1_1m_I4_STL1	Exp	86965725	10	190186	7.939348	5.279179	0.002187
sctc_E2R1_1m_I4_CTT1	Exp	86965725	10	1097683	7.939348	6.040477	0.012622
sctc_E2R1_1m_I5_STL1	Exp	86965725	10	146908	7.939348	5.167045	0.001689
sctc_E2R1_1m_I5_CTT1	Exp	86965725	10	1165877	7.939348	6.066653	0.013406
sctc_E2R1_1m_I6_STL1	Exp	86965725	10	70769	7.939348	4.849843	0.000814
sctc_E2R1_1m_I6_CTT1	Exp	86965725	10	1264597	7.939348	6.101952	0.014541
sctc_E2R1_20m_I1_STL1	Exp	86965725	10	331576	7.939348	5.520583	0.003813
sctc_E2R1_20m_I1_CTT1	Exp	86965725	10	490495	7.939348	5.690635	0.005640
sctc_E2R1_20m_I2_STL1	Exp	86965725	10	417954	7.939348	5.621128	0.004806
sctc_E2R1_20m_I2_CTT1	Exp	86965725	10	443689	7.939348	5.647079	0.005102
sctc_E2R1_20m_I3_STL1	Exp	86965725	10	429783	7.939348	5.633249	0.004942
sctc_E2R1_20m_I3_CTT1	Exp	86965725	10	480115	7.939348	5.681345	0.005521
sctc_E2R1_20m_I4_STL1	Exp	86965725	10	318436	7.939348	5.503022	0.003662
sctc_E2R1_20m_I4_CTT1	Exp	86965725	10	452305	7.939348	5.655431	0.005201
sctc_E2R1_20m_I5_STL1	Exp	86965725	10	333375	7.939348	5.522933	0.003833
sctc_E2R1_20m_I5_CTT1	Exp	86965725	10	397082	7.939348	5.598880	0.004566
sctc_E2R1_25m_I1_STL1	Exp	86965725	10	218904	7.939348	5.340254	0.002517
sctc_E2R1_25m_I1_CTT1	Exp	86965725	10	207620	7.939348	5.317269	0.002387
sctc_E2R1_25m_I2_STL1	Exp	86965725	10	354471	7.939348	5.549581	0.004076
sctc_E2R1_25m_I2_CTT1	Exp	86965725	10	444808	7.939348	5.648173	0.005115
sctc_E2R1_25m_I3_STL1	Exp	86965725	10	352594	7.939348	5.547275	0.004054
sctc_E2R1_25m_I3_CTT1	Exp	86965725	10	445216	7.939348	5.648571	0.005119
sctc_E2R1_25m_I4_STL1	Exp	86965725	10	390434	7.939348	5.591548	0.004490
sctc_E2R1_25m_I4_CTT1	Exp	86965725	10	498097	7.939348	5.697314	0.005728
sctc_E2R1_2m_I1_STL1	Exp	86965725	10	58987	7.939348	4.770756	0.000678
sctc_E2R1_2m_I1_CTT1	Exp	86965725	10	1330231	7.939348	6.123927	0.015296
sctc_E2R1_2m_I2_STL1	Exp	86965725	10	70051	7.939348	4.845414	0.000806
sctc_E2R1_2m_I2_CTT1	Exp	86965725	10	1333236	7.939348	6.124907	0.015331
sctc_E2R1_2m_I3_STL1	Exp	86965725	10	145135	7.939348	5.161772	0.001669
sctc_E2R1_2m_I3_CTT1	Exp	86965725	10	1197597	7.939348	6.078311	0.013771
sctc_E2R1_2m_I4_STL1	Exp	86965725	10	74518	7.939348	4.872261	0.000857
sctc_E2R1_2m_I4_CTT1	Exp	86965725	10	1326492	7.939348	6.122705	0.015253
sctc_E2R1_30m_I1_STL1	Exp	86965725	10	228999	7.939348	5.359834	0.002633
sctc_E2R1_30m_I1_CTT1	Exp	86965725	10	1152848	7.939348	6.061772	0.013256
sctc_E2R1_30m_I2_STL1	Exp	86965725	10	234609	7.939348	5.370345	0.002698
sctc_E2R1_30m_I2_CTT1	Exp	86965725	10	1029455	7.939348	6.012607	0.011837
sctc_E2R1_30m_I3_STL1	Exp	86965725	10	159084	7.939348	5.201627	0.001829
sctc_E2R1_30m_I3_CTT1	Exp	86965725	10	1127889	7.939348	6.052266	0.012969
sctc_E2R1_30m_I4_STL1	Exp	86965725	10	195062	7.939348	5.290173	0.002243
sctc_E2R1_30m_I4_CTT1	Exp	86965725	10	1135618	7.939348	6.055232	0.013058
sctc_E2R1_35m_I1_STL1	Exp	86965725	10	111835	7.939348	5.048578	0.001286
sctc_E2R1_35m_I1_CTT1	Exp	86965725	10	1316092	7.939348	6.119286	0.015133
sctc_E2R1_35m_I2_STL1	Exp	86965725	10	174570	7.939348	5.241970	0.002007
sctc_E2R1_35m_I2_CTT1	Exp	86965725	10	1267058	7.939348	6.102796	0.014570
sctc_E2R1_35m_I3_STL1	Exp	86965725	10	129553	7.939348	5.112447	0.001490
sctc_E2R1_35m_I3_CTT1	Exp	86965725	10	1275905	7.939348	6.105818	0.014671
sctc_E2R1_35m_I4_STL1	Exp	86965725	10	130638	7.939348	5.116070	0.001502
sctc_E2R1_35m_I4_CTT1	Exp	86965725	10	1135261	7.939348	6.055096	0.013054
sctc_E2R1_40m_I1_STL1	Exp	86965725	10	100646	7.939348	5.002797	0.001157
sctc_E2R1_40m_I1_CTT1	Exp	86965725	10	1314101	7.939348	6.118629	0.015111
sctc_E2R1_40m_I2_STL1	Exp	86965725	10	90832	7.939348	4.958239	0.001044
sctc_E2R1_40m_I2_CTT1	Exp	86965725	10	1336379	7.939348	6.125930	0.015367
sctc_E2R1_40m_I3_STL1	Exp	86965725	10	83461	7.939348	4.921484	0.000960
sctc_E2R1_40m_I3_CTT1	Exp	86965725	10	1336976	7.939348	6.126124	0.015374
sctc_E2R1_40m_I4_STL1	Exp	86965725	10	98828	7.939348	4.994880	0.001136
sctc_E2R1_40m_I4_CTT1	Exp	86965725	10	1273862	7.939348	6.105122	0.014648
sctc_E2R1_45m_I1_STL1	Exp	86965725	10	72739	7.939348	4.861767	0.000836
sctc_E2R1_45m_I1_CTT1	Exp	86965725	10	1304786	7.939348	6.115539	0.015003
sctc_E2R1_45m_I2_STL1	Exp	86965725	10	97130	7.939348	4.987353	0.001117
sctc_E2R1_45m_I2_CTT1	Exp	86965725	10	1285386	7.939348	6.109034	0.014780
sctc_E2R1_45m_I3_STL1	Exp	86965725	10	121125	7.939348	5.083234	0.001393
sctc_E2R1_45m_I3_CTT1	Exp	86965725	10	1329070	7.939348	6.123548	0.015283
sctc_E2R1_45m_I4_STL1	Exp	86965725	10	109970	7.939348	5.041274	0.001265
sctc_E2R1_45m_I4_CTT1	Exp	86965725	10	1356781	7.939348	6.132510	0.015601
sctc_E2R1_4m_I1_STL1	Exp	86965725	10	54468	7.939348	4.736141	0.000626
sctc_E2R1_4m_I1_CTT1	Exp	86965725	10	1304811	7.939348	6.115548	0.015004
sctc_E2R1_4m_I2_STL1	Exp	86965725	10	32859	7.939348	4.516654	0.000378
sctc_E2R1_4m_I2_CTT1	Exp	86965725	10	1345691	7.939348	6.128945	0.015474
sctc_E2R1_4m_I3_STL1	Exp	86965725	10	35007	7.939348	4.544155	0.000403
sctc_E2R1_4m_I3_CTT1	Exp	86965725	10	1375023	7.939348	6.138310	0.015811
sctc_E2R1_4m_I4_STL1	Exp	86965725	10	56501	7.939348	4.752056	0.000650
sctc_E2R1_4m_I4_CTT1	Exp	86965725	10	1355340	7.939348	6.132048	0.015585
sctc_E2R1_50m_I1_STL1	Exp	86965725	10	54884	7.939348	4.739446	0.000631
sctc_E2R1_50m_I1_CTT1	Exp	86965725	10	1346393	7.939348	6.129172	0.015482
sctc_E2R1_50m_I2_STL1	Exp	86965725	10	94953	7.939348	4.977509	0.001092
sctc_E2R1_50m_I2_CTT1	Exp	86965725	10	1301324	7.939348	6.114385	0.014964
sctc_E2R1_50m_I3_STL1	Exp	86965725	10	83069	7.939348	4.919439	0.000955
sctc_E2R1_50m_I3_CTT1	Exp	86965725	10	1339864	7.939348	6.127061	0.015407
sctc_E2R1_50m_I4_STL1	Exp	86965725	10	75472	7.939348	4.877786	0.000868
sctc_E2R1_50m_I4_CTT1	Exp	86965725	10	1355489	7.939348	6.132096	0.015586
sctc_E2R1_55m_I1_STL1	Exp	86965725	10	77944	7.939348	4.891783	0.000896
sctc_E2R1_55m_I1_CTT1	Exp	86965725	10	1370466	7.939348	6.136868	0.015759
sctc_E2R1_55m_I2_STL1	Exp	86965725	10	104134	7.939348	5.017593	0.001197
sctc_E2R1_55m_I2_CTT1	Exp	86965725	10	1379174	7.939348	6.139619	0.015859
sctc_E2R1_55m_I3_STL1	Exp	86965725	10	103287	7.939348	5.014046	0.001188
sctc_E2R1_55m_I3_CTT1	Exp	86965725	10	1386993	7.939348	6.142074	0.015949
sctc_E2R1_55m_I4_STL1	Exp	86965725	10	124459	7.939348	5.095026	0.001431
sctc_E2R1_55m_I4_CTT1	Exp	86965725	10	1375489	7.939348	6.138457	0.015816
sctc_E2R1_6m_I1_STL1	Exp	86965725	10	73772	7.939348	4.867892	0.000848
sctc_E2R1_6m_I1_CTT1	Exp	86965725	10	1275096	7.939348	6.105543	0.014662
sctc_E2R1_6m_I2_STL1	Exp	86965725	10	94133	7.939348	4.973742	0.001082
sctc_E2R1_6m_I2_CTT1	Exp	86965725	10	1259728	7.939348	6.100277	0.014485
sctc_E2R1_6m_I3_STL1	Exp	86965725	10	55227	7.939348	4.742151	0.000635
sctc_E2R1_6m_I3_CTT1	Exp	86965725	10	1348856	7.939348	6.129966	0.015510
sctc_E2R1_6m_I4_STL1	Exp	86965725	10	114490	7.939348	5.058768	0.001316
sctc_E2R1_6m_I4_CTT1	Exp	86965725	10	1219211	7.939348	6.086079	0.014019
sctc_E2R1_8m_I1_STL1	Exp	86965725	10	51985	7.939348	4.715878	0.000598
sctc_E2R1_8m_I1_CTT1	Exp	86965725	10	1323788	7.939348	6.121818	0.015222
sctc_E2R1_8m_I2_STL1	Exp	86965725	10	40551	7.939348	4.608002	0.000466
sctc_E2R1_8m_I2_CTT1	Exp	86965725	10	1374953	7.939348	6.138288	0.015810
sctc_E2R1_8m_I3_STL1	Exp	86965725	10	89055	7.939348	4.949658	0.001024
sctc_E2R1_8m_I3_CTT1	Exp	86965725	10	874841	7.939348	5.941929	0.010060
sctc_E2R1_8m_I4_STL1	Exp	86965725	10	80001	7.939348	4.903095	0.000920
sctc_E2R1_8m_I4_CTT1	Exp	86965725	10	1088234	7.939348	6.036722	0.012513
sctc_E2R2_0m_I1_STL1	Exp	86965725	10	23300	7.939348	4.367356	0.000268
sctc_E2R2_0m_I1_CTT1	Exp	86965725	10	1299200	7.939348	6.113676	0.014939
sctc_E2R2_0m_I2_STL1	Exp	86965725	10	22366	7.939348	4.349588	0.000257
sctc_E2R2_0m_I2_CTT1	Exp	86965725	10	1346232	7.939348	6.129120	0.015480
sctc_E2R2_0m_I3_STL1	Exp	86965725	10	22072	7.939348	4.343842	0.000254
sctc_E2R2_0m_I3_CTT1	Exp	86965725	10	1368882	7.939348	6.136366	0.015740
sctc_E2R2_0m_I4_STL1	Exp	86965725	10	20266	7.939348	4.306768	0.000233
sctc_E2R2_0m_I4_CTT1	Exp	86965725	10	1353508	7.939348	6.131461	0.015564
sctc_E2R2_10m_I1_STL1	Exp	86965725	10	87287	7.939348	4.940950	0.001004
sctc_E2R2_10m_I1_CTT1	Exp	86965725	10	1142388	7.939348	6.057814	0.013136
sctc_E2R2_10m_I2_STL1	Exp	86965725	10	79818	7.939348	4.902101	0.000918
sctc_E2R2_10m_I3_STL1	Exp	86965725	10	64922	7.939348	4.812392	0.000747
sctc_E2R2_10m_I3_CTT1	Exp	86965725	10	1268304	7.939348	6.103223	0.014584
sctc_E2R2_10m_I4_STL1	Exp	86965725	10	77113	7.939348	4.887128	0.000887
sctc_E2R2_10m_I4_CTT1	Exp	86965725	10	1273565	7.939348	6.105021	0.014644
sctc_E2R2_10m_I5_STL1	Exp	86965725	10	66019	7.939348	4.819669	0.000759
sctc_E2R2_10m_I5_CTT1	Exp	86965725	10	1336439	7.939348	6.125949	0.015367
sctc_E2R2_15m_I1_STL1	Exp	86965725	10	75860	7.939348	4.880013	0.000872
sctc_E2R2_15m_I1_CTT1	Exp	86965725	10	1152397	7.939348	6.061602	0.013251
sctc_E2R2_15m_I2_STL1	Exp	86965725	10	93463	7.939348	4.970640	0.001075
sctc_E2R2_15m_I2_CTT1	Exp	86965725	10	1136747	7.939348	6.055664	0.013071
sctc_E2R2_15m_I3_STL1	Exp	86965725	10	97158	7.939348	4.987479	0.001117
sctc_E2R2_15m_I3_CTT1	Exp	86965725	10	1162903	7.939348	6.065543	0.013372
sctc_E2R2_15m_I4_STL1	Exp	86965725	10	75616	7.939348	4.878614	0.000869
sctc_E2R2_15m_I4_CTT1	Exp	86965725	10	1206437	7.939348	6.081505	0.013873
sctc_E2R2_1m_I1_STL1	Exp	86965725	10	114229	7.939348	5.057776	0.001313
sctc_E2R2_1m_I1_CTT1	Exp	86965725	10	1025822	7.939348	6.011072	0.011796
sctc_E2R2_1m_I2_STL1	Exp	86965725	10	86770	7.939348	4.938370	0.000998
sctc_E2R2_1m_I2_CTT1	Exp	86965725	10	1091346	7.939348	6.037962	0.012549
sctc_E2R2_1m_I3_STL1	Exp	86965725	10	66397	7.939348	4.822148	0.000763
sctc_E2R2_1m_I3_CTT1	Exp	86965725	10	1228637	7.939348	6.089424	0.014128
sctc_E2R2_1m_I4_STL1	Exp	86965725	10	54951	7.939348	4.739976	0.000632
sctc_E2R2_1m_I4_CTT1	Exp	86965725	10	1291414	7.939348	6.111065	0.014850
sctc_E2R2_1m_I5_STL1	Exp	86965725	10	48318	7.939348	4.684109	0.000556
sctc_E2R2_1m_I5_CTT1	Exp	86965725	10	1296991	7.939348	6.112937	0.014914
sctc_E2R2_20m_I1_STL1	Exp	86965725	10	284148	7.939348	5.453545	0.003267
sctc_E2R2_20m_I1_CTT1	Exp	86965725	10	335897	7.939348	5.526206	0.003862
sctc_E2R2_20m_I2_STL1	Exp	86965725	10	336780	7.939348	5.527346	0.003873
sctc_E2R2_20m_I2_CTT1	Exp	86965725	10	533432	7.939348	5.727079	0.006134
sctc_E2R2_20m_I3_STL1	Exp	86965725	10	368739	7.939348	5.566719	0.004240
sctc_E2R2_20m_I3_CTT1	Exp	86965725	10	683691	7.939348	5.834860	0.007862
sctc_E2R2_20m_I4_STL1	Exp	86965725	10	372490	7.939348	5.571115	0.004283
sctc_E2R2_20m_I4_CTT1	Exp	86965725	10	697075	7.939348	5.843280	0.008016
sctc_E2R2_25m_I1_STL1	Exp	86965725	10	41114	7.939348	4.613990	0.000473
sctc_E2R2_25m_I1_CTT1	Exp	86965725	10	1321149	7.939348	6.120952	0.015192
sctc_E2R2_25m_I2_STL1	Exp	86965725	10	24057	7.939348	4.381241	0.000277
sctc_E2R2_25m_I2_CTT1	Exp	86965725	10	1326916	7.939348	6.122843	0.015258
sctc_E2R2_25m_I3_STL1	Exp	86965725	10	53321	7.939348	4.726898	0.000613
sctc_E2R2_25m_I3_CTT1	Exp	86965725	10	1276678	7.939348	6.106081	0.014680
sctc_E2R2_25m_I4_STL1	Exp	86965725	10	30802	7.939348	4.488579	0.000354
sctc_E2R2_25m_I4_CTT1	Exp	86965725	10	1322583	7.939348	6.121423	0.015208
sctc_E2R2_2m_I1_STL1	Exp	86965725	10	11050	7.939348	4.043362	0.000127
sctc_E2R2_2m_I1_CTT1	Exp	86965725	10	1330442	7.939348	6.123996	0.015298
sctc_E2R2_2m_I2_STL1	Exp	86965725	10	15269	7.939348	4.183811	0.000176
sctc_E2R2_2m_I2_CTT1	Exp	86965725	10	1361331	7.939348	6.133964	0.015654
sctc_E2R2_2m_I3_STL1	Exp	86965725	10	18725	7.939348	4.272422	0.000215
sctc_E2R2_2m_I3_CTT1	Exp	86965725	10	1344451	7.939348	6.128545	0.015460
sctc_E2R2_2m_I4_STL1	Exp	86965725	10	29779	7.939348	4.473910	0.000342
sctc_E2R2_2m_I4_CTT1	Exp	86965725	10	1340116	7.939348	6.127142	0.015410
sctc_E2R2_30m_I1_STL1	Exp	86965725	10	73634	7.939348	4.867078	0.000847
sctc_E2R2_30m_I1_CTT1	Exp	86965725	10	1139135	7.939348	6.056575	0.013099
sctc_E2R2_30m_I2_STL1	Exp	86965725	10	84361	7.939348	4.926142	0.000970
sctc_E2R2_30m_I2_CTT1	Exp	86965725	10	1100467	7.939348	6.041577	0.012654
sctc_E2R2_30m_I3_STL1	Exp	86965725	10	98410	7.939348	4.993039	0.001132
sctc_E2R2_30m_I3_CTT1	Exp	86965725	10	976165	7.939348	5.989523	0.011225
sctc_E2R2_30m_I4_STL1	Exp	86965725	10	88094	7.939348	4.944946	0.001013
sctc_E2R2_30m_I4_CTT1	Exp	86965725	10	1140071	7.939348	6.056932	0.013109
sctc_E2R2_35m_I1_STL1	Exp	86965725	10	69538	7.939348	4.842222	0.000800
sctc_E2R2_35m_I1_CTT1	Exp	86965725	10	1248876	7.939348	6.096519	0.014361
sctc_E2R2_35m_I2_STL1	Exp	86965725	10	96734	7.939348	4.985579	0.001112
sctc_E2R2_35m_I2_CTT1	Exp	86965725	10	1176289	7.939348	6.070514	0.013526
sctc_E2R2_35m_I3_STL1	Exp	86965725	10	117353	7.939348	5.069494	0.001349
sctc_E2R2_35m_I3_CTT1	Exp	86965725	10	1242306	7.939348	6.094229	0.014285
sctc_E2R2_35m_I4_STL1	Exp	86965725	10	192940	7.939348	5.285422	0.002219
sctc_E2R2_35m_I4_CTT1	Exp	86965725	10	1011999	7.939348	6.005180	0.011637
sctc_E2R2_40m_I1_STL1	Exp	86965725	10	120146	7.939348	5.079709	0.001382
sctc_E2R2_40m_I1_CTT1	Exp	86965725	10	1256843	7.939348	6.099281	0.014452
sctc_E2R2_40m_I2_STL1	Exp	86965725	10	98719	7.939348	4.994401	0.001135
sctc_E2R2_40m_I2_CTT1	Exp	86965725	10	1321997	7.939348	6.121230	0.015201
sctc_E2R2_40m_I3_STL1	Exp	86965725	10	90757	7.939348	4.957880	0.001044
sctc_E2R2_40m_I3_CTT1	Exp	86965725	10	1201843	7.939348	6.079848	0.013820
sctc_E2R2_40m_I4_STL1	Exp	86965725	10	116666	7.939348	5.066944	0.001342
sctc_E2R2_40m_I4_CTT1	Exp	86965725	10	1234949	7.939348	6.091649	0.014200
sctc_E2R2_45m_I1_STL1	Exp	86965725	10	147152	7.939348	5.167766	0.001692
sctc_E2R2_45m_I1_CTT1	Exp	86965725	10	1323487	7.939348	6.121720	0.015218
sctc_E2R2_45m_I2_STL1	Exp	86965725	10	148026	7.939348	5.170338	0.001702
sctc_E2R2_45m_I2_CTT1	Exp	86965725	10	1366770	7.939348	6.135695	0.015716
sctc_E2R2_45m_I3_STL1	Exp	86965725	10	143165	7.939348	5.155837	0.001646
sctc_E2R2_45m_I3_CTT1	Exp	86965725	10	1349326	7.939348	6.130117	0.015516
sctc_E2R2_45m_I4_STL1	Exp	86965725	10	63448	7.939348	4.802418	0.000730
sctc_E2R2_45m_I4_CTT1	Exp	86965725	10	1363539	7.939348	6.134668	0.015679
sctc_E2R2_4m_I1_STL1	Exp	86965725	10	10744	7.939348	4.031166	0.000124
sctc_E2R2_4m_I1_CTT1	Exp	86965725	10	1365255	7.939348	6.135214	0.015699
sctc_E2R2_4m_I2_STL1	Exp	86965725	10	13033	7.939348	4.115044	0.000150
sctc_E2R2_4m_I2_CTT1	Exp	86965725	10	1375631	7.939348	6.138502	0.015818
sctc_E2R2_4m_I3_STL1	Exp	86965725	10	17687	7.939348	4.247654	0.000203
sctc_E2R2_4m_I3_CTT1	Exp	86965725	10	1389222	7.939348	6.142772	0.015974
sctc_E2R2_4m_I4_STL1	Exp	86965725	10	7783	7.939348	3.891147	0.000089
sctc_E2R2_4m_I4_CTT1	Exp	86965725	10	1339951	7.939348	6.127089	0.015408
sctc_E2R2_50m_I1_STL1	Exp	86965725	10	41372	7.939348	4.616707	0.000476
sctc_E2R2_50m_I1_CTT1	Exp	86965725	10	1284896	7.939348	6.108868	0.014775
sctc_E2R2_50m_I2_STL1	Exp	86965725	10	42614	7.939348	4.629552	0.000490
sctc_E2R2_50m_I2_CTT1	Exp	86965725	10	1316624	7.939348	6.119462	0.015140
sctc_E2R2_50m_I3_STL1	Exp	86965725	10	64469	7.939348	4.809351	0.000741
sctc_E2R2_50m_I3_CTT1	Exp	86965725	10	1318527	7.939348	6.120089	0.015161
sctc_E2R2_50m_I4_STL1	Exp	86965725	10	44497	7.939348	4.648331	0.000512
sctc_E2R2_50m_I4_CTT1	Exp	86965725	10	1352006	7.939348	6.130979	0.015546
sctc_E2R2_50m_I5_STL1	Exp	86965725	10	50908	7.939348	4.706786	0.000585
sctc_E2R2_50m_I5_CTT1	Exp	86965725	10	1352678	7.939348	6.131194	0.015554
sctc_E2R2_55m_I1_STL1	Exp	86965725	10	73603	7.939348	4.866896	0.000846
sctc_E2R2_55m_I1_CTT1	Exp	86965725	10	1295423	7.939348	6.112412	0.014896
sctc_E2R2_55m_I2_STL1	Exp	86965725	10	64340	7.939348	4.808481	0.000740
sctc_E2R2_55m_I2_CTT1	Exp	86965725	10	1313091	7.939348	6.118295	0.015099
sctc_E2R2_55m_I3_STL1	Exp	86965725	10	67580	7.939348	4.829818	0.000777
sctc_E2R2_55m_I3_CTT1	Exp	86965725	10	1318166	7.939348	6.119970	0.015157
sctc_E2R2_55m_I4_STL1	Exp	86965725	10	57895	7.939348	4.762641	0.000666
sctc_E2R2_55m_I4_CTT1	Exp	86965725	10	1346867	7.939348	6.129325	0.015487
sctc_E2R2_60m_I1_STL1	Exp	86965725	10	57344	7.939348	4.758488	0.000659
sctc_E2R2_60m_I1_CTT1	Exp	86965725	10	1284461	7.939348	6.108721	0.014770
sctc_E2R2_60m_I2_STL1	Exp	86965725	10	98854	7.939348	4.994994	0.001137
sctc_E2R2_60m_I2_CTT1	Exp	86965725	10	1269726	7.939348	6.103710	0.014600
sctc_E2R2_60m_I3_STL1	Exp	86965725	10	90397	7.939348	4.956154	0.001039
sctc_E2R2_60m_I3_CTT1	Exp	86965725	10	1281634	7.939348	6.107764	0.014737
sctc_E2R2_60m_I4_STL1	Exp	86965725	10	105560	7.939348	5.023499	0.001214
sctc_E2R2_60m_I4_CTT1	Exp	86965725	10	1276353	7.939348	6.105971	0.014677
sctc_E2R2_6m_I1_STL1	Exp	86965725	10	59342	7.939348	4.773362	0.000682
sctc_E2R2_6m_I1_CTT1	Exp	86965725	10	1269075	7.939348	6.103487	0.014593
sctc_E2R2_6m_I2_STL1	Exp	86965725	10	46924	7.939348	4.671395	0.000540
sctc_E2R2_6m_I2_CTT1	Exp	86965725	10	1308128	7.939348	6.116650	0.015042
sctc_E2R2_6m_I3_STL1	Exp	86965725	10	42346	7.939348	4.626812	0.000487
sctc_E2R2_6m_I3_CTT1	Exp	86965725	10	1339885	7.939348	6.127068	0.015407
sctc_E2R2_6m_I4_STL1	Exp	86965725	10	54470	7.939348	4.736157	0.000626
sctc_E2R2_6m_I4_CTT1	Exp	86965725	10	1315695	7.939348	6.119155	0.015129
sctc_E2R2_8m_I1_STL1	Exp	86965725	10	38412	7.939348	4.584467	0.000442
sctc_E2R2_8m_I1_CTT1	Exp	86965725	10	1307745	7.939348	6.116523	0.015037
sctc_E2R2_8m_I2_STL1	Exp	86965725	10	37981	7.939348	4.579566	0.000437
sctc_E2R2_8m_I2_CTT1	Exp	86965725	10	1320957	7.939348	6.120889	0.015189
sctc_E2R2_8m_I3_STL1	Exp	86965725	10	42192	7.939348	4.625230	0.000485
sctc_E2R2_8m_I3_CTT1	Exp	86965725	10	1328718	7.939348	6.123433	0.015279
sctc_E2R2_8m_I4_STL1	Exp	86965725	10	35472	7.939348	4.549886	0.000408
sctc_E2R2_8m_I4_CTT1	Exp	86965725	10	1369617	7.939348	6.136599	0.015749
sctc_E2R3_0m_I1_STL1	Exp	91106950	10	4104	7.959552	3.613207	0.000045
sctc_E2R3_0m_I1_CTT1	Exp	91106950	10	212551	7.959552	5.327463	0.002333
sctc_E2R3_0m_I2_STL1	Exp	91106950	10	7280	7.959552	3.862131	0.000080
sctc_E2R3_0m_I2_CTT1	Exp	91106950	10	259583	7.959552	5.414276	0.002849
sctc_E2R3_0m_I3_STL1	Exp	91106950	10	6318	7.959552	3.800580	0.000069
sctc_E2R3_0m_I3_CTT1	Exp	91106950	10	253540	7.959552	5.404046	0.002783
sctc_E2R3_0m_I4_STL1	Exp	91106950	10	3884	7.959552	3.589279	0.000043
sctc_E2R3_0m_I4_CTT1	Exp	91106950	10	198833	7.959552	5.298488	0.002182
sctc_E2R3_0m_I5_STL1	Exp	91106950	10	6969	7.959552	3.843170	0.000076
sctc_E2R3_0m_I5_CTT1	Exp	91106950	10	242793	7.959552	5.385236	0.002665
sctc_E2R3_10m_I1_STL1	Exp	91106950	10	78266	7.959552	4.893573	0.000859
sctc_E2R3_10m_I1_CTT1	Exp	91106950	10	345451	7.959552	5.538386	0.003792
sctc_E2R3_10m_I2_STL1	Exp	91106950	10	87376	7.959552	4.941392	0.000959
sctc_E2R3_10m_I2_CTT1	Exp	91106950	10	362130	7.959552	5.558865	0.003975
sctc_E2R3_10m_I3_STL1	Exp	91106950	10	103283	7.959552	5.014029	0.001134
sctc_E2R3_10m_I3_CTT1	Exp	91106950	10	401035	7.959552	5.603182	0.004402
sctc_E2R3_10m_I4_STL1	Exp	91106950	10	81999	7.959552	4.913809	0.000900
sctc_E2R3_10m_I4_CTT1	Exp	91106950	10	349795	7.959552	5.543814	0.003839
sctc_E2R3_10m_I5_STL1	Exp	91106950	10	40997	7.959552	4.612752	0.000450
sctc_E2R3_10m_I5_CTT1	Exp	91106950	10	277855	7.959552	5.443818	0.003050
sctc_E2R3_15m_I1_STL1	Exp	91106950	10	55847	7.959552	4.747000	0.000613
sctc_E2R3_15m_I1_CTT1	Exp	91106950	10	227695	7.959552	5.357353	0.002499
sctc_E2R3_15m_I2_STL1	Exp	91106950	10	96205	7.959552	4.983198	0.001056
sctc_E2R3_15m_I2_CTT1	Exp	91106950	10	264198	7.959552	5.421930	0.002900
sctc_E2R3_15m_I3_STL1	Exp	91106950	10	64767	7.959552	4.811354	0.000711
sctc_E2R3_15m_I3_CTT1	Exp	91106950	10	250026	7.959552	5.397985	0.002744
sctc_E2R3_15m_I4_STL1	Exp	91106950	10	82831	7.959552	4.918193	0.000909
sctc_E2R3_15m_I4_CTT1	Exp	91106950	10	262279	7.959552	5.418764	0.002879
sctc_E2R3_15m_I5_STL1	Exp	91106950	10	76853	7.959552	4.885661	0.000844
sctc_E2R3_15m_I5_CTT1	Exp	91106950	10	247696	7.959552	5.393919	0.002719
sctc_E2R3_20m_I1_STL1	Exp	91106950	10	131381	7.959552	5.118533	0.001442
sctc_E2R3_20m_I1_CTT1	Exp	91106950	10	234491	7.959552	5.370126	0.002574
sctc_E2R3_20m_I2_STL1	Exp	91106950	10	169747	7.959552	5.229802	0.001863
sctc_E2R3_20m_I2_CTT1	Exp	91106950	10	257989	7.959552	5.411601	0.002832
sctc_E2R3_20m_I3_STL1	Exp	91106950	10	156728	7.959552	5.195147	0.001720
sctc_E2R3_20m_I3_CTT1	Exp	91106950	10	238725	7.959552	5.377898	0.002620
sctc_E2R3_20m_I4_STL1	Exp	91106950	10	112869	7.959552	5.052575	0.001239
sctc_E2R3_20m_I4_CTT1	Exp	91106950	10	211610	7.959552	5.325536	0.002323
sctc_E2R3_20m_I5_STL1	Exp	91106950	10	122989	7.959552	5.089866	0.001350
sctc_E2R3_20m_I5_CTT1	Exp	91106950	10	222885	7.959552	5.348081	0.002446
sctc_E2R3_25m_I1_STL1	Exp	91106950	10	109955	7.959552	5.041215	0.001207
sctc_E2R3_25m_I1_CTT1	Exp	91106950	10	211344	7.959552	5.324990	0.002320
sctc_E2R3_25m_I2_STL1	Exp	91106950	10	87039	7.959552	4.939714	0.000955
sctc_E2R3_25m_I2_CTT1	Exp	91106950	10	203509	7.959552	5.308584	0.002234
sctc_E2R3_25m_I3_STL1	Exp	91106950	10	168227	7.959552	5.225896	0.001846
sctc_E2R3_25m_I3_CTT1	Exp	91106950	10	216120	7.959552	5.334695	0.002372
sctc_E2R3_25m_I4_STL1	Exp	91106950	10	134317	7.959552	5.128131	0.001474
sctc_E2R3_25m_I4_CTT1	Exp	91106950	10	206808	7.959552	5.315567	0.002270
sctc_E2R3_25m_I5_STL1	Exp	91106950	10	111950	7.959552	5.049024	0.001229
sctc_E2R3_25m_I5_CTT1	Exp	91106950	10	179183	7.959552	5.253297	0.001967
sctc_E2R3_2m_I1_STL1	Exp	91106950	10	23996	7.959552	4.380139	0.000263
sctc_E2R3_2m_I1_CTT1	Exp	91106950	10	322967	7.959552	5.509158	0.003545
sctc_E2R3_2m_I2_STL1	Exp	91106950	10	39703	7.959552	4.598823	0.000436
sctc_E2R3_2m_I2_CTT1	Exp	91106950	10	386536	7.959552	5.587190	0.004243
sctc_E2R3_2m_I3_STL1	Exp	91106950	10	27022	7.959552	4.431717	0.000297
sctc_E2R3_2m_I3_CTT1	Exp	91106950	10	338128	7.959552	5.529081	0.003711
sctc_E2R3_2m_I4_STL1	Exp	91106950	10	27313	7.959552	4.436369	0.000300
sctc_E2R3_2m_I4_CTT1	Exp	91106950	10	332090	7.959552	5.521256	0.003645
sctc_E2R3_30m_I1_STL1	Exp	91106950	10	66515	7.959552	4.822920	0.000730
sctc_E2R3_30m_I1_CTT1	Exp	91106950	10	231819	7.959552	5.365149	0.002544
sctc_E2R3_30m_I2_STL1	Exp	91106950	10	65766	7.959552	4.818001	0.000722
sctc_E2R3_30m_I2_CTT1	Exp	91106950	10	282573	7.959552	5.451131	0.003102
sctc_E2R3_30m_I3_STL1	Exp	91106950	10	92517	7.959552	4.966222	0.001015
sctc_E2R3_30m_I3_CTT1	Exp	91106950	10	280402	7.959552	5.447781	0.003078
sctc_E2R3_30m_I4_STL1	Exp	91106950	10	84234	7.959552	4.925487	0.000925
sctc_E2R3_30m_I4_CTT1	Exp	91106950	10	257822	7.959552	5.411320	0.002830
sctc_E2R3_30m_I5_STL1	Exp	91106950	10	98751	7.959552	4.994542	0.001084
sctc_E2R3_30m_I5_CTT1	Exp	91106950	10	300766	7.959552	5.478229	0.003301
sctc_E2R3_35m_I1_STL1	Exp	91106950	10	55824	7.959552	4.746821	0.000613
sctc_E2R3_35m_I1_CTT1	Exp	91106950	10	254488	7.959552	5.405667	0.002793
sctc_E2R3_35m_I2_STL1	Exp	91106950	10	54938	7.959552	4.739873	0.000603
sctc_E2R3_35m_I2_CTT1	Exp	91106950	10	241561	7.959552	5.383027	0.002651
sctc_E2R3_35m_I3_STL1	Exp	91106950	10	42282	7.959552	4.626156	0.000464
sctc_E2R3_35m_I3_CTT1	Exp	91106950	10	206938	7.959552	5.315840	0.002271
sctc_E2R3_35m_I4_STL1	Exp	91106950	10	73282	7.959552	4.864997	0.000804
sctc_E2R3_35m_I4_CTT1	Exp	91106950	10	280501	7.959552	5.447934	0.003079
sctc_E2R3_35m_I5_STL1	Exp	91106950	10	72334	7.959552	4.859342	0.000794
sctc_E2R3_35m_I5_CTT1	Exp	91106950	10	309637	7.959552	5.490853	0.003399
sctc_E2R3_40m_I1_STL1	Exp	91106950	10	92717	7.959552	4.967159	0.001018
sctc_E2R3_40m_I1_CTT1	Exp	91106950	10	492649	7.959552	5.692538	0.005407
sctc_E2R3_40m_I2_STL1	Exp	91106950	10	82752	7.959552	4.917778	0.000908
sctc_E2R3_40m_I2_CTT1	Exp	91106950	10	367962	7.959552	5.565803	0.004039
sctc_E2R3_40m_I4_STL1	Exp	91106950	10	61659	7.959552	4.789996	0.000677
sctc_E2R3_40m_I4_CTT1	Exp	91106950	10	298326	7.959552	5.474691	0.003274
sctc_E2R3_45m_I1_STL1	Exp	91106950	10	48737	7.959552	4.687859	0.000535
sctc_E2R3_45m_I1_CTT1	Exp	91106950	10	319196	7.959552	5.504057	0.003504
sctc_E2R3_45m_I2_STL1	Exp	91106950	10	63395	7.959552	4.802055	0.000696
sctc_E2R3_45m_I2_CTT1	Exp	91106950	10	361956	7.959552	5.558656	0.003973
sctc_E2R3_45m_I3_STL1	Exp	91106950	10	58858	7.959552	4.769806	0.000646
sctc_E2R3_45m_I3_CTT1	Exp	91106950	10	379020	7.959552	5.578662	0.004160
sctc_E2R3_45m_I4_STL1	Exp	91106950	10	53979	7.959552	4.732225	0.000592
sctc_E2R3_45m_I4_CTT1	Exp	91106950	10	348074	7.959552	5.541672	0.003820
sctc_E2R3_4m_I1_STL1	Exp	91106950	10	26253	7.959552	4.419179	0.000288
sctc_E2R3_4m_I1_CTT1	Exp	91106950	10	334314	7.959552	5.524155	0.003669
sctc_E2R3_4m_I2_STL1	Exp	91106950	10	17649	7.959552	4.246720	0.000194
sctc_E2R3_4m_I2_CTT1	Exp	91106950	10	307387	7.959552	5.487685	0.003374
sctc_E2R3_4m_I3_STL1	Exp	91106950	10	12718	7.959552	4.104419	0.000140
sctc_E2R3_4m_I3_CTT1	Exp	91106950	10	263905	7.959552	5.421448	0.002897
sctc_E2R3_4m_I4_STL1	Exp	91106950	10	22375	7.959552	4.349763	0.000246
sctc_E2R3_4m_I4_CTT1	Exp	91106950	10	312646	7.959552	5.495053	0.003432
sctc_E2R3_50m_I1_STL1	Exp	91106950	10	46811	7.959552	4.670348	0.000514
sctc_E2R3_50m_I1_CTT1	Exp	91106950	10	365152	7.959552	5.562474	0.004008
sctc_E2R3_50m_I2_STL1	Exp	91106950	10	40007	7.959552	4.602136	0.000439
sctc_E2R3_50m_I2_CTT1	Exp	91106950	10	266466	7.959552	5.425642	0.002925
sctc_E2R3_50m_I3_STL1	Exp	91106950	10	20753	7.959552	4.317081	0.000228
sctc_E2R3_50m_I3_CTT1	Exp	91106950	10	206736	7.959552	5.315416	0.002269
sctc_E2R3_50m_I4_STL1	Exp	91106950	10	29787	7.959552	4.474027	0.000327
sctc_E2R3_50m_I4_CTT1	Exp	91106950	10	231204	7.959552	5.363995	0.002538
sctc_E2R3_55m_I1_STL1	Exp	91106950	10	56618	7.959552	4.752955	0.000621
sctc_E2R3_55m_I1_CTT1	Exp	91106950	10	379865	7.959552	5.579629	0.004169
sctc_E2R3_55m_I2_STL1	Exp	91106950	10	54634	7.959552	4.737463	0.000600
sctc_E2R3_55m_I2_CTT1	Exp	91106950	10	364691	7.959552	5.561925	0.004003
sctc_E2R3_55m_I3_STL1	Exp	91106950	10	56187	7.959552	4.749636	0.000617
sctc_E2R3_55m_I3_CTT1	Exp	91106950	10	369050	7.959552	5.567085	0.004051
sctc_E2R3_55m_I4_STL1	Exp	91106950	10	73966	7.959552	4.869032	0.000812
sctc_E2R3_55m_I4_CTT1	Exp	91106950	10	460812	7.959552	5.663524	0.005058
sctc_E2R3_6m_I1_STL1	Exp	91106950	10	21370	7.959552	4.329805	0.000235
sctc_E2R3_6m_I1_CTT1	Exp	91106950	10	284562	7.959552	5.454177	0.003123
sctc_E2R3_6m_I2_STL1	Exp	91106950	10	42566	7.959552	4.629063	0.000467
sctc_E2R3_6m_I2_CTT1	Exp	91106950	10	396193	7.959552	5.597907	0.004349
sctc_E2R3_6m_I3_STL1	Exp	91106950	10	28926	7.959552	4.461288	0.000317
sctc_E2R3_6m_I3_CTT1	Exp	91106950	10	308133	7.959552	5.488738	0.003382
sctc_E2R3_6m_I4_STL1	Exp	91106950	10	23713	7.959552	4.374987	0.000260
sctc_E2R3_6m_I4_CTT1	Exp	91106950	10	280291	7.959552	5.447609	0.003077
sctc_E2R3_8m_I1_STL1	Exp	91106950	10	41777	7.959552	4.620937	0.000459
sctc_E2R3_8m_I1_CTT1	Exp	91106950	10	287405	7.959552	5.458494	0.003155
sctc_E2R3_8m_I2_STL1	Exp	91106950	10	28425	7.959552	4.453700	0.000312
sctc_E2R3_8m_I2_CTT1	Exp	91106950	10	236600	7.959552	5.374015	0.002597
sctc_E2R3_8m_I3_STL1	Exp	91106950	10	33143	7.959552	4.520392	0.000364
sctc_E2R3_8m_I3_CTT1	Exp	91106950	10	230114	7.959552	5.361943	0.002526
sctc_E2R3_8m_I4_STL1	Exp	91106950	10	28782	7.959552	4.459121	0.000316
sctc_E2R3_8m_I4_CTT1	Exp	91106950	10	248508	7.959552	5.395340	0.002728
sctc_E2R3_8m_I5_STL1	Exp	91106950	10	36490	7.959552	4.562174	0.000401
sctc_E2R3_8m_I5_CTT1	Exp	91106950	10	288437	7.959552	5.460051	0.003166
rsfish_celegans	Exp	10577655	10	65957	7.024389	4.819261	0.006236
rsfish_sim_bgs_30A	Sim	1874048	1	31294	6.272781	4.495461	0.016699
rsfish_sim_bgs_30B	Sim	1874048	1	30996	6.272781	4.491306	0.016540
rsfish_sim_bgs_30C	Sim	1874048	1	30768	6.272781	4.488099	0.016418
rsfish_sim_bgs_300A	Sim	1874048	1	24985	6.272781	4.397679	0.013332
rsfish_sim_bgs_300B	Sim	1874048	1	26016	6.272781	4.415241	0.013882
rsfish_sim_bgs_300C	Sim	1874048	1	25893	6.272781	4.413182	0.013817
rsfish_sim_bgs_3000A	Sim	1874048	1	11649	6.272781	4.066289	0.006216
rsfish_sim_bgs_3000B	Sim	1874048	1	11115	6.272781	4.045909	0.005931
rsfish_sim_bgs_3000C	Sim	1874048	1	12031	6.272781	4.080302	0.006420
rsfish_sim_bgl_30A	Sim	1874048	1	29534	6.272781	4.470322	0.015759
rsfish_sim_bgl_30B	Sim	1874048	1	29044	6.272781	4.463056	0.015498
rsfish_sim_bgl_30C	Sim	1874048	1	29388	6.272781	4.468170	0.015682
rsfish_sim_bgl_300A	Sim	1874048	1	26876	6.272781	4.429365	0.014341
rsfish_sim_bgl_300B	Sim	1874048	1	26554	6.272781	4.424130	0.014169
rsfish_sim_bgl_3000A	Sim	1874048	1	12650	6.272781	4.102091	0.006750
rsfish_sim_bgl_3000B	Sim	1874048	1	12816	6.272781	4.107752	0.006839
rsfish_sim_bgl_3000C	Sim	1874048	1	12873	6.272781	4.109680	0.006869
rsfish_sim_snrs_1A	Sim	1874048	1	34410	6.272781	4.536685	0.018361
rsfish_sim_snrs_1B	Sim	1874048	1	34114	6.272781	4.532933	0.018203
rsfish_sim_snrs_1C	Sim	1874048	1	33899	6.272781	4.530187	0.018089
rsfish_sim_snrs_2A	Sim	1874048	1	30757	6.272781	4.487944	0.016412
rsfish_sim_snrs_2B	Sim	1874048	1	30979	6.272781	4.491067	0.016531
rsfish_sim_snrs_2C	Sim	1874048	1	30364	6.272781	4.482359	0.016202
rsfish_sim_snrs_4A	Sim	1874048	1	28808	6.272781	4.459513	0.015372
rsfish_sim_snrs_4B	Sim	1874048	1	29427	6.272781	4.468746	0.015702
rsfish_sim_snrs_4C	Sim	1874048	1	27987	6.272781	4.446956	0.014934
rsfish_sim_snrl_1A	Sim	1874048	1	31462	6.272781	4.497786	0.016788
rsfish_sim_snrl_1B	Sim	1874048	1	33120	6.272781	4.520090	0.017673
rsfish_sim_snrl_1C	Sim	1874048	1	32122	6.272781	4.506803	0.017140
rsfish_sim_snrl_2A	Sim	1874048	1	28837	6.272781	4.459950	0.015388
rsfish_sim_snrl_2B	Sim	1874048	1	29051	6.272781	4.463161	0.015502
rsfish_sim_snrl_2C	Sim	1874048	1	29184	6.272781	4.465145	0.015573
rsfish_sim_snri_30A	Sim	1874048	1	33	6.272781	1.518514	0.000018
rsfish_sim_snri_30B	Sim	1874048	1	31	6.272781	1.491362	0.000017
rsfish_sim_snri_30C	Sim	1874048	1	30	6.272781	1.477121	0.000016
rsfish_sim_snri_300A	Sim	1874048	1	299	6.272781	2.475671	0.000160
rsfish_sim_snri_300B	Sim	1874048	1	300	6.272781	2.477121	0.000160
rsfish_sim_snri_300C	Sim	1874048	1	306	6.272781	2.485721	0.000163
rsfish_sim_snri_3000A	Sim	1874048	1	2119	6.272781	3.326131	0.001131
rsfish_sim_snri_3000B	Sim	1874048	1	2119	6.272781	3.326131	0.001131
rsfish_sim_snri_3000C	Sim	1874048	1	2122	6.272781	3.326745	0.001132
simvar_amplvar_var_pt2	Sim	3968064	1	43399	6.598579	4.637480	0.010937
simvar_amplvar_var_pt3	Sim	3968064	1	43005	6.598579	4.633519	0.010838
simvar_amplvar_var_pt4	Sim	3968064	1	44114	6.598579	4.644576	0.011117
simvar_amplvar_var_pt5	Sim	3968064	1	44064	6.598579	4.644084	0.011105
simvar_amplvar_var_pt6	Sim	3968064	1	46235	6.598579	4.664971	0.011652
simvar_amplvar_var_pt7	Sim	3968064	1	41700	6.598579	4.620136	0.010509
simvar_amplvar_var_pt8	Sim	3968064	1	42474	6.598579	4.628123	0.010704
simvar_bkgvar_var_pt05	Sim	3968064	1	39220	6.598579	4.593508	0.009884
simvar_bkgvar_var_pt10	Sim	3968064	5	47141	6.598579	4.673399	0.011880
simvar_bkgvar_var_pt15	Sim	3968064	5	49309	6.598579	4.692926	0.012426
simvar_bkgvar_var_pt20	Sim	3968064	10	49328	6.598579	4.693094	0.012431
simvar_bkgvar_var_pt25	Sim	3968064	10	49221	6.598579	4.692150	0.012404
simvar_bkgvar_var_pt30	Sim	3968064	10	49238	6.598579	4.692300	0.012409
simvar_bkgvar_var_pt35	Sim	3968064	10	48973	6.598579	4.689957	0.012342
simvar_cluster_var_10_31	Sim	3968064	1	46172	6.598579	4.664379	0.011636
simvar_cluster_var_12_38	Sim	3968064	1	49475	6.598579	4.694386	0.012468
simvar_cluster_var_14_45	Sim	3968064	1	49759	6.598579	4.696872	0.012540
simvar_cluster_var_2_3	Sim	3968064	1	43075	6.598579	4.634225	0.010855
simvar_cluster_var_4_10	Sim	3968064	1	42912	6.598579	4.632579	0.010814
simvar_cluster_var_6_17	Sim	3968064	1	48728	6.598579	4.687779	0.012280
simvar_cluster_var_8_24	Sim	3968064	1	44161	6.598579	4.645039	0.011129
simvar_expr_var_1024	Sim	3968064	1	1334	6.598579	3.125156	0.000336
simvar_expr_var_16	Sim	3968064	1	62255	6.598579	4.794174	0.015689
simvar_expr_var_256	Sim	3968064	1	44575	6.598579	4.649091	0.011233
simvar_expr_var_4096	Sim	3968064	1	3493	6.598579	3.543199	0.000880
simvar_expr_var_64	Sim	3968064	1	58219	6.598579	4.765065	0.014672
simvar_intensity_var_100	Sim	3968064	1	62150	6.598579	4.793441	0.015663
simvar_intensity_var_200	Sim	3968064	1	61064	6.598579	4.785785	0.015389
simvar_intensity_var_300	Sim	3968064	1	60073	6.598579	4.778679	0.015139
simvar_intensity_var_400	Sim	3968064	1	59083	6.598579	4.771463	0.014890
simvar_intensity_var_500	Sim	3968064	1	58521	6.598579	4.767312	0.014748
simvar_intensity_var_600	Sim	3968064	1	58255	6.598579	4.765333	0.014681
simvar_intensity_var_700	Sim	3968064	1	58098	6.598579	4.764161	0.014641
simerly_40x_00_AF647	Exp	42322496	10	653840	7.626571	5.815471	0.015449
simerly_40x_00_tdTom	Exp	42322496	10	712681	7.626571	5.852895	0.016839
simerly_40x_00_AF488	Exp	42322496	10	806525	7.626571	5.906618	0.019057
simerly_40x_01_tdTom	Exp	43354752	10	540976	7.637037	5.733178	0.012478
simerly_40x_01_AF488	Exp	43354752	10	661492	7.637037	5.820525	0.015258
simerly_40x_02_AF647	Exp	26838656	10	242252	7.428761	5.384267	0.009026
simerly_40x_02_tdTom	Exp	26838656	10	291215	7.428761	5.464214	0.010851
simerly_40x_02_AF488	Exp	26838656	10	330791	7.428761	5.519554	0.012325
simerly_40x_03_AF647	Exp	27870912	10	99794	7.445151	4.999104	0.003581
simerly_40x_03_tdTom	Exp	27870912	10	302988	7.445151	5.481425	0.010871
simerly_40x_03_AF488	Exp	27870912	10	425720	7.445151	5.629124	0.015275
simerly_40x_04_AF647	Exp	31999936	10	556633	7.505149	5.745569	0.017395
simerly_40x_04_tdTom	Exp	31999936	10	449979	7.505149	5.653192	0.014062
simerly_40x_04_AF488	Exp	31999936	10	512671	7.505149	5.709839	0.016021
simerly_HiBkg_00_tdTom	Exp	20645120	10	321645	7.314817	5.507377	0.015580
simerly_HiBkg_00_AF488	Exp	20645120	10	313498	7.314817	5.496235	0.015185
simerly_HiBkg_01_AF647	Exp	19612864	10	370136	7.292541	5.568361	0.018872
simerly_HiBkg_01_tdTom	Exp	19612864	10	341834	7.292541	5.533815	0.017429
simerly_HiBkg_01_AF488	Exp	19612864	10	371884	7.292541	5.570407	0.018961
simerly_HiBkg_02_AF647	Exp	17548352	10	298829	7.244236	5.475423	0.017029
simerly_HiBkg_02_tdTom	Exp	17548352	10	258641	7.244236	5.412697	0.014739
simerly_HiBkg_02_AF488	Exp	17548352	10	239148	7.244236	5.378667	0.013628
simerly_HiBkg_03_AF647	Exp	19612864	10	362361	7.292541	5.559141	0.018476
simerly_HiBkg_03_tdTom	Exp	19612864	10	364836	7.292541	5.562098	0.018602
simerly_HiBkg_03_AF488	Exp	19612864	10	405699	7.292541	5.608204	0.020685
simerly_HiBkg_04_AF647	Exp	21677376	10	439050	7.336007	5.642514	0.020254
simerly_HiBkg_04_tdTom	Exp	21677376	10	392940	7.336007	5.594326	0.018127
simerly_HiBkg_04_AF488	Exp	21677376	10	408130	7.336007	5.610799	0.018827
simerly_HiBkg_05_AF647	Exp	18580608	10	338266	7.269060	5.529258	0.018205
simerly_HiBkg_05_tdTom	Exp	18580608	10	293814	7.269060	5.468072	0.015813
simerly_HiBkg_05_AF488	Exp	18580608	10	345228	7.269060	5.538106	0.018580
simerly_HiBkg_06_AF647	Exp	21677376	10	419307	7.336007	5.622532	0.019343
simerly_HiBkg_06_tdTom	Exp	21677376	10	429457	7.336007	5.632920	0.019811
simerly_HiBkg_06_AF488	Exp	21677376	10	428834	7.336007	5.632289	0.019783
simerly_HiBkg_07_AF647	Exp	19612864	10	401209	7.292541	5.603371	0.020456
simerly_HiBkg_07_tdTom	Exp	19612864	10	377103	7.292541	5.576460	0.019227
simerly_HiBkg_07_AF488	Exp	19612864	10	369342	7.292541	5.567429	0.018832
simerly_HiBkg_08_AF647	Exp	16516096	10	347234	7.217907	5.540622	0.021024
simerly_HiBkg_08_tdTom	Exp	16516096	10	331236	7.217907	5.520138	0.020055
simerly_HiBkg_08_AF488	Exp	16516096	10	324543	7.217907	5.511272	0.019650
simerly_HiBkg_09_AF647	Exp	20645120	10	459321	7.314817	5.662116	0.022248
simerly_HiBkg_09_tdTom	Exp	20645120	10	393581	7.314817	5.595034	0.019064
simerly_HiBkg_09_AF488	Exp	20645120	10	377469	7.314817	5.576881	0.018284
simerly_HiBkg_10_AF647	Exp	18580608	10	368258	7.269060	5.566152	0.019819
simerly_HiBkg_10_tdTom	Exp	18580608	10	335377	7.269060	5.525533	0.018050
simerly_HiBkg_10_AF488	Exp	18580608	10	368786	7.269060	5.566774	0.019848
simerly_HiBkg_11_AF647	Exp	18580608	10	359906	7.269060	5.556189	0.019370
simerly_HiBkg_11_tdTom	Exp	18580608	10	364444	7.269060	5.561631	0.019614
simerly_HiBkg_11_AF488	Exp	18580608	10	364437	7.269060	5.561622	0.019614
simerly_HiBkg_12_AF647	Exp	20645120	10	404977	7.314817	5.607430	0.019616
simerly_HiBkg_12_tdTom	Exp	20645120	10	360784	7.314817	5.557247	0.017476
simerly_HiBkg_12_AF488	Exp	20645120	10	396652	7.314817	5.598410	0.019213
simerly_HiBkg_13_AF647	Exp	21677376	10	384897	7.336007	5.585345	0.017756
simerly_HiBkg_13_tdTom	Exp	21677376	10	412135	7.336007	5.615039	0.019012
simerly_HiBkg_13_AF488	Exp	21677376	10	404983	7.336007	5.607437	0.018682
simerly_HiBkg_14_AF647	Exp	15483840	10	248659	7.189879	5.395604	0.016059
simerly_HiBkg_14_tdTom	Exp	15483840	10	226295	7.189879	5.354675	0.014615
simerly_HiBkg_14_AF488	Exp	15483840	10	289477	7.189879	5.461614	0.018695
simerly_HiBkg_15_AF647	Exp	18580608	10	268283	7.269060	5.428593	0.014439
simerly_HiBkg_15_tdTom	Exp	18580608	10	325046	7.269060	5.511945	0.017494
simerly_HiBkg_15_AF488	Exp	18580608	10	321163	7.269060	5.506726	0.017285
simerly_HiBkg_16_AF647	Exp	21677376	10	380644	7.336007	5.580519	0.017560
simerly_HiBkg_16_tdTom	Exp	21677376	10	414259	7.336007	5.617272	0.019110
simerly_HiBkg_16_AF488	Exp	21677376	10	425129	7.336007	5.628521	0.019612
simerly_HiBkg_17_AF647	Exp	18580608	10	326025	7.269060	5.513251	0.017547
simerly_HiBkg_17_tdTom	Exp	18580608	10	305333	7.269060	5.484774	0.016433
simerly_HiBkg_17_AF488	Exp	18580608	10	355719	7.269060	5.551107	0.019145
simerly_HiBkg_18_AF647	Exp	20645120	10	382217	7.314817	5.582310	0.018514
simerly_HiBkg_18_tdTom	Exp	20645120	10	347683	7.314817	5.541183	0.016841
simerly_HiBkg_18_AF488	Exp	20645120	10	350694	7.314817	5.544928	0.016987
simerly_HiBkg_19_AF647	Exp	19612864	10	308798	7.292541	5.489674	0.015745
simerly_HiBkg_19_tdTom	Exp	19612864	10	304383	7.292541	5.483420	0.015520
simerly_HiBkg_19_AF488	Exp	19612864	10	347865	7.292541	5.541411	0.017737
simerly_HiBkg_20_AF647	Exp	24774144	10	469320	7.393999	5.671469	0.018944
simerly_HiBkg_20_tdTom	Exp	24774144	10	448265	7.393999	5.651535	0.018094
simerly_HiBkg_20_AF488	Exp	24774144	10	433324	7.393999	5.636813	0.017491
simerly_HiBkg_21_AF647	Exp	16516096	10	148945	7.217907	5.173026	0.009018
simerly_HiBkg_21_tdTom	Exp	16516096	10	124667	7.217907	5.095752	0.007548
simerly_HiBkg_21_AF488	Exp	16516096	10	132202	7.217907	5.121238	0.008004
simerly_HiBkg_22_CY5	Exp	17548352	10	168590	7.244236	5.226832	0.009607
simerly_HiBkg_22_AF568	Exp	17548352	10	177940	7.244236	5.250274	0.010140
simerly_HiBkg_22_AF488	Exp	17548352	10	193461	7.244236	5.286593	0.011024
simerly_HiBkg_23_CY5	Exp	15483840	10	112324	7.189879	5.050473	0.007254
simerly_HiBkg_23_AF568	Exp	15483840	10	124739	7.189879	5.096002	0.008056
simerly_HiBkg_23_AF488	Exp	15483840	10	125840	7.189879	5.099819	0.008127
simerly_HiBkg_24_CY5	Exp	15483840	10	116006	7.189879	5.064480	0.007492
simerly_HiBkg_24_AF568	Exp	15483840	10	125771	7.189879	5.099581	0.008123
simerly_HiBkg_24_AF488	Exp	15483840	10	138148	7.189879	5.140345	0.008922
simerly_HiBkg_25_CY5	Exp	16516096	10	144539	7.217907	5.159985	0.008751
simerly_HiBkg_25_AF568	Exp	16516096	10	143887	7.217907	5.158022	0.008712
simerly_HiBkg_25_AF488	Exp	16516096	10	175220	7.217907	5.243584	0.010609
simerly_HiBkg_26_AF647	Exp	12387072	10	66638	7.092969	4.823722	0.005380
simerly_HiBkg_26_tdTom	Exp	12387072	10	58916	7.092969	4.770233	0.004756
simerly_HiBkg_26_AF488	Exp	12387072	10	81514	7.092969	4.911232	0.006581
simerly_HiBkg_27_AF647	Exp	14451584	10	104469	7.159915	5.018987	0.007229
simerly_HiBkg_27_tdTom	Exp	14451584	10	71083	7.159915	4.851766	0.004919
simerly_HiBkg_27_AF488	Exp	14451584	10	99358	7.159915	4.997203	0.006875
simerly_HiBkg_28_AF647	Exp	20645120	10	286137	7.314817	5.456574	0.013860
simerly_HiBkg_28_tdTom	Exp	20645120	10	230868	7.314817	5.363364	0.011183
simerly_HiBkg_28_AF488	Exp	20645120	10	228398	7.314817	5.358692	0.011063
simerly_HiBkg_29_AF647	Exp	14451584	10	92974	7.159915	4.968362	0.006433
simerly_HiBkg_29_tdTom	Exp	14451584	10	103573	7.159915	5.015247	0.007167
simerly_HiBkg_29_AF488	Exp	14451584	10	155567	7.159915	5.191917	0.010765
simerly_HiBkg_30_AF647	Exp	17548352	10	177644	7.244236	5.249551	0.010123
simerly_HiBkg_30_tdTom	Exp	17548352	10	181032	7.244236	5.257755	0.010316
simerly_HiBkg_30_AF488	Exp	17548352	10	241355	7.244236	5.382656	0.013754
simerly_HiBkg_31_AF647	Exp	17548352	10	316144	7.244236	5.499885	0.018016
simerly_HiBkg_31_tdTom	Exp	17548352	10	335966	7.244236	5.526295	0.019145
simerly_HiBkg_31_AF488	Exp	17548352	10	334560	7.244236	5.524474	0.019065
simerly_HiBkg_32_AF647	Exp	14451584	10	205582	7.159915	5.312985	0.014226
simerly_HiBkg_32_tdTom	Exp	14451584	10	220325	7.159915	5.343064	0.015246
simerly_HiBkg_32_AF488	Exp	14451584	10	192314	7.159915	5.284011	0.013307
simerly_HiBkg_33_AF647	Exp	17548352	10	301727	7.244236	5.479614	0.017194
simerly_HiBkg_33_tdTom	Exp	17548352	10	337416	7.244236	5.528166	0.019228
simerly_HiBkg_33_AF488	Exp	17548352	10	309085	7.244236	5.490078	0.017613
simerly_HiBkg_34_AF647	Exp	18580608	10	122528	7.269060	5.088235	0.006594
simerly_HiBkg_34_tdTom	Exp	18580608	10	145862	7.269060	5.163942	0.007850
simerly_HiBkg_34_AF488	Exp	18580608	10	113692	7.269060	5.055730	0.006119
simerly_HiBkg_35_AF647	Exp	17548352	10	209669	7.244236	5.321534	0.011948
simerly_HiBkg_35_tdTom	Exp	17548352	10	147332	7.244236	5.168297	0.008396
simerly_HiBkg_35_AF488	Exp	17548352	10	197219	7.244236	5.294949	0.011239
simerly_HiBkg_36_AF647	Exp	17548352	10	185845	7.244236	5.269151	0.010590
simerly_HiBkg_36_tdTom	Exp	17548352	10	117599	7.244236	5.070404	0.006701
simerly_HiBkg_36_AF488	Exp	17548352	10	151456	7.244236	5.180286	0.008631
simerly_HiBkg_37_AF647	Exp	23741888	10	301058	7.375515	5.478650	0.012680
simerly_HiBkg_37_tdTom	Exp	23741888	10	264569	7.375515	5.422539	0.011144
simerly_HiBkg_37_AF488	Exp	23741888	10	245652	7.375515	5.390320	0.010347
simerly_HiBkg_38_AF647	Exp	18580608	10	232525	7.269060	5.366470	0.012514
simerly_HiBkg_38_tdTom	Exp	18580608	10	195069	7.269060	5.290188	0.010499
simerly_HiBkg_38_AF488	Exp	18580608	10	200546	7.269060	5.302214	0.010793
simerly_HiBkg_39_AF647	Exp	17548352	10	229867	7.244236	5.361477	0.013099
simerly_HiBkg_39_tdTom	Exp	17548352	10	184647	7.244236	5.266342	0.010522
simerly_HiBkg_39_AF488	Exp	17548352	10	189857	7.244236	5.278427	0.010819
simerly_HiBkg_40_CY5	Exp	14451584	10	184107	7.159915	5.265070	0.012740
simerly_HiBkg_40_AF568	Exp	14451584	10	217186	7.159915	5.336832	0.015029
simerly_HiBkg_40_AF488	Exp	14451584	10	199413	7.159915	5.299753	0.013799
simerly_HiBkg_41_CY5	Exp	12387072	10	118424	7.092969	5.073440	0.009560
simerly_HiBkg_41_AF568	Exp	12387072	10	120236	7.092969	5.080035	0.009707
simerly_HiBkg_41_AF488	Exp	12387072	10	174569	7.092969	5.241967	0.014093
simerly_LoBkg_00_AF647	Exp	12387072	10	122783	7.092969	5.089138	0.009912
simerly_LoBkg_00_tdTom	Exp	12387072	10	85896	7.092969	4.933973	0.006934
simerly_LoBkg_00_AF488	Exp	12387072	10	90127	7.092969	4.954855	0.007276
simerly_LoBkg_01_AF647	Exp	12387072	10	113629	7.092969	5.055489	0.009173
simerly_LoBkg_01_tdTom	Exp	12387072	10	86808	7.092969	4.938560	0.007008
simerly_LoBkg_01_AF488	Exp	12387072	10	108502	7.092969	5.035438	0.008759
simerly_LoBkg_02_AF647	Exp	14451584	10	149624	7.159915	5.175001	0.010353
simerly_LoBkg_02_tdTom	Exp	14451584	10	161435	7.159915	5.207998	0.011171
simerly_LoBkg_02_AF488	Exp	14451584	10	157908	7.159915	5.198404	0.010927
simerly_LoBkg_03_AF647	Exp	14451584	10	139044	7.159915	5.143152	0.009621
simerly_LoBkg_03_tdTom	Exp	14451584	10	148875	7.159915	5.172822	0.010302
simerly_LoBkg_03_AF488	Exp	14451584	10	163323	7.159915	5.213047	0.011301
simerly_LoBkg_04_AF647	Exp	17548352	10	290370	7.244236	5.462952	0.016547
simerly_LoBkg_04_tdTom	Exp	17548352	10	231987	7.244236	5.365464	0.013220
simerly_LoBkg_04_AF488	Exp	17548352	10	240393	7.244236	5.380922	0.013699
simerly_LoBkg_05_AF647	Exp	11354816	10	69723	7.055180	4.843376	0.006140
simerly_LoBkg_05_tdTom	Exp	11354816	10	80215	7.055180	4.904256	0.007064
simerly_LoBkg_05_AF488	Exp	11354816	10	94139	7.055180	4.973770	0.008291
simerly_LoBkg_06_AF647	Exp	11354816	10	47144	7.055180	4.673426	0.004152
simerly_LoBkg_06_tdTom	Exp	11354816	10	79033	7.055180	4.897808	0.006960
simerly_LoBkg_06_AF488	Exp	11354816	10	67525	7.055180	4.829465	0.005947
simerly_LoBkg_07_AF647	Exp	14451584	10	134950	7.159915	5.130173	0.009338
simerly_LoBkg_07_tdTom	Exp	14451584	10	81514	7.159915	4.911232	0.005640
simerly_LoBkg_07_AF488	Exp	14451584	10	117896	7.159915	5.071499	0.008158
simerly_LoBkg_08_AF647	Exp	12387072	10	66410	7.092969	4.822233	0.005361
simerly_LoBkg_08_tdTom	Exp	12387072	10	48107	7.092969	4.682208	0.003884
simerly_LoBkg_08_AF488	Exp	12387072	10	77568	7.092969	4.889683	0.006262
simerly_LoBkg_09_AF647	Exp	13419328	10	69179	7.127731	4.839974	0.005155
simerly_LoBkg_09_tdTom	Exp	13419328	10	78035	7.127731	4.892289	0.005815
simerly_LoBkg_09_AF488	Exp	13419328	10	88256	7.127731	4.945744	0.006577
simerly_LoBkg_10_AF647	Exp	13419328	10	101442	7.127731	5.006218	0.007559
simerly_LoBkg_10_tdTom	Exp	13419328	10	36284	7.127731	4.559715	0.002704
simerly_LoBkg_10_AF488	Exp	13419328	10	90181	7.127731	4.955115	0.006720
simerly_LoBkg_11_AF647	Exp	14451584	10	122779	7.159915	5.089124	0.008496
simerly_LoBkg_11_tdTom	Exp	14451584	10	97108	7.159915	4.987255	0.006720
simerly_LoBkg_11_AF488	Exp	14451584	10	149172	7.159915	5.173687	0.010322
simerly_LoBkg_12_AF647	Exp	10322560	10	45722	7.013787	4.660125	0.004429
simerly_LoBkg_12_tdTom	Exp	10322560	10	54511	7.013787	4.736484	0.005281
simerly_LoBkg_12_AF488	Exp	10322560	10	58918	7.013787	4.770248	0.005708
simerly_LoBkg_13_AF647	Exp	10322560	10	54857	7.013787	4.739232	0.005314
simerly_LoBkg_13_tdTom	Exp	10322560	10	56296	7.013787	4.750478	0.005454
simerly_LoBkg_13_AF488	Exp	10322560	10	51446	7.013787	4.711352	0.004984
simerly_LoBkg_14_AF647	Exp	12387072	10	116766	7.092969	5.067316	0.009426
simerly_LoBkg_14_tdTom	Exp	12387072	10	65469	7.092969	4.816036	0.005285
simerly_LoBkg_14_AF488	Exp	12387072	10	99816	7.092969	4.999200	0.008058
simerly_LoBkg_15_AF647	Exp	16516096	10	220389	7.217907	5.343190	0.013344
simerly_LoBkg_15_tdTom	Exp	16516096	10	158894	7.217907	5.201107	0.009621
simerly_LoBkg_15_AF488	Exp	16516096	10	185818	7.217907	5.269088	0.011251
simerly_LoBkg_16_AF647	Exp	14451584	10	131225	7.159915	5.118017	0.009080
simerly_LoBkg_16_tdTom	Exp	14451584	10	74263	7.159915	4.870772	0.005139
simerly_LoBkg_16_AF488	Exp	14451584	10	151247	7.159915	5.179687	0.010466
simerly_LoBkg_17_AF647	Exp	15483840	10	146760	7.189879	5.166608	0.009478
simerly_LoBkg_17_tdTom	Exp	15483840	10	90083	7.189879	4.954643	0.005818
simerly_LoBkg_17_AF488	Exp	15483840	10	142950	7.189879	5.155184	0.009232
simerly_LoBkg_18_AF647	Exp	12387072	10	68419	7.092969	4.835177	0.005523
simerly_LoBkg_18_tdTom	Exp	12387072	10	94762	7.092969	4.976634	0.007650
simerly_LoBkg_18_AF488	Exp	12387072	10	109158	7.092969	5.038056	0.008812
simerly_LoBkg_19_AF647	Exp	13419328	10	82748	7.127731	4.917758	0.006166
simerly_LoBkg_19_tdTom	Exp	13419328	10	111142	7.127731	5.045878	0.008282
simerly_LoBkg_19_AF488	Exp	13419328	10	125466	7.127731	5.098526	0.009350
simerly_LoBkg_20_AF647	Exp	10322560	10	82522	7.013787	4.916570	0.007994
simerly_LoBkg_20_tdTom	Exp	10322560	10	40790	7.013787	4.610554	0.003952
simerly_LoBkg_20_AF488	Exp	10322560	10	44902	7.013787	4.652266	0.004350
simerly_LoBkg_21_AF647	Exp	11354816	10	93909	7.055180	4.972707	0.008270
simerly_LoBkg_21_tdTom	Exp	11354816	10	44550	7.055180	4.648848	0.003923
simerly_LoBkg_21_AF488	Exp	11354816	10	58160	7.055180	4.764624	0.005122
simerly_LoBkg_22_AF647	Exp	13419328	10	84631	7.127731	4.927529	0.006307
simerly_LoBkg_22_tdTom	Exp	13419328	10	95344	7.127731	4.979293	0.007105
simerly_LoBkg_22_AF488	Exp	13419328	10	95787	7.127731	4.981307	0.007138
simerly_LoBkg_24_AF647	Exp	14451584	10	103952	7.159915	5.016833	0.007193
simvarmass_0033af15	Sim	3968064	5	2195	6.598579	3.341435	0.000553
simvarmass_00368c8d	Sim	3968064	10	13206	6.598579	4.120771	0.003328
simvarmass_007da2e3	Sim	3968064	10	3713	6.598579	3.569725	0.000936
simvarmass_00872053	Sim	3968064	10	12979	6.598579	4.113241	0.003271
simvarmass_00a827ab	Sim	3968064	5	1581	6.598579	3.198932	0.000398
simvarmass_014c429a	Sim	3968064	1	1732	6.598579	3.238548	0.000436
simvarmass_017294ed	Sim	3968064	10	3404	6.598579	3.531990	0.000858
simvarmass_017ff4a0	Sim	3968064	10	3440	6.598579	3.536558	0.000867
simvarmass_01dcaff7	Sim	3968064	10	25527	6.598579	4.407000	0.006433
simvarmass_024f78dd	Sim	3968064	10	4559	6.598579	3.658870	0.001149
simvarmass_02800722	Sim	3968064	5	3740	6.598579	3.572872	0.000943
simvarmass_0290bbb2	Sim	3968064	10	3628	6.598579	3.559667	0.000914
simvarmass_02daa4b8	Sim	3968064	10	14994	6.598579	4.175918	0.003779
simvarmass_02ef6f18	Sim	3968064	10	3614	6.598579	3.557988	0.000911
simvarmass_031f1884	Sim	3968064	5	5837	6.598579	3.766190	0.001471
simvarmass_0324cc54	Sim	3968064	10	36649	6.598579	4.564062	0.009236
simvarmass_033cdb19	Sim	3968064	10	8816	6.598579	3.945272	0.002222
simvarmass_035ebae1	Sim	3968064	5	2025	6.598579	3.306425	0.000510
simvarmass_036b8dab	Sim	3968064	10	21875	6.598579	4.339948	0.005513
simvarmass_0394e7c4	Sim	3968064	10	3230	6.598579	3.509203	0.000814
simvarmass_03b61c22	Sim	3968064	5	3121	6.598579	3.494294	0.000787
simvarmass_0405f327	Sim	3968064	1	55933	6.598579	4.747668	0.014096
simvarmass_040e2043	Sim	3968064	10	3344	6.598579	3.524266	0.000843
simvarmass_04eac1fb	Sim	3968064	10	16403	6.598579	4.214923	0.004134
simvarmass_05f5a045	Sim	3968064	10	4086	6.598579	3.611298	0.001030
simvarmass_06033d3a	Sim	3968064	10	45842	6.598579	4.661264	0.011553
simvarmass_0603b709	Sim	3968064	5	3669	6.598579	3.564548	0.000925
simvarmass_0620182b	Sim	3968064	5	2479	6.598579	3.394277	0.000625
simvarmass_066432a7	Sim	3968064	10	15642	6.598579	4.194292	0.003942
simvarmass_06f60ed6	Sim	3968064	10	43503	6.598579	4.638519	0.010963
simvarmass_06fc8010	Sim	3968064	1	14000	6.598579	4.146128	0.003528
simvarmass_06fe9d6f	Sim	3968064	5	41894	6.598579	4.622152	0.010558
simvarmass_07899160	Sim	3968064	10	39815	6.598579	4.600047	0.010034
simvarmass_0789a0f3	Sim	3968064	10	37658	6.598579	4.575857	0.009490
simvarmass_07b44a9c	Sim	3968064	10	10048	6.598579	4.002080	0.002532
simvarmass_07dccd64	Sim	3968064	10	3704	6.598579	3.568671	0.000933
simvarmass_07f0eb01	Sim	3968064	1	795	6.598579	2.900367	0.000200
simvarmass_083b2a31	Sim	3968064	10	37954	6.598579	4.579258	0.009565
simvarmass_0873b7ba	Sim	3968064	5	18748	6.598579	4.272955	0.004725
simvarmass_087a6c84	Sim	3968064	5	3129	6.598579	3.495406	0.000789
simvarmass_08f24a73	Sim	3968064	1	3580	6.598579	3.553883	0.000902
simvarmass_090b7baf	Sim	3968064	5	28931	6.598579	4.461363	0.007291
simvarmass_0995c52b	Sim	3968064	10	9770	6.598579	3.989895	0.002462
simvarmass_09d1b2f2	Sim	3968064	10	8756	6.598579	3.942306	0.002207
simvarmass_0a10d52a	Sim	3968064	10	40981	6.598579	4.612583	0.010328
simvarmass_0a30b947	Sim	3968064	10	21678	6.598579	4.336019	0.005463
simvarmass_0ab4e48b	Sim	3968064	10	26239	6.598579	4.418947	0.006613
simvarmass_0ada3d07	Sim	3968064	10	2531	6.598579	3.403292	0.000638
simvarmass_0b80d062	Sim	3968064	10	37806	6.598579	4.577561	0.009528
simvarmass_0b97225e	Sim	3968064	10	17291	6.598579	4.237820	0.004358
simvarmass_0bb86b1a	Sim	3968064	1	5206	6.598579	3.716504	0.001312
simvarmass_0c23b69a	Sim	3968064	10	3236	6.598579	3.510009	0.000816
simvarmass_0c2bf665	Sim	3968064	5	3188	6.598579	3.503518	0.000803
simvarmass_0c45ac8e	Sim	3968064	10	48545	6.598579	4.686145	0.012234
simvarmass_0c50ef71	Sim	3968064	10	29611	6.598579	4.471453	0.007462
simvarmass_0c706dac	Sim	3968064	10	11600	6.598579	4.064458	0.002923
simvarmass_0cafbb9a	Sim	3968064	5	3355	6.598579	3.525693	0.000846
simvarmass_0d011625	Sim	3968064	10	8916	6.598579	3.950170	0.002247
simvarmass_0d4e98a7	Sim	3968064	10	34103	6.598579	4.532793	0.008594
simvarmass_0d6b6bc2	Sim	3968064	5	5406	6.598579	3.732876	0.001362
simvarmass_0db1e688	Sim	3968064	10	42558	6.598579	4.628981	0.010725
simvarmass_0db4faaf	Sim	3968064	5	40893	6.598579	4.611649	0.010306
simvarmass_0dbf6196	Sim	3968064	10	4128	6.598579	3.615740	0.001040
simvarmass_0dee1aa6	Sim	3968064	10	3493	6.598579	3.543199	0.000880
simvarmass_0e7acf26	Sim	3968064	10	46811	6.598579	4.670348	0.011797
simvarmass_0ed101e7	Sim	3968064	10	2713	6.598579	3.433450	0.000684
simvarmass_0f18e193	Sim	3968064	10	20816	6.598579	4.318397	0.005246
simvarmass_0f34776d	Sim	3968064	10	34665	6.598579	4.539891	0.008736
simvarmass_102b4a40	Sim	3968064	10	41476	6.598579	4.617797	0.010452
simvarmass_1052e817	Sim	3968064	10	34805	6.598579	4.541642	0.008771
simvarmass_1097fdcb	Sim	3968064	10	4694	6.598579	3.671543	0.001183
simvarmass_10af34f7	Sim	3968064	10	37052	6.598579	4.568812	0.009338
simvarmass_10b163ae	Sim	3968064	10	19638	6.598579	4.293097	0.004949
simvarmass_10c07806	Sim	3968064	10	38902	6.598579	4.589972	0.009804
simvarmass_10e25af3	Sim	3968064	10	2809	6.598579	3.448552	0.000708
simvarmass_1115abf2	Sim	3968064	1	2081	6.598579	3.318272	0.000524
simvarmass_113acbd7	Sim	3968064	5	3280	6.598579	3.515874	0.000827
simvarmass_11aa0f3b	Sim	3968064	10	7739	6.598579	3.888685	0.001950
simvarmass_11f2a03f	Sim	3968064	5	3012	6.598579	3.478855	0.000759
simvarmass_12381dd4	Sim	3968064	5	37299	6.598579	4.571697	0.009400
simvarmass_123bf752	Sim	3968064	10	46598	6.598579	4.668367	0.011743
simvarmass_12b06339	Sim	3968064	10	3895	6.598579	3.590507	0.000982
simvarmass_12cd60b8	Sim	3968064	10	49711	6.598579	4.696452	0.012528
simvarmass_135c1087	Sim	3968064	10	12594	6.598579	4.100164	0.003174
simvarmass_137586c6	Sim	3968064	10	3069	6.598579	3.486997	0.000773
simvarmass_14278158	Sim	3968064	1	56276	6.598579	4.750323	0.014182
simvarmass_14b9939d	Sim	3968064	10	2571	6.598579	3.410102	0.000648
simvarmass_14fdec33	Sim	3968064	10	12734	6.598579	4.104965	0.003209
simvarmass_158c6d6f	Sim	3968064	10	45653	6.598579	4.659469	0.011505
simvarmass_15d70ca1	Sim	3968064	1	2045	6.598579	3.310693	0.000515
simvarmass_15e8b12f	Sim	3968064	5	2515	6.598579	3.400538	0.000634
simvarmass_1609773c	Sim	3968064	10	2843	6.598579	3.453777	0.000716
simvarmass_16ed3239	Sim	3968064	5	1721	6.598579	3.235781	0.000434
simvarmass_17553ddf	Sim	3968064	10	14229	6.598579	4.153174	0.003586
simvarmass_176ec772	Sim	3968064	1	2600	6.598579	3.414973	0.000655
simvarmass_17ec41cc	Sim	3968064	1	3877	6.598579	3.588496	0.000977
simvarmass_1815af94	Sim	3968064	5	3999	6.598579	3.601951	0.001008
simvarmass_18bddac2	Sim	3968064	10	37661	6.598579	4.575892	0.009491
simvarmass_18bedc09	Sim	3968064	1	3363	6.598579	3.526727	0.000848
simvarmass_18bf134c	Sim	3968064	1	3014	6.598579	3.479143	0.000760
simvarmass_18c77a5a	Sim	3968064	10	49977	6.598579	4.698770	0.012595
simvarmass_18d50b59	Sim	3968064	5	2335	6.598579	3.368287	0.000588
simvarmass_1927f645	Sim	3968064	10	13854	6.598579	4.141575	0.003491
simvarmass_1958a247	Sim	3968064	5	3110	6.598579	3.492760	0.000784
simvarmass_195eb129	Sim	3968064	10	42483	6.598579	4.628215	0.010706
simvarmass_19b429de	Sim	3968064	10	39247	6.598579	4.593806	0.009891
simvarmass_1a06ca02	Sim	3968064	5	6138	6.598579	3.788027	0.001547
simvarmass_1a0ffbfb	Sim	3968064	10	48048	6.598579	4.681675	0.012109
simvarmass_1b0d6725	Sim	3968064	10	3782	6.598579	3.577722	0.000953
simvarmass_1b0f68d2	Sim	3968064	10	35259	6.598579	4.547270	0.008886
simvarmass_1b12b4bb	Sim	3968064	10	4081	6.598579	3.610767	0.001028
simvarmass_1b703957	Sim	3968064	10	15595	6.598579	4.192985	0.003930
simvarmass_1bad66b5	Sim	3968064	10	6817	6.598579	3.833593	0.001718
simvarmass_1c1f6378	Sim	3968064	10	39737	6.598579	4.599195	0.010014
simvarmass_1c691c91	Sim	3968064	1	3575	6.598579	3.553276	0.000901
simvarmass_1c6953fe	Sim	3968064	10	45376	6.598579	4.656826	0.011435
simvarmass_1c801c66	Sim	3968064	10	6509	6.598579	3.813514	0.001640
simvarmass_1cca47ae	Sim	3968064	10	50850	6.598579	4.706291	0.012815
simvarmass_1d13cb6a	Sim	3968064	10	5529	6.598579	3.742647	0.001393
simvarmass_1d8f48d6	Sim	3968064	5	9883	6.598579	3.994889	0.002491
simvarmass_1e292794	Sim	3968064	1	1424	6.598579	3.153510	0.000359
simvarmass_1ef11d56	Sim	3968064	10	3800	6.598579	3.579784	0.000958
simvarmass_1f2146f2	Sim	3968064	5	8705	6.598579	3.939769	0.002194
simvarmass_1f7dec2e	Sim	3968064	1	2722	6.598579	3.434888	0.000686
simvarmass_1f9bee6c	Sim	3968064	5	1427	6.598579	3.154424	0.000360
simvarmass_1fa85e81	Sim	3968064	10	41490	6.598579	4.617943	0.010456
simvarmass_2019dff8	Sim	3968064	10	5005	6.598579	3.699404	0.001261
simvarmass_2040c07c	Sim	3968064	10	33557	6.598579	4.525783	0.008457
simvarmass_2073e39f	Sim	3968064	5	2610	6.598579	3.416641	0.000658
simvarmass_207810da	Sim	3968064	1	3854	6.598579	3.585912	0.000971
simvarmass_20965d30	Sim	3968064	10	24533	6.598579	4.389751	0.006183
simvarmass_20b8e1ca	Sim	3968064	10	4192	6.598579	3.622421	0.001056
simvarmass_20fe9f1d	Sim	3968064	5	2785	6.598579	3.444825	0.000702
simvarmass_217b106f	Sim	3968064	5	3387	6.598579	3.529815	0.000854
simvarmass_218590cf	Sim	3968064	10	24820	6.598579	4.394802	0.006255
simvarmass_218a3c9c	Sim	3968064	10	37575	6.598579	4.574899	0.009469
simvarmass_2194e4e6	Sim	3968064	10	3627	6.598579	3.559548	0.000914
simvarmass_223ddcdb	Sim	3968064	10	10225	6.598579	4.009663	0.002577
simvarmass_2246722f	Sim	3968064	5	2541	6.598579	3.405005	0.000640
simvarmass_22c3bef7	Sim	3968064	1	2865	6.598579	3.457125	0.000722
simvarmass_22c87f1f	Sim	3968064	10	41078	6.598579	4.613609	0.010352
simvarmass_22f1554e	Sim	3968064	1	4173	6.598579	3.620448	0.001052
simvarmass_232f20ff	Sim	3968064	1	3724	6.598579	3.571010	0.000938
simvarmass_23354941	Sim	3968064	10	15333	6.598579	4.185627	0.003864
simvarmass_23730928	Sim	3968064	1	2058	6.598579	3.313445	0.000519
simvarmass_23dcaeec	Sim	3968064	10	44366	6.598579	4.647050	0.011181
simvarmass_23df681e	Sim	3968064	10	2810	6.598579	3.448706	0.000708
simvarmass_2421fd62	Sim	3968064	10	17539	6.598579	4.244005	0.004420
simvarmass_24540a92	Sim	3968064	10	4031	6.598579	3.605413	0.001016
simvarmass_2473ca29	Sim	3968064	10	41895	6.598579	4.622162	0.010558
simvarmass_24830497	Sim	3968064	10	12818	6.598579	4.107820	0.003230
simvarmass_2488a473	Sim	3968064	10	2797	6.598579	3.446692	0.000705
simvarmass_256d35df	Sim	3968064	1	3453	6.598579	3.538197	0.000870
simvarmass_258b991f	Sim	3968064	10	2400	6.598579	3.380211	0.000605
simvarmass_25a99594	Sim	3968064	10	36924	6.598579	4.567309	0.009305
simvarmass_25cbd4e4	Sim	3968064	5	4015	6.598579	3.603686	0.001012
simvarmass_25ef5f1c	Sim	3968064	10	40339	6.598579	4.605725	0.010166
simvarmass_260be588	Sim	3968064	10	46038	6.598579	4.663116	0.011602
simvarmass_26270823	Sim	3968064	5	9599	6.598579	3.982226	0.002419
simvarmass_263e6d84	Sim	3968064	10	45068	6.598579	4.653868	0.011358
simvarmass_269b0fa8	Sim	3968064	5	52230	6.598579	4.717920	0.013163
simvarmass_273ee887	Sim	3968064	10	38977	6.598579	4.590808	0.009823
simvarmass_2750ce6e	Sim	3968064	10	5210	6.598579	3.716838	0.001313
simvarmass_27c666b8	Sim	3968064	5	1866	6.598579	3.270912	0.000470
simvarmass_2805da1a	Sim	3968064	10	50186	6.598579	4.700583	0.012647
simvarmass_283db249	Sim	3968064	10	39817	6.598579	4.600069	0.010034
simvarmass_2870985c	Sim	3968064	1	2759	6.598579	3.440752	0.000695
simvarmass_28887250	Sim	3968064	5	4692	6.598579	3.671358	0.001182
simvarmass_28ff8035	Sim	3968064	5	2891	6.598579	3.461048	0.000729
simvarmass_2923e3c9	Sim	3968064	10	32493	6.598579	4.511790	0.008189
simvarmass_29b2baa7	Sim	3968064	10	3805	6.598579	3.580355	0.000959
simvarmass_29cbf09c	Sim	3968064	5	3598	6.598579	3.556061	0.000907
simvarmass_29d78f93	Sim	3968064	10	11387	6.598579	4.056409	0.002870
simvarmass_29f9711c	Sim	3968064	10	3198	6.598579	3.504878	0.000806
simvarmass_29ff6193	Sim	3968064	10	22090	6.598579	4.344196	0.005567
simvarmass_2a285943	Sim	3968064	10	23440	6.598579	4.369958	0.005907
simvarmass_2a6895f5	Sim	3968064	5	2733	6.598579	3.436640	0.000689
simvarmass_2af9baa6	Sim	3968064	5	1612	6.598579	3.207365	0.000406
simvarmass_2b02193a	Sim	3968064	10	2981	6.598579	3.474362	0.000751
simvarmass_2b46b01d	Sim	3968064	10	40297	6.598579	4.605273	0.010155
simvarmass_2bafae7f	Sim	3968064	10	51808	6.598579	4.714397	0.013056
simvarmass_2bfdedda	Sim	3968064	10	51382	6.598579	4.710811	0.012949
simvarmass_2c007613	Sim	3968064	10	3513	6.598579	3.545678	0.000885
simvarmass_2c291fa6	Sim	3968064	10	38761	6.598579	4.588395	0.009768
simvarmass_2c2b754d	Sim	3968064	10	39331	6.598579	4.594735	0.009912
simvarmass_2c4ed30f	Sim	3968064	10	35638	6.598579	4.551913	0.008981
simvarmass_2c606d5d	Sim	3968064	10	19985	6.598579	4.300704	0.005036
simvarmass_2c7b671a	Sim	3968064	10	9457	6.598579	3.975753	0.002383
simvarmass_2c7f4b5a	Sim	3968064	1	1385	6.598579	3.141450	0.000349
simvarmass_2cb0f5cd	Sim	3968064	10	47017	6.598579	4.672255	0.011849
simvarmass_2cb34d52	Sim	3968064	10	36326	6.598579	4.560218	0.009155
simvarmass_2cc3689d	Sim	3968064	10	9787	6.598579	3.990650	0.002466
simvarmass_2d47e4a0	Sim	3968064	10	8219	6.598579	3.914819	0.002071
simvarmass_2d5afc24	Sim	3968064	1	2198	6.598579	3.342028	0.000554
simvarmass_2d9e4bfa	Sim	3968064	10	3664	6.598579	3.563955	0.000923
simvarmass_2dc51da2	Sim	3968064	5	5644	6.598579	3.751587	0.001422
simvarmass_2df16dde	Sim	3968064	10	2404	6.598579	3.380934	0.000606
simvarmass_2e3428d7	Sim	3968064	5	1641	6.598579	3.215109	0.000414
simvarmass_2e971b22	Sim	3968064	10	17508	6.598579	4.243237	0.004412
simvarmass_2e9e1b5f	Sim	3968064	5	3826	6.598579	3.582745	0.000964
simvarmass_2eb4322c	Sim	3968064	10	27588	6.598579	4.440720	0.006953
simvarmass_2f1b5a5f	Sim	3968064	1	2023	6.598579	3.305996	0.000510
simvarmass_2f453bf9	Sim	3968064	5	3771	6.598579	3.576457	0.000950
simvarmass_2f5b2fee	Sim	3968064	10	25138	6.598579	4.400331	0.006335
simvarmass_2f6b35b9	Sim	3968064	10	4665	6.598579	3.668852	0.001176
simvarmass_2fa025ec	Sim	3968064	10	8238	6.598579	3.915822	0.002076
simvarmass_303e209d	Sim	3968064	5	2336	6.598579	3.368473	0.000589
simvarmass_30dbea07	Sim	3968064	10	10543	6.598579	4.022964	0.002657
simvarmass_30e1e0ab	Sim	3968064	10	47681	6.598579	4.678345	0.012016
simvarmass_31f8abbe	Sim	3968064	10	49445	6.598579	4.694122	0.012461
simvarmass_3241ee85	Sim	3968064	10	2964	6.598579	3.471878	0.000747
simvarmass_328f80f1	Sim	3968064	1	3032	6.598579	3.481729	0.000764
simvarmass_330ad0b6	Sim	3968064	5	3393	6.598579	3.530584	0.000855
simvarmass_337425ae	Sim	3968064	1	4656	6.598579	3.668013	0.001173
simvarmass_3394996f	Sim	3968064	5	48165	6.598579	4.682732	0.012138
simvarmass_33dfe207	Sim	3968064	10	9480	6.598579	3.976808	0.002389
simvarmass_33ffa140	Sim	3968064	10	33583	6.598579	4.526119	0.008463
simvarmass_34406a5b	Sim	3968064	1	59839	6.598579	4.776984	0.015080
simvarmass_3441f94a	Sim	3968064	10	52911	6.598579	4.723546	0.013334
simvarmass_35041662	Sim	3968064	5	2499	6.598579	3.397766	0.000630
simvarmass_357db159	Sim	3968064	10	40799	6.598579	4.610650	0.010282
simvarmass_35e1660c	Sim	3968064	10	2659	6.598579	3.424718	0.000670
simvarmass_3627c8e7	Sim	3968064	1	4230	6.598579	3.626340	0.001066
simvarmass_3642549e	Sim	3968064	10	35444	6.598579	4.549543	0.008932
simvarmass_366e6dde	Sim	3968064	1	1916	6.598579	3.282396	0.000483
simvarmass_36793b22	Sim	3968064	1	3790	6.598579	3.578639	0.000955
simvarmass_36bb4c2c	Sim	3968064	10	3796	6.598579	3.579326	0.000957
simvarmass_36d96606	Sim	3968064	10	4882	6.598579	3.688598	0.001230
simvarmass_371cf04e	Sim	3968064	10	17174	6.598579	4.234871	0.004328
simvarmass_375f5c52	Sim	3968064	10	38600	6.598579	4.586587	0.009728
simvarmass_378bfb2d	Sim	3968064	1	4692	6.598579	3.671358	0.001182
simvarmass_37eb6798	Sim	3968064	10	5594	6.598579	3.747722	0.001410
simvarmass_381069bf	Sim	3968064	5	50273	6.598579	4.701335	0.012669
simvarmass_38474828	Sim	3968064	10	2777	6.598579	3.443576	0.000700
simvarmass_3852c7b0	Sim	3968064	10	13015	6.598579	4.114444	0.003280
simvarmass_38840b79	Sim	3968064	10	3326	6.598579	3.521922	0.000838
simvarmass_38a0f3c9	Sim	3968064	5	49041	6.598579	4.690559	0.012359
simvarmass_38f8c7ab	Sim	3968064	10	5263	6.598579	3.721233	0.001326
simvarmass_391943f4	Sim	3968064	5	30602	6.598579	4.485750	0.007712
simvarmass_39408a1e	Sim	3968064	10	27352	6.598579	4.436989	0.006893
simvarmass_3a4a561c	Sim	3968064	10	4138	6.598579	3.616790	0.001043
simvarmass_3a4f329f	Sim	3968064	5	4090	6.598579	3.611723	0.001031
simvarmass_3a67e8d5	Sim	3968064	10	2513	6.598579	3.400192	0.000633
simvarmass_3b0ff24f	Sim	3968064	10	39849	6.598579	4.600417	0.010042
simvarmass_3b507a51	Sim	3968064	10	36841	6.598579	4.566331	0.009284
simvarmass_3b525d94	Sim	3968064	5	2282	6.598579	3.358316	0.000575
simvarmass_3bd477e1	Sim	3968064	10	10237	6.598579	4.010173	0.002580
simvarmass_3c589d67	Sim	3968064	10	30342	6.598579	4.482044	0.007647
simvarmass_3c7a0e3a	Sim	3968064	10	3262	6.598579	3.513484	0.000822
simvarmass_3cd1139d	Sim	3968064	10	35499	6.598579	4.550216	0.008946
simvarmass_3cea51ba	Sim	3968064	10	2718	6.598579	3.434249	0.000685
simvarmass_3d8063b2	Sim	3968064	10	16962	6.598579	4.229477	0.004275
simvarmass_3da5abcb	Sim	3968064	5	3789	6.598579	3.578525	0.000955
simvarmass_3dd1f5ef	Sim	3968064	10	37008	6.598579	4.568296	0.009326
simvarmass_3ee3d134	Sim	3968064	10	26295	6.598579	4.419873	0.006627
simvarmass_3f19edca	Sim	3968064	10	12003	6.598579	4.079290	0.003025
simvarmass_3f4a6e16	Sim	3968064	10	9446	6.598579	3.975248	0.002381
simvarmass_3f8c8e2c	Sim	3968064	10	41506	6.598579	4.618111	0.010460
simvarmass_3fa62fa9	Sim	3968064	1	1989	6.598579	3.298635	0.000501
simvarmass_41239248	Sim	3968064	10	39877	6.598579	4.600722	0.010049
simvarmass_41b978de	Sim	3968064	10	13259	6.598579	4.122511	0.003341
simvarmass_4209aba5	Sim	3968064	1	1503	6.598579	3.176959	0.000379
simvarmass_420d8c31	Sim	3968064	5	9133	6.598579	3.960613	0.002302
simvarmass_42271b67	Sim	3968064	10	3765	6.598579	3.575765	0.000949
simvarmass_4278d716	Sim	3968064	5	3476	6.598579	3.541080	0.000876
simvarmass_42835432	Sim	3968064	10	3890	6.598579	3.589950	0.000980
simvarmass_4290f5ce	Sim	3968064	10	4203	6.598579	3.623559	0.001059
simvarmass_42af58fa	Sim	3968064	10	5183	6.598579	3.714581	0.001306
simvarmass_42efa23f	Sim	3968064	10	25360	6.598579	4.404149	0.006391
simvarmass_4342bc62	Sim	3968064	10	9350	6.598579	3.970812	0.002356
simvarmass_4385314b	Sim	3968064	10	9530	6.598579	3.979093	0.002402
simvarmass_43bc3288	Sim	3968064	5	49596	6.598579	4.695447	0.012499
simvarmass_43e38541	Sim	3968064	5	2732	6.598579	3.436481	0.000688
simvarmass_4403d3ed	Sim	3968064	10	36235	6.598579	4.559128	0.009132
simvarmass_44087b8d	Sim	3968064	10	25550	6.598579	4.407391	0.006439
simvarmass_447de12e	Sim	3968064	10	43128	6.598579	4.634759	0.010869
simvarmass_44805fd5	Sim	3968064	5	3990	6.598579	3.600973	0.001006
simvarmass_449806e8	Sim	3968064	10	34313	6.598579	4.535459	0.008647
simvarmass_44aaa311	Sim	3968064	1	3163	6.598579	3.500099	0.000797
simvarmass_4507ea79	Sim	3968064	10	33343	6.598579	4.523005	0.008403
simvarmass_4509e5ed	Sim	3968064	10	9248	6.598579	3.966048	0.002331
simvarmass_451126e7	Sim	3968064	1	3729	6.598579	3.571592	0.000940
simvarmass_45504ee8	Sim	3968064	10	3022	6.598579	3.480294	0.000762
simvarmass_45a81515	Sim	3968064	1	2154	6.598579	3.333246	0.000543
simvarmass_45c559ed	Sim	3968064	1	2851	6.598579	3.454997	0.000718
simvarmass_4629fa96	Sim	3968064	10	39609	6.598579	4.597794	0.009982
simvarmass_46c7c787	Sim	3968064	10	3577	6.598579	3.553519	0.000901
simvarmass_4720035d	Sim	3968064	10	2993	6.598579	3.476107	0.000754
simvarmass_479d938e	Sim	3968064	10	3064	6.598579	3.486289	0.000772
simvarmass_47a2dd88	Sim	3968064	10	39826	6.598579	4.600167	0.010037
simvarmass_47b2e4bb	Sim	3968064	10	2433	6.598579	3.386142	0.000613
simvarmass_47c96b2b	Sim	3968064	10	4445	6.598579	3.647872	0.001120
simvarmass_47e5ac67	Sim	3968064	10	4891	6.598579	3.689398	0.001233
simvarmass_48fe87a6	Sim	3968064	10	3997	6.598579	3.601734	0.001007
simvarmass_49420bf2	Sim	3968064	10	2460	6.598579	3.390935	0.000620
simvarmass_49723d89	Sim	3968064	10	34781	6.598579	4.541342	0.008765
simvarmass_497bd937	Sim	3968064	10	15172	6.598579	4.181043	0.003824
simvarmass_497f1863	Sim	3968064	1	4181	6.598579	3.621280	0.001054
simvarmass_498ddeec	Sim	3968064	10	40489	6.598579	4.607337	0.010204
simvarmass_499bad61	Sim	3968064	5	12971	6.598579	4.112973	0.003269
simvarmass_49a23205	Sim	3968064	10	3095	6.598579	3.490661	0.000780
simvarmass_49ad582d	Sim	3968064	1	1342	6.598579	3.127753	0.000338
simvarmass_4a324a5c	Sim	3968064	10	4068	6.598579	3.609381	0.001025
simvarmass_4a3ec322	Sim	3968064	10	48386	6.598579	4.684720	0.012194
simvarmass_4a5cc146	Sim	3968064	10	33907	6.598579	4.530289	0.008545
simvarmass_4ae936fb	Sim	3968064	5	16357	6.598579	4.213704	0.004122
simvarmass_4af4e733	Sim	3968064	10	4132	6.598579	3.616160	0.001041
simvarmass_4af9eae4	Sim	3968064	10	6598	6.598579	3.819412	0.001663
simvarmass_4b973734	Sim	3968064	1	2060	6.598579	3.313867	0.000519
simvarmass_4bf851f4	Sim	3968064	10	43777	6.598579	4.641246	0.011032
simvarmass_4c3db3e0	Sim	3968064	10	40324	6.598579	4.605564	0.010162
simvarmass_4cff68dd	Sim	3968064	10	3612	6.598579	3.557748	0.000910
simvarmass_4da96527	Sim	3968064	1	2539	6.598579	3.404663	0.000640
simvarmass_4e2037de	Sim	3968064	5	3267	6.598579	3.514149	0.000823
simvarmass_4e6424d4	Sim	3968064	1	2967	6.598579	3.472318	0.000748
simvarmass_4e6c66b5	Sim	3968064	10	7640	6.598579	3.883093	0.001925
simvarmass_4ee1f562	Sim	3968064	10	42207	6.598579	4.625384	0.010637
simvarmass_4f0a8f7b	Sim	3968064	10	2948	6.598579	3.469527	0.000743
simvarmass_4faa4c1b	Sim	3968064	1	1232	6.598579	3.090611	0.000310
simvarmass_4fc9f3d5	Sim	3968064	10	36637	6.598579	4.563920	0.009233
simvarmass_50141771	Sim	3968064	5	1887	6.598579	3.275772	0.000476
simvarmass_5038838c	Sim	3968064	10	3039	6.598579	3.482731	0.000766
simvarmass_507a3469	Sim	3968064	5	3632	6.598579	3.560146	0.000915
simvarmass_508f27ea	Sim	3968064	1	3860	6.598579	3.586587	0.000973
simvarmass_509cce05	Sim	3968064	5	25570	6.598579	4.407731	0.006444
simvarmass_50dc0c1b	Sim	3968064	10	10115	6.598579	4.004966	0.002549
simvarmass_5110afc0	Sim	3968064	10	48972	6.598579	4.689948	0.012342
simvarmass_5130d79d	Sim	3968064	1	4263	6.598579	3.629715	0.001074
simvarmass_514dab69	Sim	3968064	10	12908	6.598579	4.110859	0.003253
simvarmass_519be62c	Sim	3968064	10	3676	6.598579	3.565376	0.000926
simvarmass_521b2fcf	Sim	3968064	5	2448	6.598579	3.388811	0.000617
simvarmass_52b9e24b	Sim	3968064	5	3192	6.598579	3.504063	0.000804
simvarmass_52cc7cad	Sim	3968064	5	4013	6.598579	3.603469	0.001011
simvarmass_52e9b9f6	Sim	3968064	5	2740	6.598579	3.437751	0.000691
simvarmass_53aa2603	Sim	3968064	1	3415	6.598579	3.533391	0.000861
simvarmass_5412536b	Sim	3968064	5	2196	6.598579	3.341632	0.000553
simvarmass_542d785e	Sim	3968064	10	25774	6.598579	4.411182	0.006495
simvarmass_547ded23	Sim	3968064	5	52425	6.598579	4.719538	0.013212
simvarmass_54f92f8f	Sim	3968064	10	46121	6.598579	4.663899	0.011623
simvarmass_550575d2	Sim	3968064	10	26678	6.598579	4.426153	0.006723
simvarmass_5572f538	Sim	3968064	10	8083	6.598579	3.907573	0.002037
simvarmass_557bcb9f	Sim	3968064	10	35695	6.598579	4.552607	0.008996
simvarmass_55b80af7	Sim	3968064	10	12545	6.598579	4.098471	0.003161
simvarmass_55d2f605	Sim	3968064	10	4124	6.598579	3.615319	0.001039
simvarmass_55e79ac7	Sim	3968064	5	3108	6.598579	3.492481	0.000783
simvarmass_566f6ec3	Sim	3968064	10	2627	6.598579	3.419460	0.000662
simvarmass_56809116	Sim	3968064	10	5331	6.598579	3.726809	0.001343
simvarmass_569a3926	Sim	3968064	10	2263	6.598579	3.354685	0.000570
simvarmass_569fe391	Sim	3968064	5	9709	6.598579	3.987175	0.002447
simvarmass_574b4882	Sim	3968064	10	28369	6.598579	4.452844	0.007149
simvarmass_578a5ba2	Sim	3968064	10	18613	6.598579	4.269816	0.004691
simvarmass_57989454	Sim	3968064	10	15806	6.598579	4.198822	0.003983
simvarmass_57cb1b17	Sim	3968064	10	3616	6.598579	3.558228	0.000911
simvarmass_57ed1b96	Sim	3968064	10	23732	6.598579	4.375334	0.005981
simvarmass_58219ab8	Sim	3968064	1	1650	6.598579	3.217484	0.000416
simvarmass_5857e475	Sim	3968064	10	32639	6.598579	4.513737	0.008225
simvarmass_58c88cb8	Sim	3968064	10	32877	6.598579	4.516892	0.008285
simvarmass_5904c7c9	Sim	3968064	10	2565	6.598579	3.409087	0.000646
simvarmass_59331951	Sim	3968064	10	36381	6.598579	4.560875	0.009168
simvarmass_593b6ef9	Sim	3968064	10	3770	6.598579	3.576341	0.000950
simvarmass_59916540	Sim	3968064	10	2907	6.598579	3.463445	0.000733
simvarmass_599fc245	Sim	3968064	10	4923	6.598579	3.692230	0.001241
simvarmass_59bbde05	Sim	3968064	10	3915	6.598579	3.592732	0.000987
simvarmass_5a15dfc7	Sim	3968064	10	41793	6.598579	4.621104	0.010532
simvarmass_5a3e9319	Sim	3968064	5	3093	6.598579	3.490380	0.000779
simvarmass_5a492619	Sim	3968064	10	4983	6.598579	3.697491	0.001256
simvarmass_5a694510	Sim	3968064	10	49905	6.598579	4.698144	0.012577
simvarmass_5a7e342f	Sim	3968064	10	16468	6.598579	4.216641	0.004150
simvarmass_5a9f8e7a	Sim	3968064	5	31125	6.598579	4.493109	0.007844
simvarmass_5aa243e5	Sim	3968064	10	7005	6.598579	3.845408	0.001765
simvarmass_5b395735	Sim	3968064	5	1133	6.598579	3.054230	0.000286
simvarmass_5b3a6fd2	Sim	3968064	10	5628	6.598579	3.750354	0.001418
simvarmass_5b6a9fc1	Sim	3968064	10	32684	6.598579	4.514335	0.008237
simvarmass_5bc6cd50	Sim	3968064	5	3393	6.598579	3.530584	0.000855
simvarmass_5bd1d42c	Sim	3968064	5	1604	6.598579	3.205204	0.000404
simvarmass_5bf9cd3e	Sim	3968064	10	19040	6.598579	4.279667	0.004798
simvarmass_5c185bcd	Sim	3968064	10	16436	6.598579	4.215796	0.004142
simvarmass_5c9c66d2	Sim	3968064	10	4249	6.598579	3.628287	0.001071
simvarmass_5cb94119	Sim	3968064	1	3449	6.598579	3.537693	0.000869
simvarmass_5cc6f9ed	Sim	3968064	10	5193	6.598579	3.715418	0.001309
simvarmass_5cf74cd5	Sim	3968064	5	7453	6.598579	3.872331	0.001878
simvarmass_5d1433c9	Sim	3968064	5	11016	6.598579	4.042024	0.002776
simvarmass_5db79e71	Sim	3968064	10	26802	6.598579	4.428167	0.006754
simvarmass_5dfaa789	Sim	3968064	5	3288	6.598579	3.516932	0.000829
simvarmass_5e3334b1	Sim	3968064	5	35727	6.598579	4.552997	0.009004
simvarmass_5e5cb717	Sim	3968064	5	3372	6.598579	3.527888	0.000850
simvarmass_5e7e58f5	Sim	3968064	10	46596	6.598579	4.668349	0.011743
simvarmass_5ec909b0	Sim	3968064	5	1957	6.598579	3.291591	0.000493
simvarmass_5fbb60fb	Sim	3968064	10	4950	6.598579	3.694605	0.001247
simvarmass_6018f2df	Sim	3968064	5	4255	6.598579	3.628900	0.001072
simvarmass_601f97c7	Sim	3968064	5	3290	6.598579	3.517196	0.000829
simvarmass_60555ad7	Sim	3968064	10	30161	6.598579	4.479446	0.007601
simvarmass_60f369b7	Sim	3968064	10	3265	6.598579	3.513883	0.000823
simvarmass_6106c83b	Sim	3968064	10	5778	6.598579	3.761778	0.001456
simvarmass_611d0266	Sim	3968064	10	2935	6.598579	3.467608	0.000740
simvarmass_613cc0be	Sim	3968064	10	4081	6.598579	3.610767	0.001028
simvarmass_614ec418	Sim	3968064	1	3809	6.598579	3.580811	0.000960
simvarmass_61de38c9	Sim	3968064	10	2546	6.598579	3.405858	0.000642
simvarmass_61f04b84	Sim	3968064	10	20161	6.598579	4.304512	0.005081
simvarmass_622dcdb1	Sim	3968064	10	45220	6.598579	4.655331	0.011396
simvarmass_62ce7be9	Sim	3968064	10	3515	6.598579	3.545925	0.000886
simvarmass_62f549d9	Sim	3968064	10	14485	6.598579	4.160918	0.003650
simvarmass_63215b79	Sim	3968064	10	2809	6.598579	3.448552	0.000708
simvarmass_63250dba	Sim	3968064	1	3029	6.598579	3.481299	0.000763
simvarmass_6377e4e0	Sim	3968064	5	3118	6.598579	3.493876	0.000786
simvarmass_645bb2f2	Sim	3968064	10	6442	6.598579	3.809021	0.001623
simvarmass_64aa794a	Sim	3968064	10	8218	6.598579	3.914766	0.002071
simvarmass_64d1401e	Sim	3968064	10	3922	6.598579	3.593508	0.000988
simvarmass_64defaf0	Sim	3968064	10	34342	6.598579	4.535826	0.008655
simvarmass_65333ab4	Sim	3968064	10	49791	6.598579	4.697151	0.012548
simvarmass_654ce2e4	Sim	3968064	5	2691	6.598579	3.429914	0.000678
simvarmass_654fd554	Sim	3968064	5	2658	6.598579	3.424555	0.000670
simvarmass_65666ac5	Sim	3968064	10	36319	6.598579	4.560134	0.009153
simvarmass_6586fd74	Sim	3968064	1	1420	6.598579	3.152288	0.000358
simvarmass_659fa243	Sim	3968064	10	10588	6.598579	4.024814	0.002668
simvarmass_65d8292e	Sim	3968064	10	5265	6.598579	3.721398	0.001327
simvarmass_663c9378	Sim	3968064	10	2393	6.598579	3.378943	0.000603
simvarmass_66a8d804	Sim	3968064	1	1765	6.598579	3.246745	0.000445
simvarmass_66d1f4c5	Sim	3968064	5	1721	6.598579	3.235781	0.000434
simvarmass_66f63cf6	Sim	3968064	10	4781	6.598579	3.679519	0.001205
simvarmass_67b2916e	Sim	3968064	1	2082	6.598579	3.318481	0.000525
simvarmass_6819313d	Sim	3968064	1	58605	6.598579	4.767935	0.014769
simvarmass_6897f4a7	Sim	3968064	10	53225	6.598579	4.726116	0.013413
simvarmass_689fa9ed	Sim	3968064	10	17814	6.598579	4.250761	0.004489
simvarmass_68f8a12f	Sim	3968064	10	4014	6.598579	3.603577	0.001012
simvarmass_690ae13f	Sim	3968064	10	3449	6.598579	3.537693	0.000869
simvarmass_695e624c	Sim	3968064	10	22424	6.598579	4.350713	0.005651
simvarmass_6965cbd0	Sim	3968064	10	23394	6.598579	4.369104	0.005896
simvarmass_698362ec	Sim	3968064	10	26046	6.598579	4.415741	0.006564
simvarmass_69ec5775	Sim	3968064	10	3032	6.598579	3.481729	0.000764
simvarmass_6b29022b	Sim	3968064	5	17221	6.598579	4.236058	0.004340
simvarmass_6b81ae5d	Sim	3968064	10	30773	6.598579	4.488170	0.007755
simvarmass_6bf089f5	Sim	3968064	10	33359	6.598579	4.523213	0.008407
simvarmass_6c60f6f9	Sim	3968064	10	2208	6.598579	3.343999	0.000556
simvarmass_6c8f9341	Sim	3968064	10	3295	6.598579	3.517855	0.000830
simvarmass_6cfb89e7	Sim	3968064	10	33861	6.598579	4.529700	0.008533
simvarmass_6d1b128c	Sim	3968064	10	41276	6.598579	4.615698	0.010402
simvarmass_6d6f1ea7	Sim	3968064	10	20925	6.598579	4.320665	0.005273
simvarmass_6d88b866	Sim	3968064	10	29436	6.598579	4.468879	0.007418
simvarmass_6e1e63e0	Sim	3968064	10	4203	6.598579	3.623559	0.001059
simvarmass_6e213421	Sim	3968064	1	1303	6.598579	3.114944	0.000328
simvarmass_6e6538b8	Sim	3968064	5	3045	6.598579	3.483587	0.000767
simvarmass_6e733dd7	Sim	3968064	10	3729	6.598579	3.571592	0.000940
simvarmass_6e9ec339	Sim	3968064	5	58836	6.598579	4.769643	0.014827
simvarmass_6eaf489e	Sim	3968064	5	1499	6.598579	3.175802	0.000378
simvarmass_6ec631d8	Sim	3968064	10	2509	6.598579	3.399501	0.000632
simvarmass_6fb02ac2	Sim	3968064	10	4711	6.598579	3.673113	0.001187
simvarmass_6ff7e6de	Sim	3968064	10	3542	6.598579	3.549249	0.000893
simvarmass_6ffa9b80	Sim	3968064	10	2769	6.598579	3.442323	0.000698
simvarmass_701c9c7a	Sim	3968064	10	16739	6.598579	4.223730	0.004218
simvarmass_70391638	Sim	3968064	10	50115	6.598579	4.699968	0.012630
simvarmass_705b44e5	Sim	3968064	10	43343	6.598579	4.636919	0.010923
simvarmass_70a83033	Sim	3968064	10	22501	6.598579	4.352202	0.005671
simvarmass_717702dc	Sim	3968064	10	17640	6.598579	4.246499	0.004445
simvarmass_71c62fa7	Sim	3968064	10	30473	6.598579	4.483915	0.007680
simvarmass_71e021f1	Sim	3968064	10	3061	6.598579	3.485863	0.000771
simvarmass_71fe28dc	Sim	3968064	10	20284	6.598579	4.307154	0.005112
simvarmass_723d899d	Sim	3968064	5	3604	6.598579	3.556785	0.000908
simvarmass_7253315a	Sim	3968064	1	4129	6.598579	3.615845	0.001041
simvarmass_726e096b	Sim	3968064	10	3380	6.598579	3.528917	0.000852
simvarmass_73294985	Sim	3968064	10	6238	6.598579	3.795045	0.001572
simvarmass_7339f995	Sim	3968064	1	3735	6.598579	3.572291	0.000941
simvarmass_7368d9fd	Sim	3968064	10	4426	6.598579	3.646011	0.001115
simvarmass_73b06dc7	Sim	3968064	10	2095	6.598579	3.321184	0.000528
simvarmass_74144664	Sim	3968064	10	2789	6.598579	3.445449	0.000703
simvarmass_7425cdad	Sim	3968064	10	6398	6.598579	3.806044	0.001612
simvarmass_7435c5e1	Sim	3968064	10	4634	6.598579	3.665956	0.001168
simvarmass_74410e3f	Sim	3968064	1	4864	6.598579	3.686994	0.001226
simvarmass_74cc1597	Sim	3968064	10	2560	6.598579	3.408240	0.000645
simvarmass_74d2dd40	Sim	3968064	10	32717	6.598579	4.514773	0.008245
simvarmass_7553a95d	Sim	3968064	10	5019	6.598579	3.700617	0.001265
simvarmass_75616fde	Sim	3968064	10	4582	6.598579	3.661055	0.001155
simvarmass_75d9de72	Sim	3968064	10	4114	6.598579	3.614264	0.001037
simvarmass_76118e8b	Sim	3968064	10	37438	6.598579	4.573313	0.009435
simvarmass_76697c82	Sim	3968064	10	5253	6.598579	3.720407	0.001324
simvarmass_76ede883	Sim	3968064	10	38582	6.598579	4.586385	0.009723
simvarmass_77bb444e	Sim	3968064	10	3892	6.598579	3.590173	0.000981
simvarmass_77ecf679	Sim	3968064	1	7401	6.598579	3.869290	0.001865
simvarmass_782852aa	Sim	3968064	10	39528	6.598579	4.596905	0.009962
simvarmass_7878cd81	Sim	3968064	5	1677	6.598579	3.224533	0.000423
simvarmass_78a92236	Sim	3968064	10	30478	6.598579	4.483986	0.007681
simvarmass_78af1b88	Sim	3968064	5	50346	6.598579	4.701965	0.012688
simvarmass_794c7e74	Sim	3968064	10	2679	6.598579	3.427973	0.000675
simvarmass_794e016e	Sim	3968064	10	4073	6.598579	3.609914	0.001026
simvarmass_796335db	Sim	3968064	10	50917	6.598579	4.706863	0.012832
simvarmass_79f59f39	Sim	3968064	10	3165	6.598579	3.500374	0.000798
simvarmass_7a06a63e	Sim	3968064	10	3539	6.598579	3.548881	0.000892
simvarmass_7a4be8ac	Sim	3968064	10	36458	6.598579	4.561793	0.009188
simvarmass_7a7bd27b	Sim	3968064	10	23069	6.598579	4.363029	0.005814
simvarmass_7ab6f80b	Sim	3968064	5	2541	6.598579	3.405005	0.000640
simvarmass_7b13e426	Sim	3968064	5	2554	6.598579	3.407221	0.000644
simvarmass_7bbb9f2e	Sim	3968064	10	20456	6.598579	4.310821	0.005155
simvarmass_7c470f61	Sim	3968064	10	4230	6.598579	3.626340	0.001066
simvarmass_7d7f0b39	Sim	3968064	10	3416	6.598579	3.533518	0.000861
simvarmass_7d96d10b	Sim	3968064	10	46253	6.598579	4.665140	0.011656
simvarmass_7dc5cba8	Sim	3968064	10	21248	6.598579	4.327318	0.005355
simvarmass_7e17cdc8	Sim	3968064	5	2636	6.598579	3.420945	0.000664
simvarmass_7e1f72b9	Sim	3968064	10	3662	6.598579	3.563718	0.000923
simvarmass_7e5123ee	Sim	3968064	10	46422	6.598579	4.666724	0.011699
simvarmass_7e6accd7	Sim	3968064	10	35819	6.598579	4.554113	0.009027
simvarmass_7e6ed0d4	Sim	3968064	10	45927	6.598579	4.662068	0.011574
simvarmass_7e841338	Sim	3968064	10	46389	6.598579	4.666415	0.011691
simvarmass_7eecf1a8	Sim	3968064	5	3674	6.598579	3.565139	0.000926
simvarmass_7f636ed6	Sim	3968064	10	5134	6.598579	3.710456	0.001294
simvarmass_7f85124f	Sim	3968064	10	36288	6.598579	4.559763	0.009145
simvarmass_7fa60030	Sim	3968064	1	4017	6.598579	3.603902	0.001012
simvarmass_7fd4cba4	Sim	3968064	5	10979	6.598579	4.040563	0.002767
simvarmass_7fe0d527	Sim	3968064	5	4253	6.598579	3.628695	0.001072
simvarmass_8011fdf4	Sim	3968064	10	24621	6.598579	4.391306	0.006205
simvarmass_8038687b	Sim	3968064	10	51380	6.598579	4.710794	0.012948
simvarmass_8064ea81	Sim	3968064	5	4918	6.598579	3.691789	0.001239
simvarmass_80c1924a	Sim	3968064	10	26470	6.598579	4.422754	0.006671
simvarmass_80d55429	Sim	3968064	1	3417	6.598579	3.533645	0.000861
simvarmass_80f2941a	Sim	3968064	10	26935	6.598579	4.430317	0.006788
simvarmass_811ea018	Sim	3968064	10	3708	6.598579	3.569140	0.000934
simvarmass_81bd4ab0	Sim	3968064	1	3905	6.598579	3.591621	0.000984
simvarmass_82540903	Sim	3968064	10	35478	6.598579	4.549959	0.008941
simvarmass_827d7229	Sim	3968064	1	24025	6.598579	4.380663	0.006055
simvarmass_82c889bc	Sim	3968064	10	4138	6.598579	3.616790	0.001043
simvarmass_82d1fb2c	Sim	3968064	5	15231	6.598579	4.182728	0.003838
simvarmass_8313513c	Sim	3968064	10	25050	6.598579	4.398808	0.006313
simvarmass_837233ab	Sim	3968064	10	4180	6.598579	3.621176	0.001053
simvarmass_837d2c66	Sim	3968064	10	30269	6.598579	4.480998	0.007628
simvarmass_83876660	Sim	3968064	5	30716	6.598579	4.487365	0.007741
simvarmass_8431587b	Sim	3968064	10	23914	6.598579	4.378652	0.006027
simvarmass_844a2817	Sim	3968064	5	2851	6.598579	3.454997	0.000718
simvarmass_845067c4	Sim	3968064	5	2638	6.598579	3.421275	0.000665
simvarmass_84adf24e	Sim	3968064	5	5968	6.598579	3.775829	0.001504
simvarmass_8523e7f2	Sim	3968064	1	3917	6.598579	3.592954	0.000987
simvarmass_8540b49c	Sim	3968064	5	2073	6.598579	3.316599	0.000522
simvarmass_859ce34a	Sim	3968064	10	4409	6.598579	3.644340	0.001111
simvarmass_85ad50e3	Sim	3968064	10	11007	6.598579	4.041669	0.002774
simvarmass_86403c8b	Sim	3968064	10	48113	6.598579	4.682262	0.012125
simvarmass_8678b71a	Sim	3968064	10	19851	6.598579	4.297782	0.005003
simvarmass_86c06037	Sim	3968064	5	1457	6.598579	3.163460	0.000367
simvarmass_86c518d7	Sim	3968064	10	47825	6.598579	4.679655	0.012052
simvarmass_87ad8028	Sim	3968064	10	41323	6.598579	4.616192	0.010414
simvarmass_87b7f5cd	Sim	3968064	10	23317	6.598579	4.367673	0.005876
simvarmass_8876c877	Sim	3968064	5	2992	6.598579	3.475962	0.000754
simvarmass_88c53e48	Sim	3968064	10	3509	6.598579	3.545183	0.000884
simvarmass_896b855f	Sim	3968064	10	51002	6.598579	4.707587	0.012853
simvarmass_896ffc5c	Sim	3968064	5	2550	6.598579	3.406540	0.000643
simvarmass_89a0bbc8	Sim	3968064	10	11203	6.598579	4.049334	0.002823
simvarmass_89a470a0	Sim	3968064	10	3833	6.598579	3.583539	0.000966
simvarmass_8bd61e45	Sim	3968064	10	2805	6.598579	3.447933	0.000707
simvarmass_8be11847	Sim	3968064	10	20921	6.598579	4.320582	0.005272
simvarmass_8c57a37a	Sim	3968064	10	5198	6.598579	3.715836	0.001310
simvarmass_8d1c2be6	Sim	3968064	10	49743	6.598579	4.696732	0.012536
simvarmass_8d8f03ef	Sim	3968064	10	7974	6.598579	3.901676	0.002010
simvarmass_8e0ce813	Sim	3968064	10	25813	6.598579	4.411838	0.006505
simvarmass_8e23897e	Sim	3968064	1	2825	6.598579	3.451018	0.000712
simvarmass_8e2ac158	Sim	3968064	10	13227	6.598579	4.121461	0.003333
simvarmass_8e41c1bc	Sim	3968064	10	35770	6.598579	4.553519	0.009014
simvarmass_8e690e5d	Sim	3968064	1	3552	6.598579	3.550473	0.000895
simvarmass_8f21444d	Sim	3968064	1	1120	6.598579	3.049218	0.000282
simvarmass_8f7e5c76	Sim	3968064	10	12212	6.598579	4.086787	0.003078
simvarmass_8fbfc6b1	Sim	3968064	5	4035	6.598579	3.605844	0.001017
simvarmass_8fc9dc3f	Sim	3968064	5	3646	6.598579	3.561817	0.000919
simvarmass_8ff198d4	Sim	3968064	1	1110	6.598579	3.045323	0.000280
simvarmass_9007607f	Sim	3968064	5	3707	6.598579	3.569023	0.000934
simvarmass_90194d82	Sim	3968064	10	3770	6.598579	3.576341	0.000950
simvarmass_90c2bed3	Sim	3968064	10	4084	6.598579	3.611086	0.001029
simvarmass_90c81c23	Sim	3968064	10	8522	6.598579	3.930542	0.002148
simvarmass_90ce4753	Sim	3968064	10	47158	6.598579	4.673555	0.011884
simvarmass_9126b6c6	Sim	3968064	10	3907	6.598579	3.591843	0.000985
simvarmass_9138c9b7	Sim	3968064	10	26718	6.598579	4.426804	0.006733
simvarmass_9141969d	Sim	3968064	10	36570	6.598579	4.563125	0.009216
simvarmass_9144135b	Sim	3968064	10	17824	6.598579	4.251005	0.004492
simvarmass_9152f7db	Sim	3968064	10	51009	6.598579	4.707647	0.012855
simvarmass_91bac5d1	Sim	3968064	10	45575	6.598579	4.658727	0.011485
simvarmass_91c509e6	Sim	3968064	10	4250	6.598579	3.628389	0.001071
simvarmass_91d12f66	Sim	3968064	10	7603	6.598579	3.880985	0.001916
simvarmass_927f997e	Sim	3968064	10	47763	6.598579	4.679092	0.012037
simvarmass_9291bcb4	Sim	3968064	10	36098	6.598579	4.557483	0.009097
simvarmass_92c1b5c1	Sim	3968064	10	8899	6.598579	3.949341	0.002243
simvarmass_92c70a2a	Sim	3968064	10	4509	6.598579	3.654080	0.001136
simvarmass_93909125	Sim	3968064	10	4041	6.598579	3.606489	0.001018
simvarmass_93d17249	Sim	3968064	10	4046	6.598579	3.607026	0.001020
simvarmass_9418b085	Sim	3968064	10	26038	6.598579	4.415608	0.006562
simvarmass_943c95ac	Sim	3968064	10	30484	6.598579	4.484072	0.007682
simvarmass_94511d9a	Sim	3968064	10	19686	6.598579	4.294157	0.004961
simvarmass_9464ff4e	Sim	3968064	10	19212	6.598579	4.283573	0.004842
simvarmass_94669813	Sim	3968064	10	43888	6.598579	4.642346	0.011060
simvarmass_9531917a	Sim	3968064	5	53925	6.598579	4.731790	0.013590
simvarmass_958fc30a	Sim	3968064	10	2911	6.598579	3.464042	0.000734
simvarmass_95aee47a	Sim	3968064	1	60134	6.598579	4.779120	0.015154
simvarmass_95ccffdb	Sim	3968064	10	18737	6.598579	4.272700	0.004722
simvarmass_95fd9ae1	Sim	3968064	5	17554	6.598579	4.244376	0.004424
simvarmass_965d6e75	Sim	3968064	10	3759	6.598579	3.575072	0.000947
simvarmass_96b86f97	Sim	3968064	10	19836	6.598579	4.297454	0.004999
simvarmass_970e718a	Sim	3968064	10	7065	6.598579	3.849112	0.001780
simvarmass_973b6dd9	Sim	3968064	10	3696	6.598579	3.567732	0.000931
simvarmass_97e645de	Sim	3968064	10	2913	6.598579	3.464340	0.000734
simvarmass_97f8c504	Sim	3968064	10	35291	6.598579	4.547664	0.008894
simvarmass_9819ab98	Sim	3968064	5	3109	6.598579	3.492621	0.000784
simvarmass_983b3ec5	Sim	3968064	5	5026	6.598579	3.701222	0.001267
simvarmass_98de8b85	Sim	3968064	5	1547	6.598579	3.189490	0.000390
simvarmass_98f00cc4	Sim	3968064	10	22141	6.598579	4.345197	0.005580
simvarmass_99146b12	Sim	3968064	10	17904	6.598579	4.252950	0.004512
simvarmass_999606ec	Sim	3968064	1	3449	6.598579	3.537693	0.000869
simvarmass_9998f2a4	Sim	3968064	10	8763	6.598579	3.942653	0.002208
simvarmass_99f8a9e3	Sim	3968064	10	4341	6.598579	3.637590	0.001094
simvarmass_9a8152e0	Sim	3968064	10	5204	6.598579	3.716337	0.001311
simvarmass_9a9434af	Sim	3968064	10	5597	6.598579	3.747955	0.001411
simvarmass_9ab1bb36	Sim	3968064	5	4473	6.598579	3.650599	0.001127
simvarmass_9ac0b1e7	Sim	3968064	10	6242	6.598579	3.795324	0.001573
simvarmass_9ad6b4cd	Sim	3968064	10	18485	6.598579	4.266819	0.004658
simvarmass_9b3ab504	Sim	3968064	1	3341	6.598579	3.523876	0.000842
simvarmass_9b532070	Sim	3968064	10	52612	6.598579	4.721085	0.013259
simvarmass_9b627c8d	Sim	3968064	10	30099	6.598579	4.478552	0.007585
simvarmass_9ba43122	Sim	3968064	10	3733	6.598579	3.572058	0.000941
simvarmass_9bfb66b5	Sim	3968064	1	28467	6.598579	4.454342	0.007174
simvarmass_9c6368fd	Sim	3968064	10	46092	6.598579	4.663626	0.011616
simvarmass_9ca707ab	Sim	3968064	10	45348	6.598579	4.656558	0.011428
simvarmass_9cab894e	Sim	3968064	10	3947	6.598579	3.596267	0.000995
simvarmass_9cf70bc5	Sim	3968064	10	25010	6.598579	4.398114	0.006303
simvarmass_9d0581dd	Sim	3968064	5	2517	6.598579	3.400883	0.000634
simvarmass_9d117033	Sim	3968064	10	36831	6.598579	4.566214	0.009282
simvarmass_9d409a1f	Sim	3968064	5	29950	6.598579	4.476397	0.007548
simvarmass_9d6b4e07	Sim	3968064	10	50166	6.598579	4.700409	0.012642
simvarmass_9d84f4be	Sim	3968064	10	45302	6.598579	4.656117	0.011417
simvarmass_9e509889	Sim	3968064	10	22334	6.598579	4.348967	0.005628
simvarmass_9e65e1b9	Sim	3968064	10	3827	6.598579	3.582858	0.000964
simvarmass_9e866580	Sim	3968064	10	24349	6.598579	4.386481	0.006136
simvarmass_9eb1e2de	Sim	3968064	10	22389	6.598579	4.350035	0.005642
simvarmass_9f7ba4f3	Sim	3968064	10	32731	6.598579	4.514959	0.008249
simvarmass_9fe0ac99	Sim	3968064	10	2912	6.598579	3.464191	0.000734
simvarmass_9fe70cf3	Sim	3968064	10	20981	6.598579	4.321826	0.005287
simvarmass_a07a3e42	Sim	3968064	10	45782	6.598579	4.660695	0.011538
simvarmass_a0a643b8	Sim	3968064	5	16156	6.598579	4.208334	0.004072
simvarmass_a0b632e5	Sim	3968064	10	24621	6.598579	4.391306	0.006205
simvarmass_a0fa54cc	Sim	3968064	1	3984	6.598579	3.600319	0.001004
simvarmass_a107a7a1	Sim	3968064	10	39221	6.598579	4.593519	0.009884
simvarmass_a13aa03e	Sim	3968064	5	13388	6.598579	4.126716	0.003374
simvarmass_a14988c5	Sim	3968064	10	4129	6.598579	3.615845	0.001041
simvarmass_a15e4569	Sim	3968064	10	2737	6.598579	3.437275	0.000690
simvarmass_a1a8f156	Sim	3968064	5	35221	6.598579	4.546802	0.008876
simvarmass_a1c6098e	Sim	3968064	5	47542	6.598579	4.677077	0.011981
simvarmass_a2157ead	Sim	3968064	10	45042	6.598579	4.653618	0.011351
simvarmass_a2616bb5	Sim	3968064	10	3045	6.598579	3.483587	0.000767
simvarmass_a28e99ef	Sim	3968064	10	12353	6.598579	4.091772	0.003113
simvarmass_a29ec531	Sim	3968064	5	2557	6.598579	3.407731	0.000644
simvarmass_a2d36323	Sim	3968064	10	36572	6.598579	4.563149	0.009217
simvarmass_a2ece752	Sim	3968064	5	3553	6.598579	3.550595	0.000895
simvarmass_a2f8d796	Sim	3968064	10	50723	6.598579	4.705205	0.012783
simvarmass_a3049b62	Sim	3968064	10	17243	6.598579	4.236613	0.004345
simvarmass_a33ed321	Sim	3968064	5	4057	6.598579	3.608205	0.001022
simvarmass_a358d303	Sim	3968064	10	4049	6.598579	3.607348	0.001020
simvarmass_a35f44e1	Sim	3968064	1	3917	6.598579	3.592954	0.000987
simvarmass_a37b32b1	Sim	3968064	5	1014	6.598579	3.006038	0.000256
simvarmass_a3a7f137	Sim	3968064	1	52228	6.598579	4.717903	0.013162
simvarmass_a3e1508d	Sim	3968064	10	44572	6.598579	4.649062	0.011233
simvarmass_a3fb0822	Sim	3968064	5	50383	6.598579	4.702284	0.012697
simvarmass_a3fc51dc	Sim	3968064	10	3896	6.598579	3.590619	0.000982
simvarmass_a41fe574	Sim	3968064	5	4340	6.598579	3.637490	0.001094
simvarmass_a4851b19	Sim	3968064	5	42507	6.598579	4.628460	0.010712
simvarmass_a4cf1575	Sim	3968064	10	3961	6.598579	3.597805	0.000998
simvarmass_a55cfb82	Sim	3968064	5	57117	6.598579	4.756765	0.014394
simvarmass_a56371c0	Sim	3968064	10	2501	6.598579	3.398114	0.000630
simvarmass_a57c2d34	Sim	3968064	10	22149	6.598579	4.345354	0.005582
simvarmass_a60820cd	Sim	3968064	1	3667	6.598579	3.564311	0.000924
simvarmass_a624eb18	Sim	3968064	5	54862	6.598579	4.739272	0.013826
simvarmass_a695da7f	Sim	3968064	10	3232	6.598579	3.509471	0.000815
simvarmass_a6b9dbf6	Sim	3968064	10	37142	6.598579	4.569865	0.009360
simvarmass_a6f53098	Sim	3968064	5	1897	6.598579	3.278067	0.000478
simvarmass_a7fe0bd2	Sim	3968064	5	3784	6.598579	3.577951	0.000954
simvarmass_a83a67fa	Sim	3968064	10	3915	6.598579	3.592732	0.000987
simvarmass_a8609fa2	Sim	3968064	10	44468	6.598579	4.648048	0.011206
simvarmass_a9128447	Sim	3968064	10	4074	6.598579	3.610021	0.001027
simvarmass_a975be17	Sim	3968064	10	3078	6.598579	3.488269	0.000776
simvarmass_a9b6d7d9	Sim	3968064	1	2752	6.598579	3.439648	0.000694
simvarmass_aa1d5e84	Sim	3968064	10	13004	6.598579	4.114077	0.003277
simvarmass_aa8bf7c3	Sim	3968064	5	6582	6.598579	3.818358	0.001659
simvarmass_ab2044d4	Sim	3968064	1	18733	6.598579	4.272607	0.004721
simvarmass_ab301292	Sim	3968064	10	43060	6.598579	4.634074	0.010852
simvarmass_ab30392f	Sim	3968064	10	43770	6.598579	4.641177	0.011031
simvarmass_ab725cdf	Sim	3968064	5	3292	6.598579	3.517460	0.000830
simvarmass_ab7ec007	Sim	3968064	5	3811	6.598579	3.581039	0.000960
simvarmass_ab8d80a1	Sim	3968064	1	17459	6.598579	4.242019	0.004400
simvarmass_abc4715b	Sim	3968064	10	12626	6.598579	4.101266	0.003182
simvarmass_ac32dc12	Sim	3968064	10	47029	6.598579	4.672366	0.011852
simvarmass_ac455b12	Sim	3968064	10	3305	6.598579	3.519171	0.000833
simvarmass_ac7ebfb5	Sim	3968064	10	50041	6.598579	4.699326	0.012611
simvarmass_acb48fa0	Sim	3968064	10	3873	6.598579	3.588047	0.000976
simvarmass_acef0cf2	Sim	3968064	10	20996	6.598579	4.322137	0.005291
simvarmass_ad1993c7	Sim	3968064	10	42674	6.598579	4.630163	0.010754
simvarmass_ad3c8ef6	Sim	3968064	5	44350	6.598579	4.646894	0.011177
simvarmass_ad491f84	Sim	3968064	10	3266	6.598579	3.514016	0.000823
simvarmass_ad5bd7df	Sim	3968064	10	19727	6.598579	4.295061	0.004971
simvarmass_ad6ab13a	Sim	3968064	5	25124	6.598579	4.400089	0.006332
simvarmass_ad88da2f	Sim	3968064	1	3330	6.598579	3.522444	0.000839
simvarmass_adabbca0	Sim	3968064	10	38712	6.598579	4.587846	0.009756
simvarmass_ae46c111	Sim	3968064	1	3352	6.598579	3.525304	0.000845
simvarmass_ae8f484a	Sim	3968064	10	25533	6.598579	4.407102	0.006435
simvarmass_aecd1d80	Sim	3968064	1	60790	6.598579	4.783832	0.015320
simvarmass_af471a8b	Sim	3968064	10	39110	6.598579	4.592288	0.009856
simvarmass_af5f72db	Sim	3968064	10	3710	6.598579	3.569374	0.000935
simvarmass_af7051e3	Sim	3968064	10	17715	6.598579	4.248341	0.004464
simvarmass_afa08bc2	Sim	3968064	10	36009	6.598579	4.556411	0.009075
simvarmass_b075c428	Sim	3968064	10	3323	6.598579	3.521530	0.000837
simvarmass_b107e328	Sim	3968064	5	3777	6.598579	3.577147	0.000952
simvarmass_b11be187	Sim	3968064	10	46119	6.598579	4.663880	0.011623
simvarmass_b13532b4	Sim	3968064	1	4147	6.598579	3.617734	0.001045
simvarmass_b15828e2	Sim	3968064	10	13086	6.598579	4.116807	0.003298
simvarmass_b1802c78	Sim	3968064	1	4156	6.598579	3.618676	0.001047
simvarmass_b1a81dd6	Sim	3968064	10	37730	6.598579	4.576687	0.009508
simvarmass_b26dd97e	Sim	3968064	10	2134	6.598579	3.329194	0.000538
simvarmass_b2d72e73	Sim	3968064	1	4110	6.598579	3.613842	0.001036
simvarmass_b2ddc1d6	Sim	3968064	10	3850	6.598579	3.585461	0.000970
simvarmass_b342ca83	Sim	3968064	10	5907	6.598579	3.771367	0.001489
simvarmass_b382a692	Sim	3968064	10	47593	6.598579	4.677543	0.011994
simvarmass_b388075f	Sim	3968064	10	22675	6.598579	4.355547	0.005714
simvarmass_b3ac667b	Sim	3968064	10	45496	6.598579	4.657973	0.011466
simvarmass_b3f59233	Sim	3968064	1	1530	6.598579	3.184691	0.000386
simvarmass_b42e4fc2	Sim	3968064	10	45806	6.598579	4.660922	0.011544
simvarmass_b44abeec	Sim	3968064	10	43529	6.598579	4.638779	0.010970
simvarmass_b4db6b08	Sim	3968064	10	4351	6.598579	3.638589	0.001097
simvarmass_b4e2af64	Sim	3968064	5	22379	6.598579	4.349841	0.005640
simvarmass_b4eb448d	Sim	3968064	10	4052	6.598579	3.607669	0.001021
simvarmass_b530d3e7	Sim	3968064	5	3999	6.598579	3.601951	0.001008
simvarmass_b54d34c8	Sim	3968064	5	42884	6.598579	4.632295	0.010807
simvarmass_b5ad4ebf	Sim	3968064	1	1697	6.598579	3.229682	0.000428
simvarmass_b5cc821e	Sim	3968064	10	3479	6.598579	3.541454	0.000877
simvarmass_b6bf924d	Sim	3968064	5	9257	6.598579	3.966470	0.002333
simvarmass_b6c3b693	Sim	3968064	10	3707	6.598579	3.569023	0.000934
simvarmass_b6c93e18	Sim	3968064	1	1831	6.598579	3.262688	0.000461
simvarmass_b7123098	Sim	3968064	10	3937	6.598579	3.595165	0.000992
simvarmass_b72e650b	Sim	3968064	5	2860	6.598579	3.456366	0.000721
simvarmass_b74505e2	Sim	3968064	1	2331	6.598579	3.367542	0.000587
simvarmass_b757f60c	Sim	3968064	10	3408	6.598579	3.532500	0.000859
simvarmass_b7708d72	Sim	3968064	10	50108	6.598579	4.699907	0.012628
simvarmass_b79172d4	Sim	3968064	5	15573	6.598579	4.192372	0.003925
simvarmass_b792ab90	Sim	3968064	10	3011	6.598579	3.478711	0.000759
simvarmass_b7d0f4c2	Sim	3968064	1	1852	6.598579	3.267641	0.000467
simvarmass_b7dd8b66	Sim	3968064	10	44360	6.598579	4.646992	0.011179
simvarmass_b7eac224	Sim	3968064	10	3553	6.598579	3.550595	0.000895
simvarmass_b830b9e5	Sim	3968064	10	3798	6.598579	3.579555	0.000957
simvarmass_b8ce6e85	Sim	3968064	10	47342	6.598579	4.675247	0.011931
simvarmass_b9176ae6	Sim	3968064	1	2692	6.598579	3.430075	0.000678
simvarmass_b93fce27	Sim	3968064	5	3348	6.598579	3.524785	0.000844
simvarmass_b9de1ff0	Sim	3968064	10	3521	6.598579	3.546666	0.000887
simvarmass_b9ef9fbd	Sim	3968064	5	3262	6.598579	3.513484	0.000822
simvarmass_ba0997f3	Sim	3968064	10	49133	6.598579	4.691373	0.012382
simvarmass_ba2250f9	Sim	3968064	5	21152	6.598579	4.325351	0.005331
simvarmass_ba859da6	Sim	3968064	10	3092	6.598579	3.490239	0.000779
simvarmass_bad3aace	Sim	3968064	10	37912	6.598579	4.578777	0.009554
simvarmass_bb0d8b0d	Sim	3968064	10	3569	6.598579	3.552547	0.000899
simvarmass_bb1a47f7	Sim	3968064	10	28872	6.598579	4.460477	0.007276
simvarmass_bb478e56	Sim	3968064	1	1873	6.598579	3.272538	0.000472
simvarmass_bbc725e1	Sim	3968064	10	7225	6.598579	3.858838	0.001821
simvarmass_bc1efc63	Sim	3968064	10	47306	6.598579	4.674916	0.011922
simvarmass_bcc4bfde	Sim	3968064	1	3711	6.598579	3.569491	0.000935
simvarmass_bd15c14a	Sim	3968064	10	34289	6.598579	4.535155	0.008641
simvarmass_bd7d09a7	Sim	3968064	10	25999	6.598579	4.414957	0.006552
simvarmass_bdd233cf	Sim	3968064	10	28254	6.598579	4.451080	0.007120
simvarmass_be5467f1	Sim	3968064	10	25407	6.598579	4.404953	0.006403
simvarmass_beb154e3	Sim	3968064	1	1530	6.598579	3.184691	0.000386
simvarmass_bfbc137d	Sim	3968064	10	20949	6.598579	4.321163	0.005279
simvarmass_c058a35b	Sim	3968064	5	3127	6.598579	3.495128	0.000788
simvarmass_c1437e96	Sim	3968064	10	3847	6.598579	3.585122	0.000969
simvarmass_c1d5bf12	Sim	3968064	1	2079	6.598579	3.317854	0.000524
simvarmass_c1e14fbf	Sim	3968064	10	3976	6.598579	3.599446	0.001002
simvarmass_c2065f19	Sim	3968064	10	34198	6.598579	4.534001	0.008618
simvarmass_c3161682	Sim	3968064	5	2686	6.598579	3.429106	0.000677
simvarmass_c347b06f	Sim	3968064	1	1464	6.598579	3.165541	0.000369
simvarmass_c3b64c6f	Sim	3968064	1	3307	6.598579	3.519434	0.000833
simvarmass_c3c4bfa6	Sim	3968064	10	43217	6.598579	4.635655	0.010891
simvarmass_c3d45688	Sim	3968064	5	3394	6.598579	3.530712	0.000855
simvarmass_c3dc1c01	Sim	3968064	10	3920	6.598579	3.593286	0.000988
simvarmass_c400d673	Sim	3968064	10	20012	6.598579	4.301290	0.005043
simvarmass_c41fa130	Sim	3968064	5	5149	6.598579	3.711723	0.001298
simvarmass_c4602667	Sim	3968064	5	3610	6.598579	3.557507	0.000910
simvarmass_c4662f60	Sim	3968064	10	2790	6.598579	3.445604	0.000703
simvarmass_c47275cd	Sim	3968064	10	4348	6.598579	3.638290	0.001096
simvarmass_c497c2ee	Sim	3968064	5	2780	6.598579	3.444045	0.000701
simvarmass_c49f6224	Sim	3968064	10	3867	6.598579	3.587374	0.000975
simvarmass_c4a0b581	Sim	3968064	10	19656	6.598579	4.293495	0.004954
simvarmass_c573dc3b	Sim	3968064	10	25436	6.598579	4.405449	0.006410
simvarmass_c5881458	Sim	3968064	5	2506	6.598579	3.398981	0.000632
simvarmass_c5f2b379	Sim	3968064	10	3427	6.598579	3.534914	0.000864
simvarmass_c66cd307	Sim	3968064	1	2426	6.598579	3.384891	0.000611
simvarmass_c6e07f08	Sim	3968064	10	6624	6.598579	3.821120	0.001669
simvarmass_c6f7830b	Sim	3968064	1	60481	6.598579	4.781619	0.015242
simvarmass_c7150cc2	Sim	3968064	10	3546	6.598579	3.549739	0.000894
simvarmass_c7d08b62	Sim	3968064	1	2846	6.598579	3.454235	0.000717
simvarmass_c812c142	Sim	3968064	5	3656	6.598579	3.563006	0.000921
simvarmass_c8f362b2	Sim	3968064	10	40764	6.598579	4.610277	0.010273
simvarmass_c8f52af5	Sim	3968064	5	11316	6.598579	4.053693	0.002852
simvarmass_c92b8fb3	Sim	3968064	5	3189	6.598579	3.503655	0.000804
simvarmass_c98035bc	Sim	3968064	10	16198	6.598579	4.209461	0.004082
simvarmass_c9d6bfa6	Sim	3968064	10	34708	6.598579	4.540430	0.008747
simvarmass_c9f6e910	Sim	3968064	10	31150	6.598579	4.493458	0.007850
simvarmass_ca1004cd	Sim	3968064	10	10078	6.598579	4.003374	0.002540
simvarmass_ca611d34	Sim	3968064	10	3990	6.598579	3.600973	0.001006
simvarmass_ca6ca1ee	Sim	3968064	10	46105	6.598579	4.663748	0.011619
simvarmass_cb60fb8f	Sim	3968064	10	3660	6.598579	3.563481	0.000922
simvarmass_cb9efa31	Sim	3968064	5	1767	6.598579	3.247237	0.000445
simvarmass_cc4375a8	Sim	3968064	10	37907	6.598579	4.578719	0.009553
simvarmass_ccc0c5d5	Sim	3968064	1	4078	6.598579	3.610447	0.001028
simvarmass_cd13e995	Sim	3968064	5	3378	6.598579	3.528660	0.000851
simvarmass_cd3977da	Sim	3968064	5	3358	6.598579	3.526081	0.000846
simvarmass_cd7b8fa7	Sim	3968064	5	5111	6.598579	3.708506	0.001288
simvarmass_cdcf66fd	Sim	3968064	5	2444	6.598579	3.388101	0.000616
simvarmass_ce301f80	Sim	3968064	10	28583	6.598579	4.456108	0.007203
simvarmass_ce78f771	Sim	3968064	10	23434	6.598579	4.369846	0.005906
simvarmass_cf48b1ae	Sim	3968064	5	2164	6.598579	3.335257	0.000545
simvarmass_cfa1841c	Sim	3968064	5	1783	6.598579	3.251151	0.000449
simvarmass_cff078cd	Sim	3968064	10	5053	6.598579	3.703549	0.001273
simvarmass_d013d641	Sim	3968064	5	2474	6.598579	3.393400	0.000623
simvarmass_d053681a	Sim	3968064	10	4075	6.598579	3.610128	0.001027
simvarmass_d065c8b5	Sim	3968064	10	37463	6.598579	4.573603	0.009441
simvarmass_d09ffdcc	Sim	3968064	5	52478	6.598579	4.719977	0.013225
simvarmass_d174a7f0	Sim	3968064	10	47199	6.598579	4.673933	0.011895
simvarmass_d195f8ed	Sim	3968064	10	3678	6.598579	3.565612	0.000927
simvarmass_d2328572	Sim	3968064	10	42905	6.598579	4.632508	0.010813
simvarmass_d233262c	Sim	3968064	10	14461	6.598579	4.160198	0.003644
simvarmass_d2705cad	Sim	3968064	1	2876	6.598579	3.458789	0.000725
simvarmass_d276a605	Sim	3968064	10	14172	6.598579	4.151431	0.003572
simvarmass_d2845c5c	Sim	3968064	10	33218	6.598579	4.521373	0.008371
simvarmass_d2e1ee0e	Sim	3968064	5	53883	6.598579	4.731452	0.013579
simvarmass_d3b3e0e0	Sim	3968064	5	2614	6.598579	3.417306	0.000659
simvarmass_d3d3924d	Sim	3968064	10	17192	6.598579	4.235326	0.004333
simvarmass_d430e49c	Sim	3968064	10	3740	6.598579	3.572872	0.000943
simvarmass_d48ff508	Sim	3968064	10	42413	6.598579	4.627499	0.010689
simvarmass_d4a68a15	Sim	3968064	1	3968	6.598579	3.598572	0.001000
simvarmass_d4f54e99	Sim	3968064	10	2483	6.598579	3.394977	0.000626
simvarmass_d50d1294	Sim	3968064	10	43688	6.598579	4.640362	0.011010
simvarmass_d59a2975	Sim	3968064	10	42188	6.598579	4.625189	0.010632
simvarmass_d652ed10	Sim	3968064	10	4239	6.598579	3.627263	0.001068
simvarmass_d7365209	Sim	3968064	5	3351	6.598579	3.525174	0.000844
simvarmass_d7890311	Sim	3968064	10	44552	6.598579	4.648867	0.011228
simvarmass_d78e020e	Sim	3968064	5	49864	6.598579	4.697787	0.012566
simvarmass_d80351b1	Sim	3968064	5	2756	6.598579	3.440279	0.000695
simvarmass_d82c18aa	Sim	3968064	5	2076	6.598579	3.317227	0.000523
simvarmass_d836cd73	Sim	3968064	10	45996	6.598579	4.662720	0.011592
simvarmass_d845be36	Sim	3968064	10	4412	6.598579	3.644636	0.001112
simvarmass_d8654c95	Sim	3968064	10	51614	6.598579	4.712768	0.013007
simvarmass_d874cbbf	Sim	3968064	10	50074	6.598579	4.699612	0.012619
simvarmass_d88b2079	Sim	3968064	10	40319	6.598579	4.605510	0.010161
simvarmass_d8c2ef0a	Sim	3968064	10	2513	6.598579	3.400192	0.000633
simvarmass_d8cb7e20	Sim	3968064	10	43556	6.598579	4.639048	0.010977
simvarmass_d95c32cd	Sim	3968064	5	8525	6.598579	3.930694	0.002148
simvarmass_d96de116	Sim	3968064	10	4331	6.598579	3.636588	0.001091
simvarmass_d97954b4	Sim	3968064	5	7116	6.598579	3.852236	0.001793
simvarmass_d9947da0	Sim	3968064	10	49349	6.598579	4.693278	0.012437
simvarmass_d9fdb7af	Sim	3968064	10	17844	6.598579	4.251492	0.004497
simvarmass_da05d504	Sim	3968064	5	12975	6.598579	4.113107	0.003270
simvarmass_da378e15	Sim	3968064	1	55412	6.598579	4.743604	0.013964
simvarmass_daacaf19	Sim	3968064	10	2716	6.598579	3.433930	0.000684
simvarmass_db2ba867	Sim	3968064	10	48461	6.598579	4.685392	0.012213
simvarmass_db56d1d4	Sim	3968064	10	21864	6.598579	4.339730	0.005510
simvarmass_dbcabce0	Sim	3968064	10	42612	6.598579	4.629532	0.010739
simvarmass_dc3c980d	Sim	3968064	10	40699	6.598579	4.609584	0.010257
simvarmass_dc583fb6	Sim	3968064	10	3831	6.598579	3.583312	0.000965
simvarmass_dcde65ef	Sim	3968064	10	29849	6.598579	4.474930	0.007522
simvarmass_dd399522	Sim	3968064	10	3685	6.598579	3.566437	0.000929
simvarmass_dd6742a1	Sim	3968064	1	2375	6.598579	3.375664	0.000599
simvarmass_dded9e36	Sim	3968064	10	46274	6.598579	4.665337	0.011662
simvarmass_de3181ba	Sim	3968064	1	4213	6.598579	3.624591	0.001062
simvarmass_de9f2dc4	Sim	3968064	10	20710	6.598579	4.316180	0.005219
simvarmass_deaf7c95	Sim	3968064	1	1459	6.598579	3.164055	0.000368
simvarmass_decc66e0	Sim	3968064	5	1452	6.598579	3.161967	0.000366
simvarmass_ded2d912	Sim	3968064	5	4187	6.598579	3.621903	0.001055
simvarmass_def0b7ad	Sim	3968064	10	3460	6.598579	3.539076	0.000872
simvarmass_df06413e	Sim	3968064	1	2407	6.598579	3.381476	0.000607
simvarmass_df609ec6	Sim	3968064	10	11984	6.598579	4.078602	0.003020
simvarmass_df6d009d	Sim	3968064	10	8404	6.598579	3.924486	0.002118
simvarmass_df6de312	Sim	3968064	10	4062	6.598579	3.608740	0.001024
simvarmass_df8b24be	Sim	3968064	1	3552	6.598579	3.550473	0.000895
simvarmass_dfd9f0cb	Sim	3968064	10	33324	6.598579	4.522757	0.008398
simvarmass_dfed5afd	Sim	3968064	1	3378	6.598579	3.528660	0.000851
simvarmass_e018a46b	Sim	3968064	10	21488	6.598579	4.332196	0.005415
simvarmass_e05133fd	Sim	3968064	1	2491	6.598579	3.396374	0.000628
simvarmass_e0c5c6fe	Sim	3968064	5	4007	6.598579	3.602819	0.001010
simvarmass_e0d59209	Sim	3968064	5	13795	6.598579	4.139722	0.003477
simvarmass_e1374a5a	Sim	3968064	10	48717	6.598579	4.687681	0.012277
simvarmass_e1427067	Sim	3968064	5	2637	6.598579	3.421110	0.000665
simvarmass_e14878ff	Sim	3968064	10	4050	6.598579	3.607455	0.001021
simvarmass_e165459e	Sim	3968064	10	43151	6.598579	4.634991	0.010875
simvarmass_e18c1ab4	Sim	3968064	1	2331	6.598579	3.367542	0.000587
simvarmass_e1a008cd	Sim	3968064	5	2407	6.598579	3.381476	0.000607
simvarmass_e1db6151	Sim	3968064	5	2637	6.598579	3.421110	0.000665
simvarmass_e22b6a44	Sim	3968064	10	2798	6.598579	3.446848	0.000705
simvarmass_e23ab5dd	Sim	3968064	10	52783	6.598579	4.722494	0.013302
simvarmass_e287be37	Sim	3968064	1	3143	6.598579	3.497344	0.000792
simvarmass_e2a72306	Sim	3968064	10	3120	6.598579	3.494155	0.000786
simvarmass_e2a8d5e2	Sim	3968064	10	14352	6.598579	4.156912	0.003617
simvarmass_e2aad6e7	Sim	3968064	10	23577	6.598579	4.372489	0.005942
simvarmass_e32a48a8	Sim	3968064	10	2498	6.598579	3.397592	0.000630
simvarmass_e356d4a7	Sim	3968064	10	23760	6.598579	4.375846	0.005988
simvarmass_e381c60b	Sim	3968064	1	978	6.598579	2.990339	0.000246
simvarmass_e3c941c3	Sim	3968064	10	38786	6.598579	4.588675	0.009775
simvarmass_e3fc6056	Sim	3968064	10	13728	6.598579	4.137607	0.003460
simvarmass_e426384c	Sim	3968064	10	3707	6.598579	3.569023	0.000934
simvarmass_e4790b66	Sim	3968064	1	2097	6.598579	3.321598	0.000528
simvarmass_e4c0b05b	Sim	3968064	1	3643	6.598579	3.561459	0.000918
simvarmass_e6269848	Sim	3968064	5	2925	6.598579	3.466126	0.000737
simvarmass_e63a952e	Sim	3968064	1	3660	6.598579	3.563481	0.000922
simvarmass_e64faa7a	Sim	3968064	10	21810	6.598579	4.338656	0.005496
simvarmass_e6ae5632	Sim	3968064	10	3623	6.598579	3.559068	0.000913
simvarmass_e6d07cd9	Sim	3968064	10	22475	6.598579	4.351700	0.005664
simvarmass_e6e0008a	Sim	3968064	10	3485	6.598579	3.542203	0.000878
simvarmass_e6f0924e	Sim	3968064	10	34644	6.598579	4.539628	0.008731
simvarmass_e71cd64f	Sim	3968064	10	4145	6.598579	3.617525	0.001045
simvarmass_e7217135	Sim	3968064	5	14559	6.598579	4.163132	0.003669
simvarmass_e7415e3e	Sim	3968064	5	45593	6.598579	4.658898	0.011490
simvarmass_e74193a0	Sim	3968064	5	1707	6.598579	3.232234	0.000430
simvarmass_e7425106	Sim	3968064	10	16608	6.598579	4.220317	0.004185
simvarmass_e76e8e1d	Sim	3968064	5	2998	6.598579	3.476832	0.000756
simvarmass_e7d86f55	Sim	3968064	10	13041	6.598579	4.115311	0.003286
simvarmass_e805a6ea	Sim	3968064	10	40389	6.598579	4.606263	0.010179
simvarmass_e8772445	Sim	3968064	5	3841	6.598579	3.584444	0.000968
simvarmass_e88de22b	Sim	3968064	5	13780	6.598579	4.139249	0.003473
simvarmass_e8d201d7	Sim	3968064	10	4021	6.598579	3.604334	0.001013
simvarmass_e8e16044	Sim	3968064	1	3068	6.598579	3.486855	0.000773
simvarmass_e9c01814	Sim	3968064	10	12827	6.598579	4.108125	0.003233
simvarmass_ea197f0a	Sim	3968064	5	1424	6.598579	3.153510	0.000359
simvarmass_ea5cd2e0	Sim	3968064	5	4281	6.598579	3.631545	0.001079
simvarmass_eab08179	Sim	3968064	10	3742	6.598579	3.573104	0.000943
simvarmass_ead1808a	Sim	3968064	5	3928	6.598579	3.594171	0.000990
simvarmass_eb091d20	Sim	3968064	5	4905	6.598579	3.690639	0.001236
simvarmass_eb0a5746	Sim	3968064	10	45688	6.598579	4.659802	0.011514
simvarmass_eb38558e	Sim	3968064	1	16716	6.598579	4.223132	0.004213
simvarmass_eb67dbde	Sim	3968064	10	29623	6.598579	4.471629	0.007465
simvarmass_eb7e930c	Sim	3968064	10	3826	6.598579	3.582745	0.000964
simvarmass_eb99d8ff	Sim	3968064	5	2537	6.598579	3.404320	0.000639
simvarmass_eba86414	Sim	3968064	1	3036	6.598579	3.482302	0.000765
simvarmass_ebb67b3a	Sim	3968064	10	51636	6.598579	4.712953	0.013013
simvarmass_ec107c19	Sim	3968064	10	37057	6.598579	4.568870	0.009339
simvarmass_ec95a07e	Sim	3968064	10	15419	6.598579	4.188056	0.003886
simvarmass_ecf4b772	Sim	3968064	5	48527	6.598579	4.685983	0.012229
simvarmass_ecf95783	Sim	3968064	10	42556	6.598579	4.628961	0.010725
simvarmass_edff7110	Sim	3968064	10	3010	6.598579	3.478566	0.000759
simvarmass_ee037e89	Sim	3968064	10	4468	6.598579	3.650113	0.001126
simvarmass_ee0b04b9	Sim	3968064	1	1694	6.598579	3.228913	0.000427
simvarmass_ee758b42	Sim	3968064	10	19427	6.598579	4.288406	0.004896
simvarmass_ef76d16c	Sim	3968064	10	19489	6.598579	4.289790	0.004911
simvarmass_efa9c49e	Sim	3968064	1	2683	6.598579	3.428621	0.000676
simvarmass_f007f81e	Sim	3968064	10	49175	6.598579	4.691744	0.012393
simvarmass_f010b067	Sim	3968064	10	3025	6.598579	3.480725	0.000762
simvarmass_f05c0e48	Sim	3968064	10	27748	6.598579	4.443232	0.006993
simvarmass_f117aadd	Sim	3968064	10	3360	6.598579	3.526339	0.000847
simvarmass_f1184a43	Sim	3968064	10	3726	6.598579	3.571243	0.000939
simvarmass_f12c1da8	Sim	3968064	10	21073	6.598579	4.323726	0.005311
simvarmass_f15dc045	Sim	3968064	5	13567	6.598579	4.132484	0.003419
simvarmass_f15e1b2a	Sim	3968064	10	4136	6.598579	3.616581	0.001042
simvarmass_f1a37d16	Sim	3968064	10	38681	6.598579	4.587498	0.009748
simvarmass_f1a58a86	Sim	3968064	10	49117	6.598579	4.691232	0.012378
simvarmass_f20eaa64	Sim	3968064	10	36695	6.598579	4.564607	0.009248
simvarmass_f21954be	Sim	3968064	10	3908	6.598579	3.591955	0.000985
simvarmass_f294b35b	Sim	3968064	10	41609	6.598579	4.619187	0.010486
simvarmass_f34e527c	Sim	3968064	10	3607	6.598579	3.557146	0.000909
simvarmass_f38ffa44	Sim	3968064	10	9900	6.598579	3.995635	0.002495
simvarmass_f46f4548	Sim	3968064	10	3106	6.598579	3.492201	0.000783
simvarmass_f4c0e856	Sim	3968064	5	17430	6.598579	4.241297	0.004393
simvarmass_f5080c19	Sim	3968064	10	12261	6.598579	4.088526	0.003090
simvarmass_f5160ca2	Sim	3968064	10	25939	6.598579	4.413953	0.006537
simvarmass_f54fb0ed	Sim	3968064	5	1473	6.598579	3.168203	0.000371
simvarmass_f6203b49	Sim	3968064	5	14140	6.598579	4.150449	0.003563
simvarmass_f620bf30	Sim	3968064	10	2110	6.598579	3.324282	0.000532
simvarmass_f6405985	Sim	3968064	10	18872	6.598579	4.275818	0.004756
simvarmass_f6871db9	Sim	3968064	10	3832	6.598579	3.583426	0.000966
simvarmass_f767fb2a	Sim	3968064	10	15305	6.598579	4.184833	0.003857
simvarmass_f7a7b921	Sim	3968064	10	11425	6.598579	4.057856	0.002879
simvarmass_f7d7d223	Sim	3968064	5	3831	6.598579	3.583312	0.000965
simvarmass_f7da6ac3	Sim	3968064	5	3784	6.598579	3.577951	0.000954
simvarmass_f86b8d6a	Sim	3968064	10	7511	6.598579	3.875698	0.001893
simvarmass_f86bc8cd	Sim	3968064	10	31732	6.598579	4.501497	0.007997
simvarmass_f8c8f68e	Sim	3968064	10	3544	6.598579	3.549494	0.000893
simvarmass_f8d14033	Sim	3968064	10	12503	6.598579	4.097014	0.003151
simvarmass_f8f49276	Sim	3968064	1	873	6.598579	2.941014	0.000220
simvarmass_f9124705	Sim	3968064	10	2635	6.598579	3.420781	0.000664
simvarmass_f96456a7	Sim	3968064	5	9245	6.598579	3.965907	0.002330
simvarmass_f9908f84	Sim	3968064	10	25735	6.598579	4.410524	0.006486
simvarmass_fa2d5fb3	Sim	3968064	1	1774	6.598579	3.248954	0.000447
simvarmass_fa4623eb	Sim	3968064	1	3648	6.598579	3.562055	0.000919
simvarmass_fa538008	Sim	3968064	10	28197	6.598579	4.450203	0.007106
simvarmass_fa94dee8	Sim	3968064	10	45577	6.598579	4.658746	0.011486
simvarmass_fad5bda7	Sim	3968064	10	4478	6.598579	3.651084	0.001129
simvarmass_faec5751	Sim	3968064	1	3249	6.598579	3.511750	0.000819
simvarmass_faff5b6e	Sim	3968064	10	42597	6.598579	4.629379	0.010735
simvarmass_fb0d8e36	Sim	3968064	10	4422	6.598579	3.645619	0.001114
simvarmass_fb3188b3	Sim	3968064	10	3231	6.598579	3.509337	0.000814
simvarmass_fb4a4559	Sim	3968064	10	3274	6.598579	3.515079	0.000825
simvarmass_fb7d4150	Sim	3968064	5	3041	6.598579	3.483016	0.000766
simvarmass_fbfaa1cf	Sim	3968064	10	16203	6.598579	4.209595	0.004083
simvarmass_fc3a9d18	Sim	3968064	10	50172	6.598579	4.700461	0.012644
simvarmass_fcb0bd6f	Sim	3968064	1	7619	6.598579	3.881898	0.001920
simvarmass_fe115fac	Sim	3968064	1	1413	6.598579	3.150142	0.000356
simvarmass_fe214e9f	Sim	3968064	10	44040	6.598579	4.643847	0.011099
simvarmass_fe39eea6	Sim	3968064	10	14481	6.598579	4.160799	0.003649
simvarmass_fe535e59	Sim	3968064	5	10165	6.598579	4.007107	0.002562
simvarmass_fe619ce4	Sim	3968064	10	18420	6.598579	4.265290	0.004642
simvarmass_fe677c52	Sim	3968064	10	37158	6.598579	4.570052	0.009364
simvarmass_fe7a8fb0	Sim	3968064	1	3107	6.598579	3.492341	0.000783
simvarmass_feb6f796	Sim	3968064	10	17446	6.598579	4.241696	0.004397
simvarmass_febefd1f	Sim	3968064	10	3357	6.598579	3.525951	0.000846
simvarmass_fedb75d7	Sim	3968064	10	41538	6.598579	4.618446	0.010468
simvarmass_ff505f61	Sim	3968064	5	3536	6.598579	3.548512	0.000891
simvarmass_ffa14762	Sim	3968064	1	3802	6.598579	3.580012	0.000958
simvarmass_CY5L_0187fc2d	Sim	3968064	1	1681	6.598579	3.225568	0.000424
simvarmass_CY5L_03be411c	Sim	3968064	1	928	6.598579	2.967548	0.000234
simvarmass_CY5L_041707a3	Sim	3968064	1	11711	6.598579	4.068594	0.002951
simvarmass_CY5L_04cdf185	Sim	3968064	1	1753	6.598579	3.243782	0.000442
simvarmass_CY5L_06ba1502	Sim	3968064	1	1270	6.598579	3.103804	0.000320
simvarmass_CY5L_07960359	Sim	3968064	1	2222	6.598579	3.346744	0.000560
simvarmass_CY5L_07ecb936	Sim	3968064	1	1796	6.598579	3.254306	0.000453
simvarmass_CY5L_088d2413	Sim	3968064	1	924	6.598579	2.965672	0.000233
simvarmass_CY5L_08a8e0d5	Sim	3968064	1	1292	6.598579	3.111263	0.000326
simvarmass_CY5L_08c1fcc9	Sim	3968064	1	920	6.598579	2.963788	0.000232
simvarmass_CY5L_08f3289c	Sim	3968064	1	1507	6.598579	3.178113	0.000380
simvarmass_CY5L_093ec882	Sim	3968064	1	1233	6.598579	3.090963	0.000311
simvarmass_CY5L_0a302ca1	Sim	3968064	1	72871	6.598579	4.862555	0.018364
simvarmass_CY5L_0ad43798	Sim	3968064	1	1244	6.598579	3.094820	0.000314
simvarmass_CY5L_0b18a890	Sim	3968064	1	2648	6.598579	3.422918	0.000667
simvarmass_CY5L_0d37d952	Sim	3968064	1	1166	6.598579	3.066699	0.000294
simvarmass_CY5L_10670cf2	Sim	3968064	1	1014	6.598579	3.006038	0.000256
simvarmass_CY5L_107b9d3d	Sim	3968064	1	963	6.598579	2.983626	0.000243
simvarmass_CY5L_10eeafd5	Sim	3968064	1	1347	6.598579	3.129368	0.000339
simvarmass_CY5L_10f3bb0a	Sim	3968064	1	1145	6.598579	3.058805	0.000289
simvarmass_CY5L_11169287	Sim	3968064	1	2248	6.598579	3.351796	0.000567
simvarmass_CY5L_1134940f	Sim	3968064	1	1693	6.598579	3.228657	0.000427
simvarmass_CY5L_12ac335e	Sim	3968064	1	1141	6.598579	3.057286	0.000288
simvarmass_CY5L_13e08ce8	Sim	3968064	1	1642	6.598579	3.215373	0.000414
simvarmass_CY5L_14bcf616	Sim	3968064	1	2046	6.598579	3.310906	0.000516
simvarmass_CY5L_14dede87	Sim	3968064	1	41473	6.598579	4.617765	0.010452
simvarmass_CY5L_150a2128	Sim	3968064	1	1481	6.598579	3.170555	0.000373
simvarmass_CY5L_1562ae4c	Sim	3968064	1	1682	6.598579	3.225826	0.000424
simvarmass_CY5L_167c7182	Sim	3968064	1	11519	6.598579	4.061415	0.002903
simvarmass_CY5L_16a81823	Sim	3968064	1	2524	6.598579	3.402089	0.000636
simvarmass_CY5L_190a4024	Sim	3968064	1	1284	6.598579	3.108565	0.000324
simvarmass_CY5L_1a06e206	Sim	3968064	1	1021	6.598579	3.009026	0.000257
simvarmass_CY5L_1ac1b13a	Sim	3968064	1	1356	6.598579	3.132260	0.000342
simvarmass_CY5L_1c94f091	Sim	3968064	1	1636	6.598579	3.213783	0.000412
simvarmass_CY5L_1c9c6a5f	Sim	3968064	1	670	6.598579	2.826075	0.000169
simvarmass_CY5L_1d398611	Sim	3968064	1	1011	6.598579	3.004751	0.000255
simvarmass_CY5L_1dc6dcaa	Sim	3968064	1	11119	6.598579	4.046066	0.002802
simvarmass_CY5L_1e495a5d	Sim	3968064	1	66827	6.598579	4.824952	0.016841
simvarmass_CY5L_1f0383ed	Sim	3968064	1	8538	6.598579	3.931356	0.002152
simvarmass_CY5L_1f2b45f8	Sim	3968064	1	1198	6.598579	3.078457	0.000302
simvarmass_CY5L_1f939cf0	Sim	3968064	1	1579	6.598579	3.198382	0.000398
simvarmass_CY5L_201f7a2d	Sim	3968064	1	10626	6.598579	4.026370	0.002678
simvarmass_CY5L_22977c18	Sim	3968064	1	766	6.598579	2.884229	0.000193
simvarmass_CY5L_22d33ae7	Sim	3968064	1	1460	6.598579	3.164353	0.000368
simvarmass_CY5L_237f4c72	Sim	3968064	1	2221	6.598579	3.346549	0.000560
simvarmass_CY5L_2554166f	Sim	3968064	1	5598	6.598579	3.748033	0.001411
simvarmass_CY5L_258ca893	Sim	3968064	1	2092	6.598579	3.320562	0.000527
simvarmass_CY5L_25a36c92	Sim	3968064	1	1103	6.598579	3.042576	0.000278
simvarmass_CY5L_26f50e87	Sim	3968064	1	64338	6.598579	4.808468	0.016214
simvarmass_CY5L_28d950c6	Sim	3968064	1	1848	6.598579	3.266702	0.000466
simvarmass_CY5L_2c4ec817	Sim	3968064	1	1850	6.598579	3.267172	0.000466
simvarmass_CY5L_2cbc3d23	Sim	3968064	1	35817	6.598579	4.554089	0.009026
simvarmass_CY5L_2ee74e9f	Sim	3968064	1	10692	6.598579	4.029059	0.002695
simvarmass_CY5L_30cb6637	Sim	3968064	1	1864	6.598579	3.270446	0.000470
simvarmass_CY5L_32a3aeb6	Sim	3968064	1	1922	6.598579	3.283753	0.000484
simvarmass_CY5L_33842744	Sim	3968064	1	2122	6.598579	3.326745	0.000535
simvarmass_CY5L_340e180a	Sim	3968064	1	1956	6.598579	3.291369	0.000493
simvarmass_CY5L_3411b650	Sim	3968064	1	1154	6.598579	3.062206	0.000291
simvarmass_CY5L_3417dfb5	Sim	3968064	1	1561	6.598579	3.193403	0.000393
simvarmass_CY5L_34ee1647	Sim	3968064	1	1997	6.598579	3.300378	0.000503
simvarmass_CY5L_35a74d8f	Sim	3968064	1	1033	6.598579	3.014100	0.000260
simvarmass_CY5L_3ac13591	Sim	3968064	1	2030	6.598579	3.307496	0.000512
simvarmass_CY5L_3baeb3a0	Sim	3968064	1	6928	6.598579	3.840608	0.001746
simvarmass_CY5L_3c3d0b00	Sim	3968064	1	72697	6.598579	4.861516	0.018321
simvarmass_CY5L_3ce660ee	Sim	3968064	1	1206	6.598579	3.081347	0.000304
simvarmass_CY5L_3f293d0a	Sim	3968064	1	1818	6.598579	3.259594	0.000458
simvarmass_CY5L_3fbeb461	Sim	3968064	1	862	6.598579	2.935507	0.000217
simvarmass_CY5L_404f03b0	Sim	3968064	1	1839	6.598579	3.264582	0.000463
simvarmass_CY5L_432f525a	Sim	3968064	1	927	6.598579	2.967080	0.000234
simvarmass_CY5L_433b52eb	Sim	3968064	1	2008	6.598579	3.302764	0.000506
simvarmass_CY5L_445780d7	Sim	3968064	1	1703	6.598579	3.231215	0.000429
simvarmass_CY5L_463f3d0e	Sim	3968064	1	1317	6.598579	3.119586	0.000332
simvarmass_CY5L_481edd78	Sim	3968064	1	1983	6.598579	3.297323	0.000500
simvarmass_CY5L_4824bda2	Sim	3968064	1	1584	6.598579	3.199755	0.000399
simvarmass_CY5L_4952c9ea	Sim	3968064	1	20054	6.598579	4.302201	0.005054
simvarmass_CY5L_4af3b5c2	Sim	3968064	1	990	6.598579	2.995635	0.000249
simvarmass_CY5L_4b06e1a1	Sim	3968064	1	5227	6.598579	3.718253	0.001317
simvarmass_CY5L_4b8f9368	Sim	3968064	1	48921	6.598579	4.689495	0.012329
simvarmass_CY5L_4ba4183d	Sim	3968064	1	1972	6.598579	3.294907	0.000497
simvarmass_CY5L_4e1231de	Sim	3968064	1	47394	6.598579	4.675723	0.011944
simvarmass_CY5L_500608c2	Sim	3968064	1	2211	6.598579	3.344589	0.000557
simvarmass_CY5L_5090057d	Sim	3968064	1	1740	6.598579	3.240549	0.000439
simvarmass_CY5L_525c29df	Sim	3968064	1	1335	6.598579	3.125481	0.000336
simvarmass_CY5L_539f9527	Sim	3968064	1	11344	6.598579	4.054766	0.002859
simvarmass_CY5L_53d5d0cc	Sim	3968064	1	1787	6.598579	3.252125	0.000450
simvarmass_CY5L_5587e50e	Sim	3968064	1	1278	6.598579	3.106531	0.000322
simvarmass_CY5L_56136743	Sim	3968064	1	57233	6.598579	4.757647	0.014423
simvarmass_CY5L_56916148	Sim	3968064	1	1479	6.598579	3.169968	0.000373
simvarmass_CY5L_56d1e161	Sim	3968064	1	5674	6.598579	3.753889	0.001430
simvarmass_CY5L_57c005f7	Sim	3968064	1	39679	6.598579	4.598561	0.010000
simvarmass_CY5L_592532aa	Sim	3968064	1	1927	6.598579	3.284882	0.000486
simvarmass_CY5L_595bdded	Sim	3968064	1	811	6.598579	2.909021	0.000204
simvarmass_CY5L_5a0cca46	Sim	3968064	1	39220	6.598579	4.593508	0.009884
simvarmass_CY5L_5ae7e106	Sim	3968064	1	2799	6.598579	3.447003	0.000705
simvarmass_CY5L_5ca999d3	Sim	3968064	1	1881	6.598579	3.274389	0.000474
simvarmass_CY5L_5cdea545	Sim	3968064	1	1133	6.598579	3.054230	0.000286
simvarmass_CY5L_5d7bbad5	Sim	3968064	1	1536	6.598579	3.186391	0.000387
simvarmass_CY5L_5df9ec3e	Sim	3968064	1	1665	6.598579	3.221414	0.000420
simvarmass_CY5L_5f692ce6	Sim	3968064	1	5490	6.598579	3.739572	0.001384
simvarmass_CY5L_6133f4b1	Sim	3968064	1	866	6.598579	2.937518	0.000218
simvarmass_CY5L_626c8c6a	Sim	3968064	1	1497	6.598579	3.175222	0.000377
simvarmass_CY5L_629fcaa9	Sim	3968064	1	59669	6.598579	4.775749	0.015037
simvarmass_CY5L_63a09921	Sim	3968064	1	1590	6.598579	3.201397	0.000401
simvarmass_CY5L_6421c005	Sim	3968064	1	782	6.598579	2.893207	0.000197
simvarmass_CY5L_6464c463	Sim	3968064	1	1203	6.598579	3.080266	0.000303
simvarmass_CY5L_65b58cd3	Sim	3968064	1	75386	6.598579	4.877291	0.018998
simvarmass_CY5L_66024d2b	Sim	3968064	1	1660	6.598579	3.220108	0.000418
simvarmass_CY5L_69b6847f	Sim	3968064	1	1559	6.598579	3.192846	0.000393
simvarmass_CY5L_6b04b8c7	Sim	3968064	1	1154	6.598579	3.062206	0.000291
simvarmass_CY5L_6c359100	Sim	3968064	1	792	6.598579	2.898725	0.000200
simvarmass_CY5L_6ce031d4	Sim	3968064	1	50850	6.598579	4.706291	0.012815
simvarmass_CY5L_6dab5181	Sim	3968064	1	1630	6.598579	3.212188	0.000411
simvarmass_CY5L_707ed63b	Sim	3968064	1	1335	6.598579	3.125481	0.000336
simvarmass_CY5L_71057227	Sim	3968064	1	66760	6.598579	4.824516	0.016824
simvarmass_CY5L_750c4c5e	Sim	3968064	1	1436	6.598579	3.157154	0.000362
simvarmass_CY5L_75f255b1	Sim	3968064	1	992	6.598579	2.996512	0.000250
simvarmass_CY5L_76f02db6	Sim	3968064	1	2029	6.598579	3.307282	0.000511
simvarmass_CY5L_77874ae6	Sim	3968064	1	590	6.598579	2.770852	0.000149
simvarmass_CY5L_78e70971	Sim	3968064	1	8821	6.598579	3.945518	0.002223
simvarmass_CY5L_7b75f26c	Sim	3968064	1	59819	6.598579	4.776839	0.015075
simvarmass_CY5L_7b9b6f0f	Sim	3968064	1	1468	6.598579	3.166726	0.000370
simvarmass_CY5L_7c070caf	Sim	3968064	1	964	6.598579	2.984077	0.000243
simvarmass_CY5L_7d1a3c5b	Sim	3968064	1	1529	6.598579	3.184407	0.000385
simvarmass_CY5L_80c68fc4	Sim	3968064	1	1378	6.598579	3.139249	0.000347
simvarmass_CY5L_80ee7cfe	Sim	3968064	1	1600	6.598579	3.204120	0.000403
simvarmass_CY5L_82f91e7d	Sim	3968064	1	80323	6.598579	4.904840	0.020242
simvarmass_CY5L_83a9584a	Sim	3968064	1	1568	6.598579	3.195346	0.000395
simvarmass_CY5L_83bd0ca8	Sim	3968064	1	12811	6.598579	4.107583	0.003229
simvarmass_CY5L_8410b31a	Sim	3968064	1	29896	6.598579	4.475613	0.007534
simvarmass_CY5L_897bba36	Sim	3968064	1	1983	6.598579	3.297323	0.000500
simvarmass_CY5L_8bf7b484	Sim	3968064	1	1107	6.598579	3.044148	0.000279
simvarmass_CY5L_8d5d518f	Sim	3968064	1	1768	6.598579	3.247482	0.000446
simvarmass_CY5L_8e259b70	Sim	3968064	1	2430	6.598579	3.385606	0.000612
simvarmass_CY5L_8f539d95	Sim	3968064	1	65798	6.598579	4.818213	0.016582
simvarmass_CY5L_8fe797af	Sim	3968064	1	1212	6.598579	3.083503	0.000305
simvarmass_CY5L_903c8326	Sim	3968064	1	1552	6.598579	3.190892	0.000391
simvarmass_CY5L_9094ab2c	Sim	3968064	1	2073	6.598579	3.316599	0.000522
simvarmass_CY5L_917b35e1	Sim	3968064	1	998	6.598579	2.999131	0.000252
simvarmass_CY5L_96198ad4	Sim	3968064	1	7265	6.598579	3.861236	0.001831
simvarmass_CY5L_96c4c192	Sim	3968064	1	531	6.598579	2.725095	0.000134
simvarmass_CY5L_98343be9	Sim	3968064	1	1798	6.598579	3.254790	0.000453
simvarmass_CY5L_9877a8d3	Sim	3968064	1	71148	6.598579	4.852163	0.017930
simvarmass_CY5L_99a8eb4f	Sim	3968064	1	1952	6.598579	3.290480	0.000492
simvarmass_CY5L_9a373e9b	Sim	3968064	1	789	6.598579	2.897077	0.000199
simvarmass_CY5L_9ca8bccd	Sim	3968064	1	19859	6.598579	4.297957	0.005005
simvarmass_CY5L_9d179fa5	Sim	3968064	1	978	6.598579	2.990339	0.000246
simvarmass_CY5L_9d99e333	Sim	3968064	1	868	6.598579	2.938520	0.000219
simvarmass_CY5L_9f809585	Sim	3968064	1	1834	6.598579	3.263399	0.000462
simvarmass_CY5L_9f9145d3	Sim	3968064	1	2214	6.598579	3.345178	0.000558
simvarmass_CY5L_9fd2384a	Sim	3968064	1	1529	6.598579	3.184407	0.000385
simvarmass_CY5L_a1312b66	Sim	3968064	1	12696	6.598579	4.103667	0.003200
simvarmass_CY5L_a430d118	Sim	3968064	1	13192	6.598579	4.120311	0.003325
simvarmass_CY5L_a4d6d0bb	Sim	3968064	1	4097	6.598579	3.612466	0.001032
simvarmass_CY5L_a6e00e93	Sim	3968064	1	2236	6.598579	3.349472	0.000563
simvarmass_CY5L_a8047020	Sim	3968064	1	6797	6.598579	3.832317	0.001713
simvarmass_CY5L_a96389e6	Sim	3968064	1	14402	6.598579	4.158423	0.003629
simvarmass_CY5L_aa2d1ead	Sim	3968064	1	1842	6.598579	3.265290	0.000464
simvarmass_CY5L_ab31cf1e	Sim	3968064	1	6790	6.598579	3.831870	0.001711
simvarmass_CY5L_ab88b7cd	Sim	3968064	1	1567	6.598579	3.195069	0.000395
simvarmass_CY5L_abd7139e	Sim	3968064	1	1834	6.598579	3.263399	0.000462
simvarmass_CY5L_ad5b63fc	Sim	3968064	1	62813	6.598579	4.798050	0.015830
simvarmass_CY5L_addda019	Sim	3968064	1	676	6.598579	2.829947	0.000170
simvarmass_CY5L_ae0bc257	Sim	3968064	1	809	6.598579	2.907949	0.000204
simvarmass_CY5L_b001e10f	Sim	3968064	1	1865	6.598579	3.270679	0.000470
simvarmass_CY5L_b037e931	Sim	3968064	1	834	6.598579	2.921166	0.000210
simvarmass_CY5L_b156f56a	Sim	3968064	1	1837	6.598579	3.264109	0.000463
simvarmass_CY5L_b1a1efeb	Sim	3968064	1	2111	6.598579	3.324488	0.000532
simvarmass_CY5L_b29fff8a	Sim	3968064	1	6156	6.598579	3.789299	0.001551
simvarmass_CY5L_b39363cd	Sim	3968064	1	1846	6.598579	3.266232	0.000465
simvarmass_CY5L_b4603be1	Sim	3968064	1	31176	6.598579	4.493820	0.007857
simvarmass_CY5L_b4d3b176	Sim	3968064	1	1688	6.598579	3.227372	0.000425
simvarmass_CY5L_b5fe215d	Sim	3968064	1	2113	6.598579	3.324899	0.000533
simvarmass_CY5L_b6e4ac56	Sim	3968064	1	1328	6.598579	3.123198	0.000335
simvarmass_CY5L_b7717876	Sim	3968064	1	45599	6.598579	4.658955	0.011491
simvarmass_CY5L_b888945d	Sim	3968064	1	1110	6.598579	3.045323	0.000280
simvarmass_CY5L_b901537e	Sim	3968064	1	3557	6.598579	3.551084	0.000896
simvarmass_CY5L_b95234dd	Sim	3968064	1	3461	6.598579	3.539202	0.000872
simvarmass_CY5L_b9ca4f72	Sim	3968064	1	1304	6.598579	3.115278	0.000329
simvarmass_CY5L_bae90715	Sim	3968064	1	3260	6.598579	3.513218	0.000822
simvarmass_CY5L_bf680c47	Sim	3968064	1	1084	6.598579	3.035029	0.000273
simvarmass_CY5L_bfdb01fb	Sim	3968064	1	1907	6.598579	3.280351	0.000481
simvarmass_CY5L_c008c7b4	Sim	3968064	1	6387	6.598579	3.805297	0.001610
simvarmass_CY5L_c10f2b46	Sim	3968064	1	53487	6.598579	4.728248	0.013479
simvarmass_CY5L_c17e08be	Sim	3968064	1	62562	6.598579	4.796311	0.015766
simvarmass_CY5L_c335275c	Sim	3968064	1	1123	6.598579	3.050380	0.000283
simvarmass_CY5L_c399cc8f	Sim	3968064	1	1831	6.598579	3.262688	0.000461
simvarmass_CY5L_c39aeae8	Sim	3968064	1	1487	6.598579	3.172311	0.000375
simvarmass_CY5L_c611a3c6	Sim	3968064	1	1378	6.598579	3.139249	0.000347
simvarmass_CY5L_c618c353	Sim	3968064	1	2090	6.598579	3.320146	0.000527
simvarmass_CY5L_c761edd0	Sim	3968064	1	1644	6.598579	3.215902	0.000414
simvarmass_CY5L_c7c630f9	Sim	3968064	1	8054	6.598579	3.906012	0.002030
simvarmass_CY5L_ca22dc6d	Sim	3968064	1	10793	6.598579	4.033142	0.002720
simvarmass_CY5L_cad0905c	Sim	3968064	1	1792	6.598579	3.253338	0.000452
simvarmass_CY5L_cafb1423	Sim	3968064	1	8590	6.598579	3.933993	0.002165
simvarmass_CY5L_cbaf43a3	Sim	3968064	1	2141	6.598579	3.330617	0.000540
simvarmass_CY5L_cc3478bc	Sim	3968064	1	23052	6.598579	4.362709	0.005809
simvarmass_CY5L_ccdde8b6	Sim	3968064	1	2168	6.598579	3.336059	0.000546
simvarmass_CY5L_cd845f0f	Sim	3968064	1	1239	6.598579	3.093071	0.000312
simvarmass_CY5L_ceaa7951	Sim	3968064	1	59940	6.598579	4.777717	0.015106
simvarmass_CY5L_ced48015	Sim	3968064	1	2135	6.598579	3.329398	0.000538
simvarmass_CY5L_d0884605	Sim	3968064	1	1158	6.598579	3.063709	0.000292
simvarmass_CY5L_d0f3ce7f	Sim	3968064	1	1144	6.598579	3.058426	0.000288
simvarmass_CY5L_d20eccaf	Sim	3968064	1	615	6.598579	2.788875	0.000155
simvarmass_CY5L_d2a6c082	Sim	3968064	1	1028	6.598579	3.011993	0.000259
simvarmass_CY5L_d477463f	Sim	3968064	1	994	6.598579	2.997386	0.000250
simvarmass_CY5L_d4f5fc46	Sim	3968064	1	2093	6.598579	3.320769	0.000527
simvarmass_CY5L_d52169a1	Sim	3968064	1	1855	6.598579	3.268344	0.000467
simvarmass_CY5L_d67250cf	Sim	3968064	1	1417	6.598579	3.151370	0.000357
simvarmass_CY5L_d7fd035a	Sim	3968064	1	17858	6.598579	4.251833	0.004500
simvarmass_CY5L_d8102e43	Sim	3968064	1	1112	6.598579	3.046105	0.000280
simvarmass_CY5L_d96fa1fa	Sim	3968064	1	1017	6.598579	3.007321	0.000256
simvarmass_CY5L_d9d7d7f1	Sim	3968064	1	1269	6.598579	3.103462	0.000320
simvarmass_CY5L_d9fc6491	Sim	3968064	1	1904	6.598579	3.279667	0.000480
simvarmass_CY5L_daa12408	Sim	3968064	1	1840	6.598579	3.264818	0.000464
simvarmass_CY5L_dcbae292	Sim	3968064	1	1459	6.598579	3.164055	0.000368
simvarmass_CY5L_dcd5f12f	Sim	3968064	1	1312	6.598579	3.117934	0.000331
simvarmass_CY5L_dd038fa8	Sim	3968064	1	1468	6.598579	3.166726	0.000370
simvarmass_CY5L_df41bc25	Sim	3968064	1	1478	6.598579	3.169674	0.000372
simvarmass_CY5L_e158d5e9	Sim	3968064	1	1407	6.598579	3.148294	0.000355
simvarmass_CY5L_e2d3c3ee	Sim	3968064	1	1110	6.598579	3.045323	0.000280
simvarmass_CY5L_e310b86e	Sim	3968064	1	6226	6.598579	3.794209	0.001569
simvarmass_CY5L_e327cde7	Sim	3968064	1	3693	6.598579	3.567379	0.000931
simvarmass_CY5L_e3dfe44b	Sim	3968064	1	8934	6.598579	3.951046	0.002251
simvarmass_CY5L_e4216685	Sim	3968064	1	2107	6.598579	3.323665	0.000531
simvarmass_CY5L_e5434f9d	Sim	3968064	1	1981	6.598579	3.296884	0.000499
simvarmass_CY5L_e7479ac8	Sim	3968064	1	1189	6.598579	3.075182	0.000300
simvarmass_CY5L_e74aa8b1	Sim	3968064	1	62209	6.598579	4.793853	0.015677
simvarmass_CY5L_e89f6af0	Sim	3968064	1	1347	6.598579	3.129368	0.000339
simvarmass_CY5L_e9a827f8	Sim	3968064	1	1201	6.598579	3.079543	0.000303
simvarmass_CY5L_e9b710b2	Sim	3968064	1	1177	6.598579	3.070776	0.000297
simvarmass_CY5L_ea8843b2	Sim	3968064	1	1349	6.598579	3.130012	0.000340
simvarmass_CY5L_ec34d5b0	Sim	3968064	1	1234	6.598579	3.091315	0.000311
simvarmass_CY5L_ec47a6ad	Sim	3968064	1	12111	6.598579	4.083180	0.003052
simvarmass_CY5L_ec97f39a	Sim	3968064	1	1841	6.598579	3.265054	0.000464
simvarmass_CY5L_ef9dfecd	Sim	3968064	1	1979	6.598579	3.296446	0.000499
simvarmass_CY5L_efb30c9a	Sim	3968064	1	2170	6.598579	3.336460	0.000547
simvarmass_CY5L_f09f925c	Sim	3968064	1	1000	6.598579	3.000000	0.000252
simvarmass_CY5L_f16c4f04	Sim	3968064	1	880	6.598579	2.944483	0.000222
simvarmass_CY5L_f3ca3027	Sim	3968064	1	839	6.598579	2.923762	0.000211
simvarmass_CY5L_f4101ca1	Sim	3968064	1	915	6.598579	2.961421	0.000231
simvarmass_CY5L_f57370ec	Sim	3968064	1	1590	6.598579	3.201397	0.000401
simvarmass_CY5L_f597b922	Sim	3968064	1	1988	6.598579	3.298416	0.000501
simvarmass_CY5L_f687367f	Sim	3968064	1	11981	6.598579	4.078493	0.003019
simvarmass_CY5L_f71f2ae3	Sim	3968064	1	47863	6.598579	4.680000	0.012062
simvarmass_CY5L_fa5eacdd	Sim	3968064	1	1496	6.598579	3.174932	0.000377
simvarmass_CY5L_fa6ac544	Sim	3968064	1	1896	6.598579	3.277838	0.000478
simvarmass_CY5L_fd058bc6	Sim	3968064	1	1784	6.598579	3.251395	0.000450
simvarmass_CY5L_fe7b94ae	Sim	3968064	1	1342	6.598579	3.127753	0.000338
simvarmass_CY5L_fe9feef3	Sim	3968064	1	2628	6.598579	3.419625	0.000662
simvarmass_CY5L_feb64b1c	Sim	3968064	1	1282	6.598579	3.107888	0.000323
simvarmass_TMRL_00a36523	Sim	3968064	10	34337	6.598579	4.535762	0.008653
simvarmass_TMRL_035bbb91	Sim	3968064	5	9606	6.598579	3.982543	0.002421
simvarmass_TMRL_03e9ae6e	Sim	3968064	10	2391	6.598579	3.378580	0.000603
simvarmass_TMRL_0442bcde	Sim	3968064	10	13554	6.598579	4.132067	0.003416
simvarmass_TMRL_051f2b11	Sim	3968064	5	1975	6.598579	3.295567	0.000498
simvarmass_TMRL_0618c3c0	Sim	3968064	10	48142	6.598579	4.682524	0.012132
simvarmass_TMRL_065cc51d	Sim	3968064	10	2812	6.598579	3.449015	0.000709
simvarmass_TMRL_070849ff	Sim	3968064	5	10639	6.598579	4.026901	0.002681
simvarmass_TMRL_072b5701	Sim	3968064	5	4883	6.598579	3.688687	0.001231
simvarmass_TMRL_091ea053	Sim	3968064	10	18541	6.598579	4.268133	0.004673
simvarmass_TMRL_0c7f7779	Sim	3968064	5	21446	6.598579	4.331346	0.005405
simvarmass_TMRL_0d35ae2d	Sim	3968064	10	28492	6.598579	4.454723	0.007180
simvarmass_TMRL_0d8365fd	Sim	3968064	10	22587	6.598579	4.353859	0.005692
simvarmass_TMRL_0efde4f6	Sim	3968064	5	2195	6.598579	3.341435	0.000553
simvarmass_TMRL_0f8520f7	Sim	3968064	10	33429	6.598579	4.524123	0.008425
simvarmass_TMRL_11be5298	Sim	3968064	10	30487	6.598579	4.484115	0.007683
simvarmass_TMRL_12d1c501	Sim	3968064	10	13018	6.598579	4.114544	0.003281
simvarmass_TMRL_132b0e1d	Sim	3968064	5	2072	6.598579	3.316390	0.000522
simvarmass_TMRL_13951781	Sim	3968064	10	44729	6.598579	4.650589	0.011272
simvarmass_TMRL_144094e6	Sim	3968064	10	9735	6.598579	3.988336	0.002453
simvarmass_TMRL_154fc139	Sim	3968064	10	30703	6.598579	4.487181	0.007738
simvarmass_TMRL_169f172d	Sim	3968064	10	28076	6.598579	4.448335	0.007075
simvarmass_TMRL_17945961	Sim	3968064	5	46863	6.598579	4.670830	0.011810
simvarmass_TMRL_17fcfcf4	Sim	3968064	10	19162	6.598579	4.282441	0.004829
simvarmass_TMRL_19c9fe8a	Sim	3968064	10	9369	6.598579	3.971693	0.002361
simvarmass_TMRL_1f6e6208	Sim	3968064	10	4799	6.598579	3.681151	0.001209
simvarmass_TMRL_1fe9cbf5	Sim	3968064	5	1591	6.598579	3.201670	0.000401
simvarmass_TMRL_20610138	Sim	3968064	10	40907	6.598579	4.611798	0.010309
simvarmass_TMRL_217a84bc	Sim	3968064	10	6122	6.598579	3.786893	0.001543
simvarmass_TMRL_217b8a01	Sim	3968064	10	11319	6.598579	4.053808	0.002853
simvarmass_TMRL_21a3efda	Sim	3968064	10	6081	6.598579	3.783975	0.001532
simvarmass_TMRL_2338f30b	Sim	3968064	5	24614	6.598579	4.391182	0.006203
simvarmass_TMRL_235d3ca8	Sim	3968064	10	30903	6.598579	4.490001	0.007788
simvarmass_TMRL_23e19e42	Sim	3968064	10	25555	6.598579	4.407476	0.006440
simvarmass_TMRL_23e7c892	Sim	3968064	10	7547	6.598579	3.877774	0.001902
simvarmass_TMRL_24124f4a	Sim	3968064	10	39230	6.598579	4.593618	0.009886
simvarmass_TMRL_248aabc0	Sim	3968064	10	4049	6.598579	3.607348	0.001020
simvarmass_TMRL_25a8a99e	Sim	3968064	10	37175	6.598579	4.570251	0.009369
simvarmass_TMRL_266202bc	Sim	3968064	10	16321	6.598579	4.212747	0.004113
simvarmass_TMRL_273c5723	Sim	3968064	10	5408	6.598579	3.733037	0.001363
simvarmass_TMRL_27986836	Sim	3968064	5	43315	6.598579	4.636638	0.010916
simvarmass_TMRL_28dc6f47	Sim	3968064	10	25590	6.598579	4.408070	0.006449
simvarmass_TMRL_2c8705eb	Sim	3968064	10	41328	6.598579	4.616244	0.010415
simvarmass_TMRL_2c8cbd79	Sim	3968064	5	19615	6.598579	4.292588	0.004943
simvarmass_TMRL_2db7b5fd	Sim	3968064	10	26513	6.598579	4.423459	0.006682
simvarmass_TMRL_2e3f28f3	Sim	3968064	10	38496	6.598579	4.585416	0.009701
simvarmass_TMRL_2ebdbaf0	Sim	3968064	10	34216	6.598579	4.534229	0.008623
simvarmass_TMRL_2ef76c51	Sim	3968064	5	37052	6.598579	4.568812	0.009338
simvarmass_TMRL_32388b80	Sim	3968064	10	7958	6.598579	3.900804	0.002006
simvarmass_TMRL_3374d92b	Sim	3968064	10	18701	6.598579	4.271865	0.004713
simvarmass_TMRL_35c8d048	Sim	3968064	10	27629	6.598579	4.441365	0.006963
simvarmass_TMRL_3bb5d83a	Sim	3968064	10	47702	6.598579	4.678537	0.012021
simvarmass_TMRL_3c29f86e	Sim	3968064	5	2497	6.598579	3.397419	0.000629
simvarmass_TMRL_3d5487ce	Sim	3968064	10	2967	6.598579	3.472318	0.000748
simvarmass_TMRL_3dab40da	Sim	3968064	10	20806	6.598579	4.318189	0.005243
simvarmass_TMRL_40da6748	Sim	3968064	5	36016	6.598579	4.556495	0.009076
simvarmass_TMRL_4179b643	Sim	3968064	10	31090	6.598579	4.492621	0.007835
simvarmass_TMRL_418898bd	Sim	3968064	10	18240	6.598579	4.261025	0.004597
simvarmass_TMRL_4415117e	Sim	3968064	5	1626	6.598579	3.211121	0.000410
simvarmass_TMRL_44d95a97	Sim	3968064	10	30463	6.598579	4.483773	0.007677
simvarmass_TMRL_4552f372	Sim	3968064	5	31576	6.598579	4.499357	0.007958
simvarmass_TMRL_456b410c	Sim	3968064	10	29468	6.598579	4.469351	0.007426
simvarmass_TMRL_45b2c534	Sim	3968064	5	51257	6.598579	4.709753	0.012917
simvarmass_TMRL_46c8a8cf	Sim	3968064	10	39643	6.598579	4.598167	0.009991
simvarmass_TMRL_487e5f1d	Sim	3968064	5	2343	6.598579	3.369772	0.000590
simvarmass_TMRL_492fc7d6	Sim	3968064	10	28585	6.598579	4.456138	0.007204
simvarmass_TMRL_49455a7c	Sim	3968064	5	2596	6.598579	3.414305	0.000654
simvarmass_TMRL_4a02cbce	Sim	3968064	5	33530	6.598579	4.525434	0.008450
simvarmass_TMRL_4aff60bf	Sim	3968064	5	2343	6.598579	3.369772	0.000590
simvarmass_TMRL_4b89c98e	Sim	3968064	10	41941	6.598579	4.622639	0.010570
simvarmass_TMRL_4ca7c1f8	Sim	3968064	10	39826	6.598579	4.600167	0.010037
simvarmass_TMRL_4d299943	Sim	3968064	5	2174	6.598579	3.337260	0.000548
simvarmass_TMRL_4db68b26	Sim	3968064	10	19046	6.598579	4.279804	0.004800
simvarmass_TMRL_4e01ce8f	Sim	3968064	10	21502	6.598579	4.332479	0.005419
simvarmass_TMRL_4ee7b39c	Sim	3968064	5	4810	6.598579	3.682145	0.001212
simvarmass_TMRL_4fa41ff4	Sim	3968064	5	39795	6.598579	4.599829	0.010029
simvarmass_TMRL_5050c5eb	Sim	3968064	5	34964	6.598579	4.543621	0.008811
simvarmass_TMRL_51aca410	Sim	3968064	10	26973	6.598579	4.430929	0.006798
simvarmass_TMRL_531f2826	Sim	3968064	10	48691	6.598579	4.687449	0.012271
simvarmass_TMRL_54048b1d	Sim	3968064	10	8072	6.598579	3.906981	0.002034
simvarmass_TMRL_54a4ef33	Sim	3968064	5	24085	6.598579	4.381747	0.006070
simvarmass_TMRL_54df1a75	Sim	3968064	10	18096	6.598579	4.257583	0.004560
simvarmass_TMRL_55394eb0	Sim	3968064	10	9363	6.598579	3.971415	0.002360
simvarmass_TMRL_577ce5ca	Sim	3968064	10	12819	6.598579	4.107854	0.003231
simvarmass_TMRL_58abd6b5	Sim	3968064	10	38212	6.598579	4.582200	0.009630
simvarmass_TMRL_59ada9e0	Sim	3968064	10	18272	6.598579	4.261786	0.004605
simvarmass_TMRL_5bb3b255	Sim	3968064	10	24569	6.598579	4.390387	0.006192
simvarmass_TMRL_5d617c83	Sim	3968064	5	2241	6.598579	3.350442	0.000565
simvarmass_TMRL_5fefc118	Sim	3968064	10	16282	6.598579	4.211708	0.004103
simvarmass_TMRL_600a446c	Sim	3968064	10	37073	6.598579	4.569058	0.009343
simvarmass_TMRL_6040aa37	Sim	3968064	10	23916	6.598579	4.378689	0.006027
simvarmass_TMRL_604ef355	Sim	3968064	10	25033	6.598579	4.398513	0.006309
simvarmass_TMRL_617d8a56	Sim	3968064	10	10062	6.598579	4.002684	0.002536
simvarmass_TMRL_633d3698	Sim	3968064	10	27052	6.598579	4.432199	0.006817
simvarmass_TMRL_64f6c0b0	Sim	3968064	10	5816	6.598579	3.764624	0.001466
simvarmass_TMRL_6676fd5c	Sim	3968064	5	2246	6.598579	3.351410	0.000566
simvarmass_TMRL_66b77acd	Sim	3968064	10	38745	6.598579	4.588216	0.009764
simvarmass_TMRL_6984e828	Sim	3968064	10	9271	6.598579	3.967127	0.002336
simvarmass_TMRL_6c313417	Sim	3968064	10	41900	6.598579	4.622214	0.010559
simvarmass_TMRL_6c6e2c30	Sim	3968064	5	2269	6.598579	3.355834	0.000572
simvarmass_TMRL_6dc88c32	Sim	3968064	5	48582	6.598579	4.686475	0.012243
simvarmass_TMRL_6e8cb638	Sim	3968064	5	2023	6.598579	3.305996	0.000510
simvarmass_TMRL_6ef7c896	Sim	3968064	10	42545	6.598579	4.628849	0.010722
simvarmass_TMRL_70a83343	Sim	3968064	10	31538	6.598579	4.498834	0.007948
simvarmass_TMRL_721e1aef	Sim	3968064	10	36726	6.598579	4.564974	0.009255
simvarmass_TMRL_72d333b8	Sim	3968064	10	18984	6.598579	4.278388	0.004784
simvarmass_TMRL_79b3efaf	Sim	3968064	5	47096	6.598579	4.672984	0.011869
simvarmass_TMRL_7a76b5a4	Sim	3968064	10	35652	6.598579	4.552084	0.008985
simvarmass_TMRL_7c6cea1c	Sim	3968064	5	9099	6.598579	3.958994	0.002293
simvarmass_TMRL_7d35c0dc	Sim	3968064	10	32538	6.598579	4.512391	0.008200
simvarmass_TMRL_7d3e1a6f	Sim	3968064	10	36595	6.598579	4.563422	0.009222
simvarmass_TMRL_7d4309e5	Sim	3968064	10	16978	6.598579	4.229887	0.004279
simvarmass_TMRL_7e9c2032	Sim	3968064	10	18435	6.598579	4.265643	0.004646
simvarmass_TMRL_7ed3b3eb	Sim	3968064	5	20072	6.598579	4.302591	0.005058
simvarmass_TMRL_7fab4291	Sim	3968064	5	4432	6.598579	3.646600	0.001117
simvarmass_TMRL_7fbc4fc0	Sim	3968064	10	28301	6.598579	4.451802	0.007132
simvarmass_TMRL_80fee400	Sim	3968064	10	13344	6.598579	4.125286	0.003363
simvarmass_TMRL_8160d8bc	Sim	3968064	5	1649	6.598579	3.217221	0.000416
simvarmass_TMRL_81924417	Sim	3968064	10	22282	6.598579	4.347954	0.005615
simvarmass_TMRL_81c5ded7	Sim	3968064	10	32169	6.598579	4.507438	0.008107
simvarmass_TMRL_833b30e6	Sim	3968064	5	13055	6.598579	4.115777	0.003290
simvarmass_TMRL_83872c3e	Sim	3968064	5	4254	6.598579	3.628797	0.001072
simvarmass_TMRL_846117a2	Sim	3968064	10	5682	6.598579	3.754501	0.001432
simvarmass_TMRL_853a3a38	Sim	3968064	10	14407	6.598579	4.158574	0.003631
simvarmass_TMRL_87569aa8	Sim	3968064	10	20900	6.598579	4.320146	0.005267
simvarmass_TMRL_879db323	Sim	3968064	10	8980	6.598579	3.953276	0.002263
simvarmass_TMRL_87e73254	Sim	3968064	10	36973	6.598579	4.567885	0.009318
simvarmass_TMRL_898211e5	Sim	3968064	5	7050	6.598579	3.848189	0.001777
simvarmass_TMRL_8c95d1ab	Sim	3968064	1	1423	6.598579	3.153205	0.000359
simvarmass_TMRL_8d74bdc9	Sim	3968064	10	19250	6.598579	4.284431	0.004851
simvarmass_TMRL_8e20de30	Sim	3968064	10	2389	6.598579	3.378216	0.000602
simvarmass_TMRL_8ea5cf01	Sim	3968064	10	6414	6.598579	3.807129	0.001616
simvarmass_TMRL_8f54885b	Sim	3968064	10	4106	6.598579	3.613419	0.001035
simvarmass_TMRL_91852647	Sim	3968064	5	4748	6.598579	3.676511	0.001197
simvarmass_TMRL_92519093	Sim	3968064	5	5992	6.598579	3.777572	0.001510
simvarmass_TMRL_92f018f0	Sim	3968064	5	12479	6.598579	4.096180	0.003145
simvarmass_TMRL_94722e72	Sim	3968064	5	26288	6.598579	4.419758	0.006625
simvarmass_TMRL_97fa77e2	Sim	3968064	10	42333	6.598579	4.626679	0.010668
simvarmass_TMRL_9a4dbf7c	Sim	3968064	10	19775	6.598579	4.296116	0.004984
simvarmass_TMRL_9ab65de4	Sim	3968064	10	22767	6.598579	4.357306	0.005738
simvarmass_TMRL_9b2e6352	Sim	3968064	10	14646	6.598579	4.165719	0.003691
simvarmass_TMRL_9b8222e8	Sim	3968064	10	26747	6.598579	4.427275	0.006741
simvarmass_TMRL_9be462c3	Sim	3968064	10	31439	6.598579	4.497469	0.007923
simvarmass_TMRL_9d78b00c	Sim	3968064	5	36964	6.598579	4.567779	0.009315
simvarmass_TMRL_9db466e8	Sim	3968064	5	11610	6.598579	4.064832	0.002926
simvarmass_TMRL_9e2ebb0b	Sim	3968064	10	16354	6.598579	4.213624	0.004121
simvarmass_TMRL_a25afbb5	Sim	3968064	10	4417	6.598579	3.645127	0.001113
simvarmass_TMRL_a2e1fcdd	Sim	3968064	10	27702	6.598579	4.442511	0.006981
simvarmass_TMRL_a566aba4	Sim	3968064	5	36845	6.598579	4.566379	0.009285
simvarmass_TMRL_a62aa723	Sim	3968064	10	25481	6.598579	4.406216	0.006422
simvarmass_TMRL_a66b9c69	Sim	3968064	10	41085	6.598579	4.613683	0.010354
simvarmass_TMRL_a72b8843	Sim	3968064	5	5842	6.598579	3.766562	0.001472
simvarmass_TMRL_a72f8a37	Sim	3968064	10	37385	6.598579	4.572697	0.009421
simvarmass_TMRL_a8db5834	Sim	3968064	10	41140	6.598579	4.614264	0.010368
simvarmass_TMRL_aa416f85	Sim	3968064	10	10359	6.598579	4.015318	0.002611
simvarmass_TMRL_aa62ca2c	Sim	3968064	5	3823	6.598579	3.582404	0.000963
simvarmass_TMRL_ac8b146d	Sim	3968064	5	1990	6.598579	3.298853	0.000502
simvarmass_TMRL_ad3cc05c	Sim	3968064	10	25843	6.598579	4.412343	0.006513
simvarmass_TMRL_ae6ab853	Sim	3968064	10	19018	6.598579	4.279165	0.004793
simvarmass_TMRL_af462d76	Sim	3968064	10	42199	6.598579	4.625302	0.010635
simvarmass_TMRL_afc93458	Sim	3968064	10	28445	6.598579	4.454006	0.007168
simvarmass_TMRL_afda365f	Sim	3968064	5	2141	6.598579	3.330617	0.000540
simvarmass_TMRL_b07da363	Sim	3968064	10	16449	6.598579	4.216140	0.004145
simvarmass_TMRL_b1062cd2	Sim	3968064	5	12154	6.598579	4.084719	0.003063
simvarmass_TMRL_b1617b06	Sim	3968064	10	12884	6.598579	4.110051	0.003247
simvarmass_TMRL_b2a1181c	Sim	3968064	10	16527	6.598579	4.218194	0.004165
simvarmass_TMRL_b53fd232	Sim	3968064	10	42006	6.598579	4.623311	0.010586
simvarmass_TMRL_b58de1b6	Sim	3968064	5	3931	6.598579	3.594503	0.000991
simvarmass_TMRL_b689c4d9	Sim	3968064	5	1898	6.598579	3.278296	0.000478
simvarmass_TMRL_b8c4544d	Sim	3968064	10	42410	6.598579	4.627468	0.010688
simvarmass_TMRL_ba74c496	Sim	3968064	10	39500	6.598579	4.596597	0.009954
simvarmass_TMRL_bb5e8dac	Sim	3968064	10	31690	6.598579	4.500922	0.007986
simvarmass_TMRL_bbb2fa80	Sim	3968064	10	42452	6.598579	4.627898	0.010698
simvarmass_TMRL_bc410f7e	Sim	3968064	10	26150	6.598579	4.417472	0.006590
simvarmass_TMRL_bdd06456	Sim	3968064	10	8847	6.598579	3.946796	0.002230
simvarmass_TMRL_be862ff3	Sim	3968064	10	37859	6.598579	4.578169	0.009541
simvarmass_TMRL_beac175f	Sim	3968064	10	6440	6.598579	3.808886	0.001623
simvarmass_TMRL_beb8d9ce	Sim	3968064	5	40949	6.598579	4.612243	0.010320
simvarmass_TMRL_bebc9568	Sim	3968064	10	37481	6.598579	4.573811	0.009446
simvarmass_TMRL_bf32f465	Sim	3968064	10	37690	6.598579	4.576226	0.009498
simvarmass_TMRL_bfe94955	Sim	3968064	10	19965	6.598579	4.300269	0.005031
simvarmass_TMRL_c0010e10	Sim	3968064	10	10862	6.598579	4.035910	0.002737
simvarmass_TMRL_c0213033	Sim	3968064	5	2209	6.598579	3.344196	0.000557
simvarmass_TMRL_c02b436f	Sim	3968064	5	3528	6.598579	3.547529	0.000889
simvarmass_TMRL_c0f004c4	Sim	3968064	10	12192	6.598579	4.086075	0.003073
simvarmass_TMRL_c1621bcc	Sim	3968064	10	38603	6.598579	4.586621	0.009728
simvarmass_TMRL_c1dbffdc	Sim	3968064	5	9029	6.598579	3.955640	0.002275
simvarmass_TMRL_c25f7281	Sim	3968064	10	8632	6.598579	3.936111	0.002175
simvarmass_TMRL_c286e651	Sim	3968064	5	41634	6.598579	4.619448	0.010492
simvarmass_TMRL_c37876a5	Sim	3968064	10	29579	6.598579	4.470983	0.007454
simvarmass_TMRL_c403b364	Sim	3968064	5	40554	6.598579	4.608034	0.010220
simvarmass_TMRL_c4241d45	Sim	3968064	5	6231	6.598579	3.794558	0.001570
simvarmass_TMRL_c465b212	Sim	3968064	10	10463	6.598579	4.019656	0.002637
simvarmass_TMRL_c724cf94	Sim	3968064	10	12663	6.598579	4.102537	0.003191
simvarmass_TMRL_c773909b	Sim	3968064	10	27603	6.598579	4.440956	0.006956
simvarmass_TMRL_c8168f67	Sim	3968064	10	8158	6.598579	3.911584	0.002056
simvarmass_TMRL_c845118f	Sim	3968064	10	39936	6.598579	4.601365	0.010064
simvarmass_TMRL_c97de8d3	Sim	3968064	10	43840	6.598579	4.641871	0.011048
simvarmass_TMRL_cc84932a	Sim	3968064	10	7561	6.598579	3.878579	0.001905
simvarmass_TMRL_ce31054b	Sim	3968064	10	43713	6.598579	4.640611	0.011016
simvarmass_TMRL_ce40b073	Sim	3968064	10	28925	6.598579	4.461273	0.007289
simvarmass_TMRL_cff585d1	Sim	3968064	10	29804	6.598579	4.474275	0.007511
simvarmass_TMRL_d12eec9e	Sim	3968064	5	20188	6.598579	4.305093	0.005088
simvarmass_TMRL_d2c8fb9a	Sim	3968064	5	34677	6.598579	4.540042	0.008739
simvarmass_TMRL_d2d73305	Sim	3968064	10	20069	6.598579	4.302526	0.005058
simvarmass_TMRL_d311a735	Sim	3968064	10	42727	6.598579	4.630702	0.010768
simvarmass_TMRL_d3939da3	Sim	3968064	10	5403	6.598579	3.732635	0.001362
simvarmass_TMRL_d497b2ec	Sim	3968064	10	18292	6.598579	4.262261	0.004610
simvarmass_TMRL_d4d47896	Sim	3968064	10	32751	6.598579	4.515225	0.008254
simvarmass_TMRL_d5a7c403	Sim	3968064	5	9023	6.598579	3.955351	0.002274
simvarmass_TMRL_d7bbd0e2	Sim	3968064	10	6165	6.598579	3.789933	0.001554
simvarmass_TMRL_d8b2080a	Sim	3968064	10	38311	6.598579	4.583323	0.009655
simvarmass_TMRL_d8f4a6ae	Sim	3968064	10	6090	6.598579	3.784617	0.001535
simvarmass_TMRL_d9f4557f	Sim	3968064	10	17456	6.598579	4.241945	0.004399
simvarmass_TMRL_db34801c	Sim	3968064	5	1995	6.598579	3.299943	0.000503
simvarmass_TMRL_db5f4d7e	Sim	3968064	10	27235	6.598579	4.435127	0.006864
simvarmass_TMRL_dc02391f	Sim	3968064	10	9033	6.598579	3.955832	0.002276
simvarmass_TMRL_dcd948ad	Sim	3968064	5	14082	6.598579	4.148664	0.003549
simvarmass_TMRL_dd7166d2	Sim	3968064	5	2200	6.598579	3.342423	0.000554
simvarmass_TMRL_de87cb98	Sim	3968064	10	12814	6.598579	4.107685	0.003229
simvarmass_TMRL_e2d70a40	Sim	3968064	5	30252	6.598579	4.480754	0.007624
simvarmass_TMRL_e587ecca	Sim	3968064	10	30676	6.598579	4.486799	0.007731
simvarmass_TMRL_e6bb8457	Sim	3968064	5	3082	6.598579	3.488833	0.000777
simvarmass_TMRL_e79f6619	Sim	3968064	10	14675	6.598579	4.166578	0.003698
simvarmass_TMRL_ea7ac772	Sim	3968064	5	48982	6.598579	4.690037	0.012344
simvarmass_TMRL_eaeb7500	Sim	3968064	10	3572	6.598579	3.552911	0.000900
simvarmass_TMRL_ebd071e5	Sim	3968064	10	5062	6.598579	3.704322	0.001276
simvarmass_TMRL_ec03aa6c	Sim	3968064	10	38461	6.598579	4.585021	0.009693
simvarmass_TMRL_ed5a8d2f	Sim	3968064	10	26416	6.598579	4.421867	0.006657
simvarmass_TMRL_eddd606c	Sim	3968064	5	48729	6.598579	4.687787	0.012280
simvarmass_TMRL_f023a4b4	Sim	3968064	10	42110	6.598579	4.624385	0.010612
simvarmass_TMRL_f0f3a4a2	Sim	3968064	1	1362	6.598579	3.134177	0.000343
simvarmass_TMRL_f24946d7	Sim	3968064	10	26145	6.598579	4.417389	0.006589
simvarmass_TMRL_f4a57b9f	Sim	3968064	10	41686	6.598579	4.619990	0.010505
simvarmass_TMRL_f5c16209	Sim	3968064	10	14565	6.598579	4.163310	0.003671
simvarmass_TMRL_f7e45d35	Sim	3968064	5	4944	6.598579	3.694078	0.001246
simvarmass_TMRL_f8a97aae	Sim	3968064	5	2697	6.598579	3.430881	0.000680
simvarmass_TMRL_f9a98ebb	Sim	3968064	10	46993	6.598579	4.672033	0.011843
simvarmass_TMRL_f9aea244	Sim	3968064	10	8465	6.598579	3.927627	0.002133
simvarmass_TMRL_fa2aaf75	Sim	3968064	10	16239	6.598579	4.210559	0.004092
simvarmass_TMRL_faf6135e	Sim	3968064	10	9541	6.598579	3.979594	0.002404
simvarmass_TMRL_fbfb73de	Sim	3968064	10	29822	6.598579	4.474537	0.007516
simvarmass_TMRL_fc1513a8	Sim	3968064	10	10210	6.598579	4.009026	0.002573
simvarmass_TMRL_fc5b60a0	Sim	3968064	10	39716	6.598579	4.598966	0.010009
simvarmass_TMRL_fc9ef2d1	Sim	3968064	10	13094	6.598579	4.117072	0.003300
simvarmass_TMRL_fdb9a44a	Sim	3968064	10	29296	6.598579	4.466808	0.007383
simvarmass_TMRL_fe259400	Sim	3968064	5	2555	6.598579	3.407391	0.000644
simvarmass_TMRL_feb3ab2e	Sim	3968064	10	30581	6.598579	4.485452	0.007707
simvarmass_TMRL_ff787d2e	Sim	3968064	10	8379	6.598579	3.923192	0.002112
simvarmass_TMRL_ffeace8a	Sim	3968064	10	18058	6.598579	4.256670	0.004551
simneg_008df2df	Sim	3968064	10	42206	6.598579	4.625374	0.010636
simneg_00ed8795	Sim	3968064	10	45265	6.598579	4.655763	0.011407
simneg_0128b58c	Sim	3968064	10	46804	6.598579	4.670283	0.011795
simneg_0135127f	Sim	3968064	10	47723	6.598579	4.678728	0.012027
simneg_01aafc2e	Sim	3968064	1	58813	6.598579	4.769473	0.014822
simneg_01ca480a	Sim	3968064	5	50031	6.598579	4.699239	0.012608
simneg_01f9c4c6	Sim	3968064	10	40827	6.598579	4.610947	0.010289
simneg_0204ca28	Sim	3968064	1	55904	6.598579	4.747443	0.014088
simneg_0305293f	Sim	3968064	10	45856	6.598579	4.661396	0.011556
simneg_03714e9d	Sim	3968064	10	40064	6.598579	4.602754	0.010097
simneg_03a610c9	Sim	3968064	10	48708	6.598579	4.687600	0.012275
simneg_03cf26c4	Sim	3968064	5	46747	6.598579	4.669754	0.011781
simneg_03f9a7f2	Sim	3968064	1	58609	6.598579	4.767964	0.014770
simneg_04ce6818	Sim	3968064	5	49604	6.598579	4.695517	0.012501
simneg_04e0cd31	Sim	3968064	5	52893	6.598579	4.723398	0.013330
simneg_062b926b	Sim	3968064	10	47274	6.598579	4.674622	0.011914
simneg_06add54e	Sim	3968064	5	50562	6.598579	4.703824	0.012742
simneg_07cbe44d	Sim	3968064	10	44400	6.598579	4.647383	0.011189
simneg_087cb64d	Sim	3968064	10	42343	6.598579	4.626782	0.010671
simneg_08a5d823	Sim	3968064	5	49564	6.598579	4.695166	0.012491
simneg_092bf249	Sim	3968064	10	49427	6.598579	4.693964	0.012456
simneg_09c3982d	Sim	3968064	10	43835	6.598579	4.641821	0.011047
simneg_09f87703	Sim	3968064	5	52812	6.598579	4.722733	0.013309
simneg_0a51957b	Sim	3968064	10	40273	6.598579	4.605014	0.010149
simneg_0ad21898	Sim	3968064	10	39118	6.598579	4.592377	0.009858
simneg_0adc3a81	Sim	3968064	10	49881	6.598579	4.697935	0.012571
simneg_0af6dab5	Sim	3968064	10	50473	6.598579	4.703059	0.012720
simneg_0c4f670e	Sim	3968064	10	41155	6.598579	4.614423	0.010372
simneg_0d7555a1	Sim	3968064	1	58417	6.598579	4.766539	0.014722
simneg_0e0e98bc	Sim	3968064	10	46670	6.598579	4.669038	0.011761
simneg_0e8556ac	Sim	3968064	5	47399	6.598579	4.675769	0.011945
simneg_0ff286fb	Sim	3968064	10	43601	6.598579	4.639496	0.010988
simneg_10326481	Sim	3968064	10	46642	6.598579	4.668777	0.011754
simneg_10ef7b75	Sim	3968064	10	48833	6.598579	4.688713	0.012307
simneg_1143ce3c	Sim	3968064	10	42960	6.598579	4.633064	0.010826
simneg_117b6d66	Sim	3968064	5	52316	6.598579	4.718635	0.013184
simneg_12552909	Sim	3968064	10	42333	6.598579	4.626679	0.010668
simneg_12f5ff26	Sim	3968064	10	44870	6.598579	4.651956	0.011308
simneg_1301e74b	Sim	3968064	10	41825	6.598579	4.621436	0.010540
simneg_1409e27d	Sim	3968064	5	48674	6.598579	4.687297	0.012266
simneg_1441c506	Sim	3968064	10	46287	6.598579	4.665459	0.011665
simneg_1456c498	Sim	3968064	1	70059	6.598579	4.845464	0.017656
simneg_15b4c8cc	Sim	3968064	5	50665	6.598579	4.704708	0.012768
simneg_171dbf51	Sim	3968064	10	48720	6.598579	4.687707	0.012278
simneg_176f7662	Sim	3968064	10	48795	6.598579	4.688375	0.012297
simneg_18d57603	Sim	3968064	1	61874	6.598579	4.791508	0.015593
simneg_19156920	Sim	3968064	10	46254	6.598579	4.665149	0.011657
simneg_19524001	Sim	3968064	1	60687	6.598579	4.783096	0.015294
simneg_19d0e46d	Sim	3968064	10	43410	6.598579	4.637590	0.010940
simneg_1aaae7cb	Sim	3968064	1	56903	6.598579	4.755135	0.014340
simneg_1ae87294	Sim	3968064	5	51112	6.598579	4.708523	0.012881
simneg_1b88658f	Sim	3968064	5	49554	6.598579	4.695079	0.012488
simneg_1bd8fc06	Sim	3968064	10	47097	6.598579	4.672993	0.011869
simneg_1c8de8f3	Sim	3968064	5	49640	6.598579	4.695832	0.012510
simneg_1ccdf300	Sim	3968064	10	44750	6.598579	4.650793	0.011278
simneg_1e68d1a7	Sim	3968064	10	49435	6.598579	4.694035	0.012458
simneg_1ec12cbd	Sim	3968064	1	67327	6.598579	4.828189	0.016967
simneg_1f6c5d95	Sim	3968064	10	46425	6.598579	4.666752	0.011700
simneg_1ff6decc	Sim	3968064	10	45032	6.598579	4.653521	0.011349
simneg_200a9661	Sim	3968064	5	52605	6.598579	4.721027	0.013257
simneg_2025e2c2	Sim	3968064	10	40937	6.598579	4.612116	0.010317
simneg_20b07eee	Sim	3968064	10	49508	6.598579	4.694675	0.012477
simneg_20bf9920	Sim	3968064	10	44151	6.598579	4.644941	0.011127
simneg_210deafc	Sim	3968064	1	63783	6.598579	4.804705	0.016074
simneg_21f73a74	Sim	3968064	10	45502	6.598579	4.658030	0.011467
simneg_22063ded	Sim	3968064	5	55546	6.598579	4.744653	0.013998
simneg_220a5f91	Sim	3968064	10	44028	6.598579	4.643729	0.011096
simneg_22a5d9c9	Sim	3968064	5	54060	6.598579	4.732876	0.013624
simneg_22e13f3f	Sim	3968064	10	44154	6.598579	4.644970	0.011127
simneg_2374c844	Sim	3968064	10	46397	6.598579	4.666490	0.011693
simneg_239fff42	Sim	3968064	5	53689	6.598579	4.729885	0.013530
simneg_24a9787f	Sim	3968064	10	40685	6.598579	4.609434	0.010253
simneg_2565a7c5	Sim	3968064	10	45813	6.598579	4.660989	0.011545
simneg_25c2bad0	Sim	3968064	1	58168	6.598579	4.764684	0.014659
simneg_262f9715	Sim	3968064	10	41992	6.598579	4.623167	0.010582
simneg_2633ad69	Sim	3968064	10	46964	6.598579	4.671765	0.011835
simneg_27a10708	Sim	3968064	1	62321	6.598579	4.794634	0.015706
simneg_284499a4	Sim	3968064	5	50152	6.598579	4.700288	0.012639
simneg_287a9ba2	Sim	3968064	5	45931	6.598579	4.662106	0.011575
simneg_289e13d6	Sim	3968064	10	42391	6.598579	4.627274	0.010683
simneg_28b3c85e	Sim	3968064	10	45505	6.598579	4.658059	0.011468
simneg_28bf763e	Sim	3968064	10	42971	6.598579	4.633175	0.010829
simneg_28c5465a	Sim	3968064	10	41728	6.598579	4.620428	0.010516
simneg_29a50b12	Sim	3968064	10	47630	6.598579	4.677881	0.012003
simneg_29c03a39	Sim	3968064	5	52638	6.598579	4.721299	0.013265
simneg_29f259fc	Sim	3968064	5	51822	6.598579	4.714514	0.013060
simneg_2ade28d4	Sim	3968064	10	41256	6.598579	4.615487	0.010397
simneg_2af1efc2	Sim	3968064	10	46865	6.598579	4.670849	0.011811
simneg_2bbde0d0	Sim	3968064	10	43440	6.598579	4.637890	0.010947
simneg_2bc16413	Sim	3968064	1	56829	6.598579	4.754570	0.014322
simneg_2bd9f361	Sim	3968064	10	42586	6.598579	4.629267	0.010732
simneg_2cd891fc	Sim	3968064	10	48074	6.598579	4.681910	0.012115
simneg_2d82c8f8	Sim	3968064	5	53514	6.598579	4.728467	0.013486
simneg_2de72803	Sim	3968064	10	45116	6.598579	4.654331	0.011370
simneg_2e6cac94	Sim	3968064	10	42994	6.598579	4.633408	0.010835
simneg_2f5bd1d7	Sim	3968064	5	57299	6.598579	4.758147	0.014440
simneg_2f8c082e	Sim	3968064	10	42289	6.598579	4.626227	0.010657
simneg_2fd4971d	Sim	3968064	10	49035	6.598579	4.690506	0.012357
simneg_303760d1	Sim	3968064	5	51294	6.598579	4.710067	0.012927
simneg_31152e4c	Sim	3968064	10	42580	6.598579	4.629206	0.010731
simneg_322e79b5	Sim	3968064	5	49640	6.598579	4.695832	0.012510
simneg_32afd62d	Sim	3968064	10	41770	6.598579	4.620864	0.010527
simneg_333919b3	Sim	3968064	5	57469	6.598579	4.759434	0.014483
simneg_3342ebfb	Sim	3968064	10	45875	6.598579	4.661576	0.011561
simneg_33861bf0	Sim	3968064	1	58613	6.598579	4.767994	0.014771
simneg_34c6ee5e	Sim	3968064	10	45971	6.598579	4.662484	0.011585
simneg_350f228f	Sim	3968064	10	47097	6.598579	4.672993	0.011869
simneg_3550ff0d	Sim	3968064	1	53956	6.598579	4.732040	0.013598
simneg_35d3f310	Sim	3968064	10	47879	6.598579	4.680145	0.012066
simneg_364326df	Sim	3968064	10	41277	6.598579	4.615708	0.010402
simneg_3684d0c7	Sim	3968064	5	52829	6.598579	4.722872	0.013314
simneg_36d91aeb	Sim	3968064	10	46058	6.598579	4.663305	0.011607
simneg_37029b70	Sim	3968064	10	45305	6.598579	4.656146	0.011417
simneg_37699bd5	Sim	3968064	10	49134	6.598579	4.691382	0.012382
simneg_37dc8a56	Sim	3968064	10	46583	6.598579	4.668227	0.011739
simneg_38cc062c	Sim	3968064	10	44602	6.598579	4.649354	0.011240
simneg_38ecfc5f	Sim	3968064	10	41314	6.598579	4.616097	0.010412
simneg_3a282f75	Sim	3968064	5	49006	6.598579	4.690249	0.012350
simneg_3aa5e2f6	Sim	3968064	10	42166	6.598579	4.624962	0.010626
simneg_3ac896b7	Sim	3968064	10	42898	6.598579	4.632437	0.010811
simneg_3b58a45a	Sim	3968064	10	45108	6.598579	4.654254	0.011368
simneg_3c27b97c	Sim	3968064	1	61636	6.598579	4.789834	0.015533
simneg_3c96b87b	Sim	3968064	10	48465	6.598579	4.685428	0.012214
simneg_3d5cb382	Sim	3968064	10	42947	6.598579	4.632933	0.010823
simneg_3d82fc65	Sim	3968064	10	44499	6.598579	4.648350	0.011214
simneg_3e5421c3	Sim	3968064	10	45241	6.598579	4.655532	0.011401
simneg_3e6ff515	Sim	3968064	1	56813	6.598579	4.754448	0.014318
simneg_3f69dbab	Sim	3968064	10	40180	6.598579	4.604010	0.010126
simneg_3fdbfa8b	Sim	3968064	1	61828	6.598579	4.791185	0.015581
simneg_3ff75dec	Sim	3968064	1	56231	6.598579	4.749976	0.014171
simneg_40c8dff7	Sim	3968064	10	42923	6.598579	4.632690	0.010817
simneg_412ad709	Sim	3968064	10	43957	6.598579	4.643028	0.011078
simneg_413cb622	Sim	3968064	10	45962	6.598579	4.662399	0.011583
simneg_4315c960	Sim	3968064	5	56791	6.598579	4.754280	0.014312
simneg_43d12925	Sim	3968064	10	44614	6.598579	4.649471	0.011243
simneg_43eb441c	Sim	3968064	10	42192	6.598579	4.625230	0.010633
simneg_44762956	Sim	3968064	5	49287	6.598579	4.692732	0.012421
simneg_449f3a7a	Sim	3968064	5	48411	6.598579	4.684944	0.012200
simneg_44bf3a6e	Sim	3968064	10	43201	6.598579	4.635494	0.010887
simneg_44ebfc07	Sim	3968064	5	55954	6.598579	4.747831	0.014101
simneg_44f9a733	Sim	3968064	5	53732	6.598579	4.730233	0.013541
simneg_45197a07	Sim	3968064	10	41421	6.598579	4.617221	0.010439
simneg_46204007	Sim	3968064	10	44956	6.598579	4.652788	0.011329
simneg_4747edf5	Sim	3968064	10	45712	6.598579	4.660030	0.011520
simneg_47882bb3	Sim	3968064	10	47791	6.598579	4.679346	0.012044
simneg_479db5b8	Sim	3968064	10	43857	6.598579	4.642039	0.011052
simneg_48460575	Sim	3968064	5	48287	6.598579	4.683830	0.012169
simneg_487c205e	Sim	3968064	1	72441	6.598579	4.859984	0.018256
simneg_48e9df4e	Sim	3968064	10	45456	6.598579	4.657591	0.011455
simneg_491a3210	Sim	3968064	10	41474	6.598579	4.617776	0.010452
simneg_4983e9e8	Sim	3968064	5	49051	6.598579	4.690648	0.012361
simneg_49d37ac4	Sim	3968064	1	57916	6.598579	4.762799	0.014596
simneg_4a400bf7	Sim	3968064	1	66689	6.598579	4.824054	0.016806
simneg_4a722c03	Sim	3968064	10	43289	6.598579	4.636378	0.010909
simneg_4ae6cf3f	Sim	3968064	1	63076	6.598579	4.799864	0.015896
simneg_4b98b0d2	Sim	3968064	5	49573	6.598579	4.695245	0.012493
simneg_4ba096b4	Sim	3968064	1	58221	6.598579	4.765080	0.014672
simneg_4c074ef4	Sim	3968064	5	54209	6.598579	4.734071	0.013661
simneg_4c8adc6b	Sim	3968064	10	44222	6.598579	4.645638	0.011144
simneg_4cbe83b5	Sim	3968064	5	53015	6.598579	4.724399	0.013360
simneg_4d192078	Sim	3968064	1	59005	6.598579	4.770889	0.014870
simneg_4d2ef131	Sim	3968064	5	50263	6.598579	4.701248	0.012667
simneg_4d301977	Sim	3968064	5	51536	6.598579	4.712111	0.012988
simneg_4dbe0508	Sim	3968064	1	55549	6.598579	4.744676	0.013999
simneg_4ea7592d	Sim	3968064	10	46734	6.598579	4.669633	0.011778
simneg_4f2647b0	Sim	3968064	10	46892	6.598579	4.671099	0.011817
simneg_4f7ba576	Sim	3968064	10	48102	6.598579	4.682163	0.012122
simneg_4f874bd0	Sim	3968064	10	44161	6.598579	4.645039	0.011129
simneg_504762bb	Sim	3968064	10	40645	6.598579	4.609007	0.010243
simneg_506b4b0c	Sim	3968064	10	46425	6.598579	4.666752	0.011700
simneg_50802c85	Sim	3968064	5	48972	6.598579	4.689948	0.012342
simneg_50c80610	Sim	3968064	5	51973	6.598579	4.715778	0.013098
simneg_5528d32e	Sim	3968064	5	52241	6.598579	4.718011	0.013165
simneg_5695e8ae	Sim	3968064	1	56322	6.598579	4.750678	0.014194
simneg_56bd2f94	Sim	3968064	1	56652	6.598579	4.753215	0.014277
simneg_56eac852	Sim	3968064	10	45964	6.598579	4.662418	0.011583
simneg_57980fa6	Sim	3968064	10	46915	6.598579	4.671312	0.011823
simneg_58072fd6	Sim	3968064	10	48295	6.598579	4.683902	0.012171
simneg_5840e67f	Sim	3968064	1	70213	6.598579	4.846418	0.017695
simneg_587df002	Sim	3968064	10	48369	6.598579	4.684567	0.012190
simneg_5989de1b	Sim	3968064	10	43670	6.598579	4.640183	0.011005
simneg_59b49c4b	Sim	3968064	5	48102	6.598579	4.682163	0.012122
simneg_5a55deff	Sim	3968064	10	51118	6.598579	4.708574	0.012882
simneg_5a6018fe	Sim	3968064	5	50546	6.598579	4.703687	0.012738
simneg_5a65bf0b	Sim	3968064	10	40009	6.598579	4.602158	0.010083
simneg_5acff5c0	Sim	3968064	10	39302	6.598579	4.594415	0.009905
simneg_5ae2e0de	Sim	3968064	5	57881	6.598579	4.762536	0.014587
simneg_5b009f5d	Sim	3968064	10	42923	6.598579	4.632690	0.010817
simneg_5c988516	Sim	3968064	1	59239	6.598579	4.772608	0.014929
simneg_5d6f38bb	Sim	3968064	1	58836	6.598579	4.769643	0.014827
simneg_5ddc2995	Sim	3968064	10	45493	6.598579	4.657945	0.011465
simneg_5e342d00	Sim	3968064	10	46269	6.598579	4.665290	0.011660
simneg_5ee82dcd	Sim	3968064	10	45646	6.598579	4.659403	0.011503
simneg_60aec3fc	Sim	3968064	1	67357	6.598579	4.828383	0.016975
simneg_60af8c89	Sim	3968064	10	39901	6.598579	4.600984	0.010056
simneg_61b5cb8c	Sim	3968064	10	44168	6.598579	4.645108	0.011131
simneg_61dc8253	Sim	3968064	10	48411	6.598579	4.684944	0.012200
simneg_632fb872	Sim	3968064	10	46195	6.598579	4.664595	0.011642
simneg_634e4184	Sim	3968064	10	42161	6.598579	4.624911	0.010625
simneg_6364991d	Sim	3968064	5	50755	6.598579	4.705479	0.012791
simneg_636b7112	Sim	3968064	5	50727	6.598579	4.705239	0.012784
simneg_63d6104b	Sim	3968064	10	44100	6.598579	4.644439	0.011114
simneg_64562c4a	Sim	3968064	10	42914	6.598579	4.632599	0.010815
simneg_646795f8	Sim	3968064	10	42599	6.598579	4.629399	0.010735
simneg_64961815	Sim	3968064	10	42792	6.598579	4.631363	0.010784
simneg_64e6679d	Sim	3968064	5	51235	6.598579	4.709567	0.012912
simneg_653826db	Sim	3968064	5	48651	6.598579	4.687092	0.012261
simneg_658eeda2	Sim	3968064	10	45052	6.598579	4.653714	0.011354
simneg_659a8d3a	Sim	3968064	10	45440	6.598579	4.657438	0.011451
simneg_67190477	Sim	3968064	10	47556	6.598579	4.677205	0.011985
simneg_67496d8b	Sim	3968064	5	52169	6.598579	4.717413	0.013147
simneg_6823efd3	Sim	3968064	1	57663	6.598579	4.760897	0.014532
simneg_68b77706	Sim	3968064	10	51146	6.598579	4.708812	0.012889
simneg_6938ab16	Sim	3968064	5	49455	6.598579	4.694210	0.012463
simneg_6a20b4b7	Sim	3968064	1	62633	6.598579	4.796803	0.015784
simneg_6a7236a8	Sim	3968064	10	43486	6.598579	4.638349	0.010959
simneg_6abd6f05	Sim	3968064	1	59735	6.598579	4.776229	0.015054
simneg_6b629e20	Sim	3968064	10	46603	6.598579	4.668414	0.011745
simneg_6c30471a	Sim	3968064	10	42404	6.598579	4.627407	0.010686
simneg_6c9b1f89	Sim	3968064	10	41098	6.598579	4.613821	0.010357
simneg_6d3bd2f6	Sim	3968064	1	67821	6.598579	4.831364	0.017092
simneg_6d8eb4dc	Sim	3968064	1	56026	6.598579	4.748390	0.014119
simneg_6dd0e5b0	Sim	3968064	5	53908	6.598579	4.731653	0.013585
simneg_6e413990	Sim	3968064	5	52864	6.598579	4.723160	0.013322
simneg_6f884175	Sim	3968064	10	43831	6.598579	4.641781	0.011046
simneg_7002ed75	Sim	3968064	10	43484	6.598579	4.638329	0.010958
simneg_702cafbd	Sim	3968064	5	49003	6.598579	4.690223	0.012349
simneg_70b47c2b	Sim	3968064	1	62795	6.598579	4.797925	0.015825
simneg_7228e932	Sim	3968064	10	46835	6.598579	4.670571	0.011803
simneg_727f4db3	Sim	3968064	10	48759	6.598579	4.688055	0.012288
simneg_72878a55	Sim	3968064	1	68035	6.598579	4.832732	0.017146
simneg_733bbe99	Sim	3968064	10	47049	6.598579	4.672550	0.011857
simneg_7501144b	Sim	3968064	10	41131	6.598579	4.614169	0.010366
simneg_7568ad15	Sim	3968064	10	49066	6.598579	4.690781	0.012365
simneg_7617104c	Sim	3968064	10	45265	6.598579	4.655763	0.011407
simneg_77ae7d02	Sim	3968064	1	67372	6.598579	4.828479	0.016979
simneg_780000da	Sim	3968064	10	38493	6.598579	4.585382	0.009701
simneg_784a7549	Sim	3968064	10	42608	6.598579	4.629491	0.010738
simneg_78714dc4	Sim	3968064	10	42920	6.598579	4.632660	0.010816
simneg_787d8c83	Sim	3968064	10	42663	6.598579	4.630051	0.010752
simneg_7abb326d	Sim	3968064	10	46351	6.598579	4.666059	0.011681
simneg_7c592059	Sim	3968064	1	61070	6.598579	4.785828	0.015390
simneg_7d03e621	Sim	3968064	10	43572	6.598579	4.639207	0.010981
simneg_7e2b7d7e	Sim	3968064	10	41793	6.598579	4.621104	0.010532
simneg_7e79e454	Sim	3968064	5	47501	6.598579	4.676703	0.011971
simneg_7ec7a6c6	Sim	3968064	10	48996	6.598579	4.690161	0.012348
simneg_7ef84fa5	Sim	3968064	5	49389	6.598579	4.693630	0.012447
simneg_7f3d7090	Sim	3968064	10	41218	6.598579	4.615087	0.010387
simneg_81284f56	Sim	3968064	10	46887	6.598579	4.671052	0.011816
simneg_8148d540	Sim	3968064	10	40346	6.598579	4.605800	0.010168
simneg_824e5c5d	Sim	3968064	1	70565	6.598579	4.848589	0.017783
simneg_82893bfd	Sim	3968064	5	48890	6.598579	4.689220	0.012321
simneg_82d4a2a7	Sim	3968064	10	43754	6.598579	4.641018	0.011027
simneg_83190e73	Sim	3968064	10	49066	6.598579	4.690781	0.012365
simneg_835d2258	Sim	3968064	1	68231	6.598579	4.833982	0.017195
simneg_83797b79	Sim	3968064	10	46605	6.598579	4.668433	0.011745
simneg_84309f42	Sim	3968064	5	51173	6.598579	4.709041	0.012896
simneg_8436625e	Sim	3968064	1	66131	6.598579	4.820405	0.016666
simneg_84f13f24	Sim	3968064	10	39213	6.598579	4.593430	0.009882
simneg_852a4f74	Sim	3968064	10	47908	6.598579	4.680408	0.012073
simneg_855e846c	Sim	3968064	5	51098	6.598579	4.708404	0.012877
simneg_867db480	Sim	3968064	10	41737	6.598579	4.620521	0.010518
simneg_86b3b53f	Sim	3968064	10	43003	6.598579	4.633499	0.010837
simneg_86dd0b01	Sim	3968064	10	43514	6.598579	4.638629	0.010966
simneg_870a1acc	Sim	3968064	5	51312	6.598579	4.710219	0.012931
simneg_87195b22	Sim	3968064	1	59096	6.598579	4.771558	0.014893
simneg_878c0656	Sim	3968064	10	45074	6.598579	4.653926	0.011359
simneg_8885462d	Sim	3968064	5	52753	6.598579	4.722247	0.013294
simneg_889ae2d4	Sim	3968064	5	51353	6.598579	4.710566	0.012942
simneg_89f2311c	Sim	3968064	1	57586	6.598579	4.760317	0.014512
simneg_8a579136	Sim	3968064	1	56452	6.598579	4.751679	0.014227
simneg_8ad246b9	Sim	3968064	10	39830	6.598579	4.600210	0.010038
simneg_8b8e4c0b	Sim	3968064	1	59517	6.598579	4.774641	0.014999
simneg_8c1f1b36	Sim	3968064	5	52670	6.598579	4.721563	0.013273
simneg_8c91ccd5	Sim	3968064	1	55036	6.598579	4.740647	0.013870
simneg_8ca6eaac	Sim	3968064	10	40939	6.598579	4.612137	0.010317
simneg_8ca739fd	Sim	3968064	10	40612	6.598579	4.608654	0.010235
simneg_8d40c7d1	Sim	3968064	10	43773	6.598579	4.641206	0.011031
simneg_8f24a2c4	Sim	3968064	5	49442	6.598579	4.694096	0.012460
simneg_8fc2f1b1	Sim	3968064	10	45689	6.598579	4.659812	0.011514
simneg_8ff07918	Sim	3968064	5	51268	6.598579	4.709846	0.012920
simneg_8ff46d65	Sim	3968064	10	41388	6.598579	4.616874	0.010430
simneg_903a17b0	Sim	3968064	5	52382	6.598579	4.719182	0.013201
simneg_904ef211	Sim	3968064	10	40898	6.598579	4.611702	0.010307
simneg_905b61af	Sim	3968064	1	54101	6.598579	4.733205	0.013634
simneg_90dc59ad	Sim	3968064	1	66632	6.598579	4.823683	0.016792
simneg_90e10700	Sim	3968064	5	47108	6.598579	4.673095	0.011872
simneg_917434d9	Sim	3968064	5	47791	6.598579	4.679346	0.012044
simneg_91d5bb49	Sim	3968064	1	58953	6.598579	4.770506	0.014857
simneg_9261201e	Sim	3968064	5	50276	6.598579	4.701361	0.012670
simneg_927d3a93	Sim	3968064	10	43359	6.598579	4.637079	0.010927
simneg_92820bdb	Sim	3968064	10	45735	6.598579	4.660249	0.011526
simneg_929cb92a	Sim	3968064	10	46935	6.598579	4.671497	0.011828
simneg_93018b84	Sim	3968064	10	47686	6.598579	4.678391	0.012017
simneg_93efb0d3	Sim	3968064	10	45542	6.598579	4.658412	0.011477
simneg_942c7316	Sim	3968064	5	51205	6.598579	4.709312	0.012904
simneg_949f3768	Sim	3968064	10	40307	6.598579	4.605380	0.010158
simneg_94a5d160	Sim	3968064	10	41321	6.598579	4.616171	0.010413
simneg_95d54353	Sim	3968064	10	47090	6.598579	4.672929	0.011867
simneg_96c789c0	Sim	3968064	10	39607	6.598579	4.597772	0.009981
simneg_971d52ab	Sim	3968064	1	54627	6.598579	4.737407	0.013767
simneg_978602c9	Sim	3968064	5	49604	6.598579	4.695517	0.012501
simneg_98406bb3	Sim	3968064	10	46067	6.598579	4.663390	0.011609
simneg_987a6c22	Sim	3968064	10	45688	6.598579	4.659802	0.011514
simneg_9953dc96	Sim	3968064	1	66546	6.598579	4.823122	0.016770
simneg_99618de5	Sim	3968064	10	45544	6.598579	4.658431	0.011478
simneg_9b8092e8	Sim	3968064	10	45064	6.598579	4.653830	0.011357
simneg_9b92756b	Sim	3968064	5	51684	6.598579	4.713356	0.013025
simneg_9ba0dc17	Sim	3968064	10	46666	6.598579	4.669001	0.011760
simneg_9c3c8270	Sim	3968064	1	63536	6.598579	4.803020	0.016012
simneg_9ca72e3a	Sim	3968064	5	48320	6.598579	4.684127	0.012177
simneg_9cc5d271	Sim	3968064	10	42729	6.598579	4.630723	0.010768
simneg_9cfe3b9f	Sim	3968064	10	47751	6.598579	4.678982	0.012034
simneg_9d0a483a	Sim	3968064	10	47358	6.598579	4.675393	0.011935
simneg_9db7dd58	Sim	3968064	5	54275	6.598579	4.734600	0.013678
simneg_9e8fc971	Sim	3968064	10	43017	6.598579	4.633640	0.010841
simneg_9f41d6d7	Sim	3968064	1	65140	6.598579	4.813848	0.016416
simneg_9ff119c8	Sim	3968064	10	40693	6.598579	4.609520	0.010255
simneg_a06f492a	Sim	3968064	10	45633	6.598579	4.659279	0.011500
simneg_a26643b4	Sim	3968064	5	56963	6.598579	4.755593	0.014355
simneg_a2747a8d	Sim	3968064	10	39538	6.598579	4.597015	0.009964
simneg_a2a88753	Sim	3968064	10	43429	6.598579	4.637780	0.010945
simneg_a3d913fd	Sim	3968064	1	59591	6.598579	4.775181	0.015018
simneg_a3e41848	Sim	3968064	1	69191	6.598579	4.840050	0.017437
simneg_a40e5f76	Sim	3968064	10	50453	6.598579	4.702887	0.012715
simneg_a44e2a3a	Sim	3968064	10	43362	6.598579	4.637109	0.010928
simneg_a5b10bd1	Sim	3968064	10	46249	6.598579	4.665102	0.011655
simneg_a64cebe9	Sim	3968064	1	64199	6.598579	4.807528	0.016179
simneg_a6be9f98	Sim	3968064	10	49299	6.598579	4.692838	0.012424
simneg_a6e43ad7	Sim	3968064	5	48678	6.598579	4.687333	0.012267
simneg_a73f1c38	Sim	3968064	1	64225	6.598579	4.807704	0.016185
simneg_a77aaf56	Sim	3968064	10	46730	6.598579	4.669596	0.011777
simneg_a7ab3460	Sim	3968064	10	42930	6.598579	4.632761	0.010819
simneg_a7b16648	Sim	3968064	10	41884	6.598579	4.622048	0.010555
simneg_a811eb5c	Sim	3968064	10	41164	6.598579	4.614518	0.010374
simneg_a93d78e6	Sim	3968064	10	44560	6.598579	4.648945	0.011230
simneg_a9561464	Sim	3968064	5	55986	6.598579	4.748079	0.014109
simneg_aacee655	Sim	3968064	5	50086	6.598579	4.699716	0.012622
simneg_ab0e8776	Sim	3968064	1	63927	6.598579	4.805684	0.016110
simneg_ab0f7152	Sim	3968064	10	46543	6.598579	4.667854	0.011729
simneg_aba2d78d	Sim	3968064	10	41887	6.598579	4.622079	0.010556
simneg_ac213d9d	Sim	3968064	10	44730	6.598579	4.650599	0.011272
simneg_ae0e2289	Sim	3968064	10	42117	6.598579	4.624457	0.010614
simneg_ae9d77da	Sim	3968064	1	70357	6.598579	4.847307	0.017731
simneg_af90fcb0	Sim	3968064	5	48212	6.598579	4.683155	0.012150
simneg_b1a60df6	Sim	3968064	10	44687	6.598579	4.650181	0.011262
simneg_b284b308	Sim	3968064	1	63329	6.598579	4.801603	0.015960
simneg_b29e74ce	Sim	3968064	10	42630	6.598579	4.629715	0.010743
simneg_b2dc6133	Sim	3968064	10	46827	6.598579	4.670496	0.011801
simneg_b33d5178	Sim	3968064	1	72994	6.598579	4.863287	0.018395
simneg_b40bbe67	Sim	3968064	10	39145	6.598579	4.592676	0.009865
simneg_b40c6d97	Sim	3968064	10	42249	6.598579	4.625816	0.010647
simneg_b47263e0	Sim	3968064	10	43124	6.598579	4.634719	0.010868
simneg_b4c075bc	Sim	3968064	10	50145	6.598579	4.700228	0.012637
simneg_b4c39471	Sim	3968064	10	42460	6.598579	4.627980	0.010700
simneg_b5ac5a49	Sim	3968064	10	48453	6.598579	4.685321	0.012211
simneg_b732c34c	Sim	3968064	10	50554	6.598579	4.703756	0.012740
simneg_b7839bc4	Sim	3968064	5	53282	6.598579	4.726581	0.013428
simneg_b831129a	Sim	3968064	1	59810	6.598579	4.776774	0.015073
simneg_b84577e5	Sim	3968064	10	45904	6.598579	4.661851	0.011568
simneg_b86a8d7e	Sim	3968064	5	51943	6.598579	4.715527	0.013090
simneg_b9491328	Sim	3968064	1	53168	6.598579	4.725650	0.013399
simneg_bb6152d9	Sim	3968064	10	44170	6.598579	4.645127	0.011131
simneg_bbb468c9	Sim	3968064	10	48735	6.598579	4.687841	0.012282
simneg_bbff6542	Sim	3968064	1	66274	6.598579	4.821343	0.016702
simneg_bc258e36	Sim	3968064	10	41018	6.598579	4.612974	0.010337
simneg_bc74d19a	Sim	3968064	10	43325	6.598579	4.636739	0.010918
simneg_bc98233d	Sim	3968064	1	61780	6.598579	4.790848	0.015569
simneg_bcc2d186	Sim	3968064	5	47551	6.598579	4.677160	0.011983
simneg_bce53fa1	Sim	3968064	1	60442	6.598579	4.781339	0.015232
simneg_bd16b5e7	Sim	3968064	1	56791	6.598579	4.754280	0.014312
simneg_beb80b7e	Sim	3968064	1	60525	6.598579	4.781935	0.015253
simneg_bf3c17a0	Sim	3968064	10	47352	6.598579	4.675338	0.011933
simneg_bf57b69c	Sim	3968064	5	49696	6.598579	4.696321	0.012524
simneg_c0872d7f	Sim	3968064	10	50161	6.598579	4.700366	0.012641
simneg_c0b8ca63	Sim	3968064	10	47985	6.598579	4.681105	0.012093
simneg_c155e97a	Sim	3968064	1	65629	6.598579	4.817096	0.016539
simneg_c17446ff	Sim	3968064	1	59591	6.598579	4.775181	0.015018
simneg_c1ebbb4e	Sim	3968064	5	51567	6.598579	4.712372	0.012996
simneg_c39ba836	Sim	3968064	10	40177	6.598579	4.603978	0.010125
simneg_c3f033fe	Sim	3968064	10	48764	6.598579	4.688099	0.012289
simneg_c3f5ed83	Sim	3968064	10	46428	6.598579	4.666780	0.011700
simneg_c4a72ebb	Sim	3968064	10	41557	6.598579	4.618644	0.010473
simneg_c58f653a	Sim	3968064	10	42751	6.598579	4.630946	0.010774
simneg_c5bf4335	Sim	3968064	1	70863	6.598579	4.850420	0.017858
simneg_c5f47e6e	Sim	3968064	10	41045	6.598579	4.613260	0.010344
simneg_c65890ad	Sim	3968064	5	51754	6.598579	4.713944	0.013043
simneg_c6d5f941	Sim	3968064	5	48102	6.598579	4.682163	0.012122
simneg_c7711822	Sim	3968064	10	42571	6.598579	4.629114	0.010728
simneg_c7d2e8fc	Sim	3968064	10	47557	6.598579	4.677214	0.011985
simneg_c848609c	Sim	3968064	5	48129	6.598579	4.682407	0.012129
simneg_c8631bb2	Sim	3968064	10	44190	6.598579	4.645324	0.011136
simneg_c891764c	Sim	3968064	10	44561	6.598579	4.648955	0.011230
simneg_c8a64909	Sim	3968064	10	47437	6.598579	4.676117	0.011955
simneg_c952bf88	Sim	3968064	10	40013	6.598579	4.602201	0.010084
simneg_c9566bfb	Sim	3968064	10	49051	6.598579	4.690648	0.012361
simneg_ca416d50	Sim	3968064	5	48844	6.598579	4.688811	0.012309
simneg_ca7e950b	Sim	3968064	10	44515	6.598579	4.648506	0.011218
simneg_cc07abf9	Sim	3968064	10	46442	6.598579	4.666911	0.011704
simneg_cc0bebb0	Sim	3968064	10	43300	6.598579	4.636488	0.010912
simneg_ccafb364	Sim	3968064	1	67571	6.598579	4.829760	0.017029
simneg_ccb55d1c	Sim	3968064	10	44114	6.598579	4.644576	0.011117
simneg_ce0fa3b8	Sim	3968064	10	40145	6.598579	4.603631	0.010117
simneg_cf0cda28	Sim	3968064	10	45321	6.598579	4.656299	0.011421
simneg_cf34b888	Sim	3968064	1	59114	6.598579	4.771690	0.014897
simneg_d08120c8	Sim	3968064	1	61857	6.598579	4.791389	0.015589
simneg_d0bf0f54	Sim	3968064	10	46433	6.598579	4.666827	0.011702
simneg_d0d4dad0	Sim	3968064	10	46340	6.598579	4.665956	0.011678
simneg_d1150670	Sim	3968064	10	43652	6.598579	4.640004	0.011001
simneg_d13fd495	Sim	3968064	10	47218	6.598579	4.674108	0.011900
simneg_d1760cfe	Sim	3968064	1	57747	6.598579	4.761529	0.014553
simneg_d18ea366	Sim	3968064	5	52812	6.598579	4.722733	0.013309
simneg_d224059e	Sim	3968064	10	44610	6.598579	4.649432	0.011242
simneg_d25f45a1	Sim	3968064	1	55132	6.598579	4.741404	0.013894
simneg_d260a9a3	Sim	3968064	10	43116	6.598579	4.634638	0.010866
simneg_d3486a92	Sim	3968064	1	61813	6.598579	4.791080	0.015578
simneg_d4086408	Sim	3968064	1	54316	6.598579	4.734928	0.013688
simneg_d48e4295	Sim	3968064	10	47418	6.598579	4.675943	0.011950
simneg_d4ec2ba1	Sim	3968064	10	44143	6.598579	4.644862	0.011125
simneg_d668d525	Sim	3968064	10	45325	6.598579	4.656338	0.011422
simneg_d7a2f254	Sim	3968064	10	49096	6.598579	4.691046	0.012373
simneg_d7e6ceb6	Sim	3968064	10	40791	6.598579	4.610564	0.010280
simneg_d82ae066	Sim	3968064	10	46317	6.598579	4.665740	0.011672
simneg_d84d037f	Sim	3968064	10	42556	6.598579	4.628961	0.010725
simneg_d84e2c72	Sim	3968064	10	45840	6.598579	4.661245	0.011552
simneg_d886cd04	Sim	3968064	1	60298	6.598579	4.780303	0.015196
simneg_d8a2173c	Sim	3968064	10	45414	6.598579	4.657190	0.011445
simneg_d93db425	Sim	3968064	10	45850	6.598579	4.661339	0.011555
simneg_d94c6a89	Sim	3968064	1	55429	6.598579	4.743737	0.013969
simneg_daa295f6	Sim	3968064	10	43234	6.598579	4.635825	0.010895
simneg_db4250f6	Sim	3968064	5	50815	6.598579	4.705992	0.012806
simneg_db71d634	Sim	3968064	10	39005	6.598579	4.591120	0.009830
simneg_dc270868	Sim	3968064	10	41185	6.598579	4.614739	0.010379
simneg_dd5e9b01	Sim	3968064	10	46787	6.598579	4.670125	0.011791
simneg_de39e9f5	Sim	3968064	10	40279	6.598579	4.605079	0.010151
simneg_df91b61a	Sim	3968064	5	50526	6.598579	4.703515	0.012733
simneg_e1664f9e	Sim	3968064	5	52531	6.598579	4.720416	0.013238
simneg_e18aba5d	Sim	3968064	10	46516	6.598579	4.667602	0.011723
simneg_e1c6768a	Sim	3968064	10	41964	6.598579	4.622877	0.010575
simneg_e27944b8	Sim	3968064	10	47189	6.598579	4.673841	0.011892
simneg_e2c7609f	Sim	3968064	10	41471	6.598579	4.617745	0.010451
simneg_e2d83416	Sim	3968064	10	46942	6.598579	4.671562	0.011830
simneg_e376d6fd	Sim	3968064	10	45281	6.598579	4.655916	0.011411
simneg_e38b143f	Sim	3968064	10	48321	6.598579	4.684136	0.012177
simneg_e46a5af8	Sim	3968064	1	59015	6.598579	4.770962	0.014872
simneg_e4cf320d	Sim	3968064	10	40588	6.598579	4.608398	0.010229
simneg_e59cc117	Sim	3968064	10	40490	6.598579	4.607348	0.010204
simneg_e5c7376b	Sim	3968064	10	47695	6.598579	4.678473	0.012020
simneg_e69f98fd	Sim	3968064	5	50101	6.598579	4.699846	0.012626
simneg_e96ce3de	Sim	3968064	10	45516	6.598579	4.658164	0.011471
simneg_e9b53f53	Sim	3968064	10	46980	6.598579	4.671913	0.011840
simneg_e9bceff4	Sim	3968064	10	43382	6.598579	4.637310	0.010933
simneg_e9d45f90	Sim	3968064	10	48178	6.598579	4.682849	0.012141
simneg_e9f5f87f	Sim	3968064	1	58412	6.598579	4.766502	0.014721
simneg_ea846921	Sim	3968064	10	42707	6.598579	4.630499	0.010763
simneg_eb0ee947	Sim	3968064	5	48781	6.598579	4.688251	0.012293
simneg_eba4e169	Sim	3968064	10	46337	6.598579	4.665928	0.011677
simneg_ed482f89	Sim	3968064	10	45611	6.598579	4.659070	0.011495
simneg_eea36f70	Sim	3968064	10	46222	6.598579	4.664849	0.011649
simneg_ef261c1f	Sim	3968064	10	50618	6.598579	4.704305	0.012756
simneg_ef26ab46	Sim	3968064	10	42559	6.598579	4.628991	0.010725
simneg_ef7ec7f6	Sim	3968064	10	41466	6.598579	4.617692	0.010450
simneg_efeeba38	Sim	3968064	10	44147	6.598579	4.644901	0.011126
simneg_f01f76f5	Sim	3968064	1	61339	6.598579	4.787737	0.015458
simneg_f0633493	Sim	3968064	10	46573	6.598579	4.668134	0.011737
simneg_f08496e5	Sim	3968064	10	41754	6.598579	4.620698	0.010523
simneg_f184d716	Sim	3968064	10	42972	6.598579	4.633186	0.010829
simneg_f1c79658	Sim	3968064	10	47026	6.598579	4.672338	0.011851
simneg_f210b9d3	Sim	3968064	5	54379	6.598579	4.735431	0.013704
simneg_f2181c17	Sim	3968064	10	45738	6.598579	4.660277	0.011527
simneg_f25d115d	Sim	3968064	5	53201	6.598579	4.725920	0.013407
simneg_f2b37e5e	Sim	3968064	10	46197	6.598579	4.664614	0.011642
simneg_f3782dbc	Sim	3968064	1	56306	6.598579	4.750555	0.014190
simneg_f3b9d357	Sim	3968064	10	41233	6.598579	4.615245	0.010391
simneg_f47d25c9	Sim	3968064	1	64541	6.598579	4.809836	0.016265
simneg_f5b1af63	Sim	3968064	1	53760	6.598579	4.730459	0.013548
simneg_f6020f8d	Sim	3968064	10	45613	6.598579	4.659089	0.011495
simneg_f6a010ce	Sim	3968064	1	57593	6.598579	4.760370	0.014514
simneg_f6b03bf1	Sim	3968064	5	57350	6.598579	4.758533	0.014453
simneg_f72066f7	Sim	3968064	10	47040	6.598579	4.672467	0.011855
simneg_f75427c6	Sim	3968064	5	46909	6.598579	4.671256	0.011822
simneg_f8046285	Sim	3968064	10	46393	6.598579	4.666452	0.011692
simneg_f81be307	Sim	3968064	10	41306	6.598579	4.616013	0.010410
simneg_f8c4693c	Sim	3968064	5	49868	6.598579	4.697822	0.012567
simneg_f9ad234c	Sim	3968064	1	58067	6.598579	4.763929	0.014634
simneg_fa73a376	Sim	3968064	10	44700	6.598579	4.650308	0.011265
simneg_faac3f57	Sim	3968064	5	51560	6.598579	4.712313	0.012994
simneg_fab847b3	Sim	3968064	10	43302	6.598579	4.636508	0.010913
simneg_fadbd0a8	Sim	3968064	10	42665	6.598579	4.630072	0.010752
simneg_fae5c558	Sim	3968064	10	42838	6.598579	4.631829	0.010796
simneg_fb09cf5b	Sim	3968064	10	41879	6.598579	4.621996	0.010554
simneg_fb78d32e	Sim	3968064	1	61124	6.598579	4.786212	0.015404
simneg_fb851858	Sim	3968064	10	46601	6.598579	4.668395	0.011744
simneg_fc868c56	Sim	3968064	10	43057	6.598579	4.634044	0.010851
simneg_fd184b47	Sim	3968064	10	42102	6.598579	4.624303	0.010610
simneg_fe34405b	Sim	3968064	10	43056	6.598579	4.634034	0.010851
simneg_fe5945f0	Sim	3968064	10	47330	6.598579	4.675137	0.011928
simneg_ff652fb4	Sim	3968064	5	49200	6.598579	4.691965	0.012399
