GROUP	TARGET	SALT_CONC	BIO_REPL	TIMEPOINT	CELL_COUNT	TOOL	TH_TYPE	STACK_TRIMMED	LR_SLOPE	LR_ICEPT	PEARSON_EST	PEARSON_P	PEARSON_CI95_LO	PEARSON_CI95_HI	SPEARMAN_EST	SPEARMAN_P
1	Xist	Xist	0	0	0	862	NeuertLab	Fixed	FALSE	0.671250356867786	0.0692672736895646	0.930082609200596	0	0.920475081020838	0.938566566328245	0.919227343853229	0
2	Xist	Xist	0	0	0	862	NeuertLab	Fixed	TRUE	0.728109409971724	0.0709910740696198	0.925159748873747	0	0.914905582040558	0.934220700190411	0.89679099992131	8.48560142962561e-307
3	Xist	Xist	0	0	0	862	NeuertLab	Variable	FALSE	0.777413418639741	0.552301881947634	0.888085731327964	1.57057419843031e-292	0.873086771718435	0.901405378263887	0.738087439776055	4.01840772423963e-149
4	Xist	Xist	0	0	0	862	NeuertLab	Variable	TRUE	0.850205692691708	0.475757459078227	0.875463418476983	8.06407326456919e-274	0.858899214797071	0.890197964703411	0.709974099786485	4.13184101543756e-133
5	Xist	Xist	0	0	0	862	Big-FISH	Fixed	FALSE	0.140589514964228	0.138632463251386	0.57825498548031	4.56155324831531e-78	0.532023984198096	0.6210485551343	0.762236803888624	1.26455551293145e-164
6	Xist	Xist	0	0	0	862	Big-FISH	Fixed	TRUE	0.256279524301641	0.0619694211753842	0.723943409290046	3.69471785744577e-130	0.689121848835331	0.755429337114851	0.766715113379714	5.53310901751461e-155
7	Xist	Xist	0	0	0	862	Big-FISH	Variable	FALSE	0.517665581167484	0.0908053255480673	0.765562561969788	6.63074474312368e-167	0.736435056688709	0.791856935786115	0.741950105643858	1.74469766135822e-151
8	Xist	Xist	0	0	0	862	Big-FISH	Variable	TRUE	0.615519853850597	0.119158996853125	0.779946871986694	9.00550549715873e-164	0.751169908764206	0.805764942763168	0.73911403827521	2.10815133543848e-138
9	Tsix	Tsix	0	0	0	862	NeuertLab	Fixed	FALSE	0.491313349235595	0.781422287987838	0.818672162422264	2.26639056327679e-209	0.795378473363921	0.839551123195078	0.826726840806876	4.90996244579676e-217
10	Tsix	Tsix	0	0	0	862	NeuertLab	Fixed	TRUE	0.590433470849379	0.438319156873085	0.844910668846533	6.71701304000352e-236	0.824662661676783	0.862995996389829	0.901525900321598	4.18700944358207e-315
11	Tsix	Tsix	0	0	0	862	NeuertLab	Variable	FALSE	0.319637192452948	0.168529642866195	0.539866919377043	2.28412355629934e-66	0.490785578598222	0.585532733431916	0.55489085592015	9.13681689206784e-71
12	Tsix	Tsix	0	0	0	862	NeuertLab	Variable	TRUE	0.547148412833353	0.551344255462652	0.507926020882295	1.00882130962278e-57	0.456639839749908	0.555847471114354	0.562378876429556	4.82887940395231e-73
13	Tsix	Tsix	0	0	0	862	Big-FISH	Fixed	FALSE	0.342429528941515	0.703036799442228	0.658417037360603	3.0696358860965e-108	0.61885115119168	0.694650418146826	0.675794419637625	4.69764005392416e-116
14	Tsix	Tsix	0	0	0	862	Big-FISH	Fixed	TRUE	0.457304996375477	0.3363825792617	0.728941488785168	9.06150027160636e-137	0.695171279537147	0.759501267499502	0.777979602834174	2.81095837514559e-167
15	Tsix	Tsix	0	0	0	862	Big-FISH	Variable	FALSE	0.00173564107875257	2.67112214663162	0.121973603986541	0.000331518262294163	0.0556532782290046	0.187222350085672	0.420844698479877	2.5412118872506e-38
16	Tsix	Tsix	0	0	0	862	Big-FISH	Variable	TRUE	0.0457752692854387	1.94736360165255	0.299611900391693	1.80719320766436e-18	0.235989415503992	0.360676750438815	0.567289780327861	5.14299874055125e-71
17	H3K36me3	H3K36me3	0	0	0	567	NeuertLab	Fixed	FALSE	0.0500299866898584	-0.287254587180857	0.619209591456561	2.53848547735015e-61	0.565711150417354	0.667517218860606	0.5936372708426	2.7797232227235e-55
18	H3K36me3	H3K36me3	0	0	0	567	NeuertLab	Fixed	TRUE	0.191161774927399	0.501891456933245	0.931922445697346	4.69817792262995e-251	0.920192602165157	0.941980365302656	0.934165761862116	5.03840751102969e-255
19	H3K36me3	H3K36me3	0	0	0	567	NeuertLab	Variable	FALSE	0.174918259764738	16.3488323901582	0.591372551138576	8.97490749933164e-55	0.535086113777115	0.642431780565017	0.575352632498037	2.76383485251034e-51
20	H3K36me3	H3K36me3	0	0	0	567	NeuertLab	Variable	TRUE	0.606925205777928	25.0874674502828	0.808313130222288	4.26465559414713e-132	0.777735557613184	0.83507431908851	0.820441589736685	2.65681450183759e-139
21	H3K36me3	H3K36me3	0	0	0	567	Big-FISH	Fixed	FALSE	0.000867506617673065	0.125557670549213	0.211346210757825	3.79625695241566e-07	0.131288486074724	0.288665144509297	0.244911405655942	3.43924616952464e-09
22	H3K36me3	H3K36me3	0	0	0	567	Big-FISH	Fixed	TRUE	0.0174823729928237	0.0738633311757744	0.627430264989028	7.06163662642559e-55	0.570498035674064	0.678361442136855	0.637199709473168	4.62602805241916e-57
23	H3K36me3	H3K36me3	0	0	0	567	Big-FISH	Variable	FALSE	0.0369824178915888	-9.94643693830766	0.501514615121598	1.90371931925444e-37	0.437227855293831	0.560702374691829	0.460265285553486	4.4960665514676e-31
24	H3K36me3	H3K36me3	0	0	0	567	Big-FISH	Variable	TRUE	0.342239361013198	-13.7086910666996	0.775084385067545	3.71207951513258e-99	0.737069813481513	0.808209624924502	0.746921417946311	2.34547215732702e-88
25	H3K4me2	H3K4me2	0	0	0	295	NeuertLab	Fixed	FALSE	0.159274917722398	-4.57772849648741	0.89327768952769	9.29103816669939e-104	0.867582238545983	0.914216010289073	0.899964335004938	1.18157512659633e-107
26	H3K4me2	H3K4me2	0	0	0	295	NeuertLab	Fixed	TRUE	0.212711162517511	1.49443941273934	0.944557344219077	9.5086739341332e-144	0.930756904874195	0.955670448360413	0.949106347848605	4.76194932995932e-149
27	H3K4me2	H3K4me2	0	0	0	295	NeuertLab	Variable	FALSE	0.160686345067442	281.438662917875	0.231104061258734	6.15300638363067e-05	0.120075164315549	0.336423189408251	0.279665007050465	1.05685382133694e-06
28	H3K4me2	H3K4me2	0	0	0	295	NeuertLab	Variable	TRUE	0.171893770676138	32.9674837630894	0.716456385636357	9.86446099036207e-48	0.655924837441704	0.767831941407719	0.756929167586122	4.51180394716204e-56
29	H3K4me2	H3K4me2	0	0	0	295	Big-FISH	Fixed	FALSE	0.0138121743452352	-0.7315623100035	0.538354193522786	1.44058388695204e-23	0.451941169194462	0.614757451411798	0.552855722457496	5.17050464793153e-25
30	H3K4me2	H3K4me2	0	0	0	295	Big-FISH	Fixed	TRUE	0.0509293845492964	-1.69560643890497	0.737582372859201	6.8167343141185e-52	0.680721939676074	0.785608200895333	0.821266722246111	2.21698749478113e-73
31	H3K4me2	H3K4me2	0	0	0	295	Big-FISH	Variable	FALSE	0.117969708031669	-26.9159455173356	0.73079315307292	1.6352988734088e-50	0.672738705329804	0.779904109570343	0.735206641032785	2.09567122235095e-51
32	H3K4me2	H3K4me2	0	0	0	295	Big-FISH	Variable	TRUE	0.285726490569574	20.5832536752912	0.920720566529795	9.08376682777383e-122	0.901288018935173	0.936455457400445	0.910824790909179	1.31226635927324e-114
33	CTT1	CTT1	0.2	1	0	1619	NeuertLab	Fixed	FALSE	0.608984412518319	0.147018053718098	0.943388823777456	0	0.937770865719577	0.948513076442058	0.963555980044355	0
34	CTT1	CTT1	0.2	1	0	1619	NeuertLab	Fixed	TRUE	0.754916532313589	0.120334583496876	0.950275010720845	0	0.945321194296166	0.954790449299759	0.904427315926115	0
35	CTT1	CTT1	0.2	1	0	1619	NeuertLab	Variable	FALSE	0.70857827036445	0.150773386520049	0.956358312042199	0	0.951995622876552	0.960332572524601	0.933644389824556	0
36	CTT1	CTT1	0.2	1	0	1619	NeuertLab	Variable	TRUE	0.781182075363355	0.154874263225137	0.943915861274881	0	0.938348545950405	0.948993660369942	0.890563579565904	0
37	CTT1	CTT1	0.2	1	0	1619	Big-FISH	Fixed	FALSE	0.539250122543293	0.0954213307237009	0.899091213773299	0	0.889327610019152	0.908035391924922	0.883617498587162	0
38	CTT1	CTT1	0.2	1	0	1619	Big-FISH	Fixed	TRUE	0.809623077998033	0.00457191949195153	0.967952950224164	0	0.964728434659668	0.970887049628901	0.860053838887599	0
39	CTT1	CTT1	0.2	1	0	1619	Big-FISH	Variable	FALSE	0.62277294751326	0.145805891593262	0.909646911568245	0	0.900851320227879	0.917696020439805	0.898823226936513	0
40	CTT1	CTT1	0.2	1	0	1619	Big-FISH	Variable	TRUE	0.868852544723048	0.07178075806236	0.958929199436681	0	0.954817576352436	0.962673807149516	0.845131397871611	0
41	CTT1	CTT1	0.2	1	10	539	NeuertLab	Fixed	FALSE	0.755047881869692	1.26764713874706	0.983331044871847	0	0.980286047362311	0.985909061760115	0.992865313919591	0
42	CTT1	CTT1	0.2	1	10	539	NeuertLab	Fixed	TRUE	0.783132246783635	1.09424554492056	0.988341439551537	0	0.986205348736348	0.990148399029665	0.994133480808014	0
43	CTT1	CTT1	0.2	1	10	539	NeuertLab	Variable	FALSE	0.687301102950377	1.07856231700908	0.960548075778697	1.26424418959834e-300	0.953438909683772	0.966590345614294	0.97647568235195	0
44	CTT1	CTT1	0.2	1	10	539	NeuertLab	Variable	TRUE	0.51705584382618	1.16632913241335	0.709268292135221	1.38805145539655e-83	0.664624676077807	0.748865711727286	0.613278359758253	5.42258611418245e-57
45	CTT1	CTT1	0.2	1	10	539	Big-FISH	Fixed	FALSE	0.508352059214415	1.02051504458768	0.94729185768336	1.24903984335245e-267	0.937869644926179	0.955318116445796	0.96351134868355	1.48482825364338e-309
46	CTT1	CTT1	0.2	1	10	539	Big-FISH	Fixed	TRUE	0.669225204596084	0.561161941208543	0.971684998604948	0	0.966548444423792	0.976042433196186	0.980825168635451	0
47	CTT1	CTT1	0.2	1	10	539	Big-FISH	Variable	FALSE	0.66298361226552	1.79464426879116	0.970092006669307	0	0.964671649684055	0.974691442267817	0.974719313785167	0
48	CTT1	CTT1	0.2	1	10	539	Big-FISH	Variable	TRUE	0.801247199521498	1.21850568120528	0.984924483771027	0	0.982167950244288	0.987257643069068	0.984811733570834	0
49	CTT1	CTT1	0.2	1	15	556	NeuertLab	Fixed	FALSE	0.728868809114926	1.36211014457748	0.975993805239381	0	0.971700919247654	0.979642197076046	0.986208092660841	0
50	CTT1	CTT1	0.2	1	15	556	NeuertLab	Fixed	TRUE	0.763687952850927	0.961607054334583	0.979005132167643	0	0.975243997475519	0.982199993868355	0.984371362939202	0
51	CTT1	CTT1	0.2	1	15	556	NeuertLab	Variable	FALSE	0.712479242711753	1.39810667366388	0.966357322251002	0	0.960375756657917	0.971449078056095	0.981234522171098	0
52	CTT1	CTT1	0.2	1	15	556	NeuertLab	Variable	TRUE	0.759439386113658	0.565636719579401	0.976961774113938	0	0.972839605039539	0.980464511230348	0.982344784165076	0
53	CTT1	CTT1	0.2	1	15	556	Big-FISH	Fixed	FALSE	0.42087662736701	1.78965533923815	0.909675862600384	1.42700093872204e-213	0.894158952837581	0.923010367524029	0.921877046651645	2.86323078705251e-230
54	CTT1	CTT1	0.2	1	15	556	Big-FISH	Fixed	TRUE	0.680945976452663	0.754006019023215	0.965047002304808	0	0.958837342704179	0.970334080643294	0.970514994312034	0
55	CTT1	CTT1	0.2	1	15	556	Big-FISH	Variable	FALSE	0.553965080664833	2.38069136802824	0.922108052440484	1.30304655891535e-230	0.908624693626523	0.933670947460424	0.948135541390103	6.25877203156573e-278
56	CTT1	CTT1	0.2	1	15	556	Big-FISH	Variable	TRUE	0.781490481233597	1.22070254824084	0.973012187405795	0	0.968194698378794	0.977108467353117	0.977770906484737	0
57	CTT1	CTT1	0.2	1	1	702	NeuertLab	Fixed	FALSE	0.821886412290656	0.0474527417481644	0.924003357145611	1.83458630465916e-294	0.912389582494507	0.934130618720521	0.964335136374135	0
58	CTT1	CTT1	0.2	1	1	702	NeuertLab	Fixed	TRUE	0.860724962630791	0.0468734429496763	0.836877340830859	2.3140201829328e-185	0.813241419199599	0.857756592209453	0.873426930010387	6.02757636702856e-221
59	CTT1	CTT1	0.2	1	1	702	NeuertLab	Variable	FALSE	0.843015787802037	0.0935153928961961	0.905365907886142	1.35325428332694e-262	0.891065225983583	0.917870766300433	0.931133645521649	7.02955026014913e-309
60	CTT1	CTT1	0.2	1	1	702	NeuertLab	Variable	TRUE	0.951240441157907	0.0726093430583262	0.826254862295624	1.19605330656565e-176	0.801246319669677	0.848381534409454	0.847396649348617	1.24275060375869e-194
61	CTT1	CTT1	0.2	1	1	702	Big-FISH	Fixed	FALSE	0.665706684890042	0.0147414150782263	0.85087944787205	7.40636310040031e-198	0.829083604531052	0.870093217426396	0.832246088421412	1.73169195028888e-181
62	CTT1	CTT1	0.2	1	1	702	Big-FISH	Fixed	TRUE	0.60641800579881	0.0136124625288715	0.775232227209239	8.62223379300792e-142	0.743909426643135	0.80315633094437	0.767603875919811	2.28300863189033e-137
63	CTT1	CTT1	0.2	1	1	702	Big-FISH	Variable	FALSE	0.777876497052105	0.0627837465847756	0.899214010113965	1.64494502086651e-253	0.88404025879334	0.912494441017418	0.906780503987009	8.99930192083517e-265
64	CTT1	CTT1	0.2	1	1	702	Big-FISH	Variable	TRUE	0.808431048126032	0.0617332455329727	0.807852343656486	7.09401601708528e-163	0.780513323985263	0.832107148260697	0.790433843647238	3.79139447351525e-151
65	CTT1	CTT1	0.2	1	20	1251	NeuertLab	Fixed	FALSE	0.715242011440759	1.68461909802682	0.978717195477105	0	0.976249286961107	0.980931140905413	0.98973451483637	0
66	CTT1	CTT1	0.2	1	20	1251	NeuertLab	Fixed	TRUE	0.740877268973192	1.56852185273345	0.982798940720681	0	0.980799749945113	0.984591588696833	0.991446242942241	0
67	CTT1	CTT1	0.2	1	20	1251	NeuertLab	Variable	FALSE	0.6584557579743	1.42388602264237	0.95401985576076	0	0.948762254297083	0.958749384606377	0.970331278675042	0
68	CTT1	CTT1	0.2	1	20	1251	NeuertLab	Variable	TRUE	0.67792176440809	1.28375921104256	0.947794838424301	0	0.941846620900704	0.95314932171497	0.963706677407013	0
69	CTT1	CTT1	0.2	1	20	1251	Big-FISH	Fixed	FALSE	0.481139873927085	1.04761552311698	0.947909791786535	0	0.94197428177743	0.953252767720283	0.953261793435813	0
70	CTT1	CTT1	0.2	1	20	1251	Big-FISH	Fixed	TRUE	0.681633201073917	0.725144558798024	0.977070457346147	0	0.974414065717284	0.979453926118601	0.981645661050014	0
71	CTT1	CTT1	0.2	1	20	1251	Big-FISH	Variable	FALSE	0.610965555281723	1.96946465296741	0.96082901689042	0	0.956332609635287	0.964870745368207	0.965898515859967	0
72	CTT1	CTT1	0.2	1	20	1251	Big-FISH	Variable	TRUE	0.737946776149266	1.85467491224286	0.97761363164503	0	0.975019371764571	0.979941211647092	0.979414887962106	0
73	CTT1	CTT1	0.2	1	25	613	NeuertLab	Fixed	FALSE	0.820798952918132	0.881591012582801	0.984088509231801	0	0.981377187363632	0.986407793823857	0.991953182542233	0
74	CTT1	CTT1	0.2	1	25	613	NeuertLab	Fixed	TRUE	0.861840369769653	0.618513769697234	0.989678755614563	0	0.98791421057976	0.991186816343051	0.993824597438744	0
75	CTT1	CTT1	0.2	1	25	613	NeuertLab	Variable	FALSE	0.791601057601313	0.903942875596152	0.980161438675032	0	0.976788771489778	0.983048248777098	0.988670620629929	0
76	CTT1	CTT1	0.2	1	25	613	NeuertLab	Variable	TRUE	0.729668176740201	0.847529958455095	0.915732223282857	3.88793402679425e-244	0.901948601130284	0.927651911900946	0.939861813704648	3.01985736400623e-287
77	CTT1	CTT1	0.2	1	25	613	Big-FISH	Fixed	FALSE	0.529206092583506	1.19620003725265	0.956793470806474	0	0.949549333766149	0.963017164910434	0.960340198447755	0
78	CTT1	CTT1	0.2	1	25	613	Big-FISH	Fixed	TRUE	0.710804030315565	0.745646520557554	0.982063853143083	0	0.979011179015533	0.984675975551656	0.984554122721731	0
79	CTT1	CTT1	0.2	1	25	613	Big-FISH	Variable	FALSE	0.647397207431151	1.98890783275432	0.96443736581253	0	0.958447612606599	0.969577111991407	0.956771589981451	0
80	CTT1	CTT1	0.2	1	25	613	Big-FISH	Variable	TRUE	0.76746988685291	1.90682000200261	0.977222516435139	0	0.97335693847663	0.980532779725141	0.975740192712492	0
81	CTT1	CTT1	0.2	1	2	707	NeuertLab	Fixed	FALSE	0.846804349237322	0.0584209758491184	0.99274829074678	0	0.99159860349841	0.993741143723402	0.951303200240904	0
82	CTT1	CTT1	0.2	1	2	707	NeuertLab	Fixed	TRUE	0.792120209590901	0.0832202610286785	0.988302103511447	0	0.986452309219077	0.989900612001469	0.942631433101127	0
83	CTT1	CTT1	0.2	1	2	707	NeuertLab	Variable	FALSE	0.87024464327121	0.11403142279981	0.988647650347276	0	0.986852136228115	0.99019917288251	0.906422560808136	4.31834282738969e-266
84	CTT1	CTT1	0.2	1	2	707	NeuertLab	Variable	TRUE	0.841821501565037	0.134219703574535	0.983313010493765	0	0.980681953502189	0.985588333157749	0.897797201904191	2.7736574916981e-253
85	CTT1	CTT1	0.2	1	2	707	Big-FISH	Fixed	FALSE	0.674420931146127	0.0357213442351771	0.971515500656274	0	0.967055215148812	0.975379481070244	0.865569563462668	6.26075331930772e-214
86	CTT1	CTT1	0.2	1	2	707	Big-FISH	Fixed	TRUE	0.794308024247419	-0.0232640061058919	0.970766759976029	0	0.966191242401359	0.974731006786216	0.849224958718669	1.05548108198956e-197
87	CTT1	CTT1	0.2	1	2	707	Big-FISH	Variable	FALSE	0.763622064936519	0.0883970095695143	0.970549695961121	0	0.965940791192172	0.974542998053737	0.902194066211791	1.15693920541859e-259
88	CTT1	CTT1	0.2	1	2	707	Big-FISH	Variable	TRUE	0.846934318730003	0.0577774842667171	0.971551982472862	0	0.967097314185066	0.97541107577633	0.890266777355335	5.26739763601559e-243
89	CTT1	CTT1	0.2	1	30	977	NeuertLab	Fixed	FALSE	0.727396115365751	1.05278880280098	0.969353291174347	0	0.96532291050421	0.972921690794798	0.984310569654107	0
90	CTT1	CTT1	0.2	1	30	977	NeuertLab	Fixed	TRUE	0.834040845386596	0.769745847905075	0.984480810950923	0	0.982422109055615	0.986300066362632	0.984795681649469	0
91	CTT1	CTT1	0.2	1	30	977	NeuertLab	Variable	FALSE	0.660916305221998	0.946403664673822	0.944005471897715	0	0.936748638436062	0.950451028616213	0.961597302127676	0
92	CTT1	CTT1	0.2	1	30	977	NeuertLab	Variable	TRUE	0.842861331752052	0.920141852133595	0.982463941617795	0	0.980140368899382	0.984517782395592	0.982931519971524	0
93	CTT1	CTT1	0.2	1	30	977	Big-FISH	Fixed	FALSE	0.455370839890041	1.39008427170445	0.922418113422241	0	0.912489520413051	0.931260735044692	0.948296374398365	0
94	CTT1	CTT1	0.2	1	30	977	Big-FISH	Fixed	TRUE	0.748399513328176	0.456148656122064	0.974566094543484	0	0.971211233580121	0.977534456841277	0.976000217310945	0
95	CTT1	CTT1	0.2	1	30	977	Big-FISH	Variable	FALSE	0.520257492476908	2.28866328878894	0.939879843086633	0	0.932107005578181	0.946787303512377	0.952812681695582	0
96	CTT1	CTT1	0.2	1	30	977	Big-FISH	Variable	TRUE	0.79233059619953	1.71593035403345	0.963954409990132	0	0.959228716122742	0.968141267694488	0.961397980633057	0
97	CTT1	CTT1	0.2	1	35	336	NeuertLab	Fixed	FALSE	0.85446968888749	0.414390840221571	0.983817390476948	1.74050719053911e-251	0.97997841605257	0.986925133869886	0.990284535357412	2.94582229471332e-288
98	CTT1	CTT1	0.2	1	35	336	NeuertLab	Fixed	TRUE	0.859899074980581	0.334311295145784	0.986196486065536	6.21904505687058e-263	0.982917040618994	0.98884991072884	0.987165431443683	3.54872804088697e-268
99	CTT1	CTT1	0.2	1	35	336	NeuertLab	Variable	FALSE	0.831944536542423	0.490587138954037	0.976085197209272	1.93683323149618e-223	0.970439259742534	0.980663374091591	0.987089763923286	9.41195799326918e-268
100	CTT1	CTT1	0.2	1	35	336	NeuertLab	Variable	TRUE	0.88853420457987	0.526213143367967	0.983833768508273	1.47172685888285e-251	0.979998640244977	0.986938387337319	0.983551769915074	2.58151058754916e-250
101	CTT1	CTT1	0.2	1	35	336	Big-FISH	Fixed	FALSE	0.627270293939931	0.386353519269353	0.962726045942806	9.73682441796569e-192	0.953999625181889	0.969822602615599	0.971148386184551	5.23495484711284e-210
102	CTT1	CTT1	0.2	1	35	336	Big-FISH	Fixed	TRUE	0.814863391817232	-0.0754619013066478	0.974493835409221	7.97537520334832e-219	0.968478193534268	0.979373477827785	0.972263757643063	7.94310032296413e-213
103	CTT1	CTT1	0.2	1	35	336	Big-FISH	Variable	FALSE	0.683988155734203	0.75859045352986	0.969694181920753	1.70792537244225e-206	0.96256799954192	0.975480654325068	0.965875011729451	5.03121559719415e-198
104	CTT1	CTT1	0.2	1	35	336	Big-FISH	Variable	TRUE	0.877178532696309	0.533349942843749	0.968589722370428	6.14361266019896e-204	0.961208949358694	0.974584354817858	0.96193115393796	3.08904354364643e-190
105	CTT1	CTT1	0.2	1	40	737	NeuertLab	Fixed	FALSE	0.810437822483486	0.489720044330361	0.987636439785685	0	0.985725442869417	0.989292982702956	0.989977376310506	0
106	CTT1	CTT1	0.2	1	40	737	NeuertLab	Fixed	TRUE	0.834640861494714	0.273847831780136	0.988054700580195	0	0.986207904332003	0.989655494104066	0.98218304071544	0
107	CTT1	CTT1	0.2	1	40	737	NeuertLab	Variable	FALSE	0.833628304018974	0.425597775912408	0.989418395308403	0	0.987781136500171	0.990837281921164	0.989362611634592	0
108	CTT1	CTT1	0.2	1	40	737	NeuertLab	Variable	TRUE	0.776460266993548	0.47007975330868	0.977771595470851	0	0.974355493061405	0.98073707900081	0.976723517088293	0
109	CTT1	CTT1	0.2	1	40	737	Big-FISH	Fixed	FALSE	0.566354767641087	0.568031454313208	0.946001267037143	0	0.937856056364029	0.953104719722341	0.944956530309947	0
110	CTT1	CTT1	0.2	1	40	737	Big-FISH	Fixed	TRUE	0.729362390512043	0.0340145547831337	0.972578538175912	0	0.968377117693602	0.976228498586531	0.949215741702122	0
111	CTT1	CTT1	0.2	1	40	737	Big-FISH	Variable	FALSE	0.684140039895172	0.890487227392418	0.963306124045727	0	0.957714471502997	0.968170382850418	0.953978072658847	0
112	CTT1	CTT1	0.2	1	40	737	Big-FISH	Variable	TRUE	0.831821638347503	0.693227727925907	0.976045427591237	0	0.972367750846487	0.97923878117175	0.958520285966234	0
113	CTT1	CTT1	0.2	1	45	1011	NeuertLab	Fixed	FALSE	0.806300734867636	0.517227769912082	0.985981767180978	0	0.984154202923958	0.987599867846293	0.99238715477222	0
114	CTT1	CTT1	0.2	1	45	1011	NeuertLab	Fixed	TRUE	0.83935961343371	0.461359182222122	0.988263557462534	0	0.986731483906257	0.98961965162747	0.989274106856146	0
115	CTT1	CTT1	0.2	1	45	1011	NeuertLab	Variable	FALSE	0.8370161881576	0.543062466135331	0.987534116664713	0	0.985907496921748	0.988974027098719	0.991704458600242	0
116	CTT1	CTT1	0.2	1	45	1011	NeuertLab	Variable	TRUE	0.872817921854119	0.57245386904318	0.987590774990275	0	0.985971496167295	0.989024177069916	0.985755415338522	0
117	CTT1	CTT1	0.2	1	45	1011	Big-FISH	Fixed	FALSE	0.588043367217411	0.51851668980383	0.95744562112053	0	0.951987724517526	0.962295064311263	0.964990814135614	0
118	CTT1	CTT1	0.2	1	45	1011	Big-FISH	Fixed	TRUE	0.763437120051203	0.16931048104243	0.981246108068186	0	0.978807741609906	0.9834062704543	0.971337458940674	0
119	CTT1	CTT1	0.2	1	45	1011	Big-FISH	Variable	FALSE	0.698748286069486	0.932507467259364	0.969261366850799	0	0.965292051394265	0.972783024891029	0.963202166021509	0
120	CTT1	CTT1	0.2	1	45	1011	Big-FISH	Variable	TRUE	0.86401525237981	0.805512247559855	0.978047949926816	0	0.975198966648921	0.9805728792214	0.966860195130462	0
121	CTT1	CTT1	0.2	1	4	812	NeuertLab	Fixed	FALSE	0.921498125779475	0.0128442295199323	0.985121345136197	0	0.982941539808483	0.987024428006368	0.967098006712266	0
122	CTT1	CTT1	0.2	1	4	812	NeuertLab	Fixed	TRUE	0.723740231789347	0.0519214609897333	0.954225325750454	0	0.947638476299782	0.960000595712971	0.864448518546194	3.85285597673837e-244
123	CTT1	CTT1	0.2	1	4	812	NeuertLab	Variable	FALSE	0.950125422659928	0.0456271990197997	0.991057029450825	0	0.989742341230682	0.992203878888861	0.977555810765607	0
124	CTT1	CTT1	0.2	1	4	812	NeuertLab	Variable	TRUE	0.841386846811043	0.127299821180214	0.962233442347372	0	0.956773449448675	0.967015402869859	0.883385752182968	7.69264345696905e-269
125	CTT1	CTT1	0.2	1	4	812	Big-FISH	Fixed	FALSE	0.659951580955179	-0.0553402433528632	0.929096229021236	0	0.919043170573432	0.93794128882056	0.798678922840804	7.5207134226343e-181
126	CTT1	CTT1	0.2	1	4	812	Big-FISH	Fixed	TRUE	0.502348922320898	-0.0637922099726678	0.886226508660939	6.48663070920435e-273	0.870503209687745	0.900142626910349	0.686118372575631	4.90249941228117e-114
127	CTT1	CTT1	0.2	1	4	812	Big-FISH	Variable	FALSE	0.942254124132019	0.0102852441031325	0.975133203960665	0	0.971511081044364	0.978299873756571	0.914838547941728	3.14225750755033e-321
128	CTT1	CTT1	0.2	1	4	812	Big-FISH	Variable	TRUE	0.894929820956649	0.0631629103224434	0.953653445492031	0	0.946986536433643	0.95949937274139	0.846884724785019	2.29162521093687e-224
129	CTT1	CTT1	0.2	1	50	397	NeuertLab	Fixed	FALSE	0.724992205921508	0.642437895325093	0.964778735166599	3.48562399037369e-231	0.957253148969856	0.970999072327577	0.990069444819163	0
130	CTT1	CTT1	0.2	1	50	397	NeuertLab	Fixed	TRUE	0.752068375859736	0.499744495447882	0.978021536708857	4.6032610521844e-271	0.973287016569274	0.981924612749951	0.987556880218579	1.88545331765937e-319
131	CTT1	CTT1	0.2	1	50	397	NeuertLab	Variable	FALSE	0.71690026679508	0.752419174863788	0.972191987362097	3.9046465690135e-251	0.966223130846047	0.977118336340691	0.991441423698852	0
132	CTT1	CTT1	0.2	1	50	397	NeuertLab	Variable	TRUE	0.769371498133059	0.499669310612885	0.980999219861198	2.0121636649388e-283	0.976898649922086	0.984377676295602	0.987194988912683	5.23567293685719e-317
133	CTT1	CTT1	0.2	1	50	397	Big-FISH	Fixed	FALSE	0.586190662502114	0.305500752851326	0.953214698230273	2.47628814983916e-207	0.943289587861532	0.961437246102147	0.951345050517198	4.71498795811623e-204
134	CTT1	CTT1	0.2	1	50	397	Big-FISH	Fixed	TRUE	0.734255523230139	-0.0119203325831557	0.972581989145679	2.49403112524789e-252	0.966695430989952	0.977440037405406	0.95638711038702	3.22766024145724e-213
135	CTT1	CTT1	0.2	1	50	397	Big-FISH	Variable	FALSE	0.666299461234399	0.758203721146799	0.970742841374674	7.69947452603205e-247	0.964468536612495	0.975922780694894	0.958659720929946	1.04052882106025e-217
136	CTT1	CTT1	0.2	1	50	397	Big-FISH	Variable	TRUE	0.835287674763223	0.424811545647838	0.983912088815343	1.42802508660402e-297	0.980433938025902	0.986776076456142	0.963956064959107	3.06979569919859e-229
137	CTT1	CTT1	0.2	1	55	1107	NeuertLab	Fixed	FALSE	0.793558926484011	0.691721947672611	0.986232571048921	0	0.984521995332911	0.9877552662757	0.992575351331356	0
138	CTT1	CTT1	0.2	1	55	1107	NeuertLab	Fixed	TRUE	0.841964606082226	0.510206223323001	0.991593122365155	0	0.990545414128338	0.992525164982877	0.994350477170438	0
139	CTT1	CTT1	0.2	1	55	1107	NeuertLab	Variable	FALSE	0.696100806772442	0.799753282412381	0.956158016975594	0	0.950803291494415	0.960941586342867	0.978435287388583	0
140	CTT1	CTT1	0.2	1	55	1107	NeuertLab	Variable	TRUE	0.807688272686615	0.494341327406241	0.985915690825426	0	0.984166057236207	0.98747321237271	0.9906578352853	0
141	CTT1	CTT1	0.2	1	55	1107	Big-FISH	Fixed	FALSE	0.542925223547366	0.508954246916664	0.950879678097581	0	0.944898431995784	0.956226275979009	0.948883964212118	0
142	CTT1	CTT1	0.2	1	55	1107	Big-FISH	Fixed	TRUE	0.706027618579726	0.276952510501784	0.975683690573843	0	0.972680465046963	0.97836039427822	0.969846716167406	0
143	CTT1	CTT1	0.2	1	55	1107	Big-FISH	Variable	FALSE	0.670292222976991	1.11231743683408	0.966909071768426	0	0.96284250464472	0.97053726853907	0.954508568889203	0
144	CTT1	CTT1	0.2	1	55	1107	Big-FISH	Variable	TRUE	0.785767744116354	0.946209208244066	0.981058913339802	0	0.978712410358156	0.983148967108337	0.974431010371729	0
145	CTT1	CTT1	0.2	1	6	672	NeuertLab	Fixed	FALSE	0.800119403985968	0.102129526314521	0.990087316699281	0	0.988474551289039	0.991475374009451	0.982554643053186	0
146	CTT1	CTT1	0.2	1	6	672	NeuertLab	Fixed	TRUE	0.838756046300645	0.0808694949926436	0.991699128830317	0	0.990347328725276	0.992862296146122	0.985756429691053	0
147	CTT1	CTT1	0.2	1	6	672	NeuertLab	Variable	FALSE	0.806897278595899	0.262712058110592	0.987201609843236	0	0.985122857903347	0.988991512865967	0.959402055940118	0
148	CTT1	CTT1	0.2	1	6	672	NeuertLab	Variable	TRUE	0.828322374274803	0.20568748303881	0.990781841196655	0	0.989281464350452	0.992073032725052	0.955677263869285	0
149	CTT1	CTT1	0.2	1	6	672	Big-FISH	Fixed	FALSE	0.516337802463744	0.0756572642025506	0.939464782404732	7.2765597958232e-314	0.929905964505575	0.947755339939751	0.913379411561717	1.08244759714486e-263
150	CTT1	CTT1	0.2	1	6	672	Big-FISH	Fixed	TRUE	0.596714775858145	0.0192901557250012	0.93750671135069	2.22503378482296e-309	0.927650238094955	0.946057976645627	0.923217020867736	1.72410798807306e-280
151	CTT1	CTT1	0.2	1	6	672	Big-FISH	Variable	FALSE	0.784408701159028	0.299073140252623	0.98049701023737	0	0.977341694316662	0.983216657503386	0.959314356365897	0
152	CTT1	CTT1	0.2	1	6	672	Big-FISH	Variable	TRUE	0.859069248504195	0.178098582286241	0.988631945697511	0	0.98678396803108	0.990222795072428	0.967971061541636	0
153	CTT1	CTT1	0.2	1	8	1191	NeuertLab	Fixed	FALSE	0.699014486085313	0.821167379614814	0.968770113738451	0	0.965074223026127	0.972080457292684	0.980519287626075	0
154	CTT1	CTT1	0.2	1	8	1191	NeuertLab	Fixed	TRUE	0.734887825507291	0.743629978739389	0.98410413103287	0	0.982206538608822	0.985800803421877	0.988154269926877	0
155	CTT1	CTT1	0.2	1	8	1191	NeuertLab	Variable	FALSE	0.566999044111526	0.523676579234719	0.921273595148298	0	0.912207397712123	0.929438089693694	0.9419471551152	0
156	CTT1	CTT1	0.2	1	8	1191	NeuertLab	Variable	TRUE	0.521544899376342	0.92759368591745	0.911692774668851	0	0.901579762143021	0.920809915519714	0.92909788484899	0
157	CTT1	CTT1	0.2	1	8	1191	Big-FISH	Fixed	FALSE	0.312533824922803	0.753023233765156	0.850557124810821	0	0.834050575962433	0.865542179193546	0.896795479611645	0
158	CTT1	CTT1	0.2	1	8	1191	Big-FISH	Fixed	TRUE	0.475880664582056	0.591927379068689	0.902846621631898	0	0.891777891166086	0.91283542697543	0.937662876433836	0
159	CTT1	CTT1	0.2	1	8	1191	Big-FISH	Variable	FALSE	0.692284378215896	1.17516171002673	0.968982771567993	0	0.965311604353096	0.972270891044643	0.978931363190447	0
160	CTT1	CTT1	0.2	1	8	1191	Big-FISH	Variable	TRUE	0.810921091222596	1.19346449458396	0.976152741403738	0	0.973318704814565	0.978689002951328	0.976255139637856	0
161	CTT1	CTT1	0.2	2	0	1619	NeuertLab	Fixed	FALSE	0.647934200211882	0.131230704014028	0.954211298906908	0	0.949639506178591	0.958376918797207	0.969062655425387	0
162	CTT1	CTT1	0.2	2	0	1619	NeuertLab	Fixed	TRUE	0.744365067576657	0.12489637526057	0.953466480575533	0	0.948822268685318	0.957698393443452	0.913941011954814	0
163	CTT1	CTT1	0.2	2	0	1619	NeuertLab	Variable	FALSE	0.667654657755515	0.167624381653458	0.95289598771031	0	0.948196348497952	0.957178645793779	0.931354340230548	0
164	CTT1	CTT1	0.2	2	0	1619	NeuertLab	Variable	TRUE	0.767043845586039	0.158965363515236	0.948716514371875	0	0.943611922997766	0.953370093494297	0.890854367265209	0
165	CTT1	CTT1	0.2	2	0	1619	Big-FISH	Fixed	FALSE	0.578111562629386	0.0619194963307814	0.919826537257072	0	0.911976223389832	0.927003458294911	0.860254544386533	0
166	CTT1	CTT1	0.2	2	0	1619	Big-FISH	Fixed	TRUE	0.812474678925358	-0.00655040002182338	0.962642042940642	0	0.958894315344618	0.96605400028637	0.838293033223677	0
167	CTT1	CTT1	0.2	2	0	1619	Big-FISH	Variable	FALSE	0.668579353582895	0.127135515697345	0.931732847679292	0	0.925002816927578	0.93787843437188	0.90191550935543	0
168	CTT1	CTT1	0.2	2	0	1619	Big-FISH	Variable	TRUE	0.877003795190934	0.0770272252643483	0.959077659557035	0	0.954980557343288	0.962808988481544	0.849600255272598	0
169	CTT1	CTT1	0.2	2	10	813	NeuertLab	Fixed	FALSE	0.538107000442097	0.352835869129632	0.946622005923281	0	0.93898025964112	0.953329780371512	0.964200454758313	0
170	CTT1	CTT1	0.2	2	10	813	NeuertLab	Fixed	TRUE	0.630196265234442	-0.106987972049674	0.953851269104698	0	0.947216421328687	0.959669396186054	0.964286000052482	0
171	CTT1	CTT1	0.2	2	10	813	NeuertLab	Variable	FALSE	0.405102273328354	1.54329436319998	0.876274868670426	2.07920436789127e-259	0.859290006149305	0.891329347151587	0.920792227552351	0
172	CTT1	CTT1	0.2	2	10	813	NeuertLab	Variable	TRUE	0.65122902013362	1.35743298134898	0.973168468960727	0	0.96926718935589	0.976580402556464	0.981405155467766	0
173	CTT1	CTT1	0.2	2	10	813	Big-FISH	Fixed	FALSE	0.237320409678753	-0.169955695616667	0.836326455800789	6.6780229072877e-214	0.814399996823606	0.85586833293793	0.856716672611104	2.12794540622804e-235
174	CTT1	CTT1	0.2	2	10	813	Big-FISH	Fixed	TRUE	0.301480988926028	-0.168988745035006	0.821320729337106	6.84383618517663e-200	0.797605596580117	0.842500557358178	0.849540794724924	1.80149010554535e-227
175	CTT1	CTT1	0.2	2	10	813	Big-FISH	Variable	FALSE	0.649854728691916	1.82646845032871	0.942218749501673	0	0.933968003856487	0.949465496846088	0.954848436753537	0
176	CTT1	CTT1	0.2	2	10	813	Big-FISH	Variable	TRUE	0.748160122005167	2.42512646795679	0.942682600859132	0	0.934495855981982	0.949872674839779	0.953786266348263	0
177	CTT1	CTT1	0.2	2	15	641	NeuertLab	Fixed	FALSE	0.699328146770098	0.912362178348498	0.949994801499904	0	0.941843961615187	0.957028543096007	0.962895223176	0
178	CTT1	CTT1	0.2	2	15	641	NeuertLab	Fixed	TRUE	0.719193438250854	0.579583333907738	0.959217297862012	0	0.952533130943265	0.964977100266001	0.967414673660564	0
179	CTT1	CTT1	0.2	2	15	641	NeuertLab	Variable	FALSE	0.662724419842622	1.21984460854723	0.936945749454735	5.88815447276954e-294	0.926747817233343	0.945763922326789	0.959488356226259	0
180	CTT1	CTT1	0.2	2	15	641	NeuertLab	Variable	TRUE	0.714028410534505	1.19070646214742	0.967839199601537	0	0.962541119853594	0.972398472626719	0.978151305394631	0
181	CTT1	CTT1	0.2	2	15	641	Big-FISH	Fixed	FALSE	0.370697051769765	1.71255530516043	0.785448794749835	2.89013112681042e-135	0.753862450371505	0.813412953963979	0.822779801634399	6.13713879642376e-159
182	CTT1	CTT1	0.2	2	15	641	Big-FISH	Fixed	TRUE	0.635124459021384	-0.106808839142874	0.926052034269156	1.27536308024605e-272	0.914170304162314	0.936343630908503	0.916103880347457	8.04193910196244e-256
183	CTT1	CTT1	0.2	2	15	641	Big-FISH	Variable	FALSE	0.687939936595053	1.72469250329127	0.952698990751065	0	0.944976495638802	0.959360287829901	0.957492152106052	0
184	CTT1	CTT1	0.2	2	15	641	Big-FISH	Variable	TRUE	0.796731453636595	1.30669812925309	0.979932013544892	0	0.97660238342608	0.98279194113953	0.978616487080939	0
185	CTT1	CTT1	0.2	2	1	962	NeuertLab	Fixed	FALSE	0.894781726532013	0.0314998573376094	0.961625926575955	0	0.956560144225367	0.966111189808021	0.959655435233255	0
186	CTT1	CTT1	0.2	2	1	962	NeuertLab	Fixed	TRUE	0.92273743362286	0.0237455711748614	0.941694922101694	0	0.934086445959345	0.948448552380559	0.92714969998459	0
187	CTT1	CTT1	0.2	2	1	962	NeuertLab	Variable	FALSE	0.955310720475367	0.0631820519168873	0.94310405588194	0	0.935673371656901	0.949698690946884	0.903696417557305	0
188	CTT1	CTT1	0.2	2	1	962	NeuertLab	Variable	TRUE	1.01007837754067	0.0684231501571895	0.910227772141012	0	0.898727185517031	0.920477045650673	0.854031290066052	1.04695543198408e-274
189	CTT1	CTT1	0.2	2	1	962	Big-FISH	Fixed	FALSE	0.38572700423328	-0.0207250914599419	0.677363076583582	3.82903433930688e-130	0.641627233082799	0.710164594206441	0.602678851782264	3.50064270440781e-96
190	CTT1	CTT1	0.2	2	1	962	Big-FISH	Fixed	TRUE	0.368032045127771	-0.0252006265704466	0.618300474742048	1.56149425817973e-102	0.577669880326203	0.655874789834782	0.548743862377874	9.62910223416642e-77
191	CTT1	CTT1	0.2	2	1	962	Big-FISH	Variable	FALSE	0.768150411972831	0.0344859096655045	0.903352018759921	0	0.891020841967226	0.914351098175829	0.879643591406587	4.44347069406621e-312
192	CTT1	CTT1	0.2	2	1	962	Big-FISH	Variable	TRUE	0.868386273354796	0.0136881296539594	0.897009564541555	0	0.883918516072442	0.908695825419426	0.835434718319762	8.42597968615132e-252
193	CTT1	CTT1	0.2	2	20	1393	NeuertLab	Fixed	FALSE	0.693481191186613	2.26614187135344	0.971449398803793	0	0.968334199687062	0.974262140056339	0.985358915454921	0
194	CTT1	CTT1	0.2	2	20	1393	NeuertLab	Fixed	TRUE	0.738507518285583	1.94994905859499	0.981981615521454	0	0.980003946455342	0.983765291012483	0.989436703985342	0
195	CTT1	CTT1	0.2	2	20	1393	NeuertLab	Variable	FALSE	0.664687902193956	2.28018812560634	0.958251863162876	0	0.953730457642714	0.962339958859521	0.975968221127373	0
196	CTT1	CTT1	0.2	2	20	1393	NeuertLab	Variable	TRUE	0.641750555466425	1.91727240852983	0.950140090405286	0	0.944764943738085	0.955004262176793	0.96526270875467	0
197	CTT1	CTT1	0.2	2	20	1393	Big-FISH	Fixed	FALSE	0.442196810024128	1.45288262183982	0.899247554319828	0	0.888699069593104	0.908844562611862	0.906574289744919	0
198	CTT1	CTT1	0.2	2	20	1393	Big-FISH	Fixed	TRUE	0.690751000332598	0.771880275435476	0.97326067865081	0	0.970340137701455	0.975897158309636	0.977139967495565	0
199	CTT1	CTT1	0.2	2	20	1393	Big-FISH	Variable	FALSE	0.636436771148973	2.31240040307701	0.949925680921519	0	0.944528077335369	0.954810285087456	0.96064194977962	0
200	CTT1	CTT1	0.2	2	20	1393	Big-FISH	Variable	TRUE	0.745766199258703	2.35569475597251	0.972869443474061	0	0.969906822441276	0.975544020573174	0.974208608799369	0
201	CTT1	CTT1	0.2	2	25	223	NeuertLab	Fixed	FALSE	0.816754053718384	0.720750241606368	0.989043059052422	1.3177907910443e-185	0.985752253061783	0.991577010720694	0.994465256033616	2.98362664878066e-218
202	CTT1	CTT1	0.2	2	25	223	NeuertLab	Fixed	TRUE	0.861295302010846	0.179675685474125	0.990070671777293	2.61915788797309e-190	0.987086495092696	0.992367884967111	0.987501723744854	2.50947991722214e-179
203	CTT1	CTT1	0.2	2	25	223	NeuertLab	Variable	FALSE	0.733788468822761	1.11158612302439	0.973534349697003	1.17965844474708e-143	0.965666062499468	0.979618163322529	0.985985980435635	7.19240903000893e-174
204	CTT1	CTT1	0.2	2	25	223	NeuertLab	Variable	TRUE	0.88166954324047	0.794891173449356	0.993353476016979	1.70958408943605e-209	0.991351631123451	0.994893140582128	0.990843110483787	3.54776855216976e-194
205	CTT1	CTT1	0.2	2	25	223	Big-FISH	Fixed	FALSE	0.541412502355856	0.838066497198264	0.960998888065798	2.39399260783689e-125	0.949499150391987	0.969920381582953	0.968033759633173	1.00518285832735e-134
206	CTT1	CTT1	0.2	2	25	223	Big-FISH	Fixed	TRUE	0.711997384151778	-0.0925563972902899	0.974954820850269	2.87244267098672e-146	0.967501888235018	0.980715293234292	0.970516239583249	1.52100044788495e-138
207	CTT1	CTT1	0.2	2	25	223	Big-FISH	Variable	FALSE	0.631210556258234	2.09174275962826	0.969779141793371	2.23611849464937e-137	0.96081659037524	0.976716002483733	0.975976154441032	3.05206284951237e-148
208	CTT1	CTT1	0.2	2	25	223	Big-FISH	Variable	TRUE	0.738020600006423	1.87413421695637	0.975863941802844	5.07632473068383e-148	0.968677254280092	0.981417280889213	0.969455565881107	7.12605312498553e-137
209	CTT1	CTT1	0.2	2	2	1112	NeuertLab	Fixed	FALSE	0.749533178299475	0.0714413645344579	0.969699781274485	0	0.965979138087933	0.973019105902159	0.957535572275505	0
210	CTT1	CTT1	0.2	2	2	1112	NeuertLab	Fixed	TRUE	0.78990664984631	0.0555472604437719	0.975485277491175	0	0.972465119462353	0.978177834993857	0.961019104231705	0
211	CTT1	CTT1	0.2	2	2	1112	NeuertLab	Variable	FALSE	0.828936433657875	0.111479315318282	0.960528240473724	0	0.955706724947181	0.964834350300685	0.917802609424403	0
212	CTT1	CTT1	0.2	2	2	1112	NeuertLab	Variable	TRUE	0.858726421899346	0.0951267027366615	0.965470573976888	0	0.961240834288248	0.969245965509492	0.923006453428662	0
213	CTT1	CTT1	0.2	2	2	1112	Big-FISH	Fixed	FALSE	0.185726866229349	0.0128539372180695	0.523324558941965	3.33294249109382e-79	0.479282535744417	0.564737584975701	0.465866934298013	5.46321213496608e-61
214	CTT1	CTT1	0.2	2	2	1112	Big-FISH	Fixed	TRUE	0.239231831589275	-0.0529677594997909	0.585425566915055	2.89274572969616e-103	0.545409046725627	0.622779356122425	0.45923994438992	4.20311024599281e-59
215	CTT1	CTT1	0.2	2	2	1112	Big-FISH	Variable	FALSE	0.746437785676001	0.0522150783191679	0.929823052095934	0	0.921401233249104	0.937371890773168	0.879894298697408	0
216	CTT1	CTT1	0.2	2	2	1112	Big-FISH	Variable	TRUE	0.788635125819828	0.0408912519927205	0.93725333246703	0	0.92969072205287	0.944026088442003	0.880166633798225	0
217	CTT1	CTT1	0.2	2	30	181	NeuertLab	Fixed	FALSE	0.713707923563292	1.10323351519248	0.985000917968542	1.54443404268276e-138	0.979929682584478	0.988798036715501	0.993386346976471	3.31665304414638e-170
218	CTT1	CTT1	0.2	2	30	181	NeuertLab	Fixed	TRUE	0.824506035195832	0.630815982357857	0.989579813475005	1.31342191107096e-152	0.986045833518158	0.992222295886719	0.987843295966962	1.19228354071586e-146
219	CTT1	CTT1	0.2	2	30	181	NeuertLab	Variable	FALSE	0.740413219321669	1.08539614675597	0.98656698464644	8.56015268778009e-143	0.982020445200724	0.989969646397594	0.992056987855286	4.11639419001566e-163
220	CTT1	CTT1	0.2	2	30	181	NeuertLab	Variable	TRUE	0.853111166898829	1.003180589989	0.985620961868558	3.62802331971074e-140	0.980757332973227	0.989261961455518	0.983401131120303	1.25130937104798e-134
221	CTT1	CTT1	0.2	2	30	181	Big-FISH	Fixed	FALSE	0.579552908421185	1.04945695832951	0.970952151380276	4.07167755206028e-113	0.961223773227574	0.978266870713011	0.981788558597178	4.67999935714004e-131
222	CTT1	CTT1	0.2	2	30	181	Big-FISH	Fixed	TRUE	0.757481410870283	0.428782181378377	0.980977209864564	2.2331091391395e-129	0.974562979856884	0.985785663177365	0.976299009209285	6.39176256739369e-121
223	CTT1	CTT1	0.2	2	30	181	Big-FISH	Variable	FALSE	0.560528823685254	1.76580507463213	0.944750551283449	1.23302601953105e-88	0.926573938636289	0.958524414146721	0.961463893935244	2.58754061537552e-102
224	CTT1	CTT1	0.2	2	30	181	Big-FISH	Variable	TRUE	0.790080468383938	1.14315139260263	0.965173179591196	3.55457136100116e-106	0.953554981226828	0.973923884615893	0.953994407880901	1.42663284287735e-95
225	CTT1	CTT1	0.2	2	35	663	NeuertLab	Fixed	FALSE	0.769944055719465	0.755381368551377	0.984323399106086	0	0.981762845369584	0.986526887208248	0.991315415256276	0
226	CTT1	CTT1	0.2	2	35	663	NeuertLab	Fixed	TRUE	0.752392933251668	0.705931851823237	0.982888060190784	0	0.980095415569722	0.985291802754934	0.987821660211973	0
227	CTT1	CTT1	0.2	2	35	663	NeuertLab	Variable	FALSE	0.781042004350813	0.817753069121519	0.98599675770594	0	0.983707279566587	0.987966466473863	0.989431097228924	0
228	CTT1	CTT1	0.2	2	35	663	NeuertLab	Variable	TRUE	0.765594038332694	0.744681556877828	0.983399580607015	0	0.980689602435715	0.985731986081478	0.983090715032075	0
229	CTT1	CTT1	0.2	2	35	663	Big-FISH	Fixed	FALSE	0.581104207391782	0.717361989819896	0.965508619751319	0	0.959936980464687	0.970317135788349	0.976141839404697	0
230	CTT1	CTT1	0.2	2	35	663	Big-FISH	Fixed	TRUE	0.729131118702207	0.175479135542784	0.979364633387526	0	0.97600392907281	0.982258889262842	0.974181161882292	0
231	CTT1	CTT1	0.2	2	35	663	Big-FISH	Variable	FALSE	0.619643357427925	1.2192888061102	0.967802068398962	0	0.96259385561752	0.972295356712811	0.96469648405305	0
232	CTT1	CTT1	0.2	2	35	663	Big-FISH	Variable	TRUE	0.779119316005581	0.77660193577601	0.976842655277118	0	0.973076804885806	0.980087077822559	0.973621130767125	0
233	CTT1	CTT1	0.2	2	40	662	NeuertLab	Fixed	FALSE	0.821046528908827	0.362539601226109	0.982576772542712	0	0.979731523772211	0.98502563197063	0.981454542458343	0
234	CTT1	CTT1	0.2	2	40	662	NeuertLab	Fixed	TRUE	0.877646366571076	0.283000082701981	0.988895489863106	0	0.987075373787273	0.990460517830985	0.984669690472044	0
235	CTT1	CTT1	0.2	2	40	662	NeuertLab	Variable	FALSE	0.757833560811313	0.398462486504116	0.963622944452757	0	0.957748459797351	0.968693725179392	0.966460569819331	0
236	CTT1	CTT1	0.2	2	40	662	NeuertLab	Variable	TRUE	0.870520021356691	0.331246467931177	0.986392375118392	0	0.984165245433992	0.98830810883586	0.979927948404538	0
237	CTT1	CTT1	0.2	2	40	662	Big-FISH	Fixed	FALSE	0.528795569906428	0.646661401414327	0.926371865479357	4.10964925338167e-282	0.914742939306949	0.936467255115939	0.937821025984577	1.72058017386204e-305
238	CTT1	CTT1	0.2	2	40	662	Big-FISH	Fixed	TRUE	0.782883269783449	0.104442797760382	0.976420110375331	0	0.972583369448835	0.979725448281939	0.961487733445664	0
239	CTT1	CTT1	0.2	2	40	662	Big-FISH	Variable	FALSE	0.654022998724272	1.14623392556305	0.951414617500159	0	0.943625226706894	0.958150909673242	0.954457419283546	0
240	CTT1	CTT1	0.2	2	40	662	Big-FISH	Variable	TRUE	0.92118938906948	0.489875080862073	0.985024167820092	0	0.982575071051629	0.987131275131477	0.967921325389744	0
241	CTT1	CTT1	0.2	2	45	253	NeuertLab	Fixed	FALSE	0.855072289079174	0.15317715163671	0.984107425660563	2.00854344911876e-190	0.979681399256729	0.987575376085857	0.991944420227733	3.0171348045111e-227
242	CTT1	CTT1	0.2	2	45	253	NeuertLab	Fixed	TRUE	0.908992696251783	0.127958472907789	0.994684601169554	7.8150782224115e-250	0.993194176904533	0.995849313375442	0.991971756065198	1.97270583635196e-227
243	CTT1	CTT1	0.2	2	45	253	NeuertLab	Variable	FALSE	0.867309025555696	0.226111395537358	0.982539264256253	2.45156536182149e-185	0.977681422987355	0.986347051643992	0.981539876329621	2.48882338976749e-182
244	CTT1	CTT1	0.2	2	45	253	NeuertLab	Variable	TRUE	0.916717029297053	0.272851022672505	0.992452645711459	8.73713821582104e-231	0.990339417851722	0.994104979471933	0.976735635052523	7.46629209994878e-170
245	CTT1	CTT1	0.2	2	45	253	Big-FISH	Fixed	FALSE	0.674812183143503	0.131786359001344	0.965656233088451	6.32176911061837e-149	0.956205037577889	0.973095859619587	0.945156970452774	5.61709005223576e-124
246	CTT1	CTT1	0.2	2	45	253	Big-FISH	Fixed	TRUE	0.802878901263373	0.0841258509715906	0.984240335975295	7.05891994131448e-191	0.979850948733419	0.98767946387008	0.961361060026924	1.27725867813053e-142
247	CTT1	CTT1	0.2	2	45	253	Big-FISH	Variable	FALSE	0.729865540881225	0.375236412928538	0.965449733224502	1.324161474712e-148	0.955942983905832	0.972933476282193	0.957091233077361	5.03821679668966e-137
248	CTT1	CTT1	0.2	2	45	253	Big-FISH	Variable	TRUE	0.865633701365418	0.296164698700093	0.982685462657392	8.61225078310044e-186	0.977867841926378	0.986461585235548	0.948828517368228	1.1854877686823e-127
249	CTT1	CTT1	0.2	2	4	1018	NeuertLab	Fixed	FALSE	0.732215496019194	0.0798786853272151	0.965426726246322	0	0.960988369344279	0.969368018565198	0.954219761501883	0
250	CTT1	CTT1	0.2	2	4	1018	NeuertLab	Fixed	TRUE	0.798809653203867	0.0606205915219429	0.964706032090253	0	0.960177030411195	0.968728175063213	0.948103230513219	0
251	CTT1	CTT1	0.2	2	4	1018	NeuertLab	Variable	FALSE	0.722025253598075	0.117692751306186	0.962616537800193	0	0.957825163205874	0.966872787052251	0.949541244072962	0
252	CTT1	CTT1	0.2	2	4	1018	NeuertLab	Variable	TRUE	0.832272350144269	0.109040862270011	0.962606615766945	0	0.957813996817239	0.966863975607455	0.948366745225642	0
253	CTT1	CTT1	0.2	2	4	1018	Big-FISH	Fixed	FALSE	0.530879901772448	0.00633974025089239	0.914624173302828	0	0.903982630321056	0.924133315511652	0.793758837950341	1.29796591222773e-221
254	CTT1	CTT1	0.2	2	4	1018	Big-FISH	Fixed	TRUE	0.595486221535811	-0.0208112546146953	0.910280587417733	0	0.899126168805066	0.920253366939714	0.790281960626098	2.37365851802207e-218
255	CTT1	CTT1	0.2	2	4	1018	Big-FISH	Variable	FALSE	0.825467361095033	0.0665983491765659	0.976890188471123	0	0.973903918190594	0.979538271312437	0.960730570723756	0
256	CTT1	CTT1	0.2	2	4	1018	Big-FISH	Variable	TRUE	0.920133745076517	0.0299380692825192	0.975341871627625	0	0.972158344242367	0.978165411820204	0.945363384044747	0
257	CTT1	CTT1	0.2	2	50	118	NeuertLab	Fixed	FALSE	0.91110110014455	0.0985321799486477	0.99638463116297	4.54294372282481e-126	0.994793375996986	0.997490176749175	0.991062060045044	2.46205022763635e-103
258	CTT1	CTT1	0.2	2	50	118	NeuertLab	Fixed	TRUE	0.873204808547122	-0.187146784485432	0.974364954166143	5.3336718676099e-77	0.963260395498405	0.982143682843247	0.92340049846194	4.61211416696895e-50
259	CTT1	CTT1	0.2	2	50	118	NeuertLab	Variable	FALSE	0.930498626522597	0.221857084068113	0.995561115451598	6.5513298753064e-121	0.993608561519421	0.996918095600824	0.982871828528724	4.7258105025681e-87
260	CTT1	CTT1	0.2	2	50	118	NeuertLab	Variable	TRUE	0.930945307756834	0.109046164683858	0.983276428993284	1.19477161239523e-87	0.975985178812927	0.988366981880683	0.952942860461445	5.77577268501258e-62
261	CTT1	CTT1	0.2	2	50	118	Big-FISH	Fixed	FALSE	0.653665924580512	0.221304894921742	0.958819493675792	2.98201389115334e-65	0.941181582822477	0.971246658104366	0.932268496576663	4.74740797509367e-53
262	CTT1	CTT1	0.2	2	50	118	Big-FISH	Fixed	TRUE	0.735985398542518	-0.186869346265033	0.956498867004803	6.70808756305051e-64	0.937898526281365	0.969615471028472	0.883333936888192	5.62585508530792e-40
263	CTT1	CTT1	0.2	2	50	118	Big-FISH	Variable	FALSE	0.742211022189235	0.442832943260922	0.985002705340436	2.26005186836224e-90	0.978455912478002	0.989570553525736	0.966158449683428	4.18266531699895e-70
264	CTT1	CTT1	0.2	2	50	118	Big-FISH	Variable	TRUE	0.894744123309623	0.302382956156835	0.984604400551551	1.02209085496103e-89	0.977885672130322	0.989292909298634	0.940316425463877	3.90129441118464e-56
265	CTT1	CTT1	0.2	2	55	446	NeuertLab	Fixed	FALSE	0.732844611016873	0.686229872444932	0.979147314396847	1.81643566099266e-309	0.974932003057596	0.982660023188204	0.989304760852901	0
266	CTT1	CTT1	0.2	2	55	446	NeuertLab	Fixed	TRUE	0.792531582915945	0.566758964600498	0.988074350940081	0	0.985650530992976	0.990090797974492	0.978906461137084	2.26363775348159e-308
267	CTT1	CTT1	0.2	2	55	446	NeuertLab	Variable	FALSE	0.705738764196567	0.639883570627109	0.972762634653067	5.04901072139434e-284	0.967278017100617	0.977338550532747	0.979402000064383	1.22099075599191e-310
268	CTT1	CTT1	0.2	2	55	446	NeuertLab	Variable	TRUE	0.745794139412853	0.771310585057084	0.972457736841617	5.77703039930999e-283	0.966912753653016	0.977084280972372	0.963763797766295	6.15809030802827e-257
269	CTT1	CTT1	0.2	2	55	446	Big-FISH	Fixed	FALSE	0.457837223849619	0.847188378607477	0.95283799130577	4.61610149053142e-232	0.943456268855101	0.960694582306209	0.970269064940599	1.06665263663141e-275
270	CTT1	CTT1	0.2	2	55	446	Big-FISH	Fixed	TRUE	0.718396297233927	0.35733418330998	0.976308548321112	2.67593013937413e-297	0.97152764394336	0.980294696136559	0.968246312320787	1.88753882079213e-269
271	CTT1	CTT1	0.2	2	55	446	Big-FISH	Variable	FALSE	0.508034619415411	1.26064945717709	0.961764318331336	7.42223698874868e-252	0.95411654841472	0.968158143119227	0.963072766395856	3.7768787139028e-255
272	CTT1	CTT1	0.2	2	55	446	Big-FISH	Variable	TRUE	0.786019069321959	0.872346489190228	0.976720051087314	5.72826733085975e-299	0.972021011812904	0.980637640826888	0.950000159348971	1.44178507304965e-226
273	CTT1	CTT1	0.2	2	6	1132	NeuertLab	Fixed	FALSE	0.721585846563484	0.299336509085644	0.981189352751067	0	0.97888629469403	0.983243323173054	0.980942377922001	0
274	CTT1	CTT1	0.2	2	6	1132	NeuertLab	Fixed	TRUE	0.799220192383768	0.233543165190904	0.980789607420772	0	0.978438139697951	0.982886849765537	0.975677594302437	0
275	CTT1	CTT1	0.2	2	6	1132	NeuertLab	Variable	FALSE	0.716876817525098	0.38718884986459	0.980586566050935	0	0.978210518240214	0.982705781349847	0.978071557450674	0
276	CTT1	CTT1	0.2	2	6	1132	NeuertLab	Variable	TRUE	0.77138604186867	0.26978587385748	0.975231140415169	0	0.972208828969092	0.977928451479635	0.967272503438653	0
277	CTT1	CTT1	0.2	2	6	1132	Big-FISH	Fixed	FALSE	0.358018518963999	0.140875062983558	0.871454123951798	0	0.85668763315092	0.884793526387524	0.902674845228306	0
278	CTT1	CTT1	0.2	2	6	1132	Big-FISH	Fixed	TRUE	0.428612298672931	0.0585152122334849	0.87630198966402	0	0.862051339748711	0.88916811465722	0.901161338035524	0
279	CTT1	CTT1	0.2	2	6	1132	Big-FISH	Variable	FALSE	0.670094283569812	0.575522698136727	0.974031153042914	0	0.970864578199954	0.976857610813409	0.975880851273368	0
280	CTT1	CTT1	0.2	2	6	1132	Big-FISH	Variable	TRUE	0.826817679632429	0.339164535143739	0.978912433290524	0	0.976333933484449	0.981212667248977	0.976561464075972	0
281	CTT1	CTT1	0.2	2	8	366	NeuertLab	Fixed	FALSE	0.757234990331547	0.487551554270368	0.98521585584914	5.38812835304296e-281	0.981869222196405	0.98794851411356	0.988479029681149	1.40581804793284e-300
282	CTT1	CTT1	0.2	2	8	366	NeuertLab	Fixed	TRUE	0.804933525952614	0.364178978400846	0.989791753396413	4.34130731708817e-310	0.987474413752285	0.991682159841173	0.991844812880017	0
283	CTT1	CTT1	0.2	2	8	366	NeuertLab	Variable	FALSE	0.201705078562649	0.48113027651657	0.440310475230991	8.6682312069693e-19	0.353768168090239	0.519377783389708	0.690384888287791	4.01529207537487e-53
284	CTT1	CTT1	0.2	2	8	366	NeuertLab	Variable	TRUE	0.639737664648219	0.285965284999843	0.819467643671405	5.12707047494679e-90	0.782707920108846	0.850530057210207	0.830958120692686	1.00789963993484e-94
285	CTT1	CTT1	0.2	2	8	366	Big-FISH	Fixed	FALSE	0.311798363945147	0.213054984029028	0.879257473015869	2.75866492194861e-119	0.85369310345112	0.900594491334935	0.920087517781796	3.14292893933651e-150
286	CTT1	CTT1	0.2	2	8	366	Big-FISH	Fixed	TRUE	0.385880681956775	0.0972132686492396	0.897625377888935	1.4355501855918e-131	0.875692733365699	0.915861836326753	0.935141327428093	4.07323146841939e-166
287	CTT1	CTT1	0.2	2	8	366	Big-FISH	Variable	FALSE	0.782487789175707	0.633287921546042	0.976354607527705	3.16737660253781e-244	0.971031355205444	0.980709237496003	0.985241926031028	3.91706204941289e-281
288	CTT1	CTT1	0.2	2	8	366	Big-FISH	Variable	TRUE	0.855790934141861	0.40538332429634	0.985557496035094	7.88710015608101e-283	0.982287508239153	0.988227380995358	0.987555326044539	1.61287220406595e-294
289	CTT1	CTT1	0.4	1	0	918	NeuertLab	Fixed	FALSE	0.932797241682821	0.0320227659296109	0.990603166626212	0	0.989309968027238	0.991740573443696	0.975079008561845	0
290	CTT1	CTT1	0.4	1	0	918	NeuertLab	Fixed	TRUE	0.962937194706555	0.0128470863349334	0.989703697644974	0	0.988287441857834	0.990949482533598	0.976808672449151	0
291	CTT1	CTT1	0.4	1	0	918	NeuertLab	Variable	FALSE	0.942592738338844	0.0927740466737799	0.982309986396977	0	0.979887006487975	0.984443367318473	0.928250562745684	0
292	CTT1	CTT1	0.4	1	0	918	NeuertLab	Variable	TRUE	0.961134902976708	0.11268643358132	0.976629121594503	0	0.9734384664579	0.979440498144228	0.906521938368823	0
293	CTT1	CTT1	0.4	1	0	918	Big-FISH	Fixed	FALSE	0.725164569622418	0.0380440609593713	0.938825994559592	0	0.930655413832796	0.946060766494774	0.898462983782553	0
294	CTT1	CTT1	0.4	1	0	918	Big-FISH	Fixed	TRUE	0.758844168485392	0.0306926041087078	0.951916619712843	0	0.945445264361425	0.957637050004458	0.901807881339352	0
295	CTT1	CTT1	0.4	1	0	918	Big-FISH	Variable	FALSE	0.691682726245994	0.147653891709433	0.917849236151865	0	0.907011311789393	0.927472030876146	0.918882060678499	0
296	CTT1	CTT1	0.4	1	0	918	Big-FISH	Variable	TRUE	0.793581303270465	0.0846248895561668	0.963496760983828	0	0.9585508363824	0.967862196884598	0.924511284473942	0
297	CTT1	CTT1	0.4	1	10	1480	NeuertLab	Fixed	FALSE	0.499783141277917	2.3867643558119	0.896839298175126	0	0.886391121580341	0.906374286222016	0.899842991039743	0
298	CTT1	CTT1	0.4	1	10	1480	NeuertLab	Fixed	TRUE	0.704810417073473	1.58996303089983	0.975006444209783	0	0.972359720278471	0.977402631984769	0.974858865189396	0
299	CTT1	CTT1	0.4	1	10	1480	NeuertLab	Variable	FALSE	0.406794874439338	1.89330587115917	0.778751916794731	1.33865794950858e-301	0.757870456974425	0.798039438312867	0.775082384617621	5.56305485282517e-297
300	CTT1	CTT1	0.4	1	10	1480	NeuertLab	Variable	TRUE	0.46344975271239	2.5505706778208	0.737574204234585	2.58786613559038e-254	0.713432496124658	0.759967022029173	0.727535003701949	4.05490526568287e-244
301	CTT1	CTT1	0.4	1	10	1480	Big-FISH	Fixed	FALSE	0.121231972257242	0.107448029046484	0.726552174952728	3.81539744227345e-243	0.701570650771624	0.749750048732887	0.701228062963428	1.90764343687846e-219
302	CTT1	CTT1	0.4	1	10	1480	Big-FISH	Fixed	TRUE	0.24823983304185	-0.0363980569315998	0.778281259842738	5.29676964277867e-301	0.757361438688363	0.79760514276116	0.752363337894946	3.2201196410961e-270
303	CTT1	CTT1	0.4	1	10	1480	Big-FISH	Variable	FALSE	0.67684108366601	0.27786999398777	0.979780594453057	0	0.97763370979733	0.981723309456445	0.918260095090162	0
304	CTT1	CTT1	0.4	1	10	1480	Big-FISH	Variable	TRUE	0.413529287800951	13.957950061876	0.336824487317468	1.37970415551665e-40	0.290862076875107	0.381235841359316	0.303678001520442	6.01629003221202e-33
305	CTT1	CTT1	0.4	1	15	3127	NeuertLab	Fixed	FALSE	0.399231215365905	1.80778973103682	0.868056380757537	0	0.859145665119084	0.876440851615785	0.862301180581201	0
306	CTT1	CTT1	0.4	1	15	3127	NeuertLab	Fixed	TRUE	0.559044405971753	4.03812771681925	0.92543041267317	0	0.920228949523029	0.930305024843708	0.923788121451412	0
307	CTT1	CTT1	0.4	1	15	3127	NeuertLab	Variable	FALSE	0.367544750433839	0.721110557616486	0.848150465941594	0	0.838011992266914	0.857703520440311	0.836817869389259	0
308	CTT1	CTT1	0.4	1	15	3127	NeuertLab	Variable	TRUE	0.34010258549821	4.76081284671474	0.64868167048618	0	0.627906667989801	0.668532925929514	0.62443530694772	0
309	CTT1	CTT1	0.4	1	15	3127	Big-FISH	Fixed	FALSE	0.161166949433068	-0.26355899716979	0.631506994515808	0	0.60995665062957	0.652123937026263	0.63069318100706	0
310	CTT1	CTT1	0.4	1	15	3127	Big-FISH	Fixed	TRUE	0.260428772950727	-0.0380817988095977	0.700066851586556	0	0.68174391390346	0.717512079762097	0.673115572909667	0
311	CTT1	CTT1	0.4	1	15	3127	Big-FISH	Variable	FALSE	0.390089959481373	8.52614512245244	0.702633818162328	0	0.684438588895515	0.719954336352957	0.630921308002445	0
312	CTT1	CTT1	0.4	1	15	3127	Big-FISH	Variable	TRUE	0.52265156324222	11.7334447667118	0.672544410581912	0	0.652883419571695	0.691299769743663	0.570447573843064	1.87232931696054e-269
313	CTT1	CTT1	0.4	1	1	2738	NeuertLab	Fixed	FALSE	0.84531737831062	0.0627351854275027	0.970791793485619	0	0.968554105349174	0.972872442169807	0.974506285209156	0
314	CTT1	CTT1	0.4	1	1	2738	NeuertLab	Fixed	TRUE	0.888805223680806	0.045614890586474	0.965031342305413	0	0.962360765166666	0.967515573434615	0.954358450581958	0
315	CTT1	CTT1	0.4	1	1	2738	NeuertLab	Variable	FALSE	0.880402095900914	0.0866461098080497	0.968366760968546	0	0.965946497361395	0.970617581537606	0.952037282836326	0
316	CTT1	CTT1	0.4	1	1	2738	NeuertLab	Variable	TRUE	0.941144873405487	0.0918824980877318	0.954060733333802	0	0.950573398335844	0.957307401896344	0.914133155544262	0
317	CTT1	CTT1	0.4	1	1	2738	Big-FISH	Fixed	FALSE	0.682103287007912	0.0262760998993255	0.92452202427496	0	0.91888543223611	0.929781266691341	0.876207167223559	0
318	CTT1	CTT1	0.4	1	1	2738	Big-FISH	Fixed	TRUE	0.748507357821452	-0.00762154061828037	0.931274341870917	0	0.926122646696097	0.936078715527997	0.860480525426007	0
319	CTT1	CTT1	0.4	1	1	2738	Big-FISH	Variable	FALSE	0.735707249766444	0.10772392938706	0.94009026042772	0	0.935577364904305	0.944296119341824	0.925947064619177	0
320	CTT1	CTT1	0.4	1	1	2738	Big-FISH	Variable	TRUE	0.865954796393738	0.0904059987563811	0.937334596307509	0	0.932621330602221	0.94172810122389	0.878782355286711	0
321	CTT1	CTT1	0.4	1	20	1821	NeuertLab	Fixed	FALSE	0.298065565162421	0.116505514231827	0.707952919720128	4.87453629599581e-277	0.684270168384065	0.730143861135505	0.658293609437404	1.23821598561302e-226
322	CTT1	CTT1	0.4	1	20	1821	NeuertLab	Fixed	TRUE	0.524688674741495	1.59575656196835	0.948829300779494	0	0.944039758363227	0.95321877885808	0.947693810445509	0
323	CTT1	CTT1	0.4	1	20	1821	NeuertLab	Variable	FALSE	0.212768572570189	0.260320956348378	0.694045366509635	6.96167474066794e-262	0.669453087130475	0.717118035010263	0.663356812686305	2.49525508286857e-231
324	CTT1	CTT1	0.4	1	20	1821	NeuertLab	Variable	TRUE	0.432955718181973	1.01277290652056	0.831462922778549	0	0.816721097908924	0.845120093503311	0.824682044755993	0
325	CTT1	CTT1	0.4	1	20	1821	Big-FISH	Fixed	FALSE	0.0546440673626278	1.3601704554513	0.364894403510657	1.858782834755e-58	0.324396594783207	0.40405698542019	0.378271884930012	4.98302795949007e-63
326	CTT1	CTT1	0.4	1	20	1821	Big-FISH	Fixed	TRUE	0.253420793794162	-0.290713436339611	0.796380895815785	0	0.778940852441051	0.812589989846794	0.761081163132227	0
327	CTT1	CTT1	0.4	1	20	1821	Big-FISH	Variable	FALSE	0.0957609116344402	3.05155416478561	0.287336600644688	5.94777357167077e-36	0.244630261859611	0.328930275506852	0.463536689530925	1.13829002049016e-97
328	CTT1	CTT1	0.4	1	20	1821	Big-FISH	Variable	TRUE	0.466532774911142	16.3877442439348	0.563747804468048	2.85999110806989e-153	0.531578300824362	0.594293250782278	0.464190776877729	5.62658345438205e-98
329	CTT1	CTT1	0.4	1	25	1611	NeuertLab	Fixed	FALSE	0.18162773341979	0.261685693219707	0.61895234670082	5.40941147643309e-171	0.587885057191263	0.648196511254115	0.640490674609826	1.0160465124542e-186
330	CTT1	CTT1	0.4	1	25	1611	NeuertLab	Fixed	TRUE	0.457920771677097	2.12799233170649	0.961261290591069	0	0.957367947900843	0.964805469554629	0.959964398981072	0
331	CTT1	CTT1	0.4	1	25	1611	NeuertLab	Variable	FALSE	0.156379515319885	-0.697133016005665	0.618120220207362	2.07139974630392e-170	0.587002393592103	0.647414339268948	0.658134623198096	1.41413264901564e-200
332	CTT1	CTT1	0.4	1	25	1611	NeuertLab	Variable	TRUE	0.374823999302711	1.04323632389133	0.898250971130899	0	0.888385316700585	0.90728741077294	0.901352970410091	0
333	CTT1	CTT1	0.4	1	25	1611	Big-FISH	Fixed	FALSE	0.0754924307240144	0.153952904888136	0.448418222011168	1.62265607334526e-80	0.408526753674182	0.486599894236706	0.500943123623674	4.41309222661561e-103
334	CTT1	CTT1	0.4	1	25	1611	Big-FISH	Fixed	TRUE	0.343756209516495	-1.13815313364116	0.835897341866238	0	0.820557354826201	0.850033983837054	0.83290042873668	0
335	CTT1	CTT1	0.4	1	25	1611	Big-FISH	Variable	FALSE	0.177961223377523	0.048980788711459	0.583138526008308	2.1312836493696e-147	0.54996297870209	0.614476758218144	0.610630374462718	3.0678800283989e-165
336	CTT1	CTT1	0.4	1	25	1611	Big-FISH	Variable	TRUE	0.565665214812777	4.57906154233822	0.89786378839923	0	0.887962808217346	0.906932928276702	0.89383279820881	0
337	CTT1	CTT1	0.4	1	2	1074	NeuertLab	Fixed	FALSE	0.922494759536726	0.0238674361271747	0.990132777426785	0	0.988884166303165	0.991241753104275	0.977053833524361	0
338	CTT1	CTT1	0.4	1	2	1074	NeuertLab	Fixed	TRUE	0.931512310469943	0.0254422657963402	0.992000446568738	0	0.990987102394819	0.992900264025947	0.979861856123017	0
339	CTT1	CTT1	0.4	1	2	1074	NeuertLab	Variable	FALSE	0.929678906140703	0.0839282494615245	0.97985590686322	0	0.977321666343107	0.982109515371026	0.929916514934619	0
340	CTT1	CTT1	0.4	1	2	1074	NeuertLab	Variable	TRUE	0.929231223932885	0.0552955014523142	0.987471537605558	0	0.985888557590657	0.988877938100031	0.959639574933097	0
341	CTT1	CTT1	0.4	1	2	1074	Big-FISH	Fixed	FALSE	0.72035271979111	0.0242554743165621	0.955123638180561	0	0.949557212560066	0.960088376933492	0.889774801920177	0
342	CTT1	CTT1	0.4	1	2	1074	Big-FISH	Fixed	TRUE	0.748918871727055	0.0139214639191262	0.961198059025527	0	0.956368284582368	0.965502633113064	0.884712636531478	0
343	CTT1	CTT1	0.4	1	2	1074	Big-FISH	Variable	FALSE	0.791553376284883	0.0469923873831952	0.970654045461738	0	0.966981465225717	0.973923547969254	0.917845727095982	0
344	CTT1	CTT1	0.4	1	2	1074	Big-FISH	Variable	TRUE	0.84552659812213	0.00140941912288146	0.970665128273711	0	0.966993911796293	0.973933412351488	0.904615470057394	0
345	CTT1	CTT1	0.4	1	30	458	NeuertLab	Fixed	FALSE	0.485710435675334	3.83740443824735	0.886768723434707	6.19938122030071e-155	0.865462270950384	0.904872984808575	0.907742690062614	3.91514567466356e-174
346	CTT1	CTT1	0.4	1	30	458	NeuertLab	Fixed	TRUE	0.681071000868997	2.81807044348456	0.975902197311609	1.28275694358202e-303	0.971110969826027	0.979906902944772	0.977413118128016	5.90933635222686e-310
347	CTT1	CTT1	0.4	1	30	458	NeuertLab	Variable	FALSE	0.508150787665669	2.46166536894472	0.888866330089581	1.12155463216714e-156	0.867926950174328	0.906651803491088	0.906553000170771	6.31348222593078e-173
348	CTT1	CTT1	0.4	1	30	458	NeuertLab	Variable	TRUE	0.53700200216659	2.43497677992796	0.905938082252879	2.61860949760877e-172	0.888024610939509	0.921105562683173	0.916779749848718	7.05431849591639e-184
349	CTT1	CTT1	0.4	1	30	458	Big-FISH	Fixed	FALSE	0.289268978513091	1.74204540043943	0.793846764820814	1.48027136434989e-100	0.757304501019912	0.8254334864129	0.819718417280816	1.97678359924926e-112
350	CTT1	CTT1	0.4	1	30	458	Big-FISH	Fixed	TRUE	0.524980462224312	0.74490018484656	0.956739293045975	1.23083022999559e-246	0.948237826386487	0.963870364919332	0.957862313777621	3.48398971756939e-249
351	CTT1	CTT1	0.4	1	30	458	Big-FISH	Variable	FALSE	0.575471318460524	3.71732471182783	0.896335757425793	3.52856145223844e-163	0.876711878569735	0.912980918482731	0.909850737193413	2.5840364162501e-176
352	CTT1	CTT1	0.4	1	30	458	Big-FISH	Variable	TRUE	0.802420747031704	2.74372130209218	0.958415198948971	1.82795205482728e-250	0.950234700246969	0.965274917926664	0.96250452029057	1.64727350473809e-260
353	CTT1	CTT1	0.4	1	35	683	NeuertLab	Fixed	FALSE	0.417895457239954	4.22199905557264	0.902453427882395	2.90239378296959e-251	0.887520388387126	0.915492685990027	0.901195617666043	1.82039937883713e-249
354	CTT1	CTT1	0.4	1	35	683	NeuertLab	Fixed	TRUE	0.526401847588458	4.45482269080503	0.96553803935604	0	0.960059638358872	0.97027639340147	0.96670885708907	0
355	CTT1	CTT1	0.4	1	35	683	NeuertLab	Variable	FALSE	0.344171207477495	2.6260521635677	0.865885459644527	4.89105643954563e-207	0.845808083341521	0.883513538449638	0.876629765938794	1.53020755137433e-218
356	CTT1	CTT1	0.4	1	35	683	NeuertLab	Variable	TRUE	0.398847381577159	1.41812429644099	0.866313335851938	1.7805610776696e-207	0.846294737402206	0.883888674154059	0.866550916074431	1.01444609115284e-207
357	CTT1	CTT1	0.4	1	35	683	Big-FISH	Fixed	FALSE	0.252584497560444	0.222483814939649	0.741240915110638	5.22546413358661e-120	0.705449487833874	0.773261462661664	0.75355881566818	3.47421270708919e-126
358	CTT1	CTT1	0.4	1	35	683	Big-FISH	Fixed	TRUE	0.43113882344263	-0.0660071836264484	0.89834559082149	1.75740536285358e-245	0.882822430817231	0.911908526501794	0.89740118238358	3.46126900267104e-244
359	CTT1	CTT1	0.4	1	35	683	Big-FISH	Variable	FALSE	0.403608728163223	3.81920755424677	0.851393618953173	5.21097275432044e-193	0.829345188935486	0.870794611104069	0.859883025812564	4.90344858419083e-201
360	CTT1	CTT1	0.4	1	35	683	Big-FISH	Variable	TRUE	0.641427009638458	2.7302661581536	0.964967400157211	0	0.959400158705013	0.969783008152505	0.965247592457712	0
361	CTT1	CTT1	0.4	1	40	526	NeuertLab	Fixed	FALSE	0.509921001864358	3.95097976432227	0.946612475691553	8.83592150876541e-260	0.93694515070997	0.954832206438218	0.953864584882832	5.67373295143093e-276
362	CTT1	CTT1	0.4	1	40	526	NeuertLab	Fixed	TRUE	0.611798245282143	3.06330749921377	0.975741201631306	0	0.971270612626202	0.979523347172895	0.979659299408158	0
363	CTT1	CTT1	0.4	1	40	526	NeuertLab	Variable	FALSE	0.45200480802585	3.11538056958938	0.907325795306228	2.5042021194242e-199	0.890943055581293	0.921349851482191	0.921568692368359	1.78435005363348e-217
364	CTT1	CTT1	0.4	1	40	526	NeuertLab	Variable	TRUE	0.589603293804146	2.97662928598599	0.975242067361497	0	0.970680859242443	0.979101208880603	0.978953401432738	0
365	CTT1	CTT1	0.4	1	40	526	Big-FISH	Fixed	FALSE	0.311940240289863	1.05301801996676	0.885103550339649	3.4119456697259e-176	0.865070317772729	0.902318196287159	0.884417710180789	1.47611317054041e-175
366	CTT1	CTT1	0.4	1	40	526	Big-FISH	Fixed	TRUE	0.5156040031398	0.23585751741264	0.953117111299344	3.46267326584315e-274	0.94459411024136	0.960355761331641	0.951560601443032	1.46456961800636e-270
367	CTT1	CTT1	0.4	1	40	526	Big-FISH	Variable	FALSE	0.487148033820251	3.19013253639571	0.929071804594184	1.77713639650665e-228	0.916364709257683	0.939908791422945	0.926626054862628	9.20287329230777e-225
368	CTT1	CTT1	0.4	1	40	526	Big-FISH	Variable	TRUE	0.667908196471844	2.83196275649657	0.967595180817372	2.22433245995754e-315	0.961652520640304	0.972629763851817	0.969527406406968	2.96439387504748e-322
369	CTT1	CTT1	0.4	1	45	401	NeuertLab	Fixed	FALSE	0.620859836438504	2.40643267738026	0.965028443967683	4.11887976328415e-234	0.95759637135174	0.971177078464472	0.982995310852865	8.36997139972997e-296
370	CTT1	CTT1	0.4	1	45	401	NeuertLab	Fixed	TRUE	0.665646794542938	2.3494413481652	0.972002649872187	4.439388087725e-253	0.966027094654209	0.976939482277297	0.985235868950205	5.9992857322247e-308
371	CTT1	CTT1	0.4	1	45	401	NeuertLab	Variable	FALSE	0.596216790823035	2.33176283080194	0.955237392927977	3.74009268131215e-213	0.945781960784465	0.963075124277305	0.976835871624761	2.74302591654921e-269
372	CTT1	CTT1	0.4	1	45	401	NeuertLab	Variable	TRUE	0.616837004067632	2.2628353643844	0.957230753032006	5.16899493727498e-217	0.948185229935594	0.964725752771933	0.972390980090515	2.84482641854725e-254
373	CTT1	CTT1	0.4	1	45	401	Big-FISH	Fixed	FALSE	0.501488109448791	0.805864567750382	0.926360966878137	2.67577132771659e-171	0.911083212909902	0.939097339859911	0.94101461143714	7.12374641273872e-190
374	CTT1	CTT1	0.4	1	45	401	Big-FISH	Fixed	TRUE	0.642768828127628	0.376953491818042	0.963757891353558	4.47981571802693e-231	0.956061841441135	0.970126516023378	0.969355214668272	2.29306759245686e-245
375	CTT1	CTT1	0.4	1	45	401	Big-FISH	Variable	FALSE	0.662923665578692	2.07488589037104	0.950996795933666	1.69376905580443e-205	0.940672780893458	0.959561680141766	0.958222724810751	5.29245166774569e-219
376	CTT1	CTT1	0.4	1	45	401	Big-FISH	Variable	TRUE	0.780749256904464	1.74622727304974	0.975466884622468	2.2578424269838e-264	0.970219545154731	0.97979911864302	0.976475782296599	5.74250427064908e-268
377	CTT1	CTT1	0.4	1	4	548	NeuertLab	Fixed	FALSE	0.858647654910159	0.030634354424703	0.967070081523674	0	0.961166351786776	0.972089063349661	0.954289512222011	1.50551714838226e-288
378	CTT1	CTT1	0.4	1	4	548	NeuertLab	Fixed	TRUE	0.937728356876745	0.00773409491798854	0.974894957046817	0	0.970372954677011	0.978734211301592	0.960715342502731	4.00429939578849e-306
379	CTT1	CTT1	0.4	1	4	548	NeuertLab	Variable	FALSE	0.821851191441089	0.115983141514014	0.932391637832802	1.80932524023309e-243	0.920521901865791	0.942541711894743	0.921363008223427	3.16291529489568e-226
380	CTT1	CTT1	0.4	1	4	548	NeuertLab	Variable	TRUE	0.875036107067598	0.0905330470380791	0.94187782954887	8.10862210367345e-261	0.931614608470315	0.950640115420094	0.933650537665024	1.27540205316746e-245
381	CTT1	CTT1	0.4	1	4	548	Big-FISH	Fixed	FALSE	0.629402666305983	-0.00940908010044126	0.894455177508393	5.40623211723746e-193	0.876351264373772	0.910035513496273	0.821428062136003	2.85550746440234e-135
382	CTT1	CTT1	0.4	1	4	548	Big-FISH	Fixed	TRUE	0.71412809803866	-0.0314610146698129	0.907579237435735	6.33758157901972e-208	0.891597658126903	0.921302702596677	0.84045563655202	2.08719418633491e-147
383	CTT1	CTT1	0.4	1	4	548	Big-FISH	Variable	FALSE	0.625507688062044	0.0823999472064503	0.900523400035169	1.22650524991134e-199	0.883396292549362	0.915248030361703	0.916095314565918	7.3208171585842e-219
384	CTT1	CTT1	0.4	1	4	548	Big-FISH	Variable	TRUE	0.784418330178937	0.00786601510498246	0.934790472731227	1.31916487523553e-247	0.923325179980973	0.94459073519949	0.919413044980835	1.92641453974538e-223
385	CTT1	CTT1	0.4	1	50	325	NeuertLab	Fixed	FALSE	0.665884509037385	0.818846459497963	0.963532884823423	5.44222573645034e-187	0.954830676099859	0.970583776428099	0.978417528000249	2.9451641754785e-223
386	CTT1	CTT1	0.4	1	50	325	NeuertLab	Fixed	TRUE	0.763040126887067	0.315104407920105	0.97950337478985	7.69972418452424e-227	0.974562859300705	0.983492343363304	0.983787793528162	3.88183622237311e-243
387	CTT1	CTT1	0.4	1	50	325	NeuertLab	Variable	FALSE	0.749843425345858	0.906506959430236	0.97625414205625	1.24001047611579e-216	0.970542085203215	0.980869351604401	0.986421763320204	1.76055467408388e-255
388	CTT1	CTT1	0.4	1	50	325	NeuertLab	Variable	TRUE	0.802832281580856	0.841299850170123	0.985448833963086	1.16279434643185e-250	0.981928331248218	0.988287568096759	0.991011675953529	2.95415191468904e-284
389	CTT1	CTT1	0.4	1	50	325	Big-FISH	Fixed	FALSE	0.350792107950628	0.331471102056477	0.879314380738353	4.37263733271783e-106	0.85202948112466	0.901834777338051	0.85748143794591	3.12491568734673e-95
390	CTT1	CTT1	0.4	1	50	325	Big-FISH	Fixed	TRUE	0.555795173411756	-0.263736530472303	0.928997531203838	1.73981633525154e-141	0.912421672057372	0.942530372668584	0.887447035120548	1.11281297149058e-110
391	CTT1	CTT1	0.4	1	50	325	Big-FISH	Variable	FALSE	0.577207086797979	2.00943882460161	0.947891163953112	1.6442848126956e-162	0.935578807722909	0.957901529680561	0.966332417392336	1.70649296546703e-192
392	CTT1	CTT1	0.4	1	50	325	Big-FISH	Variable	TRUE	0.857042990609708	0.899689743178445	0.982231656298516	9.18668073588873e-237	0.977941438729653	0.985693495456708	0.984461354295398	4.32787634509917e-246
393	CTT1	CTT1	0.4	1	55	419	NeuertLab	Fixed	FALSE	0.773821925197981	0.950576376460646	0.983689376362774	8.3577974485865e-313	0.980267237899586	0.986522072508245	0.991505695269395	0
394	CTT1	CTT1	0.4	1	55	419	NeuertLab	Fixed	TRUE	0.814454026467036	0.763532579204963	0.989662580157336	0	0.987485775827302	0.99146236374958	0.99436944046387	0
395	CTT1	CTT1	0.4	1	55	419	NeuertLab	Variable	FALSE	0.678041516872063	0.817362629853099	0.957608435620184	1.6708176446776e-227	0.948855328306437	0.964890488428813	0.976828501224706	2.53637836053709e-281
396	CTT1	CTT1	0.4	1	55	419	NeuertLab	Variable	TRUE	0.755275577617133	0.678761398639826	0.972384757213585	1.22746407984874e-265	0.96663069058281	0.97715814044388	0.985732341607215	0
397	CTT1	CTT1	0.4	1	55	419	Big-FISH	Fixed	FALSE	0.4626463324946	0.357801135811797	0.901148838941514	1.84135006124033e-153	0.881443847780261	0.91772192702996	0.883769226943621	1.28148222599479e-139
398	CTT1	CTT1	0.4	1	55	419	Big-FISH	Fixed	TRUE	0.566935981553119	0.13670096218512	0.901411753817147	1.08736124742045e-153	0.881755912444294	0.917942664947915	0.895135493203863	2.13062811919572e-148
399	CTT1	CTT1	0.4	1	55	419	Big-FISH	Variable	FALSE	0.695027256989737	1.7623195072718	0.966516537179081	1.85956275175897e-248	0.959564802243822	0.972290010602619	0.972819161242903	4.71002581799032e-267
400	CTT1	CTT1	0.4	1	55	419	Big-FISH	Variable	TRUE	0.873254463504208	0.994489556436886	0.984512512564829	1.86300989163138e-317	0.981261445234569	0.987203175334804	0.98688507770743	0
401	CTT1	CTT1	0.4	1	6	688	NeuertLab	Fixed	FALSE	0.845442424354232	0.114710905040606	0.98181014205317	0	0.978902204829249	0.984320450134581	0.980372454926068	0
402	CTT1	CTT1	0.4	1	6	688	NeuertLab	Fixed	TRUE	0.884257459025411	0.0762492686863809	0.989076534350581	0	0.987322814359977	0.990588799388897	0.984660792633868	0
403	CTT1	CTT1	0.4	1	6	688	NeuertLab	Variable	FALSE	0.806692987897116	0.176615640502467	0.974351800104976	0	0.970269415734227	0.977879914991273	0.975956181827759	0
404	CTT1	CTT1	0.4	1	6	688	NeuertLab	Variable	TRUE	0.890145951400495	0.180793429076396	0.98659280161521	0	0.984443446628507	0.988446922078014	0.981557996837991	0
405	CTT1	CTT1	0.4	1	6	688	Big-FISH	Fixed	FALSE	0.26641042525777	0.141483839700331	0.815945275560782	2.09265927671317e-165	0.789339790795519	0.839492015391772	0.819642321684437	3.97260832195858e-168
406	CTT1	CTT1	0.4	1	6	688	Big-FISH	Fixed	TRUE	0.312074213339469	0.131908653157282	0.839521796283703	6.46880749753856e-184	0.815978988289806	0.860284375455025	0.842384339041684	2.29010080501262e-186
407	CTT1	CTT1	0.4	1	6	688	Big-FISH	Variable	FALSE	0.880441490673657	0.269247180452132	0.983231573755778	0	0.980548644596613	0.985547146437571	0.97446225734611	0
408	CTT1	CTT1	0.4	1	6	688	Big-FISH	Variable	TRUE	0.937946784164072	0.245607638470725	0.983205084599634	0	0.980517958839364	0.98552428850235	0.974156998254775	0
409	CTT1	CTT1	0.4	1	8	424	NeuertLab	Fixed	FALSE	0.749000091725008	0.966835817102403	0.972812583215274	3.27857955519181e-270	0.967183144860118	0.977487393027259	0.988426359868074	0
410	CTT1	CTT1	0.4	1	8	424	NeuertLab	Fixed	TRUE	0.783081150972581	0.653851187303603	0.982051422446389	7.73463372937665e-308	0.978313953626162	0.98514959465419	0.990804903527866	0
411	CTT1	CTT1	0.4	1	8	424	NeuertLab	Variable	FALSE	0.718818288730906	1.05101866347379	0.964776833913345	7.4886798848832e-247	0.957519338335775	0.970812928987913	0.983724810787974	9.92419386235878e-317
412	CTT1	CTT1	0.4	1	8	424	NeuertLab	Variable	TRUE	0.76982951928558	0.651458909725757	0.977985591584424	2.58766264627564e-289	0.973412843275706	0.981779130542739	0.986792200408622	0
413	CTT1	CTT1	0.4	1	8	424	Big-FISH	Fixed	FALSE	0.218462678686846	0.0683623058793153	0.819159117763526	6.27276207166275e-104	0.785178551988387	0.848221615790424	0.854282673790346	5.53390661462021e-122
414	CTT1	CTT1	0.4	1	8	424	Big-FISH	Fixed	TRUE	0.291299321756179	0.0297458086103406	0.841533181973329	6.35928403760997e-115	0.811320726573339	0.867262362813088	0.870325527237843	6.85242911078912e-132
415	CTT1	CTT1	0.4	1	8	424	Big-FISH	Variable	FALSE	0.68962530045775	1.04545441723313	0.979437006621751	1.69636394171753e-295	0.975161954879324	0.982982588467566	0.981473844163204	5.81233167817863e-305
416	CTT1	CTT1	0.4	1	8	424	Big-FISH	Variable	TRUE	0.884123283273057	0.646131864806018	0.985816501392982	0	0.982856261332886	0.988268615671184	0.983794946769087	4.01935050972388e-317
417	CTT1	CTT1	0.4	2	0	396	NeuertLab	Fixed	FALSE	0.87993353314653	0.0446865797423723	0.975709781687912	6.33855674036225e-262	0.970477400007793	0.98002421324097	0.940374289880018	1.27154058037105e-186
418	CTT1	CTT1	0.4	2	0	396	NeuertLab	Fixed	TRUE	0.900852023168177	0.039637289047489	0.97786622781399	8.71565031079267e-270	0.97309204197019	0.981801159326902	0.940201823505079	2.20758149148545e-186
419	CTT1	CTT1	0.4	2	0	396	NeuertLab	Variable	FALSE	0.906418168817961	0.100590825273782	0.969245412276511	5.16099073236482e-242	0.96264686073058	0.974693338715335	0.912293486588015	7.7104626863107e-155
420	CTT1	CTT1	0.4	2	0	396	NeuertLab	Variable	TRUE	0.926758363752669	0.113310503142295	0.964369452789134	1.24047006958315e-229	0.95674771737603	0.970668250720431	0.893173216261225	8.11320695388031e-139
421	CTT1	CTT1	0.4	2	0	396	Big-FISH	Fixed	FALSE	0.76158883087662	-0.0423938231363138	0.958726516196428	2.68025811768878e-217	0.949928467768973	0.966005613854809	0.801720921237217	4.29808777062586e-90
422	CTT1	CTT1	0.4	2	0	396	Big-FISH	Fixed	TRUE	0.763858039826538	-0.0335477543485159	0.960685711392732	2.24931028024782e-221	0.95229512272923	0.967624991457929	0.820533548799401	9.61913200374928e-98
423	CTT1	CTT1	0.4	2	0	396	Big-FISH	Variable	FALSE	0.813381831661384	-0.0352925731143247	0.929223209807203	1.92517972570635e-172	0.914410907631959	0.941550317137951	0.799736204168916	2.46705728441718e-89
424	CTT1	CTT1	0.4	2	0	396	Big-FISH	Variable	TRUE	0.835087366462816	-0.0388974598495332	0.940400573715629	1.1688384316559e-186	0.927839996273925	0.950830549285584	0.82978413118775	7.66015229998894e-102
425	CTT1	CTT1	0.4	2	10	644	NeuertLab	Fixed	FALSE	0.709924875730937	1.17228549087974	0.977097937833114	0	0.973313999960873	0.980350675371898	0.981758815887726	0
426	CTT1	CTT1	0.4	2	10	644	NeuertLab	Fixed	TRUE	0.800078329706292	0.843892431380997	0.986695421757883	0	0.984484761055637	0.988592911035803	0.989787108310394	0
427	CTT1	CTT1	0.4	2	10	644	NeuertLab	Variable	FALSE	0.676067354010928	1.13219660065237	0.968653314518182	0	0.963499892375897	0.973089101232444	0.975726635575082	0
428	CTT1	CTT1	0.4	2	10	644	NeuertLab	Variable	TRUE	0.692551176040211	0.472760935004748	0.934845256658273	6.56578873007954e-291	0.924347349796747	0.943928872106649	0.935884829979057	4.46094211158616e-293
429	CTT1	CTT1	0.4	2	10	644	Big-FISH	Fixed	FALSE	0.444980179680802	0.648607595860962	0.912049165756023	1.00017024718161e-250	0.898071784627008	0.924186391619158	0.916864279151534	3.15674594739057e-258
430	CTT1	CTT1	0.4	2	10	644	Big-FISH	Fixed	TRUE	0.608095896426721	0.165208490191125	0.952301560897613	0	0.944535634246168	0.959003054575227	0.949258554318611	0
431	CTT1	CTT1	0.4	2	10	644	Big-FISH	Variable	FALSE	0.770283575174435	1.45609518077667	0.972769174572994	0	0.968281501327726	0.976629450953894	0.97703332210186	0
432	CTT1	CTT1	0.4	2	10	644	Big-FISH	Variable	TRUE	0.850876557191395	1.3490347840155	0.97926349527909	0	0.975832982853309	0.98221143000319	0.980495881207758	0
433	CTT1	CTT1	0.4	2	15	363	NeuertLab	Fixed	FALSE	0.581487752945399	3.39468251717564	0.951779460849665	2.45675320782587e-187	0.94103962454415	0.960602705828243	0.956913485341758	5.87756927489879e-196
434	CTT1	CTT1	0.4	2	15	363	NeuertLab	Fixed	TRUE	0.676249905777174	2.97842686909454	0.973254768630312	1.07924722580477e-232	0.967217646389233	0.978192433085892	0.97592378170096	7.88156071604797e-241
435	CTT1	CTT1	0.4	2	15	363	NeuertLab	Variable	FALSE	0.5389412377684	3.69011182381716	0.905613639386057	1.52436722231606e-136	0.885196399042777	0.922548956233475	0.907346368351007	6.32505881378395e-138
436	CTT1	CTT1	0.4	2	15	363	NeuertLab	Variable	TRUE	0.559085669560991	2.93225154762068	0.886103588533232	1.30231818002566e-122	0.861772150933686	0.906367503075266	0.902979749927303	1.71184984064509e-134
437	CTT1	CTT1	0.4	2	15	363	Big-FISH	Fixed	FALSE	0.398734176855336	1.22373331547267	0.859443888968437	3.15332009866246e-107	0.829930737724273	0.884159657032191	0.854532949374352	9.68432416006187e-105
438	CTT1	CTT1	0.4	2	15	363	Big-FISH	Fixed	TRUE	0.577989865697955	0.404698902911035	0.924013600423738	8.49954274512748e-153	0.907383112199916	0.937755332787378	0.918263096846886	2.60677031917304e-147
439	CTT1	CTT1	0.4	2	15	363	Big-FISH	Variable	FALSE	0.685751669212509	2.93983306932687	0.944074728654938	5.05456627299053e-176	0.931678937708906	0.954274733903826	0.952160101092121	6.08455477777413e-188
440	CTT1	CTT1	0.4	2	15	363	Big-FISH	Variable	TRUE	0.795586859524144	2.68993844086803	0.959845036944458	2.29898675735132e-201	0.950856361002533	0.967217256048128	0.96120043168669	5.28986982732332e-204
441	CTT1	CTT1	0.4	2	1	1487	NeuertLab	Fixed	FALSE	0.750461097964713	0.078012629983792	0.961045560832889	0	0.956962798405302	0.964747985318877	0.953879744339688	0
442	CTT1	CTT1	0.4	2	1	1487	NeuertLab	Fixed	TRUE	0.813848051574489	0.0483783414817105	0.929969071480614	0	0.922757515393229	0.936529563586435	0.906718573594086	0
443	CTT1	CTT1	0.4	2	1	1487	NeuertLab	Variable	FALSE	0.806285759522811	0.118522399806979	0.970302826600995	0	0.967174064889262	0.973137446651985	0.927741025050425	0
444	CTT1	CTT1	0.4	2	1	1487	NeuertLab	Variable	TRUE	0.891577849509179	0.0864543764725488	0.946801734616954	0	0.941270804411703	0.951824705767459	0.891647482019895	0
445	CTT1	CTT1	0.4	2	1	1487	Big-FISH	Fixed	FALSE	0.472401581280953	0.0313622747323053	0.892880242141881	0	0.882082750411912	0.902740118266569	0.779613487420441	4.03303265869471e-304
446	CTT1	CTT1	0.4	2	1	1487	Big-FISH	Fixed	TRUE	0.58605324839109	0.00034130361898799	0.924257899665052	0	0.916483675631154	0.931334378570632	0.789058489580856	1.52321486032025e-316
447	CTT1	CTT1	0.4	2	1	1487	Big-FISH	Variable	FALSE	0.589839740298256	0.139031524082578	0.937354186179523	0	0.930875887039762	0.94324318694039	0.853356843452543	0
448	CTT1	CTT1	0.4	2	1	1487	Big-FISH	Variable	TRUE	0.840380895328128	0.0621600868342178	0.941324830999515	0	0.935243417531902	0.946850812454859	0.824969597351316	0
449	CTT1	CTT1	0.4	2	20	1732	NeuertLab	Fixed	FALSE	0.421463259785963	0.227349719491043	0.886796924368928	0	0.876298061555946	0.896453899488369	0.882283617747089	0
450	CTT1	CTT1	0.4	2	20	1732	NeuertLab	Fixed	TRUE	0.553800412318814	2.46646883372988	0.957109689167906	0	0.952969341374647	0.960892839945292	0.95118345672657	0
451	CTT1	CTT1	0.4	2	20	1732	NeuertLab	Variable	FALSE	0.341334435532147	-1.44044969925909	0.856487316943715	0	0.84341072420333	0.868549767590791	0.845392965594035	0
452	CTT1	CTT1	0.4	2	20	1732	NeuertLab	Variable	TRUE	0.423968469775476	1.122573031802	0.836002799325229	0	0.821239423273203	0.849647562920784	0.828934556480586	0
453	CTT1	CTT1	0.4	2	20	1732	Big-FISH	Fixed	FALSE	0.204094734838495	1.30094124336234	0.621771263014332	7.71779431041689e-186	0.59200790375059	0.649840925520776	0.594181687707235	8.1387290255365e-166
454	CTT1	CTT1	0.4	2	20	1732	Big-FISH	Fixed	TRUE	0.474592001139286	-0.438736879400707	0.865486940719514	0	0.853165517777447	0.876843140487032	0.840009139292203	0
455	CTT1	CTT1	0.4	2	20	1732	Big-FISH	Variable	FALSE	0.515304764142984	7.94063322475502	0.734036815677303	4.70957584346965e-293	0.711536434410492	0.755033344002144	0.666689049285141	4.24346119828983e-223
456	CTT1	CTT1	0.4	2	20	1732	Big-FISH	Variable	TRUE	0.554116434216493	13.0531678550229	0.65021729185287	1.06682984392475e-208	0.622170890521236	0.676596853758935	0.564878024210832	1.42732185207024e-146
457	CTT1	CTT1	0.4	2	25	122	NeuertLab	Fixed	FALSE	0.484828003514145	3.84054545750905	0.937692386708635	6.28714888799622e-57	0.911937887899892	0.956087760791938	0.922279603110882	2.27537540479651e-51
458	CTT1	CTT1	0.4	2	25	122	NeuertLab	Fixed	TRUE	0.625339178338405	1.59153257853747	0.970333745747434	7.62875054520646e-76	0.957777372219181	0.979195722995443	0.959973693702185	3.58614811711355e-68
459	CTT1	CTT1	0.4	2	25	122	NeuertLab	Variable	FALSE	0.416308124900107	5.65455934509116	0.824299700206312	1.97613785807911e-31	0.757539770422122	0.87399556279258	0.819345966113559	8.95423932473604e-31
460	CTT1	CTT1	0.4	2	25	122	NeuertLab	Variable	TRUE	0.55033613435589	2.32954126484603	0.9646238304164	2.49019913260032e-71	0.949712391067545	0.97516999291163	0.957610860280553	1.04422038627967e-66
461	CTT1	CTT1	0.4	2	25	122	Big-FISH	Fixed	FALSE	0.325854601371908	2.72203353540009	0.880170893483057	1.20622177314689e-40	0.832693127034387	0.914801918611551	0.87550521264638	1.03341490536962e-39
462	CTT1	CTT1	0.4	2	25	122	Big-FISH	Fixed	TRUE	0.611190058298014	0.943962233271045	0.946160859313342	1.26379090511142e-60	0.923769046255766	0.962104941470786	0.9232004874838	1.14423519699704e-51
463	CTT1	CTT1	0.4	2	25	122	Big-FISH	Variable	FALSE	0.431686701456948	6.58654131403779	0.893644150030567	1.42223710338595e-43	0.851081838128143	0.924537639435841	0.884315778143073	1.65775125819053e-41
464	CTT1	CTT1	0.4	2	25	122	Big-FISH	Variable	TRUE	0.728822786925907	3.824269185877	0.956853539024166	2.95448374462998e-66	0.938768917052426	0.969680391891598	0.952363920773544	9.81938757187167e-64
465	CTT1	CTT1	0.4	2	2	211	NeuertLab	Fixed	FALSE	0.722309012413135	0.0941951471029604	0.954793265581785	4.46687390305543e-112	0.941090083298614	0.965365790578594	0.955600519412644	7.08989913833247e-113
466	CTT1	CTT1	0.4	2	2	211	NeuertLab	Fixed	TRUE	0.827931742903862	0.0661607479770241	0.9522917903161	1.08961054205393e-109	0.937854460295416	0.963438394785405	0.938884853850887	9.3368428167658e-99
467	CTT1	CTT1	0.4	2	2	211	NeuertLab	Variable	FALSE	0.849728473779484	0.122470483343689	0.970326664277661	7.86743115537552e-131	0.961238641239188	0.977308554362263	0.906477770821275	3.37570164103753e-80
468	CTT1	CTT1	0.4	2	2	211	NeuertLab	Variable	TRUE	0.910085743351259	0.158436273797412	0.933867569943721	2.72688894395593e-95	0.914100070811493	0.949206836671836	0.83543165244881	3.07173044633547e-56
469	CTT1	CTT1	0.4	2	2	211	Big-FISH	Fixed	FALSE	0.43809758192043	-0.00158133397564044	0.898118842315072	1.65244275948279e-76	0.868392963558631	0.921412987893362	0.814607966605515	2.44164211547035e-51
470	CTT1	CTT1	0.4	2	2	211	Big-FISH	Fixed	TRUE	0.647332531087047	-0.0461291616526287	0.947353538747937	2.48120326410518e-105	0.931474262008394	0.959630064245668	0.837742341895476	7.97174640796784e-57
471	CTT1	CTT1	0.4	2	2	211	Big-FISH	Variable	FALSE	0.508216120980766	0.122193510497724	0.928612522161115	6.09240173724982e-92	0.907349503187748	0.945136105133756	0.844277727856405	1.56148842877013e-58
472	CTT1	CTT1	0.4	2	2	211	Big-FISH	Variable	TRUE	0.796021857610827	0.102071323329566	0.951125907437264	1.27770617313223e-108	0.936347264340066	0.962539683465966	0.844387854337615	1.45910350817004e-58
473	CTT1	CTT1	0.4	2	30	338	NeuertLab	Fixed	FALSE	0.444218794041658	2.06716676894763	0.934856586608677	3.58722084339761e-153	0.919921236269643	0.947083146595672	0.931805440996354	6.03573025205608e-150
474	CTT1	CTT1	0.4	2	30	338	NeuertLab	Fixed	TRUE	0.524672920537624	3.62755636726189	0.972755899691145	2.23084025000033e-215	0.966358600189339	0.977950320435498	0.970233885618978	5.19755560771443e-209
475	CTT1	CTT1	0.4	2	30	338	NeuertLab	Variable	FALSE	0.468082743032758	1.18227293734557	0.9245013498221	8.54212598960367e-143	0.907305606127421	0.938609785480863	0.919359290655066	3.51650274926967e-138
476	CTT1	CTT1	0.4	2	30	338	NeuertLab	Variable	TRUE	0.385911877409031	5.57697694253647	0.789090699990438	4.27429028738449e-73	0.745137858061886	0.826218371414516	0.799344880937829	2.54596437889364e-76
477	CTT1	CTT1	0.4	2	30	338	Big-FISH	Fixed	FALSE	0.316359112291047	1.60607298429561	0.804519197705724	5.08671583854429e-78	0.763356324293539	0.839175039413961	0.800526025360811	1.0527928705229e-76
478	CTT1	CTT1	0.4	2	30	338	Big-FISH	Fixed	TRUE	0.608398940663811	0.553816934540777	0.9584190025848	4.69099438560877e-185	0.948742667757167	0.96630023268883	0.955109176634094	1.37237582289483e-179
479	CTT1	CTT1	0.4	2	30	338	Big-FISH	Variable	FALSE	0.467139235711194	3.06294378160502	0.884674669018466	2.1595980183599e-113	0.859072164646916	0.905861466404324	0.882518271194339	4.01384239643958e-112
480	CTT1	CTT1	0.4	2	30	338	Big-FISH	Variable	TRUE	0.648074769025514	3.6107207079771	0.947394208749135	2.65251903135675e-168	0.935237129827395	0.957319529739207	0.943163331654151	8.14463076046512e-163
481	CTT1	CTT1	0.4	2	35	403	NeuertLab	Fixed	FALSE	0.407740140883985	1.69326186623067	0.836795626558498	5.94209680454216e-107	0.80490527607735	0.863866326540322	0.829189178467688	2.41625697554936e-103
482	CTT1	CTT1	0.4	2	35	403	NeuertLab	Fixed	TRUE	0.606425725407612	2.71788754419078	0.97297865118871	2.19396539492685e-257	0.967223802893589	0.977734498948951	0.971693621978114	2.14098053158329e-253
483	CTT1	CTT1	0.4	2	35	403	NeuertLab	Variable	FALSE	0.356410372929308	1.63439501456453	0.822783187210858	1.93600335736143e-100	0.788470108007142	0.851990842025178	0.838254213321718	1.14972810462359e-107
484	CTT1	CTT1	0.4	2	35	403	NeuertLab	Variable	TRUE	0.578738616738708	2.37226132249907	0.935421483395391	3.54888771694403e-183	0.921984215772314	0.946608638052757	0.938187117038041	7.27509846427618e-187
485	CTT1	CTT1	0.4	2	35	403	Big-FISH	Fixed	FALSE	0.225031106586798	2.33141601639336	0.684283172299661	5.8758447160405e-57	0.628617195831596	0.732973486798568	0.652987524392582	2.43217357949289e-50
486	CTT1	CTT1	0.4	2	35	403	Big-FISH	Fixed	TRUE	0.638539549739617	0.188551503419915	0.963374553107083	2.52249096499176e-231	0.955620289652945	0.969794875949287	0.95498826387963	9.68754823405389e-214
487	CTT1	CTT1	0.4	2	35	403	Big-FISH	Variable	FALSE	0.442600261037393	4.2526115078612	0.773254286582041	2.37262401906777e-81	0.730767784816702	0.809773056005342	0.767000312176359	2.75574911233579e-79
488	CTT1	CTT1	0.4	2	35	403	Big-FISH	Variable	TRUE	0.878310220738654	1.73887659764574	0.973422486232611	8.28873357373693e-259	0.967760618732134	0.978101084587956	0.969390052725765	1.10278517515188e-246
489	CTT1	CTT1	0.4	2	40	562	NeuertLab	Fixed	FALSE	0.385312984477488	3.63439374986851	0.840978300013217	1.67480884614933e-151	0.814954919616282	0.86361695084222	0.850691854843889	1.56501031608706e-158
490	CTT1	CTT1	0.4	2	40	562	NeuertLab	Fixed	TRUE	0.601654736060948	2.91172182729923	0.977322047232853	0	0.973287120959619	0.980753450534663	0.976293921712278	0
491	CTT1	CTT1	0.4	2	40	562	NeuertLab	Variable	FALSE	0.408682220495935	3.90867385700869	0.83768477475359	3.16753154572504e-149	0.81117770035756	0.860756835100166	0.852784919548728	4.11310213561315e-160
492	CTT1	CTT1	0.4	2	40	562	NeuertLab	Variable	TRUE	0.526170646280447	2.53360550396537	0.895715857119008	2.83737653305005e-199	0.878056761189456	0.910938938999429	0.89492648881399	2.08758522707995e-198
493	CTT1	CTT1	0.4	2	40	562	Big-FISH	Fixed	FALSE	0.206871976320413	2.13429265013527	0.736144722159273	5.32742059131157e-97	0.695800438855635	0.771858208487753	0.742931909544727	1.06680246541467e-99
494	CTT1	CTT1	0.4	2	40	562	Big-FISH	Fixed	TRUE	0.575043762386141	0.562219157934515	0.962030364833476	5.54885126844304e-318	0.955336154857803	0.967737802149296	0.959456302686251	3.64805814872028e-310
495	CTT1	CTT1	0.4	2	40	562	Big-FISH	Variable	FALSE	0.337476142038256	4.04608784150819	0.840670352172885	2.74813513407281e-151	0.814601652186153	0.863349588959101	0.844292620255387	7.58185340302171e-154
496	CTT1	CTT1	0.4	2	40	562	Big-FISH	Variable	TRUE	0.693800780186271	2.78633610927991	0.96469939680012	0	0.958465787317754	0.970011768375186	0.964415822809761	0
497	CTT1	CTT1	0.4	2	45	260	NeuertLab	Fixed	FALSE	0.523200554657159	1.17838532291827	0.899579911292101	8.37453204551517e-95	0.873522047149884	0.920496971530477	0.888427423536405	3.15132929898449e-89
498	CTT1	CTT1	0.4	2	45	260	NeuertLab	Fixed	TRUE	0.661048985961549	1.15632317527115	0.96041401738667	3.22716354902943e-145	0.949724108636005	0.968867278627603	0.953669768208504	1.35663007916217e-136
499	CTT1	CTT1	0.4	2	45	260	NeuertLab	Variable	FALSE	0.606579800142193	1.47757290920104	0.911072165173419	2.79527910531694e-101	0.887820301010598	0.929684049524056	0.906086952243373	2.28155560400652e-98
500	CTT1	CTT1	0.4	2	45	260	NeuertLab	Variable	TRUE	0.684243131325511	1.36328142856703	0.955103895578552	2.57824836421074e-138	0.943021703995356	0.964670654665992	0.948893864208139	3.11893414735865e-131
501	CTT1	CTT1	0.4	2	45	260	Big-FISH	Fixed	FALSE	0.271217206262381	0.33782517450571	0.718061165346191	1.69027286234099e-42	0.653493254517147	0.772254697302707	0.701092577794295	9.0440405315749e-40
502	CTT1	CTT1	0.4	2	45	260	Big-FISH	Fixed	TRUE	0.470311021301629	-0.543322598946132	0.884253377439772	2.71776692178595e-87	0.8545230313253	0.908208621552748	0.852817541907756	9.29120832046314e-75
503	CTT1	CTT1	0.4	2	45	260	Big-FISH	Variable	FALSE	0.650508459786259	2.43714889855857	0.848647170575451	2.56617213695509e-73	0.810689980962758	0.879500310281519	0.836425227855746	2.48040751251197e-69
504	CTT1	CTT1	0.4	2	45	260	Big-FISH	Variable	TRUE	0.961451788503102	1.03723158851413	0.967157627318778	1.71950059790846e-155	0.958249999421962	0.974189805229188	0.965673404004622	4.67831288832741e-153
505	CTT1	CTT1	0.4	2	4	217	NeuertLab	Fixed	FALSE	0.888627714349674	0.026240046052001	0.925244761843764	1.85070934077523e-92	0.903382535070873	0.942310024905462	0.916926878466132	9.87656940235867e-88
506	CTT1	CTT1	0.4	2	4	217	NeuertLab	Fixed	TRUE	0.911461831206628	0.0382327544852719	0.924442963582508	5.57624022058818e-92	0.902358142650263	0.941685718595474	0.903310304751555	5.68304522528842e-81
507	CTT1	CTT1	0.4	2	4	217	NeuertLab	Variable	FALSE	0.956448911222773	0.27373426271141	0.885509879466662	1.63542956692984e-73	0.852914939837148	0.911227645292886	0.770347641930773	6.73885450304394e-44
508	CTT1	CTT1	0.4	2	4	217	NeuertLab	Variable	TRUE	0.964824120603011	0.149132760577081	0.929543939022349	4.02005980513282e-95	0.90887950288986	0.945655481002614	0.875160462739387	1.00463137686917e-69
509	CTT1	CTT1	0.4	2	4	217	Big-FISH	Fixed	FALSE	0.468274111675126	-0.0440068773538558	0.847884747051676	3.60762798245801e-61	0.805682000258917	0.881523131683767	0.572571772145096	2.67174164608538e-20
510	CTT1	CTT1	0.4	2	4	217	Big-FISH	Fixed	TRUE	0.46416916563768	-0.0447168812841775	0.826101346836489	1.83241507014807e-55	0.778579193497496	0.864202857400294	0.571893210748092	3.02833861305908e-20
511	CTT1	CTT1	0.4	2	4	217	Big-FISH	Variable	FALSE	0.690276688697211	0.107572532765766	0.858951782956749	2.01316423707939e-64	0.819519581857434	0.890288133364221	0.80427601143457	1.7101367227085e-50
512	CTT1	CTT1	0.4	2	4	217	Big-FISH	Variable	TRUE	0.832076295864886	0.0170500873616733	0.90974181782138	4.95981178160702e-84	0.883619812254159	0.930217845845695	0.840727192493232	3.35988050406767e-59
513	CTT1	CTT1	0.4	2	50	447	NeuertLab	Fixed	FALSE	0.486672549620878	3.07718104785185	0.947691459528184	7.96853659287173e-223	0.937331561825638	0.956377296073946	0.970277200818741	2.42857229525827e-276
514	CTT1	CTT1	0.4	2	50	447	NeuertLab	Fixed	TRUE	0.620092377098156	2.052820748835	0.970926732821959	1.9135141104854e-278	0.965086174695664	0.975802284436663	0.981258101528058	2.27072570828637e-320
515	CTT1	CTT1	0.4	2	50	447	NeuertLab	Variable	FALSE	0.499761728499845	3.52573020065946	0.946117213363794	4.88870915337295e-220	0.935455862636704	0.955058421885829	0.969316193430593	2.59108284889431e-273
516	CTT1	CTT1	0.4	2	50	447	NeuertLab	Variable	TRUE	0.600303544393821	1.33445619384804	0.93586861123555	1.02156238430856e-203	0.92325941445155	0.946463670314657	0.950093799149656	2.99483188879045e-227
517	CTT1	CTT1	0.4	2	50	447	Big-FISH	Fixed	FALSE	0.315720910390589	1.25311490718353	0.901410742530329	6.97994333884899e-164	0.88243804002349	0.917455804328871	0.921678095709938	4.17568472165752e-185
518	CTT1	CTT1	0.4	2	50	447	Big-FISH	Fixed	TRUE	0.553723964568243	0.375234090589724	0.946406032360844	1.52776380907724e-220	0.935799942723595	0.955300415595311	0.953729945471903	2.21108421124997e-234
519	CTT1	CTT1	0.4	2	50	447	Big-FISH	Variable	FALSE	0.425791198941454	3.27100228984544	0.934774552912809	3.88796602301636e-202	0.921958919495206	0.945545275551729	0.946580983240419	7.52847700939508e-221
520	CTT1	CTT1	0.4	2	50	447	Big-FISH	Variable	TRUE	0.683022448741381	3.02122539356623	0.964974630763258	9.77248402097868e-261	0.957963851351494	0.970833571560636	0.967411287732404	1.38344903370658e-267
521	CTT1	CTT1	0.4	2	55	580	NeuertLab	Fixed	FALSE	0.489264369849619	2.74944164751142	0.937281799000586	9.86919132590091e-267	0.926572601452255	0.946472483356547	0.980644905740837	0
522	CTT1	CTT1	0.4	2	55	580	NeuertLab	Fixed	TRUE	0.570283976047215	1.90034079654746	0.97101149102673	0	0.96596047649375	0.975322409984836	0.989235708843478	0
523	CTT1	CTT1	0.4	2	55	580	NeuertLab	Variable	FALSE	0.437455807128875	2.09633174551197	0.918771623527305	1.80600502191131e-235	0.905056692279048	0.930577575717833	0.96532757012076	0
524	CTT1	CTT1	0.4	2	55	580	NeuertLab	Variable	TRUE	0.586232365187942	2.22257719170924	0.966997879061793	0	0.961261269912958	0.971897157273662	0.988114303621166	0
525	CTT1	CTT1	0.4	2	55	580	Big-FISH	Fixed	FALSE	0.316591159694349	-0.0231763681425587	0.88065565563945	1.11399061104176e-189	0.860971377452308	0.897706142961441	0.887748698337482	6.6907609278363e-197
526	CTT1	CTT1	0.4	2	55	580	Big-FISH	Fixed	TRUE	0.475856689650307	-0.737734870322504	0.90696110033786	3.35650854978387e-219	0.891364934086067	0.92041242523274	0.917349401744006	2.20227659012847e-233
527	CTT1	CTT1	0.4	2	55	580	Big-FISH	Variable	FALSE	0.513272651031804	2.99868790454328	0.919431201858417	1.8889874300961e-236	0.905822170412034	0.93114472926777	0.947645548965885	9.77278577965922e-289
528	CTT1	CTT1	0.4	2	55	580	Big-FISH	Variable	TRUE	0.718406360617319	1.93356031749182	0.977786238359006	0	0.973900037706298	0.981099336874149	0.981724749710991	0
529	CTT1	CTT1	0.4	2	6	788	NeuertLab	Fixed	FALSE	0.757577717334994	0.181234147608114	0.980209010552658	0	0.977270807798458	0.982770701468276	0.978581003463132	0
530	CTT1	CTT1	0.4	2	6	788	NeuertLab	Fixed	TRUE	0.773571099928491	0.152665155439627	0.983224310255434	0	0.980729407430451	0.985398587006182	0.970852358911409	0
531	CTT1	CTT1	0.4	2	6	788	NeuertLab	Variable	FALSE	0.790716231458248	0.192410166766132	0.981965567985099	0	0.979285418644911	0.984301697416821	0.981806495737827	0
532	CTT1	CTT1	0.4	2	6	788	NeuertLab	Variable	TRUE	0.813629769752434	0.197172680200546	0.984917569903612	0	0.982672290678847	0.986873837856168	0.972292149692307	0
533	CTT1	CTT1	0.4	2	6	788	Big-FISH	Fixed	FALSE	0.485072455939475	0.140045820159186	0.937660667426968	0	0.928633325037883	0.945578341115427	0.920472624765012	5.92878775009496e-323
534	CTT1	CTT1	0.4	2	6	788	Big-FISH	Fixed	TRUE	0.554854585324187	0.101029425642436	0.94849845837079	0	0.940992740427637	0.955071548888837	0.923325759135119	0
535	CTT1	CTT1	0.4	2	6	788	Big-FISH	Variable	FALSE	0.725115025785432	0.264614702814321	0.97205917174597	0	0.967930625440843	0.975662790382704	0.963428771592775	0
536	CTT1	CTT1	0.4	2	6	788	Big-FISH	Variable	TRUE	0.842799089750865	0.23326857504767	0.979552053679662	0	0.97651747463508	0.982198014817484	0.961383764768295	0
537	CTT1	CTT1	0.4	2	8	344	NeuertLab	Fixed	FALSE	0.792515159618442	0.353860552772966	0.979896427144159	1.69420197572224e-241	0.975201101495709	0.983710090079424	0.987406656282026	5.9051968724828e-276
538	CTT1	CTT1	0.4	2	8	344	NeuertLab	Fixed	TRUE	0.84060718419915	0.343271767412758	0.984097768273963	9.4220670057425e-259	0.98037396750121	0.987119618562031	0.990127228197511	6.26041423155286e-294
539	CTT1	CTT1	0.4	2	8	344	NeuertLab	Variable	FALSE	0.828038207467712	0.473121675686077	0.981442969738884	2.19530735827266e-247	0.977104672646884	0.984965480186749	0.990118041425448	7.33392218788932e-294
540	CTT1	CTT1	0.4	2	8	344	NeuertLab	Variable	TRUE	0.903047176801735	0.461370891345946	0.985825722617902	3.12870755428334e-267	0.982502985914635	0.988521114957229	0.990060050252533	1.98488727228738e-293
541	CTT1	CTT1	0.4	2	8	344	Big-FISH	Fixed	FALSE	0.528975178450127	-0.0696762842284497	0.931792866980116	1.41009758131472e-152	0.916337372103136	0.944475902709765	0.931154723635147	6.55530140979841e-152
542	CTT1	CTT1	0.4	2	8	344	Big-FISH	Fixed	TRUE	0.613223151105696	-0.138463478480194	0.948021052926795	3.84292261594841e-172	0.93612121155723	0.957752470624354	0.942935081191537	2.11578657867298e-165
543	CTT1	CTT1	0.4	2	8	344	Big-FISH	Variable	FALSE	0.827815835524756	0.836658380599087	0.979234271528408	4.08372686924048e-239	0.974386295651825	0.983172478287767	0.985530986910435	1.03006798323612e-265
544	CTT1	CTT1	0.4	2	8	344	Big-FISH	Variable	TRUE	0.903682632502692	0.734387118245765	0.983250657178819	6.26746131772196e-255	0.979330556219077	0.986432380513751	0.986389098672022	3.19288219954452e-270
545	CTT1	CTT1	0.4	2	60	815	NeuertLab	Fixed	FALSE	0.576686293749896	1.49742157096814	0.940021893575347	0	0.931479753627957	0.947528049942015	0.964196634754505	0
546	CTT1	CTT1	0.4	2	60	815	NeuertLab	Fixed	TRUE	0.663435671516319	0.912596275630675	0.974528197944441	0	0.970826577772558	0.977765443108692	0.980810977340334	0
547	CTT1	CTT1	0.4	2	60	815	NeuertLab	Variable	FALSE	0.593326657935286	1.54306580246155	0.942850370492398	0	0.934697505275675	0.950011668798979	0.964461572655799	0
548	CTT1	CTT1	0.4	2	60	815	NeuertLab	Variable	TRUE	0.621606241722865	0.611050146652564	0.952440035246023	0	0.945616921198828	0.958425387153356	0.961637565973531	0
549	CTT1	CTT1	0.4	2	60	815	Big-FISH	Fixed	FALSE	0.28870269504894	0.883880530281021	0.853734218685614	1.27955139343586e-232	0.833954727400253	0.871322872317254	0.894521068159315	1.64220058383898e-286
550	CTT1	CTT1	0.4	2	60	815	Big-FISH	Fixed	TRUE	0.501124955268591	0.0590277030613112	0.92798011234739	0	0.917795639886341	0.936944295182125	0.941653082288281	0
551	CTT1	CTT1	0.4	2	60	815	Big-FISH	Variable	FALSE	0.508391984577346	2.82152125899761	0.915062629518616	7.90505033345994e-323	0.903143238698742	0.925572559812688	0.941656743468534	0
552	CTT1	CTT1	0.4	2	60	815	Big-FISH	Variable	TRUE	0.749725055332354	1.83298468698848	0.968152480681694	0	0.963541434715289	0.972188611105449	0.969143630837166	0
553	CTT1	CTT1	0.4	3	0	675	NeuertLab	Fixed	FALSE	0.88467701552331	0.0318878317476127	0.957047196443059	0	0.95020987769703	0.962963426560879	0.925961559563083	7.53984408808688e-287
554	CTT1	CTT1	0.4	3	0	675	NeuertLab	Fixed	TRUE	0.858611505681788	0.0237571022727348	0.925425253309638	7.79256844794945e-286	0.913776059698526	0.935553594486149	0.880141739470323	6.02472983297497e-220
555	CTT1	CTT1	0.4	3	0	675	NeuertLab	Variable	FALSE	0.942009686424234	0.171021611970911	0.915294662042053	5.49973677193528e-268	0.902143413172888	0.926746539745098	0.793346464094545	3.3508094045749e-147
556	CTT1	CTT1	0.4	3	0	675	NeuertLab	Variable	TRUE	1.06912821400747	0.169509133408357	0.858800993971548	1.17183432404551e-197	0.8376222191957	0.877401732504902	0.729188562187313	5.63333050031321e-113
557	CTT1	CTT1	0.4	3	0	675	Big-FISH	Fixed	FALSE	0.591038222747302	0.00640648931084466	0.887214376529222	2.73400877575106e-228	0.869999331818057	0.902268899072819	0.809108972228316	1.58720293840838e-157
558	CTT1	CTT1	0.4	3	0	675	Big-FISH	Fixed	TRUE	0.648731776502389	0.00605800734437829	0.87871712791432	2.49238092602794e-218	0.860301112168959	0.894842656521649	0.797683972244131	5.96769795260123e-150
559	CTT1	CTT1	0.4	3	0	675	Big-FISH	Variable	FALSE	0.721333931061941	0.113042660113801	0.908872862330533	8.55175659097888e-258	0.894779347056814	0.921157206274027	0.886295174787696	3.56667852494673e-227
560	CTT1	CTT1	0.4	3	0	675	Big-FISH	Variable	TRUE	0.848340235709957	0.0895703137476155	0.896877962110876	1.2243678811019e-240	0.881044947264526	0.910703630944962	0.843144558568006	1.61419971798049e-183
561	CTT1	CTT1	0.4	3	10	1063	NeuertLab	Fixed	FALSE	0.674243773431674	1.89249234367008	0.969244764041647	0	0.965377827856723	0.972685806072441	0.980388268889896	0
562	CTT1	CTT1	0.4	3	10	1063	NeuertLab	Fixed	TRUE	0.671876435477778	1.64510209103769	0.972284020186476	0	0.96879316190525	0.975389265536213	0.982088880763797	0
563	CTT1	CTT1	0.4	3	10	1063	NeuertLab	Variable	FALSE	0.36742527552636	1.52310280736848	0.660020073515405	5.95641071485579e-134	0.62468353981582	0.692658990696136	0.736624353967194	1.99860317435302e-182
564	CTT1	CTT1	0.4	3	10	1063	NeuertLab	Variable	TRUE	0.530564211524089	2.01050489811898	0.824055335316859	4.22198505304607e-264	0.803752581111024	0.842441143269204	0.866085517930205	9.18962101264719e-322
565	CTT1	CTT1	0.4	3	10	1063	Big-FISH	Fixed	FALSE	0.350636330597595	0.989290035693968	0.852613846947389	2.42235280221592e-301	0.835308999817361	0.868230941447436	0.865102395931401	3.36359891688721e-320
566	CTT1	CTT1	0.4	3	10	1063	Big-FISH	Fixed	TRUE	0.430453927746907	0.683320393056467	0.884659219353247	0	0.870854588134775	0.897069428658285	0.894672059109023	0
567	CTT1	CTT1	0.4	3	10	1063	Big-FISH	Variable	FALSE	0.660330064949282	1.71175904793323	0.966050405578672	0	0.961789627509177	0.969843374469265	0.972269614554816	0
568	CTT1	CTT1	0.4	3	10	1063	Big-FISH	Variable	TRUE	0.753295561067776	1.3304296681879	0.974390475640868	0	0.971161048354137	0.977262438525273	0.977129665567077	0
569	CTT1	CTT1	0.4	3	15	774	NeuertLab	Fixed	FALSE	0.528257339333515	3.61147016543477	0.938314750672397	0	0.929292473761894	0.946217878207439	0.939727494035125	0
570	CTT1	CTT1	0.4	3	15	774	NeuertLab	Fixed	TRUE	0.588012264015392	3.18926328301359	0.9595276206969	0	0.953533625573306	0.964762358986511	0.965394105293233	0
571	CTT1	CTT1	0.4	3	15	774	NeuertLab	Variable	FALSE	0.553234467977982	3.7260421829013	0.94391555667465	0	0.935685289742172	0.951119203711298	0.946194057080883	0
572	CTT1	CTT1	0.4	3	15	774	NeuertLab	Variable	TRUE	0.608497459927325	3.00932571733487	0.958001241062423	0	0.951786749821119	0.963429718354963	0.964648647781696	0
573	CTT1	CTT1	0.4	3	15	774	Big-FISH	Fixed	FALSE	0.352604748342069	0.939667825295655	0.898057298069466	1.43687603608845e-277	0.883500740140596	0.910881076566088	0.883831274086225	6.34042895566708e-257
574	CTT1	CTT1	0.4	3	15	774	Big-FISH	Fixed	TRUE	0.469524301292519	1.38921819333064	0.906807476994771	7.5838546587049e-292	0.893430218130506	0.918577753957134	0.900754161809288	7.93633866090322e-282
575	CTT1	CTT1	0.4	3	15	774	Big-FISH	Variable	FALSE	0.577270801606608	2.25095715701164	0.935574737456335	0	0.92616696327039	0.943818741007471	0.93183090953157	0
576	CTT1	CTT1	0.4	3	15	774	Big-FISH	Variable	TRUE	0.695165373678073	2.55556650649237	0.956798778283595	0	0.950410866729333	0.962379691607276	0.958312106245304	0
577	CTT1	CTT1	0.4	3	20	1234	NeuertLab	Fixed	FALSE	0.436123199838686	5.7032848911043	0.920725795968669	0	0.911768584425093	0.928807538299069	0.913281406301459	0
578	CTT1	CTT1	0.4	3	20	1234	NeuertLab	Fixed	TRUE	0.517644747437982	4.63867665549797	0.952690159044488	0	0.947245410877182	0.957585200521529	0.952180888357267	0
579	CTT1	CTT1	0.4	3	20	1234	NeuertLab	Variable	FALSE	0.437846290355426	5.79920899001114	0.899104387727697	0	0.887846817816303	0.909286257586543	0.891623184373337	0
580	CTT1	CTT1	0.4	3	20	1234	NeuertLab	Variable	TRUE	0.469674569760309	1.88777640660858	0.904295799113431	0	0.893585010977508	0.913977508586674	0.887028210371619	0
581	CTT1	CTT1	0.4	3	20	1234	Big-FISH	Fixed	FALSE	0.286346042456665	1.03109317038992	0.872077813622452	0	0.858030145136146	0.884821654825959	0.853218678022356	0
582	CTT1	CTT1	0.4	3	20	1234	Big-FISH	Fixed	TRUE	0.426111491651055	1.26048767320037	0.876904454355801	0	0.863348129735926	0.889195916583956	0.865315644884331	0
583	CTT1	CTT1	0.4	3	20	1234	Big-FISH	Variable	FALSE	0.521742990832206	3.31114517506561	0.922402915466036	0	0.913626680499645	0.930319883720531	0.910329781326736	0
584	CTT1	CTT1	0.4	3	20	1234	Big-FISH	Variable	TRUE	0.666382079139626	3.10725158528836	0.946745635124458	0	0.940637547484727	0.952240699530337	0.939580152963936	0
585	CTT1	CTT1	0.4	3	25	1387	NeuertLab	Fixed	FALSE	0.396719095181323	5.91822420035207	0.91667208678656	0	0.907839382554763	0.924691676837753	0.911104678799187	0
586	CTT1	CTT1	0.4	3	25	1387	NeuertLab	Fixed	TRUE	0.536666321193002	3.91788440823434	0.957987200897193	0	0.953427458810728	0.962109175202655	0.955093985750235	0
587	CTT1	CTT1	0.4	3	25	1387	NeuertLab	Variable	FALSE	0.291920220158639	3.24263344593876	0.784029905540423	3.98257406608825e-289	0.76287666441662	0.803506445727496	0.788393656894274	1.56144489999416e-294
588	CTT1	CTT1	0.4	3	25	1387	NeuertLab	Variable	TRUE	0.40680100827769	2.21648026996058	0.843598299545801	0	0.82771606619224	0.858130054732415	0.843809852571256	0
589	CTT1	CTT1	0.4	3	25	1387	Big-FISH	Fixed	FALSE	0.288081935836487	1.29177857855459	0.877545321588073	0	0.864857635126356	0.889112667863868	0.8691185299777	0
590	CTT1	CTT1	0.4	3	25	1387	Big-FISH	Fixed	TRUE	0.520934871622912	1.08225464485119	0.901087956378756	0	0.890697548203458	0.910537377579687	0.897473445045361	0
591	CTT1	CTT1	0.4	3	25	1387	Big-FISH	Variable	FALSE	0.470774931207023	3.14790534238612	0.932709288775939	0	0.925510451255973	0.939234369856237	0.928134629516322	0
592	CTT1	CTT1	0.4	3	25	1387	Big-FISH	Variable	TRUE	0.685346709397017	2.84028153162878	0.950815898934868	0	0.945499504002473	0.955625520748493	0.945450181232946	0
593	CTT1	CTT1	0.4	3	2	993	NeuertLab	Fixed	FALSE	0.596825287434835	0.164203449392198	0.953396840030607	0	0.947376381837839	0.958743113962084	0.955830002781114	0
594	CTT1	CTT1	0.4	3	2	993	NeuertLab	Fixed	TRUE	0.659636994095237	0.0960495282545446	0.972714777198179	0	0.969150506363688	0.975872287190755	0.909607069201852	0
595	CTT1	CTT1	0.4	3	2	993	NeuertLab	Variable	FALSE	0.617404242489859	0.213032168172603	0.950067766584872	0	0.943629650712942	0.955787304903936	0.910470138587642	0
596	CTT1	CTT1	0.4	3	2	993	NeuertLab	Variable	TRUE	0.730834534001196	0.162376940017594	0.968728660913047	0	0.964653013381398	0.972340986086472	0.856669547500603	3.93129961187555e-287
597	CTT1	CTT1	0.4	3	2	993	Big-FISH	Fixed	FALSE	0.312781669028469	0.114034599989281	0.81722749304164	2.02011666121083e-239	0.79545789675406	0.836890617304132	0.7081741060039	5.51756652599335e-152
598	CTT1	CTT1	0.4	3	2	993	Big-FISH	Fixed	TRUE	0.549240141534385	-0.0467650601565376	0.843584467843643	7.57187589281307e-270	0.824651267488928	0.860629512406457	0.682827697294865	2.90689622395785e-137
599	CTT1	CTT1	0.4	3	2	993	Big-FISH	Variable	FALSE	0.469364039284748	0.227688686887323	0.874502318681572	1.12432699597708e-313	0.859025371521322	0.888382142257355	0.892541014401233	0
600	CTT1	CTT1	0.4	3	2	993	Big-FISH	Variable	TRUE	0.771979553612265	0.11234342080261	0.937437327772444	0	0.929429614549115	0.944562503119534	0.825776285844197	1.00611050718031e-248
601	CTT1	CTT1	0.4	3	30	828	NeuertLab	Fixed	FALSE	0.458346774014316	5.73383761994201	0.928212283005362	0	0.918144713311008	0.937082234932054	0.92429486143557	0
602	CTT1	CTT1	0.4	3	30	828	NeuertLab	Fixed	TRUE	0.573142738375701	3.3663002676164	0.963660512693977	0	0.958457127244779	0.968222731441778	0.966098167246454	0
603	CTT1	CTT1	0.4	3	30	828	NeuertLab	Variable	FALSE	0.38626115341489	5.76985632167852	0.894583297910663	3.68399983801528e-291	0.880092848453683	0.907408856412912	0.894861822617096	1.31226643591869e-291
604	CTT1	CTT1	0.4	3	30	828	NeuertLab	Variable	TRUE	0.457276679274021	2.19044338688666	0.865183378742097	7.90804715725731e-250	0.846978059094736	0.881361900954818	0.874571065109563	7.04880012436363e-262
605	CTT1	CTT1	0.4	3	30	828	Big-FISH	Fixed	FALSE	0.350106310808676	2.5269140031886	0.924307263555256	0	0.913716556536539	0.933643107668339	0.920407769737387	0
606	CTT1	CTT1	0.4	3	30	828	Big-FISH	Fixed	TRUE	0.60256226244719	1.25028062540686	0.957165387573994	0	0.951055158072965	0.962527472057666	0.953714432177611	0
607	CTT1	CTT1	0.4	3	30	828	Big-FISH	Variable	FALSE	0.454805449567765	3.8277689540559	0.942499954976781	0	0.934367898341919	0.949650646589297	0.941558996593647	0
608	CTT1	CTT1	0.4	3	30	828	Big-FISH	Variable	TRUE	0.69052271227149	2.89558106280954	0.959935136489889	0	0.95421075984333	0.964956708789441	0.960043674136845	0
609	CTT1	CTT1	0.4	3	35	928	NeuertLab	Fixed	FALSE	0.422856333677972	6.18157644029787	0.927630811669549	0	0.918083385654237	0.936102549476881	0.943755571177703	0
610	CTT1	CTT1	0.4	3	35	928	NeuertLab	Fixed	TRUE	0.559580373693008	3.25483577397514	0.959941835673801	0	0.954556603742748	0.96470042065545	0.971013481199521	0
611	CTT1	CTT1	0.4	3	35	928	NeuertLab	Variable	FALSE	0.227908915316669	4.54375942753132	0.661007841771954	1.28117271166007e-117	0.623162130644307	0.695765123050105	0.727852419317015	6.85661375416097e-154
612	CTT1	CTT1	0.4	3	35	928	NeuertLab	Variable	TRUE	0.419975907803883	2.9462266331178	0.858477258996304	8.64916400803417e-271	0.84056123568727	0.874517324505126	0.882956859371714	2.33195158129239e-306
613	CTT1	CTT1	0.4	3	35	928	Big-FISH	Fixed	FALSE	0.336527755332679	2.84855668643214	0.915114984687344	0	0.903998620228284	0.924994850614863	0.910344006991993	0
614	CTT1	CTT1	0.4	3	35	928	Big-FISH	Fixed	TRUE	0.56795459072064	1.37040846544218	0.949970119440717	0	0.943283129608554	0.955886601957116	0.951373144160918	0
615	CTT1	CTT1	0.4	3	35	928	Big-FISH	Variable	FALSE	0.43907049722471	4.25747555962012	0.940961660972673	0	0.933111903442895	0.947915018883606	0.939970847993106	0
616	CTT1	CTT1	0.4	3	35	928	Big-FISH	Variable	TRUE	0.678058873780154	3.35796723616384	0.959704160738788	0	0.954287722126341	0.964490468043794	0.958198842073933	0
617	CTT1	CTT1	0.4	3	40	839	NeuertLab	Fixed	FALSE	0.475928487821725	5.50032484411236	0.937073533957355	0	0.928264730440808	0.9448315991649	0.966919889043385	0
618	CTT1	CTT1	0.4	3	40	839	NeuertLab	Fixed	TRUE	0.644181888023471	3.1711164141745	0.965083934899586	0	0.960115451197295	0.969443135163836	0.979850893272704	0
619	CTT1	CTT1	0.4	3	40	839	NeuertLab	Variable	FALSE	0.462201493594099	4.35665166630101	0.926259099055397	0	0.916002075862413	0.935305923152768	0.943903287789171	0
620	CTT1	CTT1	0.4	3	40	839	NeuertLab	Variable	TRUE	0.494921659963673	2.15685098808153	0.941438552872104	0	0.933219723951371	0.948672724157247	0.953558906286889	0
621	CTT1	CTT1	0.4	3	40	839	Big-FISH	Fixed	FALSE	0.34570699214164	2.42964411680716	0.90591556446733	1.32990205099795e-314	0.892986052849578	0.917351126593039	0.917349586119518	0
622	CTT1	CTT1	0.4	3	40	839	Big-FISH	Fixed	TRUE	0.591550081464908	1.97274125971942	0.918828736877527	0	0.907587767727408	0.928753430219093	0.936081196514234	0
623	CTT1	CTT1	0.4	3	40	839	Big-FISH	Variable	FALSE	0.473518118568146	3.63210914469116	0.944772811739822	0	0.937006747309715	0.951605364864941	0.949471929203653	0
624	CTT1	CTT1	0.4	3	40	839	Big-FISH	Variable	TRUE	0.748563503564405	3.58395538799293	0.944027339408392	0	0.936159887582584	0.950949794155625	0.948673250234471	0
625	CTT1	CTT1	0.4	3	45	875	NeuertLab	Fixed	FALSE	0.539813503914167	3.67660780620505	0.951390681617096	0	0.944681000275737	0.957304408387532	0.983838411284871	0
626	CTT1	CTT1	0.4	3	45	875	NeuertLab	Fixed	TRUE	0.719370224090203	1.41511491472423	0.974945594727868	0	0.971439678102658	0.978025940224767	0.985642559517811	0
627	CTT1	CTT1	0.4	3	45	875	NeuertLab	Variable	FALSE	0.441056321873639	2.96026832606898	0.902267036260905	3.39917164338778e-321	0.889161819120718	0.913893353059335	0.941650519508199	0
628	CTT1	CTT1	0.4	3	45	875	NeuertLab	Variable	TRUE	0.675624678026572	0.999730514024922	0.949378765741242	0	0.942399571329621	0.955531681028852	0.964783256219864	0
629	CTT1	CTT1	0.4	3	45	875	Big-FISH	Fixed	FALSE	0.406832177777131	2.19033451724606	0.925559983775703	0	0.915439323410432	0.934510765357863	0.953946240846659	0
630	CTT1	CTT1	0.4	3	45	875	Big-FISH	Fixed	TRUE	0.649649206081053	0.887599370212698	0.963565988866667	0	0.958501159573815	0.968022761238977	0.976412252155667	0
631	CTT1	CTT1	0.4	3	45	875	Big-FISH	Variable	FALSE	0.478817155345845	2.99503450943986	0.953142941797221	0	0.946668519583787	0.958847987177566	0.969564841354749	0
632	CTT1	CTT1	0.4	3	45	875	Big-FISH	Variable	TRUE	0.749366597021897	2.14801634809087	0.960276567099985	0	0.954764997201833	0.965128570455543	0.971969871147495	0
633	CTT1	CTT1	0.4	3	4	514	NeuertLab	Fixed	FALSE	0.755447201962257	0.0772654870367844	0.983586100086956	0	0.980508408816745	0.986181219547445	0.978805745352888	0
634	CTT1	CTT1	0.4	3	4	514	NeuertLab	Fixed	TRUE	0.769744721210807	0.0373976192198561	0.986492202679557	0	0.983955012996217	0.98863048640747	0.922956985836831	1.91289234729487e-214
635	CTT1	CTT1	0.4	3	4	514	NeuertLab	Variable	FALSE	0.752870723701461	0.123542297887001	0.967188247538189	7.75555226567437e-307	0.961096177315942	0.972339796913709	0.91323736354845	8.55754935593045e-202
636	CTT1	CTT1	0.4	3	4	514	NeuertLab	Variable	TRUE	0.859680322842282	0.0880496923898619	0.978529249994559	0	0.974515555102209	0.981916593901998	0.836585703389637	6.50639692677786e-136
637	CTT1	CTT1	0.4	3	4	514	Big-FISH	Fixed	FALSE	0.6645248776509	0.0327936378466548	0.972664586953063	0	0.967572533276333	0.976966400981435	0.888643244714838	1.78634041190559e-175
638	CTT1	CTT1	0.4	3	4	514	Big-FISH	Fixed	TRUE	0.772764197622038	-0.0162838785909465	0.975290875017761	0	0.970680776277174	0.979183747559863	0.823918391826789	2.24375824739263e-128
639	CTT1	CTT1	0.4	3	4	514	Big-FISH	Variable	FALSE	0.679096293882653	0.0945655871012368	0.97067619068334	3.88948239032063e-319	0.965220268060823	0.975287001411985	0.902469388654516	2.07432126079103e-189
640	CTT1	CTT1	0.4	3	4	514	Big-FISH	Variable	TRUE	0.786117328544049	0.0426478669365106	0.96808361370722	7.30771581209929e-310	0.962154585539736	0.973096510273939	0.839904208831353	5.38696095686931e-138
641	CTT1	CTT1	0.4	3	50	586	NeuertLab	Fixed	FALSE	0.696304866938783	1.47116293437896	0.963610090597085	0	0.957332551812076	0.968978671048847	0.991048708301679	0
642	CTT1	CTT1	0.4	3	50	586	NeuertLab	Fixed	TRUE	0.779412949271555	1.00859456789356	0.976391213465843	0	0.972287399387879	0.979893510506802	0.988050543414816	0
643	CTT1	CTT1	0.4	3	50	586	NeuertLab	Variable	FALSE	0.730576749698308	1.34185721406777	0.969625395861654	0	0.964366712710382	0.974118239116662	0.987750060264708	0
644	CTT1	CTT1	0.4	3	50	586	NeuertLab	Variable	TRUE	0.752775767335714	0.963366278115547	0.96798442250603	0	0.962447058149227	0.972716627229869	0.986624076665024	0
645	CTT1	CTT1	0.4	3	50	586	Big-FISH	Fixed	FALSE	0.519940742928242	1.37552448388464	0.949006859308394	5.75617813223107e-295	0.940286758761533	0.956482098943542	0.977418317108756	0
646	CTT1	CTT1	0.4	3	50	586	Big-FISH	Fixed	TRUE	0.824356514718403	0.291408812084508	0.976844380946737	0	0.97281825565694	0.980280122630619	0.981786465107698	0
647	CTT1	CTT1	0.4	3	50	586	Big-FISH	Variable	FALSE	0.588910604490965	1.85453193560181	0.965952389241702	0	0.960070698452183	0.970980518721358	0.975173222379402	0
648	CTT1	CTT1	0.4	3	50	586	Big-FISH	Variable	TRUE	0.886359533911953	1.20733276692392	0.97549945191859	0	0.971242882216999	0.979132642512838	0.975951532664981	0
649	CTT1	CTT1	0.4	3	55	1208	NeuertLab	Fixed	FALSE	0.636762112955026	1.89015778203313	0.965523684554113	0	0.96148154405654	0.969148313273094	0.991806898034252	0
650	CTT1	CTT1	0.4	3	55	1208	NeuertLab	Fixed	TRUE	0.636513529078284	1.32321842097233	0.972428858129422	0	0.969183614550687	0.975336628611802	0.986020568728616	0
651	CTT1	CTT1	0.4	3	55	1208	NeuertLab	Variable	FALSE	0.566346124111738	1.97321267720728	0.94172418845551	0	0.93498399997201	0.947784479545143	0.981362598567691	0
652	CTT1	CTT1	0.4	3	55	1208	NeuertLab	Variable	TRUE	0.554218114936198	1.24223342385141	0.954964332528435	0	0.949715843935997	0.959676331694071	0.975044794901885	0
653	CTT1	CTT1	0.4	3	55	1208	Big-FISH	Fixed	FALSE	0.51876831289473	1.43489657941365	0.950248761257396	0	0.944466327605133	0.955442896943047	0.977581941997799	0
654	CTT1	CTT1	0.4	3	55	1208	Big-FISH	Fixed	TRUE	0.655744795790305	0.53490056479126	0.976063266478353	0	0.973240004824284	0.978591896936429	0.979239351927446	0
655	CTT1	CTT1	0.4	3	55	1208	Big-FISH	Variable	FALSE	0.58115042176274	1.83584967538845	0.960270306265749	0	0.95562614400847	0.964437249955188	0.979797392959727	0
656	CTT1	CTT1	0.4	3	55	1208	Big-FISH	Variable	TRUE	0.726757775086857	1.22580911084344	0.977677846553837	0	0.975042614328362	0.980037638903552	0.981670396412264	0
657	CTT1	CTT1	0.4	3	6	1036	NeuertLab	Fixed	FALSE	0.717933353328709	0.19061703045762	0.974818638622802	0	0.971598691694417	0.977677663036633	0.978037530039749	0
658	CTT1	CTT1	0.4	3	6	1036	NeuertLab	Fixed	TRUE	0.775108068428426	0.155684794912877	0.971299358785469	0	0.967636775430712	0.974552804028433	0.963090017772784	0
659	CTT1	CTT1	0.4	3	6	1036	NeuertLab	Variable	FALSE	0.780949185177009	0.295453759937096	0.975612755197291	0	0.972492937757197	0.97838260469831	0.967527046616449	0
660	CTT1	CTT1	0.4	3	6	1036	NeuertLab	Variable	TRUE	0.882525770956333	0.24722167595825	0.974395548794659	0	0.971122292376257	0.977302057579634	0.955958195069203	0
661	CTT1	CTT1	0.4	3	6	1036	Big-FISH	Fixed	FALSE	0.563711486539923	0.224517259543431	0.95010945165079	0	0.943819819160344	0.955710974346917	0.94292299172297	0
662	CTT1	CTT1	0.4	3	6	1036	Big-FISH	Fixed	TRUE	0.701907030381523	0.0734813735087344	0.962359721355496	0	0.957580869926666	0.966609380385704	0.924778113347671	0
663	CTT1	CTT1	0.4	3	6	1036	Big-FISH	Variable	FALSE	0.745917556273204	0.336404660257871	0.976745507676455	0	0.973768677208177	0.979388043936553	0.977585998041598	0
664	CTT1	CTT1	0.4	3	6	1036	Big-FISH	Variable	TRUE	0.923619258844372	0.188760471480062	0.979489516392918	0	0.976859837228108	0.98182310307341	0.962842212156263	0
665	CTT1	CTT1	0.4	3	8	763	NeuertLab	Fixed	FALSE	0.720736567124471	0.904909832152182	0.975601915602181	0	0.971926302185362	0.978801464273605	0.987232526001703	0
666	CTT1	CTT1	0.4	3	8	763	NeuertLab	Fixed	TRUE	0.784631229169895	0.552494873679636	0.983262082704523	0	0.980729229926106	0.985464473111514	0.987849268873445	0
667	CTT1	CTT1	0.4	3	8	763	NeuertLab	Variable	FALSE	0.708361134127093	0.987638264527554	0.946187632821699	0	0.938219282380373	0.953153082337198	0.966779454423124	0
668	CTT1	CTT1	0.4	3	8	763	NeuertLab	Variable	TRUE	0.836054640802733	0.669313025341157	0.984002772279374	0	0.981580962841135	0.986108384733054	0.98870134063093	0
669	CTT1	CTT1	0.4	3	8	763	Big-FISH	Fixed	FALSE	0.334657318802882	0.679994552445312	0.838771293076446	4.18638950649249e-203	0.816397649199265	0.858630698670516	0.895888748462092	2.36789588443359e-270
670	CTT1	CTT1	0.4	3	8	763	Big-FISH	Fixed	TRUE	0.502146395314641	0.283156527463739	0.895524806313439	8.30745676346395e-270	0.88051505767868	0.908740526909132	0.925522419110805	3.95252516672997e-323
671	CTT1	CTT1	0.4	3	8	763	Big-FISH	Variable	FALSE	0.687593658451438	1.02952426786456	0.974315915429842	0	0.970449461757731	0.977682204178835	0.983880752948288	0
672	CTT1	CTT1	0.4	3	8	763	Big-FISH	Variable	TRUE	0.879304545118563	0.552700783318966	0.980627712547282	0	0.977700697935318	0.983173794910113	0.986419396190123	0
673	STL1	STL1	0.2	1	0	1619	NeuertLab	Fixed	FALSE	0.220254050323219	-0.0237283216191094	0.729036283716657	1.61365198354353e-268	0.705371419738507	0.751077807578417	0.541140607319755	7.9801349520987e-124
674	STL1	STL1	0.2	1	0	1619	NeuertLab	Fixed	TRUE	0.364131181530337	-0.0207291484078376	0.836868168806066	0	0.821649473711862	0.850894542935669	0.667399908858153	2.92540793934733e-209
675	STL1	STL1	0.2	1	0	1619	NeuertLab	Variable	FALSE	0.610467604538937	0.48092246898651	0.742753944693163	5.40461362742468e-284	0.720093178518425	0.763832021324734	0.686176042390244	9.60495866064106e-226
676	STL1	STL1	0.2	1	0	1619	NeuertLab	Variable	TRUE	0.733973509676244	0.542496676627072	0.707481609296397	4.92302389332197e-246	0.68228016722693	0.73100371558604	0.655586385214926	1.70817334946157e-199
677	STL1	STL1	0.2	1	0	1619	Big-FISH	Fixed	FALSE	0.0161597892100403	-0.0252509195991702	0.233105624127278	2.03158749244756e-21	0.186506312831659	0.278658429848973	0.25041265284214	1.43340396011472e-24
678	STL1	STL1	0.2	1	0	1619	Big-FISH	Fixed	TRUE	0.0342865832623246	-0.0524709132486716	0.289660865529885	1.15413946243174e-32	0.244392278252049	0.333669615314209	0.2602790299104	1.76693023409521e-26
679	STL1	STL1	0.2	1	0	1619	Big-FISH	Variable	FALSE	0.00103626701884538	0.804764082130822	0.0348662115654301	0.160841339189952	-0.0138746856940916	0.0834418081252764	0.365269692187336	2.82288192144489e-52
680	STL1	STL1	0.2	1	0	1619	Big-FISH	Variable	TRUE	0.00789515813045743	0.571335686096374	0.125867250440359	3.75845241401891e-07	0.077625916191056	0.173520566713275	0.388072408551702	2.47904450102317e-59
681	STL1	STL1	0.2	1	10	539	NeuertLab	Fixed	FALSE	0.712603854637004	0.768362025163903	0.98343848273918	0	0.980412917591816	0.986000000602587	0.983936188975362	0
682	STL1	STL1	0.2	1	10	539	NeuertLab	Fixed	TRUE	0.756829064731011	0.530801840224412	0.989440851647555	0	0.987504930147927	0.991078177907345	0.987847555532169	0
683	STL1	STL1	0.2	1	10	539	NeuertLab	Variable	FALSE	0.739367574549165	1.00005695586337	0.986324865631435	0	0.983822302699769	0.988442557040272	0.987336386768757	0
684	STL1	STL1	0.2	1	10	539	NeuertLab	Variable	TRUE	0.768702994733464	0.840109911465673	0.991352511092527	0	0.989765271467753	0.992694499482556	0.991333935166061	0
685	STL1	STL1	0.2	1	10	539	Big-FISH	Fixed	FALSE	0.191558683761131	-0.0526382641550344	0.832016121634692	1.57444623831547e-139	0.804060488306826	0.856300891950308	0.884026730299954	1.70228632616551e-179
686	STL1	STL1	0.2	1	10	539	Big-FISH	Fixed	TRUE	0.228761864547659	-0.0452221506790314	0.833000175919562	3.75088377651706e-140	0.805190893389439	0.857153777752191	0.889963369711002	2.93536419740725e-185
687	STL1	STL1	0.2	1	10	539	Big-FISH	Variable	FALSE	0.754873408957861	0.986893592137362	0.979758998155358	0	0.976069351107513	0.982884699568832	0.97787664776031	0
688	STL1	STL1	0.2	1	10	539	Big-FISH	Variable	TRUE	0.834162292202406	0.651141760859126	0.987170056037739	0	0.984820981818889	0.989157578159479	0.982579824957078	0
689	STL1	STL1	0.2	1	15	556	NeuertLab	Fixed	FALSE	0.745213071839748	0.533066630114177	0.980162503074683	0	0.976606255163778	0.983182740287257	0.986186139014855	0
690	STL1	STL1	0.2	1	15	556	NeuertLab	Fixed	TRUE	0.76513324139805	0.644610948818751	0.97769121525994	0	0.973697826725999	0.981084109129467	0.98184354900555	0
691	STL1	STL1	0.2	1	15	556	NeuertLab	Variable	FALSE	0.685609365466333	0.709956584617756	0.928846778985898	4.43901542675485e-241	0.916479229058242	0.939440841943934	0.939605796229136	3.8838194960301e-260
692	STL1	STL1	0.2	1	15	556	NeuertLab	Variable	TRUE	0.667663230075732	0.821050832164969	0.966758767071588	0	0.960847155957968	0.971790636593579	0.974072811031034	0
693	STL1	STL1	0.2	1	15	556	Big-FISH	Fixed	FALSE	0.433544790557092	0.496043924958851	0.885249088750889	2.58404940328668e-186	0.865830692164573	0.902004657215978	0.908613761605997	3.1212395964082e-212
694	STL1	STL1	0.2	1	15	556	Big-FISH	Fixed	TRUE	0.540887419106931	0.659702633236507	0.885970613338743	5.00241526260294e-187	0.866665679316319	0.902626268652294	0.905791211661635	9.48367762572156e-209
695	STL1	STL1	0.2	1	15	556	Big-FISH	Variable	FALSE	0.688693710751271	1.46562326055225	0.949919622444044	4.9518795464085e-282	0.941103021773077	0.957445353405883	0.962814587072682	4.64683561883068e-317
696	STL1	STL1	0.2	1	15	556	Big-FISH	Variable	TRUE	0.828109971109004	1.15204127217484	0.959992912550284	1.96826074407796e-308	0.952906874818238	0.966031269806256	0.961414111276176	1.07005525722661e-312
697	STL1	STL1	0.2	1	1	702	NeuertLab	Fixed	FALSE	0.180906600506542	-0.00271359900759904	0.50022478797768	1.00949336681764e-45	0.4426109822335	0.553725661151535	0.425910395209522	2.6444821026137e-32
698	STL1	STL1	0.2	1	1	702	NeuertLab	Fixed	TRUE	0.18337844645769	0.00595151691101836	0.455515058130506	2.94647820220558e-37	0.394826250677051	0.512246019471507	0.435386983154988	7.75739642163869e-34
699	STL1	STL1	0.2	1	1	702	NeuertLab	Variable	FALSE	1.11971039820246	0.735576545213296	0.549138078985876	1.53081719795587e-56	0.495265892547981	0.598803068685913	0.495714970294553	8.23845774279099e-45
700	STL1	STL1	0.2	1	1	702	NeuertLab	Variable	TRUE	0.932765182856205	0.753466821115337	0.369128718634714	4.39525690080451e-24	0.303419314648229	0.431343929548218	0.361767868000247	3.93914382114256e-23
701	STL1	STL1	0.2	1	1	702	Big-FISH	Fixed	FALSE	0.000793575216705643	0.0134348440040814	0.0879180832368527	0.0198179920552867	0.0140120997761455	0.16086866387649	0.097378970396727	0.00983368521099364
702	STL1	STL1	0.2	1	1	702	Big-FISH	Fixed	TRUE	0.00283102512702679	0.00890524818707637	0.0560026027871982	0.138254113072962	-0.0180694192684803	0.129463244682854	0.0520376239242329	0.168441860880369
703	STL1	STL1	0.2	1	1	702	Big-FISH	Variable	FALSE	0.00765336740557291	0.455313900182087	0.23300027773488	4.14126429884137e-10	0.161792660571533	0.301794080769538	0.514666857479091	9.79455414053479e-49
704	STL1	STL1	0.2	1	1	702	Big-FISH	Variable	TRUE	0.0491939704696491	0.311397778459072	0.488631092948657	2.09312680951824e-43	0.430188404177674	0.542994999334877	0.536435652622611	1.46805220921976e-53
705	STL1	STL1	0.2	1	20	1251	NeuertLab	Fixed	FALSE	0.779074406162863	-0.0736716792006816	0.985114015604277	0	0.983381638951741	0.986667015107648	0.965351499680342	0
706	STL1	STL1	0.2	1	20	1251	NeuertLab	Fixed	TRUE	0.784719045389315	-0.00634618054237729	0.985913400741276	0	0.984273316611262	0.987383533392213	0.968146429119378	0
707	STL1	STL1	0.2	1	20	1251	NeuertLab	Variable	FALSE	0.750740957858383	0.552534639562087	0.981695876225736	0	0.979569802901914	0.983602531916796	0.978846466672731	0
708	STL1	STL1	0.2	1	20	1251	NeuertLab	Variable	TRUE	0.802952831028727	1.30873279471101	0.984036725335831	0	0.982180102991854	0.98570130499622	0.970740062567713	0
709	STL1	STL1	0.2	1	20	1251	Big-FISH	Fixed	FALSE	0.44861288179968	-1.4816833008025	0.787209328217896	1.76689202458368e-264	0.765170037842781	0.807405867083059	0.697299900589139	7.69784277888214e-183
710	STL1	STL1	0.2	1	20	1251	Big-FISH	Fixed	TRUE	0.492236791913205	-1.59662449937311	0.76993822643214	6.14588547939512e-246	0.746363986226589	0.791582849951418	0.678925825588223	8.48356990201568e-170
711	STL1	STL1	0.2	1	20	1251	Big-FISH	Variable	FALSE	0.760903746670776	0.711459322257343	0.975906371834637	0	0.973116954431153	0.978409522978336	0.963721534718654	0
712	STL1	STL1	0.2	1	20	1251	Big-FISH	Variable	TRUE	0.806873578386721	0.325659587479182	0.980113631211366	0	0.977805834145318	0.982183620262515	0.969221628431456	0
713	STL1	STL1	0.2	1	25	613	NeuertLab	Fixed	FALSE	0.800787238830675	-0.3498062667719	0.959698480217891	0	0.952929689616893	0.965511096914029	0.839967992669945	2.33837585634696e-164
714	STL1	STL1	0.2	1	25	613	NeuertLab	Fixed	TRUE	0.815440460091765	-0.312151516449463	0.964725715587172	0	0.958783509652806	0.969824427711315	0.855178179062865	1.59596222684393e-176
715	STL1	STL1	0.2	1	25	613	NeuertLab	Variable	FALSE	0.925045123940901	1.31539214113645	0.91308482361942	3.24792717223242e-240	0.898891022866645	0.925364397995637	0.795175532351975	7.32288833668471e-135
716	STL1	STL1	0.2	1	25	613	NeuertLab	Variable	TRUE	0.944181432202809	1.78129231498465	0.883585684070804	1.71901838929491e-203	0.864914648852423	0.899814707871069	0.773538523543171	3.90270815110589e-123
717	STL1	STL1	0.2	1	25	613	Big-FISH	Fixed	FALSE	0.0345681747615704	0.118322499934658	0.269262585647652	1.21338508534693e-11	0.194213343529197	0.341178094322205	0.308188971908793	5.92141453348089e-15
718	STL1	STL1	0.2	1	25	613	Big-FISH	Fixed	TRUE	0.0743518803439617	-0.24066318070828	0.323256053890257	2.23963840141029e-16	0.250477517952194	0.392401506712259	0.330586107745061	4.25335704204442e-17
719	STL1	STL1	0.2	1	25	613	Big-FISH	Variable	FALSE	0.0149923685731338	1.47455300353306	0.191840993628975	1.71349455105785e-06	0.114388319654846	0.266975565781462	0.294427306424345	1.00422474590326e-13
720	STL1	STL1	0.2	1	25	613	Big-FISH	Variable	TRUE	0.0276148659217652	1.51890196753806	0.19120669204502	1.85642720769078e-06	0.113738431837123	0.266363935696429	0.249537437382929	3.72772896566062e-10
721	STL1	STL1	0.2	1	2	707	NeuertLab	Fixed	FALSE	0.0335729713537988	0.0199987387472605	0.16782605489144	7.24477139775388e-06	0.0952701310263502	0.238608222894251	0.356085234894903	1.46276173506434e-22
722	STL1	STL1	0.2	1	2	707	NeuertLab	Fixed	TRUE	0.0893492461387329	0.0194127817454679	0.397588448899484	3.41691722807744e-28	0.33363446276226	0.457899466381235	0.485858777503774	3.69701810915606e-43
723	STL1	STL1	0.2	1	2	707	NeuertLab	Variable	FALSE	1.03691373133852	0.899992953199203	0.728494305803107	6.30600755873383e-118	0.691926578208525	0.761333795362436	0.546036101043287	3.45915633395039e-56
724	STL1	STL1	0.2	1	2	707	NeuertLab	Variable	TRUE	0.985148630309687	0.817930968134108	0.807148589662258	1.59144105679639e-163	0.779825007102578	0.831402536322042	0.529699576059988	2.17813814033829e-52
725	STL1	STL1	0.2	1	2	707	Big-FISH	Fixed	FALSE	0.00494245816951107	-0.0109408251230049	0.218237655953316	4.53553789605735e-09	0.146866128404969	0.287348578927804	0.14350961218555	0.000128702118896998
726	STL1	STL1	0.2	1	2	707	Big-FISH	Fixed	TRUE	0.0219048518443062	-0.0455327280907264	0.287312365764538	6.6577016560749e-15	0.218200063667719	0.353557136919457	0.161965979858136	1.50760459864789e-05
727	STL1	STL1	0.2	1	2	707	Big-FISH	Variable	FALSE	-0.00154269095091984	1.79487460186478	-0.0337599724271912	0.37007816874882	-0.107227907913355	0.0400746413389645	0.0324835039891783	0.388457276807881
728	STL1	STL1	0.2	1	2	707	Big-FISH	Variable	TRUE	0.104124430081597	2.09769923775292	0.314944526330286	9.59931488505269e-18	0.24694430669995	0.379858168498318	0.148538890688257	7.35205140508333e-05
729	STL1	STL1	0.2	1	30	977	NeuertLab	Fixed	FALSE	0.459974613197718	-0.0898987038470788	0.71589600877844	2.73275320298778e-154	0.683883646553834	0.745157178129515	0.655089441414054	7.90343311490819e-121
730	STL1	STL1	0.2	1	30	977	NeuertLab	Fixed	TRUE	0.493530337093245	-0.06558593724644	0.734776183622963	1.52433087955025e-166	0.704524874631511	0.762362102840185	0.676024899534757	1.94082190510701e-131
731	STL1	STL1	0.2	1	30	977	NeuertLab	Variable	FALSE	0.962222893440991	0.717854723854492	0.683154310533636	2.9581676507322e-135	0.648209040300624	0.715228040300003	0.646604625382749	9.13144912586074e-117
732	STL1	STL1	0.2	1	30	977	NeuertLab	Variable	TRUE	1.05914741504548	1.31640230229914	0.395560555868262	6.05650857408485e-38	0.341309270542412	0.447185154864601	0.526995338528933	6.34085764306075e-71
733	STL1	STL1	0.2	1	30	977	Big-FISH	Fixed	FALSE	0.0038348149258105	0.228296047418499	0.104302727877643	0.00109492838747531	0.04185768619803	0.1659360798966	0.14985526381419	2.54340126570187e-06
734	STL1	STL1	0.2	1	30	977	Big-FISH	Fixed	TRUE	0.0122245007187658	0.142428014344706	0.162739388930929	3.14800461007927e-07	0.101051944773975	0.223180289877073	0.208338448380899	4.8331533969109e-11
735	STL1	STL1	0.2	1	30	977	Big-FISH	Variable	FALSE	0.00241893609052111	0.486437050598988	0.127913460599824	6.08335830645993e-05	0.0657218557621546	0.189115132147768	0.371143777117155	2.86282778645015e-33
736	STL1	STL1	0.2	1	30	977	Big-FISH	Variable	TRUE	0.00294174936546776	0.396735696129892	0.101316052759535	0.00151944303360416	0.0388440201384543	0.162999150574681	0.323866174679614	2.71120161638378e-25
737	STL1	STL1	0.2	1	35	336	NeuertLab	Fixed	FALSE	0.255683679486341	0.00524143353207053	0.535949265078144	2.23273690140548e-26	0.455049115266515	0.60807441004299	0.502775532593695	6.31262963880428e-23
738	STL1	STL1	0.2	1	35	336	NeuertLab	Fixed	TRUE	0.292531120331949	0.0182770203517098	0.559012712542751	5.18283715239078e-29	0.480774109018973	0.628420420542029	0.571298980346915	1.67988205432535e-30
739	STL1	STL1	0.2	1	35	336	NeuertLab	Variable	FALSE	0.879949038910045	1.76825235486184	0.417819670951479	1.25358898791409e-15	0.325370895196328	0.50235643139304	0.547942114075219	1.01038913925385e-27
740	STL1	STL1	0.2	1	35	336	NeuertLab	Variable	TRUE	1.14561343217635	8.22120449141906	0.114782668383203	0.0354556341872439	0.00788525249796779	0.219086305940201	0.279458313012185	1.91315451751319e-07
741	STL1	STL1	0.2	1	35	336	Big-FISH	Fixed	FALSE	0.00202432967738233	-0.0171960437311525	0.169975819180712	0.00176671147015037	0.0641481908099484	0.272022946568122	0.10254860411572	0.0604229178009718
742	STL1	STL1	0.2	1	35	336	Big-FISH	Fixed	TRUE	0.00912725690136947	-0.0617859162033211	0.262605210512139	1.05209666962184e-06	0.160109594291895	0.359498545726086	0.214768439972935	7.23249765675444e-05
743	STL1	STL1	0.2	1	35	336	Big-FISH	Variable	FALSE	0.01487457543875	0.649978104542399	0.299439972609692	2.17688833310643e-08	0.198815437191651	0.393816979035739	0.161207507933155	0.00304284516740405
744	STL1	STL1	0.2	1	35	336	Big-FISH	Variable	TRUE	0.215604270354532	2.37635241007783	0.39214373696369	8.50046577017339e-14	0.297637495865055	0.47903889643754	0.0958244125715547	0.0794334254946508
745	STL1	STL1	0.2	1	40	737	NeuertLab	Fixed	FALSE	0.612946175150082	-0.143756558237144	0.826240015056069	2.26631906578564e-185	0.801869188060876	0.847866238911019	0.440570407494512	2.39934438358261e-36
746	STL1	STL1	0.2	1	40	737	NeuertLab	Fixed	TRUE	0.612032853490237	-0.114558159083741	0.844431410133765	1.8950625390312e-201	0.822363853730341	0.863962181891576	0.505043724943074	5.83751133922611e-49
747	STL1	STL1	0.2	1	40	737	NeuertLab	Variable	FALSE	1.00887003612764	0.708977462529525	0.661497843295799	6.23541226612492e-94	0.618843472878404	0.70026267054934	0.520878575328929	1.71333664451162e-52
748	STL1	STL1	0.2	1	40	737	NeuertLab	Variable	TRUE	1.16193632838737	1.12285522378946	0.537922815160348	1.65015555755246e-56	0.484527873124436	0.587324368205116	0.44708150266658	1.6790751244211e-37
749	STL1	STL1	0.2	1	40	737	Big-FISH	Fixed	FALSE	0.00311503897571106	-0.0169007857039838	0.106492814206898	0.00379924159694621	0.0345408071189402	0.177346550781907	0.108396735579011	0.00321477964879776
750	STL1	STL1	0.2	1	40	737	Big-FISH	Fixed	TRUE	0.00687111381680649	-0.0487327661159255	0.150953335073982	3.87704887703913e-05	0.0796034833294959	0.22076432264512	0.156829118966427	1.89580514317891e-05
751	STL1	STL1	0.2	1	40	737	Big-FISH	Variable	FALSE	0.0204015079718343	0.131343870313862	0.569402164947606	1.46469662815702e-64	0.518505939620894	0.616277919867046	0.576865654434932	1.33880596096784e-66
752	STL1	STL1	0.2	1	40	737	Big-FISH	Variable	TRUE	0.456801307403721	4.65079081171671	0.61306793669772	2.80723220859634e-77	0.565905366015856	0.656231383916988	0.69071671030681	1.41494118126234e-105
753	STL1	STL1	0.2	1	45	1011	NeuertLab	Fixed	FALSE	0.161152991699279	-0.000659967838187972	0.433742488863086	1.24758260699599e-47	0.38231161553805	0.482494249186045	0.362076179958593	1.11881793971013e-32
754	STL1	STL1	0.2	1	45	1011	NeuertLab	Fixed	TRUE	0.230225552678741	0.01777783310098	0.512369419592998	9.29790684799051e-69	0.465417194119207	0.556446042451279	0.49486566733629	1.44428577980617e-63
755	STL1	STL1	0.2	1	45	1011	NeuertLab	Variable	FALSE	1.4411861786217	1.46572740591467	0.435254167090306	5.49248796587311e-48	0.38390159388453	0.483922626694102	0.406322762089453	1.79444946495449e-41
756	STL1	STL1	0.2	1	45	1011	NeuertLab	Variable	TRUE	1.20658226052416	1.10813207078767	0.414861631578869	2.49511541833998e-43	0.362478413811626	0.464631946384991	0.411955317513447	1.0842785486438e-42
757	STL1	STL1	0.2	1	45	1011	Big-FISH	Fixed	FALSE	0.000885245136583063	0.0146374072003307	0.0792954382666375	0.0116640329675259	0.0177273449499308	0.140264454844064	0.107827730492851	0.000594106368499554
758	STL1	STL1	0.2	1	45	1011	Big-FISH	Fixed	TRUE	0.00301581829191656	0.0157389101235739	0.107023485907271	0.000653145900825708	0.0456700789990076	0.167572518656424	0.112660271143811	0.000331729815705391
759	STL1	STL1	0.2	1	45	1011	Big-FISH	Variable	FALSE	-0.00291935857000483	5.32004816205247	-0.0148773301622696	0.636581430888197	-0.0764619560689144	0.0468203774805995	0.0181765438505805	0.563751530355944
760	STL1	STL1	0.2	1	45	1011	Big-FISH	Variable	TRUE	0.125680727002343	14.1001645742024	0.177009932677542	1.46097451283281e-08	0.116627991597565	0.236088144761826	0.130836100024575	3.00750613514823e-05
761	STL1	STL1	0.2	1	4	812	NeuertLab	Fixed	FALSE	0.125131810193322	-0.00281801102963485	0.429012790505618	1.08658680471372e-37	0.371168392875496	0.483540416052512	0.351472282549752	5.080536116313e-25
762	STL1	STL1	0.2	1	4	812	NeuertLab	Fixed	TRUE	0.167748340718133	0.00150760236068453	0.427304596242613	2.25325428570619e-37	0.36936351703979	0.48193621031335	0.417580458280384	1.32344965289366e-35
763	STL1	STL1	0.2	1	4	812	NeuertLab	Variable	FALSE	0.969652614198523	0.478407537732278	0.528668642384588	1.16704301380898e-59	0.477226670970459	0.576499821198571	0.509373501892989	8.05083682263072e-55
764	STL1	STL1	0.2	1	4	812	NeuertLab	Variable	TRUE	1.07741945970547	0.883521341958964	0.436212420168166	4.79691856292864e-39	0.37878031852593	0.490297735997334	0.353395176519137	2.70007663619137e-25
765	STL1	STL1	0.2	1	4	812	Big-FISH	Fixed	FALSE	-0.000138269741352442	0.0171477302830554	-0.0393301736622433	0.262950732287145	-0.107838175550731	0.029549586894285	-0.0327321792902573	0.351576221441404
766	STL1	STL1	0.2	1	4	812	Big-FISH	Fixed	TRUE	0.000859407620731767	0.00375463139530749	0.0861298597535235	0.0140843091639103	0.0174333628453122	0.154017000635711	0.0842662474658724	0.0163149678180693
767	STL1	STL1	0.2	1	4	812	Big-FISH	Variable	FALSE	-0.00411207768859406	0.974859610557012	-0.188433537533224	6.3098286304776e-08	-0.253941197663382	-0.121205060894306	-0.295446829399873	8.06629422154705e-18
768	STL1	STL1	0.2	1	4	812	Big-FISH	Variable	TRUE	-0.00192028831177969	0.474241500271048	-0.0598989402538947	0.0880528801664617	-0.128170547001749	0.00893769438770115	-0.0912428993546833	0.00928318752664959
769	STL1	STL1	0.2	1	50	397	NeuertLab	Fixed	FALSE	0.209620953451182	-0.000302545706011938	0.517449434598084	1.43326128219699e-28	0.441513070399991	0.586025993215827	0.418917268334859	2.65927308287432e-18
770	STL1	STL1	0.2	1	50	397	NeuertLab	Fixed	TRUE	0.341898258201147	-0.00760686346544394	0.621941736325755	7.20628866868131e-44	0.557655424101147	0.678811744649936	0.539007097861785	2.68395696712737e-31
771	STL1	STL1	0.2	1	50	397	NeuertLab	Variable	FALSE	1.76527672066978	4.05776340110906	0.36032213444141	1.29192882297967e-13	0.271529651296065	0.443032510713747	0.365009862096749	5.88858751072885e-14
772	STL1	STL1	0.2	1	50	397	NeuertLab	Variable	TRUE	3.03570457757964	11.1605822550832	0.228719862069126	4.14429262020794e-06	0.133298654814328	0.319939587236829	0.213078474948605	1.85689052703097e-05
773	STL1	STL1	0.2	1	50	397	Big-FISH	Fixed	FALSE	0.00110364271690168	-1.29070819523928e-06	0.0981163880364389	0.0507595930287723	-0.000308490018207616	0.194658508538386	0.072599373723032	0.148773585291073
774	STL1	STL1	0.2	1	50	397	Big-FISH	Fixed	TRUE	0.00286963089846627	-0.00420331398123385	0.122398850504484	0.0146762147066153	0.0242693173243229	0.218192247032175	0.133353536404484	0.00780096726548363
775	STL1	STL1	0.2	1	50	397	Big-FISH	Variable	FALSE	0.15021089910414	2.7152174843154	0.748280270747447	2.11489337584578e-72	0.70152359591624	0.788622367923392	0.756940742442041	5.51031191937594e-75
776	STL1	STL1	0.2	1	50	397	Big-FISH	Variable	TRUE	0.541244739229612	1.80302025911916	0.945351170446892	2.3821622750412e-194	0.933814405560097	0.954923844382816	0.933108605463223	1.51184312531367e-177
777	STL1	STL1	0.2	1	55	1107	NeuertLab	Fixed	FALSE	0.126343162749622	-0.00946960404298293	0.394483657229834	1.56671688551492e-42	0.343549052772427	0.443104314325384	0.37474999600423	3.10692158172056e-38
778	STL1	STL1	0.2	1	55	1107	NeuertLab	Fixed	TRUE	0.177752154784683	0.000688004623044931	0.465178102341861	1.58913618114583e-60	0.417707011709783	0.510116423232799	0.453924855437088	2.28069705263071e-57
779	STL1	STL1	0.2	1	55	1107	NeuertLab	Variable	FALSE	1.60633714426041	2.42795437801849	0.395745216211381	8.13126145173826e-43	0.344866875881672	0.444304941844119	0.410685320273906	2.76538666077804e-46
780	STL1	STL1	0.2	1	55	1107	NeuertLab	Variable	TRUE	1.55243253567628	2.071117902262	0.493392728644846	5.5958872803805e-69	0.447481595579746	0.536709946050449	0.468766678070457	1.47700858949816e-61
781	STL1	STL1	0.2	1	55	1107	Big-FISH	Fixed	FALSE	0.00159149980484608	0.0487896715728889	0.0936066922139864	0.00182222214404636	0.0348794003663773	0.151689742945869	0.108492047747423	0.000298837144015875
782	STL1	STL1	0.2	1	55	1107	Big-FISH	Fixed	TRUE	0.00758766974862864	0.0224993544012002	0.200030649400143	1.87027285331132e-11	0.142793919825162	0.255933940323097	0.212282364541566	9.5747828205658e-13
783	STL1	STL1	0.2	1	55	1107	Big-FISH	Variable	FALSE	0.0328136990463553	0.106681495483358	0.315287414802905	5.69151972778987e-27	0.261220346610486	0.367382350964739	0.290145189514411	6.49175360508272e-23
784	STL1	STL1	0.2	1	55	1107	Big-FISH	Variable	TRUE	0.417176588092552	9.56707774705847	0.754350250500567	3.35983876761606e-204	0.727777429403884	0.778661476138173	0.691499323171727	2.97943512542017e-158
785	STL1	STL1	0.2	1	6	672	NeuertLab	Fixed	FALSE	0.679019337279256	-0.0536730476236754	0.974484439271375	0	0.970370924709166	0.978033226203896	0.922295238702867	8.00651896203759e-279
786	STL1	STL1	0.2	1	6	672	NeuertLab	Fixed	TRUE	0.749714354585994	-0.0570240534444434	0.976890026402984	0	0.973159058808719	0.980107607246678	0.91892596945625	6.68707093056391e-273
787	STL1	STL1	0.2	1	6	672	NeuertLab	Variable	FALSE	0.735740294966599	0.283944900865791	0.980288103398786	0	0.977099380031912	0.983036632727083	0.89953829686319	3.56325125475523e-243
788	STL1	STL1	0.2	1	6	672	NeuertLab	Variable	TRUE	0.8125582560475	0.751847609600049	0.972100345506769	0	0.967608782364527	0.975976685546537	0.79230256381781	6.63272211175319e-146
789	STL1	STL1	0.2	1	6	672	Big-FISH	Fixed	FALSE	0.163510737726224	0.10012088146543	0.765734169722905	1.50206227346078e-130	0.732525722377531	0.79530672355163	0.817051010384068	2.21161932756196e-162
790	STL1	STL1	0.2	1	6	672	Big-FISH	Fixed	TRUE	0.191956912417876	0.112399866671447	0.777931614413184	2.46591138847104e-137	0.746203696697502	0.806133477767042	0.815518766324133	2.7303326323717e-161
791	STL1	STL1	0.2	1	6	672	Big-FISH	Variable	FALSE	0.872154450240879	0.139921836095482	0.983361444972436	0	0.980665030972103	0.985684540603638	0.959875430455402	0
792	STL1	STL1	0.2	1	6	672	Big-FISH	Variable	TRUE	0.907407876846847	0.112184779843549	0.984266934774679	0	0.981715910030303	0.986464467596589	0.949780142085099	0
793	STL1	STL1	0.2	1	8	1191	NeuertLab	Fixed	FALSE	0.715011655751695	0.143542876663699	0.98042777408778	0	0.978096156201183	0.982513390258296	0.981015453609401	0
794	STL1	STL1	0.2	1	8	1191	NeuertLab	Fixed	TRUE	0.733199626581159	0.397483430511694	0.982621852978262	0	0.98054904616217	0.98447550088462	0.980615342683901	0
795	STL1	STL1	0.2	1	8	1191	NeuertLab	Variable	FALSE	0.471363354706856	0.135976224910797	0.733607448696254	1.06557992251874e-201	0.706233943420159	0.758790845575805	0.823136455447935	1.68498592715948e-294
796	STL1	STL1	0.2	1	8	1191	NeuertLab	Variable	TRUE	0.112932207049929	1.11708835702422	0.39564592499513	6.48134434352717e-46	0.346633016787384	0.442504231270153	0.658473957637888	6.06044657883609e-149
797	STL1	STL1	0.2	1	8	1191	Big-FISH	Fixed	FALSE	0.106154536501212	0.16436768521173	0.732750630122775	5.36476554263266e-201	0.705304047877466	0.758003719490001	0.775934723173529	3.59930235715729e-240
798	STL1	STL1	0.2	1	8	1191	Big-FISH	Fixed	TRUE	0.125462300996489	0.281153723479012	0.687237326719216	3.07785637538556e-167	0.656044362828571	0.716086415900727	0.762273765155864	7.08515592904627e-227
799	STL1	STL1	0.2	1	8	1191	Big-FISH	Variable	FALSE	0.713117764514873	2.63302777446445	0.873014630604011	0	0.85879933307742	0.885886668606822	0.855497053461327	0
800	STL1	STL1	0.2	1	8	1191	Big-FISH	Variable	TRUE	0.778879486157382	1.81170533417661	0.930728835820962	0	0.922707706601536	0.937944425709704	0.875705045981175	0
801	STL1	STL1	0.2	2	0	1619	NeuertLab	Fixed	FALSE	0.200936002373108	-0.013058254403645	0.685485333264254	4.0834942269473e-225	0.658767555868362	0.710476296486156	0.522597655903179	3.77480954623285e-114
802	STL1	STL1	0.2	2	0	1619	NeuertLab	Fixed	TRUE	0.329870213505868	-0.0042675413552235	0.811873792443589	0	0.794584110236104	0.827847817735789	0.670214487786812	1.18185357147403e-211
803	STL1	STL1	0.2	2	0	1619	NeuertLab	Variable	FALSE	0.629017694469614	0.504930671403231	0.721073136290317	5.78081466597064e-260	0.696834745445947	0.74366638964612	0.662249374119857	6.01188956169771e-205
804	STL1	STL1	0.2	2	0	1619	NeuertLab	Variable	TRUE	0.763736438426537	0.563996128807454	0.688083908624027	1.72662161440381e-227	0.661542550631351	0.712903562759993	0.62221686285993	3.77419489278457e-174
805	STL1	STL1	0.2	2	0	1619	Big-FISH	Fixed	FALSE	0.00537463650844995	-0.0294249464941061	0.1950106273573	2.43965397450915e-15	0.147696472617061	0.241434236124509	0.183416934832656	1.0253711156139e-13
806	STL1	STL1	0.2	2	0	1619	Big-FISH	Fixed	TRUE	0.0206612464486002	-0.00757172258845741	0.221472410426348	1.93919114218038e-19	0.174639359690379	0.267305634271217	0.217401156627346	9.00754445360543e-19
807	STL1	STL1	0.2	2	0	1619	Big-FISH	Variable	FALSE	0.00479461888546313	0.434750366500337	0.146773186253432	2.96940125107357e-09	0.0987620442760144	0.194102605299589	0.199541955647936	5.30226559569672e-16
808	STL1	STL1	0.2	2	0	1619	Big-FISH	Variable	TRUE	0.0125648777464588	0.249641874280899	0.158389546558806	1.46803983277186e-10	0.110525062972472	0.205521011408389	0.167066048832443	1.33672922903979e-11
809	STL1	STL1	0.2	2	10	813	NeuertLab	Fixed	FALSE	0.63901875304838	0.582230006529157	0.981503548977469	0	0.978801161989505	0.983864250001996	0.970786936898491	0
810	STL1	STL1	0.2	2	10	813	NeuertLab	Fixed	TRUE	0.671162445938473	0.588771387394392	0.979118347847896	0	0.97607168406767	0.981780672882698	0.972376462745123	0
811	STL1	STL1	0.2	2	10	813	NeuertLab	Variable	FALSE	0.415346384807205	0.314446323015565	0.934982571007683	0	0.925738059163261	0.943110274854791	0.953813117450608	0
812	STL1	STL1	0.2	2	10	813	NeuertLab	Variable	TRUE	0.563824186144659	0.986559234110075	0.954447945423043	0	0.947896594755908	0.960192380125185	0.970679918390715	0
813	STL1	STL1	0.2	2	10	813	Big-FISH	Fixed	FALSE	0.255848209460469	-0.125786432104638	0.89580711531873	7.47844686940131e-288	0.881334035670976	0.908600745170566	0.913310498622316	1.24735765474248e-318
814	STL1	STL1	0.2	2	10	813	Big-FISH	Fixed	TRUE	0.276165470976149	0.0580159563648298	0.862012722924831	1.5642004465127e-241	0.84323355308572	0.878690374069894	0.91998463918946	0
815	STL1	STL1	0.2	2	10	813	Big-FISH	Variable	FALSE	0.246823497528244	1.44700888556641	0.467651749660822	2.0583915934427e-45	0.412146684199209	0.519698534456115	0.400752713776399	1.02449920919637e-32
816	STL1	STL1	0.2	2	10	813	Big-FISH	Variable	TRUE	0.394662045518565	-0.534619630915986	0.574075940169538	1.88519497208986e-72	0.526084076863985	0.618423001438777	0.560682772239043	1.71033140762571e-68
817	STL1	STL1	0.2	2	15	641	NeuertLab	Fixed	FALSE	0.757051671864989	0.425749088054952	0.98616398843088	0	0.983859923053006	0.988141104722429	0.984793727505218	0
818	STL1	STL1	0.2	2	15	641	NeuertLab	Fixed	TRUE	0.76014353113694	0.330376619836757	0.985169432512338	0	0.982701189511916	0.987287757652795	0.984662033472862	0
819	STL1	STL1	0.2	2	15	641	NeuertLab	Variable	FALSE	0.715653307726359	0.792673787398555	0.974297847710077	0	0.970047552660791	0.977951769808456	0.980729874121416	0
820	STL1	STL1	0.2	2	15	641	NeuertLab	Variable	TRUE	0.703279017856232	0.992970783670422	0.97541453992701	0	0.971346229126417	0.978911404271816	0.978816139161993	0
821	STL1	STL1	0.2	2	15	641	Big-FISH	Fixed	FALSE	0.452194003295201	0.670805073409924	0.847425908511406	7.25991863614093e-178	0.824064774191038	0.867909719908334	0.860978772018151	9.13255966553332e-190
822	STL1	STL1	0.2	2	15	641	Big-FISH	Fixed	TRUE	0.677434943575506	-0.378555570250201	0.95660272628451	0	0.949501083788009	0.962724763185773	0.95266962968901	0
823	STL1	STL1	0.2	2	15	641	Big-FISH	Variable	FALSE	0.737402498834189	1.83516476653678	0.971631026124724	0	0.966947109166767	0.975659400237061	0.967943166005834	0
824	STL1	STL1	0.2	2	15	641	Big-FISH	Variable	TRUE	0.827400227756078	1.13991910107325	0.981009738181197	0	0.977856921633115	0.983717340241285	0.977525237663195	0
825	STL1	STL1	0.2	2	1	962	NeuertLab	Fixed	FALSE	0.209360104001162	-0.0132601473349718	0.700137863814913	1.31767776613467e-142	0.666422931996177	0.730995273861838	0.358186201042382	1.69973848783241e-30
826	STL1	STL1	0.2	2	1	962	NeuertLab	Fixed	TRUE	0.310413599103351	-0.0209107091840089	0.839076788151208	4.69468529419098e-256	0.81932329103875	0.856840563240835	0.415270199180404	2.14597074995732e-41
827	STL1	STL1	0.2	2	1	962	NeuertLab	Variable	FALSE	0.568833751147614	0.813836866916246	0.481936498154324	4.24879309271414e-57	0.431886171803015	0.529027759800618	0.465967216142827	5.16378472103399e-53
828	STL1	STL1	0.2	2	1	962	NeuertLab	Variable	TRUE	0.665045813355427	1.12891387747255	0.442367361398866	2.32609024745236e-47	0.390067620835971	0.491822014047434	0.364555017986896	1.31569011586722e-31
829	STL1	STL1	0.2	2	1	962	Big-FISH	Fixed	FALSE	0.00246485670513187	-0.0110896239658812	0.175881382548907	3.99836107401338e-08	0.113941884584294	0.236458885016332	0.142416325721191	9.24665542027397e-06
830	STL1	STL1	0.2	2	1	962	Big-FISH	Fixed	TRUE	0.0108417236038233	-0.0456030197304818	0.260625656258576	2.1131699386845e-16	0.200726081065265	0.318583744666946	0.234694575721535	1.66740263253082e-13
831	STL1	STL1	0.2	2	1	962	Big-FISH	Variable	FALSE	-0.000579917949805361	0.444282245720721	-0.044662471621393	0.166313612625499	-0.107564987448807	0.018596190092547	0.0903917078225628	0.0050207302596062
832	STL1	STL1	0.2	2	1	962	Big-FISH	Variable	TRUE	0.338388141481002	10.4908885486508	0.663297984229736	5.39489702598068e-123	0.626351297456615	0.697271380403007	0.685542599309971	1.73338412036109e-134
833	STL1	STL1	0.2	2	20	1393	NeuertLab	Fixed	FALSE	0.795752054331067	-0.181751802686552	0.98630724342674	0	0.984800707445961	0.987665381327548	0.965569609026591	0
834	STL1	STL1	0.2	2	20	1393	NeuertLab	Fixed	TRUE	0.810011421881444	-0.109732404503701	0.9874960573855	0	0.98611940579264	0.988736949493202	0.968287629672921	0
835	STL1	STL1	0.2	2	20	1393	NeuertLab	Variable	FALSE	0.813340810415101	0.450024759976883	0.987615654783101	0	0.986252079471601	0.988844744653538	0.976905881831232	0
836	STL1	STL1	0.2	2	20	1393	NeuertLab	Variable	TRUE	0.812040560558746	0.59540148043345	0.98280307928229	0	0.980914704553594	0.984506072149314	0.968599414380489	0
837	STL1	STL1	0.2	2	20	1393	Big-FISH	Fixed	FALSE	0.0969123307118546	1.03520423048065	0.349221694664924	3.16610124650305e-41	0.302243431425966	0.394507665262089	0.271285116535874	6.3496781517924e-25
838	STL1	STL1	0.2	2	20	1393	Big-FISH	Fixed	TRUE	0.207022186078658	0.550638188850731	0.394506207801929	4.30711452728994e-53	0.349220179068803	0.437953657851146	0.33754279412779	1.82701959366924e-38
839	STL1	STL1	0.2	2	20	1393	Big-FISH	Variable	FALSE	0.179488303818357	3.7079175053901	0.462650842894666	8.17686041139063e-75	0.42034293953414	0.502951415951439	0.55867511214311	3.74417321830404e-115
840	STL1	STL1	0.2	2	20	1393	Big-FISH	Variable	TRUE	0.686605479738451	0.237934068858916	0.873163860774621	0	0.860085669768607	0.88509511196643	0.809275039896673	9.88131291682493e-324
841	STL1	STL1	0.2	2	25	223	NeuertLab	Fixed	FALSE	0.555291597461665	0.0610358834156466	0.940483759923732	1.46867298827836e-105	0.923171988630642	0.953987972778445	0.810217764589732	3.51667757589741e-53
842	STL1	STL1	0.2	2	25	223	NeuertLab	Fixed	TRUE	0.565905299458644	0.0336120324152611	0.946223071909072	2.75215456372688e-110	0.930520947896555	0.958452919010618	0.814297553438224	4.06559381701885e-54
843	STL1	STL1	0.2	2	25	223	NeuertLab	Variable	FALSE	0.88047260471478	15.2788742766876	0.449428943948092	1.74320112684124e-12	0.3380096229312	0.548424405751301	0.645382953817372	1.15528098144978e-27
844	STL1	STL1	0.2	2	25	223	NeuertLab	Variable	TRUE	0.858472019038982	15.9356542631185	0.414523397799028	1.13500472280199e-10	0.299454363154195	0.517706667895533	0.638666220462473	5.90598709552228e-27
845	STL1	STL1	0.2	2	25	223	Big-FISH	Fixed	FALSE	0.0232598819341239	0.87757558775143	0.349580729042409	8.27053230985187e-08	0.228707581192604	0.45983874896934	0.416274603747461	9.30835228905538e-11
846	STL1	STL1	0.2	2	25	223	Big-FISH	Fixed	TRUE	0.0533243602863423	0.75150518564722	0.401647810617472	4.7113336119834e-10	0.285326757037079	0.506308272552965	0.499153437955287	1.87799935906664e-15
847	STL1	STL1	0.2	2	25	223	Big-FISH	Variable	FALSE	0.0146012199551081	1.18986969132151	0.21236799578809	0.00142285773321382	0.0833155536193936	0.334414705480445	0.260398509192536	8.32580075289493e-05
848	STL1	STL1	0.2	2	25	223	Big-FISH	Variable	TRUE	0.0333260037813475	0.938621364669071	0.263467859890314	6.80787595992279e-05	0.136826966910793	0.381635061305023	0.354198887391	5.42219286461703e-08
849	STL1	STL1	0.2	2	2	1112	NeuertLab	Fixed	FALSE	0.527343448865338	-0.0702632301448046	0.942087083245481	0	0.935087544687008	0.948352003319677	0.399734960274824	6.47434696093742e-44
850	STL1	STL1	0.2	2	2	1112	NeuertLab	Fixed	TRUE	0.584604642947824	-0.0540366380024079	0.94871844111726	0	0.942496658214686	0.954282879271687	0.532264836932424	2.30335221269099e-82
851	STL1	STL1	0.2	2	2	1112	NeuertLab	Variable	FALSE	0.933085363512153	0.825870581226193	0.75740235072966	1.03547234281658e-207	0.731171044232725	0.78139731208727	0.510911542978563	5.72028075427447e-75
852	STL1	STL1	0.2	2	2	1112	NeuertLab	Variable	TRUE	0.880638843245046	0.554478408992152	0.830676338851449	1.40375083386458e-284	0.811518182992231	0.848050512658041	0.571407077742159	2.22145033914033e-97
853	STL1	STL1	0.2	2	2	1112	Big-FISH	Fixed	FALSE	0.00321439461912088	-0.0238379608678606	0.12667899437296	2.26880031973235e-05	0.0684013882301022	0.18409502105318	0.201721599605284	1.12846999085424e-11
854	STL1	STL1	0.2	2	2	1112	Big-FISH	Fixed	TRUE	0.0180209310256504	-0.0676218947253692	0.251372914363967	1.73889011279949e-17	0.195474534628766	0.305643280018606	0.334930719666091	1.48560858272588e-30
855	STL1	STL1	0.2	2	2	1112	Big-FISH	Variable	FALSE	0.0034673346614421	0.15069915141647	0.130650000167092	1.23912585243439e-05	0.0724192209328934	0.187993111693049	0.157227938195531	1.36468368659662e-07
856	STL1	STL1	0.2	2	2	1112	Big-FISH	Variable	TRUE	0.00288495679142216	0.0890915480840664	0.0610902646385023	0.0416733060430725	0.00231156961928857	0.119448285027928	0.120698177650248	5.4575596840724e-05
857	STL1	STL1	0.2	2	30	181	NeuertLab	Fixed	FALSE	0.571580179052491	-0.138262265639882	0.812113087938124	9.66905053830703e-44	0.755779699546751	0.856514176200857	0.612517690570362	5.05911060304801e-20
858	STL1	STL1	0.2	2	30	181	NeuertLab	Fixed	TRUE	0.588352990732941	-0.0949873631002531	0.750671489027365	4.73722081105715e-34	0.679177761710695	0.808054355912606	0.597001849228839	7.33092364337933e-19
859	STL1	STL1	0.2	2	30	181	NeuertLab	Variable	FALSE	1.17788647491109	14.4001773534711	0.250968524165617	0.00065501091988515	0.109104620903992	0.382813134201925	0.321678343416218	1.00686222151823e-05
860	STL1	STL1	0.2	2	30	181	NeuertLab	Variable	TRUE	2.04817343042629	24.3017004770248	0.367335138413402	3.64315609766908e-07	0.234015631853683	0.487094987521119	0.386953092591065	7.40903123569284e-08
861	STL1	STL1	0.2	2	30	181	Big-FISH	Fixed	FALSE	0.000573403463526686	0.730370946457013	0.0147231448886275	0.844048224630972	-0.131416825635552	0.160236793681472	0.0850847883078983	0.254772157183448
862	STL1	STL1	0.2	2	30	181	Big-FISH	Fixed	TRUE	0.0296501664342345	0.643486269112331	0.26927677445997	0.000246767277484299	0.128464609155111	0.399445851817857	0.275473060478514	0.000174509677582315
863	STL1	STL1	0.2	2	30	181	Big-FISH	Variable	FALSE	0.109956194971467	-1.88997114515082	0.447506729239877	2.68415462894858e-10	0.32271321692337	0.557007320270462	0.31905553486052	1.19950916454177e-05
864	STL1	STL1	0.2	2	30	181	Big-FISH	Variable	TRUE	0.336958575873009	-1.59543834571928	0.498615511951774	9.11458099182769e-13	0.380424895269579	0.600780350832048	0.458894941258546	8.19352391241553e-11
865	STL1	STL1	0.2	2	35	663	NeuertLab	Fixed	FALSE	0.217602648021417	0.00357036596251326	0.502068922479813	1.25724465214811e-43	0.44285520934788	0.556921928019676	0.486512018301411	1.08247305729884e-40
866	STL1	STL1	0.2	2	35	663	NeuertLab	Fixed	TRUE	0.238775662005351	0.000892591490629513	0.524474993225674	3.95637201001767e-48	0.466980275559474	0.577553894694327	0.489611498629618	2.89496496361672e-41
867	STL1	STL1	0.2	2	35	663	NeuertLab	Variable	FALSE	3.69270097734592	6.07635161855262	0.284879409662654	7.6077390773576e-14	0.213363833889789	0.353358253458788	0.217901884625088	1.44160856475947e-08
868	STL1	STL1	0.2	2	35	663	NeuertLab	Variable	TRUE	8.25145472007234	34.5407039150331	0.249067939446786	7.82831255639989e-11	0.176267017862215	0.319158918271539	0.228973007646298	2.46040638377974e-09
869	STL1	STL1	0.2	2	35	663	Big-FISH	Fixed	FALSE	0.0066745277986957	0.0517226559541682	0.278274397083345	2.95777133481075e-13	0.20650620867035	0.347064317106469	0.288734975831721	3.38625292501648e-14
870	STL1	STL1	0.2	2	35	663	Big-FISH	Fixed	TRUE	0.0364503942644551	-0.108440245951132	0.457847959878266	1.15460527984471e-35	0.395491891523992	0.516002743482044	0.438052047743765	1.84713540288116e-32
871	STL1	STL1	0.2	2	35	663	Big-FISH	Variable	FALSE	-0.000379184096506476	0.159864249231684	-0.0387141040642322	0.319574184147594	-0.114520339389125	0.037540381919953	0.0302534591450498	0.436747119585678
872	STL1	STL1	0.2	2	35	663	Big-FISH	Variable	TRUE	0.0857419590356741	16.2464944097943	0.133918064413022	0.000545605923257559	0.0583694365572942	0.20794150093463	0.169951132709908	1.0833862929236e-05
873	STL1	STL1	0.2	2	40	662	NeuertLab	Fixed	FALSE	0.152874424579809	0.00567391071619757	0.36384900664441	3.75517031993554e-22	0.295850340103765	0.428178763717052	0.358597399719442	1.60750493163992e-21
874	STL1	STL1	0.2	2	40	662	NeuertLab	Fixed	TRUE	0.324611925917994	0.00798629697034696	0.554227148758154	1.42601282256563e-54	0.499104403965131	0.604882579041146	0.555343212634486	7.88619262359707e-55
875	STL1	STL1	0.2	2	40	662	NeuertLab	Variable	FALSE	1.42969303685331	1.49553729624379	0.365305061479847	2.49718045585239e-22	0.297381852843546	0.429549163233794	0.383018192628617	1.47275820008004e-24
876	STL1	STL1	0.2	2	40	662	NeuertLab	Variable	TRUE	1.54849176116231	2.61876550318921	0.308726054715939	4.37583223965353e-16	0.23812671762673	0.376079993801055	0.334883462124236	8.21533385517923e-19
877	STL1	STL1	0.2	2	40	662	Big-FISH	Fixed	FALSE	0.00214384625757568	-0.0246260821550575	0.206836524828728	7.87856539039243e-08	0.132727116862682	0.278646071705176	0.197460753395777	3.03201637030335e-07
878	STL1	STL1	0.2	2	40	662	Big-FISH	Fixed	TRUE	0.0186195380339151	-0.0946437906143603	0.42954471741938	4.21238712852675e-31	0.365300337276364	0.489716714733907	0.446263439343827	1.02686440936232e-33
879	STL1	STL1	0.2	2	40	662	Big-FISH	Variable	FALSE	0.00820953068642991	-0.0309346913360915	0.229727430905737	2.23515947918581e-09	0.156261523737407	0.300665468995641	0.242986624695988	2.36936621588892e-10
880	STL1	STL1	0.2	2	40	662	Big-FISH	Variable	TRUE	0.314679051689497	-0.654234963309713	0.407348741130777	7.50084295337342e-28	0.34175566647135	0.468992323313054	0.276926482815766	4.04599621824404e-13
881	STL1	STL1	0.2	2	45	253	NeuertLab	Fixed	FALSE	0.100021057064645	0.00947567909033513	0.373995227435293	8.06231363660233e-10	0.262788112141628	0.475396000844759	0.360361447380538	3.56874280501563e-09
882	STL1	STL1	0.2	2	45	253	NeuertLab	Fixed	TRUE	0.116017797552836	0.0107897664071191	0.380150242959889	4.02523606762319e-10	0.269455179516117	0.480930667459487	0.393707464144684	8.27467432533059e-11
883	STL1	STL1	0.2	2	45	253	NeuertLab	Variable	FALSE	1.83973373593192	6.13487510293715	0.340865038031319	2.66067287267676e-08	0.227083233655182	0.445466408073135	0.400371737159861	3.70149565518422e-11
884	STL1	STL1	0.2	2	45	253	NeuertLab	Variable	TRUE	6.65282577034011	27.2076991175715	0.38826784339652	1.5746763074396e-10	0.278264360194907	0.488217853419289	0.357019050209644	5.08541879590902e-09
885	STL1	STL1	0.2	2	45	253	Big-FISH	Fixed	FALSE	0.00195751145746219	0.110778153826491	0.12307171849157	0.0505451676690783	-0.000260204431335911	0.242715707911924	0.0761116348969312	0.227668950609606
886	STL1	STL1	0.2	2	45	253	Big-FISH	Fixed	TRUE	0.0253489142830824	0.133428987094749	0.38379296183064	2.65012078125904e-10	0.27340595039351	0.48420246651474	0.277899093314814	7.22113559019118e-06
887	STL1	STL1	0.2	2	45	253	Big-FISH	Variable	FALSE	0.158402890515804	1.43187761754943	0.794690488634238	2.41827050388985e-56	0.744310585061055	0.836076625776306	0.708757231700686	6.52974122569992e-40
888	STL1	STL1	0.2	2	45	253	Big-FISH	Variable	TRUE	0.533403058194012	2.12251160131528	0.948537734315627	2.36994991794948e-127	0.934532532019033	0.959609412163961	0.923693530903226	1.4333486665615e-106
889	STL1	STL1	0.2	2	4	1018	NeuertLab	Fixed	FALSE	0.535294065775542	-0.225210867983365	0.788487107203069	1.08453408417105e-216	0.764060839995182	0.81065600262945	0.435779191530371	1.96783895624468e-48
890	STL1	STL1	0.2	2	4	1018	NeuertLab	Fixed	TRUE	0.56112854248453	-0.216636603863179	0.800294998023805	6.41308210290997e-228	0.777062371386788	0.821349917957467	0.477803265714826	3.48899073720327e-59
891	STL1	STL1	0.2	2	4	1018	NeuertLab	Variable	FALSE	0.873540388551643	0.739378143818876	0.700284858789664	6.69418664517202e-151	0.667565980253677	0.730304287876435	0.474269654199538	3.20338381792226e-58
892	STL1	STL1	0.2	2	4	1018	NeuertLab	Variable	TRUE	0.944753607501495	1.33213132305447	0.600066458184312	1.35320685976961e-100	0.559243133700869	0.637986553700518	0.407737242241736	4.70102635014637e-42
893	STL1	STL1	0.2	2	4	1018	Big-FISH	Fixed	FALSE	4.88096977678467e-05	0.082087673891927	0.000956426479968843	0.975685546729825	-0.0604894563345932	0.0623950879757279	0.07624828540635	0.0149602250508822
894	STL1	STL1	0.2	2	4	1018	Big-FISH	Fixed	TRUE	0.00801819893562753	0.0508593894673013	0.0816414079945063	0.00916035406346223	0.0203009140672995	0.142369576436902	0.132475657124392	2.23229272197024e-05
895	STL1	STL1	0.2	2	4	1018	Big-FISH	Variable	FALSE	-0.000314916251506696	0.232857501005962	-0.0126652653203008	0.686492844029731	-0.0740499690119909	0.0488150498880494	0.0915742655856429	0.00345192533447042
896	STL1	STL1	0.2	2	4	1018	Big-FISH	Variable	TRUE	0.476515408247661	-2.69443004704156	0.823471356503212	2.51949465488704e-252	0.80263936763874	0.842296836195417	0.756847432347035	7.42023787663115e-190
897	STL1	STL1	0.2	2	50	118	NeuertLab	Fixed	FALSE	0.0388349514563106	0.00970873786407769	0.179274287533767	0.0520821768146266	-0.00153480593471999	0.348732782902162	0.34002074907306	0.000165132439220436
898	STL1	STL1	0.2	2	50	118	NeuertLab	Fixed	TRUE	0.144822006472492	0.0153721682847896	0.428400103770147	1.30161627633557e-06	0.268427017291513	0.565378092600079	0.56231659197723	3.44392777739478e-11
899	STL1	STL1	0.2	2	50	118	NeuertLab	Variable	FALSE	1.72789520690681	3.0769574278059	0.63601712585383	1.00562260479928e-14	0.514395822843866	0.732557269728277	0.634310381225593	1.24480561342668e-14
900	STL1	STL1	0.2	2	50	118	NeuertLab	Variable	TRUE	3.72802169152153	9.02132651997082	0.411135096903125	3.7509618069299e-06	0.248870962428024	0.550949785709994	0.395392468302077	9.3668095380002e-06
901	STL1	STL1	0.2	2	50	118	Big-FISH	Fixed	FALSE	0.00328893507176781	-0.0362327629367428	0.211950660123442	0.0212166213752458	0.0324339130029093	0.378219641886693	0.150004262076039	0.104952282839943
902	STL1	STL1	0.2	2	50	118	Big-FISH	Fixed	TRUE	0.0307920041876477	-0.352719223086841	0.483074070326807	3.01779560205804e-08	0.331238512420245	0.610522505679892	0.44791544223274	3.65930383188018e-07
903	STL1	STL1	0.2	2	50	118	Big-FISH	Variable	FALSE	0.188055057797926	-0.735780558123792	0.841020843768678	9.85358031197037e-33	0.778630799323322	0.886944743806492	0.813466557259909	4.50833757490445e-29
904	STL1	STL1	0.2	2	50	118	Big-FISH	Variable	TRUE	0.633439830732467	-2.4015722232868	0.925474645118731	9.96836174174842e-51	0.894325371214958	0.947695693726428	0.884951761925398	2.62599843453759e-40
905	STL1	STL1	0.2	2	55	446	NeuertLab	Fixed	FALSE	0.0801826885502146	0.0120408362641662	0.280235882630313	1.7152289635056e-09	0.192389506382755	0.363626569042596	0.298300781057676	1.2845035172337e-10
906	STL1	STL1	0.2	2	55	446	NeuertLab	Fixed	TRUE	0.116883116883117	0.01948051948052	0.367095082261331	1.12626158504241e-15	0.283920232190706	0.444786689215908	0.376440052904993	1.83519143237784e-16
907	STL1	STL1	0.2	2	55	446	NeuertLab	Variable	FALSE	2.4696740395809	11.8618160651921	0.190642306865592	5.07721452336917e-05	0.0995520734597405	0.278563745790999	0.205002202165934	1.27902387738447e-05
908	STL1	STL1	0.2	2	55	446	NeuertLab	Variable	TRUE	6.03269838276208	36.1177094629638	0.279509168128999	1.89646102725219e-09	0.191630101035356	0.362942153764614	0.26528792843664	1.27734753332881e-08
909	STL1	STL1	0.2	2	55	446	Big-FISH	Fixed	FALSE	0.00895856498434031	-0.0364568284778444	0.366633200428406	1.23005519345407e-15	0.283429466885178	0.444358460977263	0.284453004268607	9.52084718549251e-10
910	STL1	STL1	0.2	2	55	446	Big-FISH	Fixed	TRUE	0.0380561640711993	-0.0148544526695263	0.560833774596149	2.60539310366198e-38	0.493690123095294	0.62133057526474	0.479320518731634	5.32894967493672e-27
911	STL1	STL1	0.2	2	55	446	Big-FISH	Variable	FALSE	0.192554863899921	0.297337554665703	0.858004457879999	1.50498002670306e-130	0.831386771912451	0.88069394815852	0.790516043866554	1.36818634387454e-96
912	STL1	STL1	0.2	2	55	446	Big-FISH	Variable	TRUE	0.461906166549869	1.82499648438886	0.958788127597717	8.96135436865116e-245	0.950560072513548	0.965670926218717	0.94545927420859	2.07588985114075e-218
913	STL1	STL1	0.2	2	6	1132	NeuertLab	Fixed	FALSE	0.621415393563631	-0.44856073052758	0.949237473886949	0	0.943134711765383	0.954700558261751	0.803152312674422	2.05228876674945e-256
914	STL1	STL1	0.2	2	6	1132	NeuertLab	Fixed	TRUE	0.704096177802932	-0.287133407057702	0.950838524328971	0	0.944922804666606	0.956133180655124	0.816109762731954	2.26098104773424e-271
915	STL1	STL1	0.2	2	6	1132	NeuertLab	Variable	FALSE	0.684112028597662	0.512897892298235	0.955825374588083	0	0.950494506781469	0.960593799469682	0.802444819430207	1.24926377260969e-255
916	STL1	STL1	0.2	2	6	1132	NeuertLab	Variable	TRUE	0.777434349768682	1.17330863800698	0.910326520489815	0	0.899786314885648	0.919804932216514	0.690390096454755	4.55824601380933e-161
917	STL1	STL1	0.2	2	6	1132	Big-FISH	Fixed	FALSE	0.206437615325164	0.105380731528546	0.771429787910286	4.3337853527937e-224	0.746728177739605	0.794006362800679	0.792611921430912	4.77096204343645e-245
918	STL1	STL1	0.2	2	6	1132	Big-FISH	Fixed	TRUE	0.340950962554634	0.0629383801511877	0.863325568109518	0	0.847701311948467	0.877453248249704	0.86124801613103	0
919	STL1	STL1	0.2	2	6	1132	Big-FISH	Variable	FALSE	0.769416728533416	0.111160881659204	0.983496474774703	0	0.981473244849206	0.985300395281125	0.952412803675094	0
920	STL1	STL1	0.2	2	6	1132	Big-FISH	Variable	TRUE	0.848193098217948	0.0655429829106417	0.979291602561912	0	0.976758921487715	0.98155086228915	0.966966921239881	0
921	STL1	STL1	0.2	2	8	366	NeuertLab	Fixed	FALSE	0.723664959153329	-0.320351687678139	0.98064689506787	6.8712247686095e-260	0.976278360678139	0.984217352813686	0.934315784542399	3.76974833507066e-165
922	STL1	STL1	0.2	2	8	366	NeuertLab	Fixed	TRUE	0.783228733829113	-0.372150323020943	0.985164601753073	1.00686086474307e-280	0.981806472223071	0.987906675965132	0.936484252507267	1.02419838640031e-167
923	STL1	STL1	0.2	2	8	366	NeuertLab	Variable	FALSE	0.703415174276572	0.286261931488	0.97554292763245	1.36878588991619e-241	0.970039713119023	0.980045530551173	0.937986356172628	1.51092325257141e-169
924	STL1	STL1	0.2	2	8	366	NeuertLab	Variable	TRUE	0.774755973480865	0.531397506274864	0.985250299403462	3.53533974291615e-281	0.981911391572147	0.987976629779438	0.931048705999931	1.90996194272033e-161
925	STL1	STL1	0.2	2	8	366	Big-FISH	Fixed	FALSE	0.333634065589933	0.100397272600222	0.830119596466323	2.28432641141451e-94	0.795284772252283	0.859490771014829	0.917566718346715	7.07115214251528e-148
926	STL1	STL1	0.2	2	8	366	Big-FISH	Fixed	TRUE	0.384838222045354	0.0688074472024721	0.834945880970944	1.93352967916304e-96	0.80099309568877	0.863544839429007	0.917616204498831	6.36857664496931e-148
927	STL1	STL1	0.2	2	8	366	Big-FISH	Variable	FALSE	0.106207506438322	3.47520528507159	0.299420254073134	5.11927816743755e-09	0.203145437842003	0.389961028386244	0.580976253759683	2.02525076853277e-34
928	STL1	STL1	0.2	2	8	366	Big-FISH	Variable	TRUE	0.382963130896997	1.45910187362355	0.599560186435742	4.27617195335488e-37	0.529599821390785	0.661418828421061	0.646726888674749	9.77210690848731e-45
929	STL1	STL1	0.4	1	0	918	NeuertLab	Fixed	FALSE	0.231424493800734	-0.0126909087305138	0.557698813198307	3.71331904791327e-76	0.511450771080423	0.600725356811542	0.444123906608543	1.17551761228706e-45
930	STL1	STL1	0.4	1	0	918	NeuertLab	Fixed	TRUE	0.340513781107849	-0.0120566110665151	0.644417546877645	7.50331286654893e-109	0.604937320119909	0.680737197681004	0.552102906113124	2.28566181980035e-74
931	STL1	STL1	0.4	1	0	918	NeuertLab	Variable	FALSE	1.27339156248216	0.999980970866409	0.505417767635628	1.10666478542685e-60	0.455613581200943	0.55206766496908	0.510292592214691	5.16057167749915e-62
932	STL1	STL1	0.4	1	0	918	NeuertLab	Variable	TRUE	1.23948164640063	0.756160682004161	0.601266862445405	2.49956362008708e-91	0.558282569861202	0.641031851885066	0.562982632017632	7.05943750340421e-78
933	STL1	STL1	0.4	1	0	918	Big-FISH	Fixed	FALSE	0.000412414007001683	0.00297168227408398	0.0702490487148653	0.0333228716132513	0.00557048184147668	0.134342297913832	0.0661881844048155	0.0449769372385956
934	STL1	STL1	0.4	1	0	918	Big-FISH	Fixed	TRUE	0.00446265162565263	0.00144810861201612	0.108989990732825	0.000941013791605999	0.0446006309066097	0.17247755278349	0.0897699614615058	0.0064949558911099
935	STL1	STL1	0.4	1	0	918	Big-FISH	Variable	FALSE	0.0207165691807656	-0.553075038245669	0.536638150449868	1.35304940146661e-69	0.48891049449344	0.581162576641136	0.443810973618261	1.37838130636979e-45
936	STL1	STL1	0.4	1	0	918	Big-FISH	Variable	TRUE	0.371677753811217	0.530680220220047	0.486302050115968	1.15260889765635e-55	0.43529499576051	0.534197087564256	0.49632471979163	2.95463313064406e-58
937	STL1	STL1	0.4	1	10	1480	NeuertLab	Fixed	FALSE	0.531946752416692	1.15005632205143	0.958078067372239	0	0.953680734299675	0.962066044060069	0.963526047823814	0
938	STL1	STL1	0.4	1	10	1480	NeuertLab	Fixed	TRUE	0.701762653576179	1.09342496842738	0.969896452902942	0	0.966717718994764	0.972775793862848	0.974703093630049	0
939	STL1	STL1	0.4	1	10	1480	NeuertLab	Variable	FALSE	0.176500068407654	0.329712180598218	0.69514942255106	3.97785470656424e-214	0.667850926256246	0.720580199938435	0.732849875207495	1.85491009673236e-249
940	STL1	STL1	0.4	1	10	1480	NeuertLab	Variable	TRUE	0.244272673360075	1.14660464986236	0.632513701122817	3.38791598664806e-166	0.600926794410256	0.66212812883326	0.667441312091683	1.77127439036041e-191
941	STL1	STL1	0.4	1	10	1480	Big-FISH	Fixed	FALSE	0.105878020261915	0.191235404809757	0.767329501898145	1.66467914113176e-287	0.745524221693111	0.787493821029295	0.781206394755258	9.71608919064344e-305
942	STL1	STL1	0.4	1	10	1480	Big-FISH	Fixed	TRUE	0.173930981002695	0.20358264148243	0.738633237565641	2.04205213169146e-255	0.714572950818794	0.760948120509244	0.780188319212939	1.97012267675488e-303
943	STL1	STL1	0.4	1	10	1480	Big-FISH	Variable	FALSE	0.00305834266218318	1.05759850598926	0.074830914609573	0.00397158874064651	0.0239679189220966	0.125307506180735	0.442227715519233	6.72762848280588e-72
944	STL1	STL1	0.4	1	10	1480	Big-FISH	Variable	TRUE	0.568994548076015	3.61700422304931	0.630025709913493	1.61324526970473e-164	0.598277574497369	0.65979885400886	0.723739441104456	2.20985587979418e-240
945	STL1	STL1	0.4	1	15	3127	NeuertLab	Fixed	FALSE	0.429701291554314	1.66352176458921	0.929403518926541	0	0.924468320782941	0.934027308310063	0.9234216691022	0
946	STL1	STL1	0.4	1	15	3127	NeuertLab	Fixed	TRUE	0.531711761308586	2.59939202644459	0.937995076951474	0	0.933639832559187	0.942073047844002	0.931075191716168	0
947	STL1	STL1	0.4	1	15	3127	NeuertLab	Variable	FALSE	0.218773131926539	0.816422012410536	0.673022125787551	0	0.653383873414843	0.69175516598033	0.727216694758509	0
948	STL1	STL1	0.4	1	15	3127	NeuertLab	Variable	TRUE	0.390442411904946	0.368486490577772	0.744649165494496	0	0.728615001079773	0.759867588875439	0.732205455135292	0
949	STL1	STL1	0.4	1	15	3127	Big-FISH	Fixed	FALSE	0.125552661705801	-0.0872583345862073	0.699189333493498	0	0.680822852673791	0.716677095415104	0.723042677403026	0
950	STL1	STL1	0.4	1	15	3127	Big-FISH	Fixed	TRUE	0.170550331961905	0.170934647031598	0.713058693232068	0	0.695387220273362	0.729868336961879	0.751173986076328	0
951	STL1	STL1	0.4	1	15	3127	Big-FISH	Variable	FALSE	0.209471853171794	7.39644418461848	0.476223722455686	8.74640564342118e-177	0.44866092184859	0.502881438218621	0.540546767722976	8.229454224236e-237
952	STL1	STL1	0.4	1	15	3127	Big-FISH	Variable	TRUE	0.271043909786138	14.5770589030413	0.27692565280467	3.69483531417939e-56	0.244244346764025	0.308978593959372	0.340486482212473	1.01372926994809e-85
953	STL1	STL1	0.4	1	1	2738	NeuertLab	Fixed	FALSE	0.219576569342682	-0.00756541238992463	0.656886633725527	0	0.635053458202316	0.677671121437394	0.496943895936462	9.52743114601216e-171
954	STL1	STL1	0.4	1	1	2738	NeuertLab	Fixed	TRUE	0.269257998830328	-0.00515247431980632	0.681040727172832	0	0.660429540494523	0.700626423395105	0.553985196732065	4.45267223109355e-220
955	STL1	STL1	0.4	1	1	2738	NeuertLab	Variable	FALSE	0.838368474592519	0.527672574554899	0.69246199626868	0	0.672445043713966	0.711466744245517	0.6394401379241	1.06144816714963e-314
956	STL1	STL1	0.4	1	1	2738	NeuertLab	Variable	TRUE	0.71894315769255	0.378158736005965	0.662148398044368	0	0.640577410755008	0.682675192503199	0.619272742217937	1.04926471759602e-289
957	STL1	STL1	0.4	1	1	2738	Big-FISH	Fixed	FALSE	0.00262533864580677	-0.0227851527513224	0.136652978116965	6.92363222121588e-13	0.0997034994394968	0.173226094514664	0.117367688121329	7.28067144448985e-10
958	STL1	STL1	0.4	1	1	2738	Big-FISH	Fixed	TRUE	0.0161992212363376	-0.0170072871125094	0.200108292195495	3.9681304048855e-26	0.163876856789107	0.235800585260408	0.185105971717985	1.57668498027275e-22
959	STL1	STL1	0.4	1	1	2738	Big-FISH	Variable	FALSE	0.00793901802830142	0.142898841421099	0.231950152237407	9.10584444296999e-35	0.196194994272473	0.267089322115173	0.247872643233514	1.30094750324592e-39
960	STL1	STL1	0.4	1	1	2738	Big-FISH	Variable	TRUE	0.0108422382461481	0.167242477472992	0.175974446865271	1.75476730302639e-20	0.13943372994335	0.212036567455793	0.182057430717939	7.81634866686042e-22
961	STL1	STL1	0.4	1	20	1821	NeuertLab	Fixed	FALSE	0.426330062937315	1.83929678724317	0.940340040850509	0	0.934782500404907	0.945437348458582	0.934466830749401	0
962	STL1	STL1	0.4	1	20	1821	NeuertLab	Fixed	TRUE	0.587614972789252	1.40025729960691	0.976964306476712	0	0.974774094029024	0.978966381512364	0.972076293339775	0
963	STL1	STL1	0.4	1	20	1821	NeuertLab	Variable	FALSE	0.359279673159016	0.796279649782235	0.847316136822027	0	0.833835172242254	0.859787013732098	0.82202089046921	0
964	STL1	STL1	0.4	1	20	1821	NeuertLab	Variable	TRUE	0.39471034785721	1.9507227523164	0.826474235258212	0	0.811341002394027	0.840500451735014	0.811542061623637	0
965	STL1	STL1	0.4	1	20	1821	Big-FISH	Fixed	FALSE	0.13509989649157	0.00982164913715962	0.738863414112921	3.67993080526193e-314	0.717272331251272	0.759037011126955	0.717444625001132	6.61463388725703e-288
966	STL1	STL1	0.4	1	20	1821	Big-FISH	Fixed	TRUE	0.222345452757684	-0.0407791847350779	0.796901797702374	0	0.779500893368416	0.813073740224075	0.769408548190021	0
967	STL1	STL1	0.4	1	20	1821	Big-FISH	Variable	FALSE	0.00134452459388546	1.48620074727413	0.0319895700996462	0.172407601899036	-0.0139661312975735	0.0778104107667956	0.42317986714213	5.01632834490198e-80
968	STL1	STL1	0.4	1	20	1821	Big-FISH	Variable	TRUE	0.372338104609141	20.0002429164996	0.383725669685172	5.90296196053636e-65	0.343851389801611	0.422218609204598	0.390545488509222	2.04185977655579e-67
969	STL1	STL1	0.4	1	25	1611	NeuertLab	Fixed	FALSE	0.520151317528165	3.16179247583559	0.956727055536115	0	0.952389072722981	0.96067775146798	0.963281864636135	0
970	STL1	STL1	0.4	1	25	1611	NeuertLab	Fixed	TRUE	0.564653379943599	2.72426992408933	0.969522676194018	0	0.966445419413677	0.972321693075189	0.971859398979775	0
971	STL1	STL1	0.4	1	25	1611	NeuertLab	Variable	FALSE	0.430013595123423	2.41442567578303	0.925182882351655	0	0.917815506773697	0.931913261550125	0.937007881859458	0
972	STL1	STL1	0.4	1	25	1611	NeuertLab	Variable	TRUE	0.476214314205476	2.75724425826686	0.936452855433462	0	0.930154992035192	0.942199851426665	0.940680144211442	0
973	STL1	STL1	0.4	1	25	1611	Big-FISH	Fixed	FALSE	0.184792662260531	-0.966066330589008	0.759456854487933	9.87988644807148e-303	0.737991129904165	0.779387179456571	0.793030755558481	0
974	STL1	STL1	0.4	1	25	1611	Big-FISH	Fixed	TRUE	0.194814436608718	-0.725877624730777	0.726823877108048	8.33986679695487e-265	0.702937707578177	0.749072414418023	0.764524171471346	3.61202835531424e-309
975	STL1	STL1	0.4	1	25	1611	Big-FISH	Variable	FALSE	0.439071899432114	15.4863217091925	0.559678173114156	1.81910362950659e-133	0.525195514320972	0.592325912408029	0.527421847724282	4.83946294969787e-116
976	STL1	STL1	0.4	1	25	1611	Big-FISH	Variable	TRUE	0.457930821229507	15.5650886794669	0.587617272270002	3.45322030353844e-150	0.554697904073417	0.618699901235859	0.54133626338166	2.51294790363232e-123
977	STL1	STL1	0.4	1	2	1074	NeuertLab	Fixed	FALSE	0.344939096690749	-0.041805899895802	0.751949688079485	3.24456762325103e-196	0.724729966951142	0.776826104026042	0.434550242327405	1.07109095620653e-50
978	STL1	STL1	0.4	1	2	1074	NeuertLab	Fixed	TRUE	0.398837667760498	-0.0361386809722955	0.775847447818494	1.17367049246512e-216	0.750877239250763	0.798602720303086	0.507729603090344	1.91655733693843e-71
979	STL1	STL1	0.4	1	2	1074	NeuertLab	Variable	FALSE	0.886408215005113	0.853825508234051	0.527455063706995	5.9170770129058e-78	0.48287203450931	0.569310819560511	0.483910870830514	3.9418334029863e-64
980	STL1	STL1	0.4	1	2	1074	NeuertLab	Variable	TRUE	0.90240055026941	0.666337269288082	0.588800249240644	3.32263638696431e-101	0.54829336124678	0.626550825681268	0.525666295011981	2.4005719990427e-77
981	STL1	STL1	0.4	1	2	1074	Big-FISH	Fixed	FALSE	0.000109876199354443	0.0154529249808625	0.0100106511100269	0.743142567337355	-0.0498375589496052	0.0697872273600277	0.0432157674273181	0.156987450398754
982	STL1	STL1	0.4	1	2	1074	Big-FISH	Fixed	TRUE	0.00500169449706082	0.00472961491234205	0.0788139554185783	0.00976905218048104	0.0190855684590313	0.137981803456067	0.0764298629838451	0.0122277162943415
983	STL1	STL1	0.4	1	2	1074	Big-FISH	Variable	FALSE	0.0110666683438074	-0.16151817795993	0.354863815615836	3.18517410708844e-33	0.301444320567293	0.406062540610988	0.312254211290127	1.0176017026319e-25
984	STL1	STL1	0.4	1	2	1074	Big-FISH	Variable	TRUE	0.276782993907095	-1.38430970572148	0.392420312508461	7.29530828415561e-41	0.340597102851299	0.441866334105345	0.27232454184267	1.02292531380422e-19
985	STL1	STL1	0.4	1	30	458	NeuertLab	Fixed	FALSE	0.739529122408899	0.907059369711745	0.972772862602053	1.10200056323526e-291	0.967369722376075	0.977291641565138	0.98600043999135	0
986	STL1	STL1	0.4	1	30	458	NeuertLab	Fixed	TRUE	0.816849184501521	0.673268169417158	0.987266978671121	0	0.984717869010732	0.989393160841411	0.992010682005913	0
987	STL1	STL1	0.4	1	30	458	NeuertLab	Variable	FALSE	0.796558606951425	1.32919223992595	0.97705193832738	2.11090492768316e-308	0.97248612409434	0.980867423788792	0.987563407450713	0
988	STL1	STL1	0.4	1	30	458	NeuertLab	Variable	TRUE	0.834073734350002	1.37040568130356	0.979193463680465	5.3725785273198e-318	0.975048356214644	0.9826560096222	0.98786036442881	0
989	STL1	STL1	0.4	1	30	458	Big-FISH	Fixed	FALSE	0.158613422726053	1.74031299491729	0.647015878559939	1.13572041824422e-55	0.590389732431413	0.697303734695293	0.59775371165418	1.04336621486332e-45
990	STL1	STL1	0.4	1	30	458	Big-FISH	Fixed	TRUE	0.533416635371472	0.177401106410605	0.921483926424054	2.12470438491564e-189	0.906385641937484	0.934231141969223	0.940715308109451	3.05380306544878e-216
991	STL1	STL1	0.4	1	30	458	Big-FISH	Variable	FALSE	0.18307585801057	3.6489856720348	0.617903446212535	1.43364359123719e-49	0.557860770939964	0.671511606319857	0.531422488727189	9.64352549105546e-35
992	STL1	STL1	0.4	1	30	458	Big-FISH	Variable	TRUE	0.598101082413537	0.475586002612437	0.887378453678832	1.94717168963591e-155	0.866178595173961	0.905390115268393	0.847220764722473	2.38125226869525e-127
993	STL1	STL1	0.4	1	35	683	NeuertLab	Fixed	FALSE	0.72738750461352	0.284762012590074	0.976955439548136	0	0.973267371602514	0.980139817860374	0.962176883308511	0
994	STL1	STL1	0.4	1	35	683	NeuertLab	Fixed	TRUE	0.712811340919864	0.346620553705928	0.975456055402366	0	0.971531480449094	0.978845406825362	0.959243372239729	0
995	STL1	STL1	0.4	1	35	683	NeuertLab	Variable	FALSE	0.762056939623259	1.18804997760874	0.969989261813596	0	0.965205943344204	0.974123651431515	0.917552731431773	5.70083393869801e-275
996	STL1	STL1	0.4	1	35	683	NeuertLab	Variable	TRUE	0.621890691511653	0.521083299059577	0.939386545101032	8.44802847823947e-319	0.929899123552578	0.947624790119381	0.876016206851615	7.41847840552569e-218
997	STL1	STL1	0.4	1	35	683	Big-FISH	Fixed	FALSE	0.126474020379597	0.0344545075077096	0.558105055046661	3.52708907264953e-57	0.504195245813246	0.607681975666841	0.535512668458746	6.00838745327811e-52
998	STL1	STL1	0.4	1	35	683	Big-FISH	Fixed	TRUE	0.370998467085498	-0.519363639286017	0.756287466560748	1.32666390568307e-127	0.722245282315965	0.786674170526523	0.721700995383089	6.70026332297843e-111
999	STL1	STL1	0.4	1	35	683	Big-FISH	Variable	FALSE	0.0850310506328852	-0.321603034618553	0.401962076703372	6.57070569356183e-28	0.337107646658691	0.463019608345777	0.39234185030564	1.47770218957801e-26
1000	STL1	STL1	0.4	1	35	683	Big-FISH	Variable	TRUE	0.14225118275866	0.623015957882425	0.348580664591416	6.04040158429368e-21	0.280906541268617	0.412805560998996	0.340509688815418	5.2996192539797e-20
1001	STL1	STL1	0.4	1	40	526	NeuertLab	Fixed	FALSE	0.77936659162097	-0.159854899047473	0.95649354689549	1.69714191281284e-282	0.948568195963936	0.963220697124942	0.827144911832703	3.02940565210958e-133
1002	STL1	STL1	0.4	1	40	526	NeuertLab	Fixed	TRUE	0.815711532945317	-0.184050994004924	0.957756290332215	8.9362481075412e-286	0.950055094907749	0.964291753424481	0.829492649894209	1.17546563867667e-134
1003	STL1	STL1	0.4	1	40	526	NeuertLab	Variable	FALSE	0.956659487399353	1.78127052130618	0.783357111395238	2.7357166254461e-110	0.747955420697529	0.814314573548852	0.606096098146468	4.59736910882667e-54
1004	STL1	STL1	0.4	1	40	526	NeuertLab	Variable	TRUE	0.969117533703063	1.94106478532685	0.76602950837238	1.23285399844576e-102	0.728227811887361	0.799184203670419	0.590477019578026	9.69219747895455e-51
1005	STL1	STL1	0.4	1	40	526	Big-FISH	Fixed	FALSE	0.0225603265753096	0.121389988646177	0.247177424268	9.20135605205897e-09	0.16517388624569	0.32578685801321	0.192088114526948	9.14844272419125e-06
1006	STL1	STL1	0.4	1	40	526	Big-FISH	Fixed	TRUE	0.0830713625756546	-0.328685188523842	0.358955770918937	1.93224126556779e-17	0.282119594388569	0.431216379799682	0.291083551469288	9.89667787997238e-12
1007	STL1	STL1	0.4	1	40	526	Big-FISH	Variable	FALSE	0.00712685291817898	0.860038194658245	0.134289584644532	0.00202490851027274	0.0493622865115778	0.217288924265345	0.17753665482442	4.22837307341264e-05
1008	STL1	STL1	0.4	1	40	526	Big-FISH	Variable	TRUE	0.0140296818238012	0.866244387004808	0.138328638931292	0.00147133502409217	0.0534669289547325	0.221206613764191	0.171764970853008	7.5116674261735e-05
1009	STL1	STL1	0.4	1	45	401	NeuertLab	Fixed	FALSE	0.370394615526463	0.0615895260925683	0.68609244510063	4.34888597535129e-57	0.630527395688858	0.734660917326664	0.683775573230316	1.43822586948821e-56
1010	STL1	STL1	0.4	1	45	401	NeuertLab	Fixed	TRUE	0.342169357717263	0.107586033132466	0.593153087129484	1.81094125391851e-39	0.525763903125776	0.653143185887686	0.721666396890786	1.01047543790587e-65
1011	STL1	STL1	0.4	1	45	401	NeuertLab	Variable	FALSE	1.06455512665767	1.09513691525177	0.803688923364584	5.52379074480414e-92	0.766051489711832	0.835834137777187	0.5981537624678	2.84642801022392e-40
1012	STL1	STL1	0.4	1	45	401	NeuertLab	Variable	TRUE	1.0653209867661	1.64017487208352	0.721280474870346	1.2746233700614e-65	0.670727710856092	0.765162863153824	0.541994296384684	5.38114409816241e-32
1013	STL1	STL1	0.4	1	45	401	Big-FISH	Fixed	FALSE	0.00328705940236906	0.12196968634764	0.101564072818095	0.042079908228129	0.00367133642026599	0.197528685860493	0.206390797010003	3.11354895425263e-05
1014	STL1	STL1	0.4	1	45	401	Big-FISH	Fixed	TRUE	0.0206988201708311	0.0626268666603702	0.224807349176853	5.46671726965343e-06	0.129734224229332	0.315784536404987	0.288781647598663	3.84411058138937e-09
1015	STL1	STL1	0.4	1	45	401	Big-FISH	Variable	FALSE	0.00312686938043294	0.354834875838438	0.0886166926186503	0.0763121172889261	-0.00939408264757966	0.184940995735392	0.181835948463711	0.000251766567828609
1016	STL1	STL1	0.4	1	45	401	Big-FISH	Variable	TRUE	0.00641428781140171	0.334092127119455	0.0764559304944863	0.126391568275303	-0.0216353108177383	0.173089216292926	0.14380772175488	0.00390455191849628
1017	STL1	STL1	0.4	1	4	548	NeuertLab	Fixed	FALSE	0.556282084848153	-0.0386194691438588	0.831804248805788	1.06232202063475e-141	0.804065384660345	0.855929674179327	0.642430601312926	4.16419229420994e-65
1018	STL1	STL1	0.4	1	4	548	NeuertLab	Fixed	TRUE	0.622176660733163	-0.0250828382180576	0.854397441261793	2.32113786865346e-157	0.830038931494035	0.875502427859075	0.718814264882469	2.94076218027135e-88
1019	STL1	STL1	0.4	1	4	548	NeuertLab	Variable	FALSE	0.99513759721144	0.659338888970257	0.687719341543458	5.73621793963077e-78	0.640876591364659	0.729459483472699	0.623975077724725	1.8157193735887e-60
1020	STL1	STL1	0.4	1	4	548	NeuertLab	Variable	TRUE	1.09883030315661	0.767180015421303	0.706558112991886	4.8506070795695e-84	0.661975241640132	0.74615894614203	0.598930419079941	1.19899947639607e-54
1021	STL1	STL1	0.4	1	4	548	Big-FISH	Fixed	FALSE	-0.000106275342785919	0.0926629873880458	-0.00405414552968232	0.924562018630527	-0.0877832692328389	0.0797318614373515	0.0501489590457505	0.241191463577456
1022	STL1	STL1	0.4	1	4	548	Big-FISH	Fixed	TRUE	0.110430954959292	-0.0368788352785484	0.404194430371956	5.93976444102983e-23	0.331663945734357	0.471974708999377	0.313632152326181	5.66397821151971e-14
1023	STL1	STL1	0.4	1	4	548	Big-FISH	Variable	FALSE	0.00413455691603494	0.0625602130287918	0.178845818723618	2.54116536793025e-05	0.0965329435805048	0.258729007400856	0.211770132311138	5.6461463191539e-07
1024	STL1	STL1	0.4	1	4	548	Big-FISH	Variable	TRUE	0.00936748494928854	0.0545320528189222	0.181825016939508	1.84852478506554e-05	0.0995826758971867	0.261599921317788	0.214926068588268	3.78871371887165e-07
1025	STL1	STL1	0.4	1	50	325	NeuertLab	Fixed	FALSE	0.600474562433025	-0.0746542838189514	0.902190561135795	5.46283390535445e-120	0.879746625088418	0.920622477926869	0.581375072151179	8.88899922785364e-31
1026	STL1	STL1	0.4	1	50	325	NeuertLab	Fixed	TRUE	0.66264142135325	-0.0609416190685405	0.910892110250219	3.29885014229497e-126	0.890329763774473	0.927746530384933	0.660350682237071	4.45916889832969e-42
1027	STL1	STL1	0.4	1	50	325	NeuertLab	Variable	FALSE	0.852716124195024	1.11730328769656	0.650688187485498	1.63559744662016e-40	0.583179096433029	0.709271238163789	0.486746966926919	9.77964648214336e-21
1028	STL1	STL1	0.4	1	50	325	NeuertLab	Variable	TRUE	1.19838893641289	2.72323484898336	0.356628784767614	3.50801777820164e-11	0.257840353012102	0.448037849802942	0.408944663177597	1.56039915463319e-14
1029	STL1	STL1	0.4	1	50	325	Big-FISH	Fixed	FALSE	0.0019153964870273	0.0355991659516302	0.0810084762745812	0.145069456155004	-0.0280307977309818	0.188142594016934	0.0837107516574725	0.132080841197637
1030	STL1	STL1	0.4	1	50	325	Big-FISH	Fixed	TRUE	0.0356681721911761	-0.0403500982418539	0.254109290940433	3.48830930450548e-06	0.149448578549941	0.353138958746661	0.200799305830112	0.000269281970645238
1031	STL1	STL1	0.4	1	50	325	Big-FISH	Variable	FALSE	0.00222659310621245	0.236016326741358	0.14160227894779	0.0105935915676091	0.0333233975318483	0.246595652533067	0.193764573399039	0.000443023115728649
1032	STL1	STL1	0.4	1	50	325	Big-FISH	Variable	TRUE	0.00228057741274849	0.288045211217708	0.0795035777407992	0.152713218002816	-0.0295441969798538	0.186681139096047	0.113524915676553	0.0408222684684852
1033	STL1	STL1	0.4	1	55	419	NeuertLab	Fixed	FALSE	0.611751126984471	-0.0234978984733983	0.841707887598708	1.12670329095109e-113	0.81132982852564	0.867552385400384	0.667521073963293	2.26755909517166e-55
1034	STL1	STL1	0.4	1	55	419	NeuertLab	Fixed	TRUE	0.699427252335631	-0.0194255101374149	0.864099498285429	2.10908044731111e-126	0.83763981386368	0.886513374995252	0.743873158259795	5.47044261744038e-75
1035	STL1	STL1	0.4	1	55	419	NeuertLab	Variable	FALSE	0.882766096198247	0.556083331864568	0.632239511314133	3.75789053251927e-48	0.571025408943517	0.686461769225082	0.596148858924173	1.12808803270051e-41
1036	STL1	STL1	0.4	1	55	419	NeuertLab	Variable	TRUE	0.880985952729261	1.0220931667166	0.491472593216805	7.28192926935196e-27	0.415222180452529	0.560865633023833	0.480684698202713	1.30378393658e-25
1037	STL1	STL1	0.4	1	55	419	Big-FISH	Fixed	FALSE	0.00030480093348618	0.0459488693277416	0.0211003391654778	0.666707734170031	-0.0748514063202158	0.116664949322511	0.0374616647736189	0.444391337205968
1038	STL1	STL1	0.4	1	55	419	Big-FISH	Fixed	TRUE	0.0643091555367858	-0.0129313378732689	0.301062424934647	3.1599330884949e-10	0.211357953315151	0.385737458127127	0.223374180460389	3.89020709375452e-06
1039	STL1	STL1	0.4	1	55	419	Big-FISH	Variable	FALSE	0.000406363863463072	0.297385495419696	0.0250230354074881	0.609520120854335	-0.0709474803783207	0.120534527119844	0.0596793392296334	0.222827881603321
1040	STL1	STL1	0.4	1	55	419	Big-FISH	Variable	TRUE	0.00230442964528447	0.240818780581083	0.0605287883244637	0.216300273740674	-0.0354773729928698	0.155427949903577	0.0777965697535354	0.111810132216824
1041	STL1	STL1	0.4	1	6	688	NeuertLab	Fixed	FALSE	0.739408689002924	-0.0903935070909589	0.969781267225291	0	0.964984300344664	0.973929793632441	0.926765612355171	6.45829712123075e-294
1042	STL1	STL1	0.4	1	6	688	NeuertLab	Fixed	TRUE	0.842424318049943	-0.109258520327008	0.982172707169961	0	0.979322126965569	0.984633367090871	0.942390071762983	0
1043	STL1	STL1	0.4	1	6	688	NeuertLab	Variable	FALSE	0.821893947353063	0.499940842692394	0.967220745523806	0	0.962025153640582	0.971715741259545	0.897565459437338	3.42780201200334e-246
1044	STL1	STL1	0.4	1	6	688	NeuertLab	Variable	TRUE	0.890643583022877	0.468439597790243	0.975192601086161	0	0.971242096390291	0.978606310334624	0.904734526060205	1.92780945282976e-256
1045	STL1	STL1	0.4	1	6	688	Big-FISH	Fixed	FALSE	0.140012616388547	0.146656302642116	0.603787535351508	1.43336292963031e-69	0.554045533366136	0.649233592991558	0.707842615877164	1.17287964618283e-105
1046	STL1	STL1	0.4	1	6	688	Big-FISH	Fixed	TRUE	0.243518328495117	0.10223577724414	0.766060193458515	8.40458020740451e-134	0.733302754488124	0.79526939342336	0.801394557898406	2.91218754518689e-155
1047	STL1	STL1	0.4	1	6	688	Big-FISH	Variable	FALSE	0.0308250303873001	0.890549271624953	0.251005423646233	2.40489146300557e-11	0.179628888893027	0.319752974499324	0.171916355645907	5.7622756298058e-06
1048	STL1	STL1	0.4	1	6	688	Big-FISH	Variable	TRUE	0.199353130620794	0.0931266877166733	0.470861055589685	2.9514160469528e-39	0.410564292393975	0.527057793829742	0.39977807079342	8.66585340488795e-28
1049	STL1	STL1	0.4	1	8	424	NeuertLab	Fixed	FALSE	0.65324306281124	0.288846802729496	0.972077253699216	8.46017931745056e-268	0.96629815873369	0.976877019664477	0.979626740418099	2.44777258807268e-296
1050	STL1	STL1	0.4	1	8	424	NeuertLab	Fixed	TRUE	0.750227953268413	0.389698252796313	0.98292145122254	2.37185512591653e-312	0.9793632639797	0.985870515039153	0.986795560514568	0
1051	STL1	STL1	0.4	1	8	424	NeuertLab	Variable	FALSE	0.360296579804297	0.308918827980796	0.717248876855591	3.37694923924211e-68	0.667617856525698	0.760533221036586	0.848381904992129	1.23468512679829e-118
1052	STL1	STL1	0.4	1	8	424	NeuertLab	Variable	TRUE	0.619011291822172	0.487438160849862	0.936555259138704	3.06291466423169e-194	0.923708686936407	0.947297881215812	0.950145379243007	1.07424603613157e-215
1053	STL1	STL1	0.4	1	8	424	Big-FISH	Fixed	FALSE	0.129678667222773	0.143149885261351	0.779068207328286	1.33632554748041e-87	0.738636749609483	0.813914559515885	0.844570966387243	1.51072497471164e-116
1054	STL1	STL1	0.4	1	8	424	Big-FISH	Fixed	TRUE	0.18149038850489	0.137345194600938	0.765924162563558	5.61647633416961e-83	0.723461187236177	0.802613639225643	0.841209401345704	9.42978719706129e-115
1055	STL1	STL1	0.4	1	8	424	Big-FISH	Variable	FALSE	0.0866653574365524	6.92682676454015	0.329152282381391	3.59331787900818e-12	0.241488731775138	0.411487021589145	0.378719001742589	6.57599794371323e-16
1056	STL1	STL1	0.4	1	8	424	Big-FISH	Variable	TRUE	0.423969745970396	5.67402047953794	0.521413710846528	6.23651110420341e-31	0.448448532437976	0.587475377923143	0.497249966382613	7.27414569068311e-28
1057	STL1	STL1	0.4	2	0	396	NeuertLab	Fixed	FALSE	0.0573091560331321	-0.000167897918066001	0.247008599201795	6.45097085417789e-07	0.15216637037432	0.33734329476529	0.212890448557958	1.93600339933078e-05
1058	STL1	STL1	0.4	2	0	396	NeuertLab	Fixed	TRUE	0.118871725990598	-0.00783523617640523	0.411922082950238	1.18925210594204e-17	0.326635073455064	0.490555029500719	0.343048316168852	2.2327081260771e-12
1059	STL1	STL1	0.4	2	0	396	NeuertLab	Variable	FALSE	1.08995190285058	1.30024901361047	0.459974240692746	3.97047466327443e-22	0.37858896938896	0.534301271724082	0.456914344565821	8.04605238299201e-22
1060	STL1	STL1	0.4	2	0	396	NeuertLab	Variable	TRUE	1.03894390939998	1.3586591924682	0.446152664650403	9.1233879015748e-21	0.363592380945289	0.521758894745465	0.407178640677761	3.01698936633244e-17
1061	STL1	STL1	0.4	2	0	396	Big-FISH	Fixed	FALSE	0.000125429542792313	0.00190133772948411	0.0285001757240437	0.571755229985544	-0.0702433355669806	0.126690581412312	0.0284121747582605	0.572943580173965
1062	STL1	STL1	0.4	2	0	396	Big-FISH	Fixed	TRUE	0.000408079204383634	0.00685596566846401	0.0311275845702418	0.536824095907509	-0.0676260857820615	0.129277252747671	0.0275989812158282	0.583979665637335
1063	STL1	STL1	0.4	2	0	396	Big-FISH	Variable	FALSE	0.071695555823626	3.80724364890889	0.495351601252475	6.59082849757594e-26	0.417169517375501	0.566256022704518	0.476110295373127	8.49577405972432e-24
1064	STL1	STL1	0.4	2	0	396	Big-FISH	Variable	TRUE	0.426993727017721	8.02440864624894	0.820787276925651	7.47965900037391e-98	0.785800943790632	0.850537372363205	0.844826275249709	4.58269874628137e-109
1065	STL1	STL1	0.4	2	10	495	NeuertLab	Fixed	FALSE	0.646240299975847	0.25807877450653	0.963064468276192	4.51830661263594e-283	0.95608154959452	0.968954742353058	0.961784284419924	1.71132718834449e-279
1066	STL1	STL1	0.4	2	10	495	NeuertLab	Fixed	TRUE	0.733732688967745	0.259714522862345	0.98230256526279	0	0.978917681802018	0.985148065579429	0.978911240787304	0
1067	STL1	STL1	0.4	2	10	495	NeuertLab	Variable	FALSE	0.695565493689552	0.380817282253932	0.972497148474478	3.94008351868084e-314	0.967267808444871	0.976900851531613	0.969197353429601	3.53245061995375e-302
1068	STL1	STL1	0.4	2	10	495	NeuertLab	Variable	TRUE	0.770760768810787	0.412046985957769	0.984571406793672	0	0.981616446844189	0.987054491410768	0.979830205402851	0
1069	STL1	STL1	0.4	2	10	495	Big-FISH	Fixed	FALSE	0.156550574289017	0.389972941628087	0.52593726540247	1.47033997723975e-36	0.459084123650433	0.586867360908264	0.532652408592128	1.27289395600169e-37
1070	STL1	STL1	0.4	2	10	495	Big-FISH	Fixed	TRUE	0.482979825546155	-1.5561287251283	0.854609309022454	2.05448411353988e-142	0.828909231988467	0.876709141619546	0.849795876230335	3.33995632139209e-139
1071	STL1	STL1	0.4	2	10	495	Big-FISH	Variable	FALSE	0.14141257974275	5.5007855101122	0.421524073029632	9.63258844351839e-23	0.346254716897326	0.491401225716391	0.387094826340039	3.83925960282454e-19
1072	STL1	STL1	0.4	2	10	495	Big-FISH	Variable	TRUE	0.470248111316439	0.671541850753034	0.665839753707044	1.04297754409496e-64	0.613721594823806	0.712180140196817	0.650989967505238	5.29767530711441e-61
1073	STL1	STL1	0.4	2	15	363	NeuertLab	Fixed	FALSE	0.564809623501747	1.48939402264139	0.970748881756681	9.02338998980792e-226	0.964156387865295	0.976143586105654	0.966544120380315	2.08149026810243e-215
1074	STL1	STL1	0.4	2	15	363	NeuertLab	Fixed	TRUE	0.644807772111821	1.51770936227434	0.980991027156641	3.7196579336803e-259	0.97667954971329	0.984511645765276	0.977942393757663	1.29231156521722e-247
1075	STL1	STL1	0.4	2	15	363	NeuertLab	Variable	FALSE	0.5039037073002	1.58536455415125	0.908637542984017	5.66774377508189e-139	0.888836262239704	0.925051633775216	0.912986786780732	1.27738862697252e-142
1076	STL1	STL1	0.4	2	15	363	NeuertLab	Variable	TRUE	0.587125033343383	0.260031541140664	0.871247863999375	1.29641725980723e-113	0.844005310709467	0.894006306725071	0.853054957295724	5.20914935700205e-104
1077	STL1	STL1	0.4	2	15	363	Big-FISH	Fixed	FALSE	0.255814794832843	-0.0263615827456972	0.727574724851433	4.78031034268817e-61	0.675208944436882	0.772643470564769	0.715898053071715	2.78426862645955e-58
1078	STL1	STL1	0.4	2	15	363	Big-FISH	Fixed	TRUE	0.472049227014852	-0.774571940303196	0.899031422198275	1.583058033988e-131	0.877282038115486	0.917096376338451	0.892343237700045	8.99476263421698e-127
1079	STL1	STL1	0.4	2	15	363	Big-FISH	Variable	FALSE	0.280610396752537	6.00611289377282	0.658074593682123	2.07111581837415e-46	0.595477626942031	0.712729197577784	0.610661046330543	1.79276981495626e-38
1080	STL1	STL1	0.4	2	15	363	Big-FISH	Variable	TRUE	0.685067175939388	0.596947886656681	0.85698560131465	5.69467436357394e-106	0.827004296353456	0.882106234140878	0.848242753963875	1.09995630343878e-101
1081	STL1	STL1	0.4	2	1	1487	NeuertLab	Fixed	FALSE	0.127409243711068	-0.0222746333890681	0.904029880457936	0	0.894293492143058	0.91291070181072	0.312632626038927	4.49163887574108e-35
1082	STL1	STL1	0.4	2	1	1487	NeuertLab	Fixed	TRUE	0.27688284915067	-0.0514574031105657	0.938748383764764	0	0.932409230681144	0.944510077271568	0.422219191235952	2.37625339284914e-65
1083	STL1	STL1	0.4	2	1	1487	NeuertLab	Variable	FALSE	0.215069381921214	0.706460181163172	0.590477290555965	1.97157099994342e-140	0.556342460925408	0.622622622720978	0.473641307043579	5.27458143167693e-84
1084	STL1	STL1	0.4	2	1	1487	NeuertLab	Variable	TRUE	0.385938771076402	0.864518138163736	0.636230664383176	1.60284628404049e-169	0.604962275886429	0.665539833853825	0.393574480218154	2.80757071813436e-56
1085	STL1	STL1	0.4	2	1	1487	Big-FISH	Fixed	FALSE	0.00140815066417574	-0.00847640507173213	0.0721006049747245	0.00540916395973778	0.0213445620555247	0.122485946317549	0.0927336112077211	0.000342713360459293
1086	STL1	STL1	0.4	2	1	1487	Big-FISH	Fixed	TRUE	0.00726360925549949	-0.00313275110469112	0.0859235244279894	0.000910870923985289	0.0352431871137151	0.136163057871806	0.10497030381902	4.99989856436055e-05
1087	STL1	STL1	0.4	2	1	1487	Big-FISH	Variable	FALSE	0.0929034546042276	1.83738429067881	0.410926720312055	1.14444927061492e-61	0.367774956237726	0.452312564611097	0.24260937425768	2.31765925549878e-21
1088	STL1	STL1	0.4	2	1	1487	Big-FISH	Variable	TRUE	0.228140344478025	6.48373408279565	0.265022373128782	2.54325054497244e-25	0.217113093892752	0.311657923609846	0.125909114815318	1.11274875494348e-06
1089	STL1	STL1	0.4	2	20	1732	NeuertLab	Fixed	FALSE	0.401156154017602	1.39969884977526	0.887695882087825	0	0.877274968970009	0.897280345078971	0.885531650818478	0
1090	STL1	STL1	0.4	2	20	1732	NeuertLab	Fixed	TRUE	0.544833497766832	2.21359110654273	0.959492821182923	0	0.955577303497399	0.96306973371636	0.956155755842019	0
1091	STL1	STL1	0.4	2	20	1732	NeuertLab	Variable	FALSE	0.286151387831806	0.621484271490371	0.776437214790198	0	0.757021260859797	0.794483154135568	0.793283281056346	0
1092	STL1	STL1	0.4	2	20	1732	NeuertLab	Variable	TRUE	0.28164457480972	1.71526197343119	0.593720657860257	1.69343310253537e-165	0.562345634107403	0.62338862819158	0.574712757961694	8.17142252684408e-153
1093	STL1	STL1	0.4	2	20	1732	Big-FISH	Fixed	FALSE	0.133999137241743	0.636648914581757	0.65902520265977	2.76203484397532e-216	0.63152734611523	0.684867349524643	0.723861804220878	3.73246330204138e-281
1094	STL1	STL1	0.4	2	20	1732	Big-FISH	Fixed	TRUE	0.397183455922725	-0.472653259782925	0.900661900091422	0	0.891374895215429	0.909193024667495	0.904920631870703	0
1095	STL1	STL1	0.4	2	20	1732	Big-FISH	Variable	FALSE	0.000542570324070848	1.83379315662283	0.00864681146998126	0.719143362009996	-0.0384697474871565	0.0557250074912273	0.0763243148281739	0.00147908282415772
1096	STL1	STL1	0.4	2	20	1732	Big-FISH	Variable	TRUE	0.0273160468862437	16.4198110146673	0.0326495978208633	0.174409954861999	-0.0144735512562417	0.0796280351110931	0.0491228879045626	0.0409416629023633
1097	STL1	STL1	0.4	2	25	122	NeuertLab	Fixed	FALSE	0.487194300652981	3.9542747957023	0.94069449853879	3.55356040062248e-58	0.91612719316074	0.958222654363236	0.945555664045925	2.42727391290258e-60
1098	STL1	STL1	0.4	2	25	122	NeuertLab	Fixed	TRUE	0.638224201881676	2.31446556646397	0.97158315113658	5.98707363433756e-77	0.959544736216635	0.980075677014043	0.971509312875978	6.98057959514118e-77
1099	STL1	STL1	0.4	2	25	122	NeuertLab	Variable	FALSE	0.570713698438467	4.07118983706543	0.948840429523937	6.39806066736591e-62	0.927521551749368	0.964005652331215	0.955677451705227	1.43256107670613e-65
1100	STL1	STL1	0.4	2	25	122	NeuertLab	Variable	TRUE	0.667083891981891	2.62611885758553	0.971153048451011	1.45599169310268e-76	0.958936221305571	0.979772794071368	0.973059132998876	2.54803840299677e-78
1101	STL1	STL1	0.4	2	25	122	Big-FISH	Fixed	FALSE	0.192172015807083	1.56047225570333	0.79023386957764	2.75601619870121e-27	0.712569507156345	0.848766299684705	0.768101567140204	5.51933910446475e-25
1102	STL1	STL1	0.4	2	25	122	Big-FISH	Fixed	TRUE	0.548738741585192	-0.897292944891275	0.936262863476793	2.34941084291487e-56	0.909944940983471	0.955070496520563	0.924461462159137	4.40169522136112e-52
1103	STL1	STL1	0.4	2	25	122	Big-FISH	Variable	FALSE	0.210243578256454	10.6050880730905	0.613071621298542	6.09904320049858e-14	0.488553320146239	0.713116938425127	0.578957382533888	2.84306859473967e-12
1104	STL1	STL1	0.4	2	25	122	Big-FISH	Variable	TRUE	0.654971853263152	4.73642555534789	0.852483525791008	1.33389838844285e-35	0.79523043542266	0.894668017480135	0.831877562444587	1.78296247609934e-32
1105	STL1	STL1	0.4	2	2	211	NeuertLab	Fixed	FALSE	0.221307212205271	0.00338072122052684	0.44840457105745	7.83792054831478e-12	0.333536781175437	0.550152925657612	0.382073525088214	9.68928769510543e-09
1106	STL1	STL1	0.4	2	2	211	NeuertLab	Fixed	TRUE	0.276451174529219	-0.000776548243059855	0.529329443884827	1.23530330769065e-16	0.424619366045622	0.620065920071046	0.428380215199738	7.93747838020487e-11
1107	STL1	STL1	0.4	2	2	211	NeuertLab	Variable	FALSE	0.917488031540409	1.33821458744016	0.393241928089024	3.25071332841843e-09	0.272655348306757	0.501664759280872	0.423980855603015	1.29391934147754e-10
1108	STL1	STL1	0.4	2	2	211	NeuertLab	Variable	TRUE	1.57467782795461	2.04108381980395	0.39956062555847	1.72064586161495e-09	0.279580481657778	0.507253683721309	0.384310051322503	7.81131581409041e-09
1109	STL1	STL1	0.4	2	2	211	Big-FISH	Fixed	FALSE	-8.9988458794512e-05	0.00833460998880445	-0.0413961032626234	0.549841591552216	-0.175483486179308	0.0941991595485355	-0.038527351638148	0.577852483001174
1110	STL1	STL1	0.4	2	2	211	Big-FISH	Fixed	TRUE	-0.000235187305666635	0.00671334937599815	-0.0283174278204809	0.682559513215713	-0.162763456959017	0.107161006886469	-0.01022064874479	0.882669960001092
1111	STL1	STL1	0.4	2	2	211	Big-FISH	Variable	FALSE	0.0657909261671909	9.65864953697114	0.462293553370967	1.43631190671078e-12	0.349018143609288	0.562254219529338	0.392616327121299	3.45953968351895e-09
1112	STL1	STL1	0.4	2	2	211	Big-FISH	Variable	TRUE	0.0149882922593511	19.033590427763	0.0365499288486953	0.597540302539149	-0.0990074115326065	0.170775419788985	-0.123301863573073	0.0738971648761315
1113	STL1	STL1	0.4	2	30	338	NeuertLab	Fixed	FALSE	0.565599282722624	2.59344388756883	0.968100463528022	4.87703292699053e-204	0.960631816939585	0.974170878606378	0.971794390795666	6.98090846415397e-213
1114	STL1	STL1	0.4	2	30	338	NeuertLab	Fixed	TRUE	0.593092672805864	2.63354999163968	0.974500726734735	3.82907611914363e-220	0.96850659658463	0.97936595446517	0.975716989104826	1.15249724280151e-223
1115	STL1	STL1	0.4	2	30	338	NeuertLab	Variable	FALSE	0.519072922542622	2.00139951421003	0.881961332853215	8.45883183049451e-112	0.855802548678728	0.903621115019471	0.883720204065871	7.92945262437864e-113
1116	STL1	STL1	0.4	2	30	338	NeuertLab	Variable	TRUE	0.521946665903507	3.58660184759217	0.938364433503077	4.43330987226444e-157	0.924201816745586	0.94994964757797	0.942571634795964	4.41122422985755e-162
1117	STL1	STL1	0.4	2	30	338	Big-FISH	Fixed	FALSE	0.30737298370082	-0.994668756866983	0.781340746254893	8.93897908271963e-71	0.736011148794456	0.8196951985184	0.763495499725421	8.92562719356241e-66
1118	STL1	STL1	0.4	2	30	338	Big-FISH	Fixed	TRUE	0.521590658357341	0.105227746835696	0.914200540038532	7.52398270513354e-134	0.894786924517639	0.930164037527022	0.91967811447496	1.85799841351851e-138
1119	STL1	STL1	0.4	2	30	338	Big-FISH	Variable	FALSE	0.220362744822319	7.20599987123499	0.61515034962899	1.4323891715106e-36	0.544184129833424	0.677376201024239	0.577405802250725	1.9234624009695e-31
1120	STL1	STL1	0.4	2	30	338	Big-FISH	Variable	TRUE	0.57942075609668	2.83801744633992	0.863013499840044	1.14853497095511e-101	0.833028199222835	0.887943136793087	0.846678408684203	4.41889649056234e-94
1121	STL1	STL1	0.4	2	35	403	NeuertLab	Fixed	FALSE	0.606827247110777	0.683692090063767	0.939157071312883	3.37090257538642e-188	0.926467560027862	0.9497139111343	0.936812629854939	5.19673958435339e-185
1122	STL1	STL1	0.4	2	35	403	NeuertLab	Fixed	TRUE	0.758471882718822	0.809164273439407	0.984564570985046	1.22095200382127e-305	0.981253778978064	0.98729438992304	0.985114450381044	8.95236812702197e-309
1123	STL1	STL1	0.4	2	35	403	NeuertLab	Variable	FALSE	0.683195385896986	1.22056153056055	0.961922602615175	5.2889563849308e-228	0.953868158046748	0.968593376300192	0.961982303840604	3.88472188775555e-228
1124	STL1	STL1	0.4	2	35	403	NeuertLab	Variable	TRUE	0.80440437924445	1.92488428048206	0.982090496726383	8.40259560309614e-293	0.978254847668469	0.985254614832395	0.981372939519634	2.06009588230789e-289
1125	STL1	STL1	0.4	2	35	403	Big-FISH	Fixed	FALSE	0.22102330128193	-1.97875738841106	0.817722159802436	3.15765603970621e-98	0.782546057214004	0.847694241677718	0.748553707169916	1.48401192810861e-73
1126	STL1	STL1	0.4	2	35	403	Big-FISH	Fixed	TRUE	0.669344964521126	-1.19818019499776	0.939530262113805	1.01997578958287e-188	0.92691565073807	0.950024018497407	0.917066832621468	3.24546210528295e-162
1127	STL1	STL1	0.4	2	35	403	Big-FISH	Variable	FALSE	0.219579218268041	1.38159362472144	0.811662567245566	1.14673654216348e-95	0.775461531320736	0.842544723448108	0.721664790433245	4.83485216018327e-66
1128	STL1	STL1	0.4	2	35	403	Big-FISH	Variable	TRUE	0.609059601177333	1.43873863592968	0.881502019047179	9.37132129180621e-133	0.857670446104486	0.901554712148581	0.831855596785476	1.3759035657826e-104
1129	STL1	STL1	0.4	2	40	562	NeuertLab	Fixed	FALSE	0.660889738395351	-0.0328834305029155	0.96287584508244	1.14227977318496e-320	0.956327378960287	0.968458236425296	0.94779211879432	3.88043075157803e-280
1130	STL1	STL1	0.4	2	40	562	NeuertLab	Fixed	TRUE	0.744800221513489	0.164557366430348	0.982054120408094	0	0.978852133375446	0.984775026377896	0.972111060272239	0
1131	STL1	STL1	0.4	2	40	562	NeuertLab	Variable	FALSE	0.772805201215654	1.10502471599826	0.973804234052492	0	0.969153172609788	0.97776193169284	0.950238009164734	8.04708282058907e-286
1132	STL1	STL1	0.4	2	40	562	NeuertLab	Variable	TRUE	0.832351473694705	0.990770597773216	0.982036540704063	0	0.978831450518905	0.98476009156726	0.978067635234535	0
1133	STL1	STL1	0.4	2	40	562	Big-FISH	Fixed	FALSE	0.117008704132555	-1.32376507613599	0.637594539297051	1.8806097908615e-65	0.585776822306589	0.684220873884869	0.590037468165597	5.22112922263399e-54
1134	STL1	STL1	0.4	2	40	562	Big-FISH	Fixed	TRUE	0.413988417914928	-1.8017438354158	0.809104024312894	2.14846688786672e-131	0.77849213060018	0.835875824390731	0.747781625155113	1.11470539749018e-101
1135	STL1	STL1	0.4	2	40	562	Big-FISH	Variable	FALSE	0.0691561702447945	3.27637859137075	0.472807706046013	1.20935001226097e-32	0.405975134893008	0.534609996921465	0.426796226171859	2.76634595945498e-26
1136	STL1	STL1	0.4	2	40	562	Big-FISH	Variable	TRUE	0.190103858124518	2.98024941317042	0.51462507521876	2.51846498923993e-39	0.451118079956814	0.572946592004363	0.461751867634675	5.01383460758943e-31
1137	STL1	STL1	0.4	2	45	260	NeuertLab	Fixed	FALSE	0.419833512162335	-0.00318354930374323	0.859941695293572	2.51137263422534e-77	0.824548187278461	0.888631159368299	0.740942235100772	1.63647448112612e-46
1138	STL1	STL1	0.4	2	45	260	NeuertLab	Fixed	TRUE	0.633974366532644	-0.0656459657355783	0.913385102181296	1.08812152912777e-102	0.890703412101223	0.931530250874519	0.824782766306401	7.87478908437687e-66
1139	STL1	STL1	0.4	2	45	260	NeuertLab	Variable	FALSE	1.05566083911696	0.489386161974923	0.928494686860438	5.37632068039486e-113	0.909582741672222	0.943567851381516	0.791615103034082	3.96751750549567e-57
1140	STL1	STL1	0.4	2	45	260	NeuertLab	Variable	TRUE	1.0772976568481	0.921382045457396	0.883548893892319	5.66966403068719e-87	0.853651650508865	0.90764279336682	0.767536874924117	9.54250337496391e-52
1141	STL1	STL1	0.4	2	45	260	Big-FISH	Fixed	FALSE	0.00604424996324652	0.0251430915180362	0.188774923389398	0.00223737573280084	0.0686989399173256	0.303459590621626	0.155338204965392	0.0121441989452287
1142	STL1	STL1	0.4	2	45	260	Big-FISH	Fixed	TRUE	0.0757593275353382	-0.060964591121444	0.391026137192274	6.28307917465513e-11	0.282826459099218	0.489399199009539	0.38258844223243	1.72685832194997e-10
1143	STL1	STL1	0.4	2	45	260	Big-FISH	Variable	FALSE	0.0173854910420425	0.591560503175672	0.288799902540542	2.18394233006064e-06	0.173232512887433	0.396522324674836	0.381144579248677	2.04713451979759e-10
1144	STL1	STL1	0.4	2	45	260	Big-FISH	Variable	TRUE	0.0389950709099169	0.461027969089804	0.293630140308592	1.44666921988017e-06	0.178347249309831	0.400961004630035	0.369635889521977	7.71460135597726e-10
1145	STL1	STL1	0.4	2	4	217	NeuertLab	Fixed	FALSE	0.587548638132297	-0.0296221915401031	0.87268486546055	7.21594091542945e-69	0.836754808621156	0.901132437870819	0.622592539931765	1.10293602366025e-24
1146	STL1	STL1	0.4	2	4	217	NeuertLab	Fixed	TRUE	0.743839169909214	-0.0328019748127707	0.939825384182543	3.04313167858493e-102	0.922054634884799	0.953642302270374	0.711860847157126	7.69126405710406e-35
1147	STL1	STL1	0.4	2	4	217	NeuertLab	Variable	FALSE	1.08519442406456	0.530887747615555	0.777025936778835	4.19661294069263e-45	0.718162545289458	0.82484862655312	0.640121687129364	2.05129945976965e-26
1148	STL1	STL1	0.4	2	4	217	NeuertLab	Variable	TRUE	1.13684519442406	1.62333088774761	0.596188520308953	2.83159293988842e-22	0.502938980947061	0.675718819140625	0.477173792759963	9.71195724544971e-14
1149	STL1	STL1	0.4	2	4	217	Big-FISH	Fixed	FALSE	-0.00124595733082844	0.0783389391731512	-0.124785910378785	0.0665394303999314	-0.253753063773659	0.00854043989723565	-0.153942860552156	0.0233194848748027
1150	STL1	STL1	0.4	2	4	217	Big-FISH	Fixed	TRUE	0.0306372314579227	-0.0336980850534688	0.247087202553125	0.000236955935331191	0.117778670216508	0.368156267890662	0.192130740819441	0.00450531764304222
1151	STL1	STL1	0.4	2	4	217	Big-FISH	Variable	FALSE	-0.00569100157850213	2.44429276486255	-0.112778616656088	0.0975137998258929	-0.24232324785913	0.02071697169724	0.00756103609399376	0.911823083734654
1152	STL1	STL1	0.4	2	4	217	Big-FISH	Variable	TRUE	-0.236324127675878	13.5243843047402	-0.635792799179225	5.62026423331318e-26	-0.70894535607133	-0.549105360678519	-0.693840786510904	1.71777923324019e-32
1153	STL1	STL1	0.4	2	50	447	NeuertLab	Fixed	FALSE	0.457794114749815	0.00396302571503403	0.924080299692727	5.37246593434218e-188	0.909261981348228	0.93655906648902	0.76848965814726	2.51004742796466e-88
1154	STL1	STL1	0.4	2	50	447	NeuertLab	Fixed	TRUE	0.478016307006124	0.0198712395848094	0.916194550391198	7.6954103464003e-179	0.8999171207209	0.929922273620975	0.755429303201752	9.85988772854131e-84
1155	STL1	STL1	0.4	2	50	447	NeuertLab	Variable	FALSE	0.604616395095289	1.22365719508207	0.841430297802325	4.99051993149649e-121	0.812055784154677	0.866551863777928	0.626347728200661	4.44875532776468e-50
1156	STL1	STL1	0.4	2	50	447	NeuertLab	Variable	TRUE	0.564564576697508	1.87697091595067	0.619403123412428	1.04469231796969e-48	0.558754378591512	0.67346206360992	0.516652501533008	7.1874727720277e-32
1157	STL1	STL1	0.4	2	50	447	Big-FISH	Fixed	FALSE	0.0160499939196355	-0.110499457302661	0.234734278465949	5.18756132436395e-07	0.145145839192384	0.320504932981848	0.147047846094063	0.00182579485561948
1158	STL1	STL1	0.4	2	50	447	Big-FISH	Fixed	TRUE	0.0612916557261252	-0.312919423374914	0.32863294086805	1.02174367921323e-12	0.243300338320733	0.408917500203644	0.178843931817231	0.000143945614979653
1159	STL1	STL1	0.4	2	50	447	Big-FISH	Variable	FALSE	0.00587269110414386	0.661698217432156	0.130878166588603	0.00558403884463091	0.0385982569966172	0.220944619940243	0.162842738926911	0.000547564749498194
1160	STL1	STL1	0.4	2	50	447	Big-FISH	Variable	TRUE	0.0100818414106267	0.590772768283198	0.120613918300958	0.010703025092843	0.0281807250771836	0.211001935751652	0.14080666669778	0.00284944929000737
1161	STL1	STL1	0.4	2	55	580	NeuertLab	Fixed	FALSE	0.465643403519307	-0.0705637965055379	0.972007631828336	0	0.967127292009836	0.976172204240161	0.598753585749288	1.04929978154245e-57
1162	STL1	STL1	0.4	2	55	580	NeuertLab	Fixed	TRUE	0.565018260761338	-0.0962832412333863	0.984368698303479	0	0.981623370436653	0.986706646477816	0.633277108251737	2.43262469318967e-66
1163	STL1	STL1	0.4	2	55	580	NeuertLab	Variable	FALSE	0.543208034278754	1.16866958905216	0.923230258402924	2.88617241586982e-242	0.910232921930471	0.934410332239506	0.564152029974351	4.81111685222391e-50
1164	STL1	STL1	0.4	2	55	580	NeuertLab	Variable	TRUE	0.588760220882625	1.16807478770355	0.931698573134873	2.17810743250101e-256	0.92007536513543	0.941682790967754	0.567393416403596	1.00623902184636e-50
1165	STL1	STL1	0.4	2	55	580	Big-FISH	Fixed	FALSE	0.010098673001609	-0.115708603186033	0.213400346423008	2.12389676011039e-07	0.134320215374173	0.289779569016786	0.264650192931334	9.43836099609977e-11
1166	STL1	STL1	0.4	2	55	580	Big-FISH	Fixed	TRUE	0.057897197184928	-0.368582429717666	0.354107969843681	1.41448480455593e-18	0.280789140851926	0.423317802120839	0.288545931735846	1.38676599360276e-12
1167	STL1	STL1	0.4	2	55	580	Big-FISH	Variable	FALSE	0.0108747463038565	0.655905316350204	0.209281807029169	3.66226186848958e-07	0.130084467164098	0.28582556440137	0.389994050560456	1.65172588754321e-22
1168	STL1	STL1	0.4	2	55	580	Big-FISH	Variable	TRUE	0.367463669379449	0.180238204625236	0.68144546525631	2.13274437348521e-80	0.635276210110506	0.722761139870712	0.672712392341364	1.18973242139833e-77
1169	STL1	STL1	0.4	2	6	788	NeuertLab	Fixed	FALSE	0.640911222171242	-0.0678883230265534	0.940676672886558	0	0.932070766268787	0.948221522104553	0.873823111609329	2.39827825715357e-248
1170	STL1	STL1	0.4	2	6	788	NeuertLab	Fixed	TRUE	0.667033103281676	-0.00313252535571544	0.937878549478798	0	0.928881600492687	0.945769324629878	0.880820713590613	1.88138946444096e-257
1171	STL1	STL1	0.4	2	6	788	NeuertLab	Variable	FALSE	0.810874754419925	0.482749384182526	0.958694792319552	0	0.952638945838773	0.963990584567891	0.843910499275541	9.10308474367575e-215
1172	STL1	STL1	0.4	2	6	788	NeuertLab	Variable	TRUE	0.814795183265872	0.439322481679953	0.957656210391402	0	0.951451869278969	0.963082650774494	0.844526099011455	2.19472561888526e-215
1173	STL1	STL1	0.4	2	6	788	Big-FISH	Fixed	FALSE	0.0317998358475954	0.2019893543796	0.264760414799522	4.16877755076078e-14	0.19859234285873	0.3285258947992	0.250958590747486	8.78832777308945e-13
1174	STL1	STL1	0.4	2	6	788	Big-FISH	Fixed	TRUE	0.138858182530657	-0.153373693746192	0.449091668211377	2.26180090089901e-40	0.391531700103459	0.503150742471701	0.362176120585948	7.81035071703929e-26
1175	STL1	STL1	0.4	2	6	788	Big-FISH	Variable	FALSE	0.0346522235466764	1.38129665846042	0.235873775162445	2.00551643885732e-11	0.168814508687922	0.30075944950622	0.58059490022329	3.31645119196837e-72
1176	STL1	STL1	0.4	2	6	788	Big-FISH	Variable	TRUE	0.109918500474557	1.0537480086619	0.35261921141442	1.74093370706957e-24	0.289918815283599	0.412305587723672	0.604347933185128	1.25419810875894e-79
1177	STL1	STL1	0.4	2	8	344	NeuertLab	Fixed	FALSE	0.697917842324409	0.00453171378271764	0.961729936987189	2.29974602705477e-194	0.952892655252653	0.968935726504116	0.967751393056715	7.46523182843605e-207
1178	STL1	STL1	0.4	2	8	344	NeuertLab	Fixed	TRUE	0.774317824436668	-0.0254844064813473	0.979754013681273	5.59653284891723e-241	0.9750258459615	0.983594468702288	0.975297757904046	2.27246441068712e-226
1179	STL1	STL1	0.4	2	8	344	NeuertLab	Variable	FALSE	0.852533805645697	0.614839132581422	0.973459818070093	4.14787029687968e-221	0.967286018130282	0.978481239683918	0.956266488451792	1.16776931990097e-184
1180	STL1	STL1	0.4	2	8	344	NeuertLab	Variable	TRUE	0.911664925054764	1.02689562072487	0.976007807949576	1.64782678656304e-228	0.970417838799944	0.980551898864697	0.948002215926817	4.08188129466854e-172
1181	STL1	STL1	0.4	2	8	344	Big-FISH	Fixed	FALSE	0.0587221245120357	1.04067399957401	0.29819522347135	1.70665651357043e-08	0.198719936787097	0.391589051905301	0.295587948703321	2.30052257503582e-08
1182	STL1	STL1	0.4	2	8	344	Big-FISH	Fixed	TRUE	0.37849987972532	-1.58343999201195	0.671430585046339	1.98349337454224e-46	0.608921500167321	0.725652046708169	0.641865096665606	2.45508497254809e-41
1183	STL1	STL1	0.4	2	8	344	Big-FISH	Variable	FALSE	0.0426379051621538	4.15635819109178	0.211250531399126	7.8641395685362e-05	0.107920006457465	0.310065551178469	0.207353668463787	0.000107052066757248
1184	STL1	STL1	0.4	2	8	344	Big-FISH	Variable	TRUE	0.247876232519361	1.54988564361113	0.473209955080167	1.34450235772952e-20	0.386824576688578	0.551362230777243	0.441659442553532	7.40860758530231e-18
1185	STL1	STL1	0.4	2	60	815	NeuertLab	Fixed	FALSE	0.413701782607713	-0.0462440344620575	0.871293867379119	1.52840958079433e-253	0.853701559064534	0.886899781414499	0.551837242781427	3.90254300961154e-66
1186	STL1	STL1	0.4	2	60	815	NeuertLab	Fixed	TRUE	0.59408428116286	-0.0791831652581293	0.897563946439884	2.13545804727136e-291	0.883338529586017	0.910137516569769	0.61163596441137	8.69064777736922e-85
1187	STL1	STL1	0.4	2	60	815	NeuertLab	Variable	FALSE	0.816873195762991	0.594844293259735	0.720879590464603	1.36540624054944e-131	0.686175697831741	0.752309530469712	0.601574264584352	2.27058224182139e-81
1188	STL1	STL1	0.4	2	60	815	NeuertLab	Variable	TRUE	0.943121036309164	0.868359728900964	0.723704155751288	4.24121777146928e-133	0.68928804170348	0.754861346725174	0.505715734008367	3.93918248972792e-54
1189	STL1	STL1	0.4	2	60	815	Big-FISH	Fixed	FALSE	0.000647358496623584	0.0419844706147764	0.0486550282216066	0.165227272942939	-0.0200850737099484	0.11693729916747	0.0595512923879258	0.0893227301911153
1190	STL1	STL1	0.4	2	60	815	Big-FISH	Fixed	TRUE	0.00370179279685295	0.0422751699338278	0.0805176913824811	0.0215139754907549	0.0119105575608462	0.148370286040705	0.0802454854024652	0.0219608684651817
1191	STL1	STL1	0.4	2	60	815	Big-FISH	Variable	FALSE	0.00078993983731054	0.352802541256772	0.0494143370348243	0.158720912139	-0.0193242303439909	0.117687963075519	0.11014197707912	0.00163765532803681
1192	STL1	STL1	0.4	2	60	815	Big-FISH	Variable	TRUE	-0.000172042006724154	0.437679820396278	-0.00450937155729741	0.897723598725109	-0.0731597079902252	0.0641834962253996	0.0485080193769231	0.166509793057336
1193	STL1	STL1	0.4	3	0	675	NeuertLab	Fixed	FALSE	0.439584751531654	0.0129906966190152	0.770216017279509	1.39847224354604e-133	0.737625673898364	0.799225954848171	0.772645620840961	6.18447454387017e-135
1194	STL1	STL1	0.4	3	0	675	NeuertLab	Fixed	TRUE	0.462673668816064	0.0105697001927806	0.648800676861081	6.77133285274077e-82	0.602853332666484	0.69045878973335	0.572717262657433	4.33692521724001e-60
1195	STL1	STL1	0.4	3	0	675	NeuertLab	Variable	FALSE	0.959486416313094	0.0596384016211763	0.793729995085977	1.92626559787573e-147	0.764030092328817	0.820073055847603	0.57305921351034	3.5620072069349e-60
1196	STL1	STL1	0.4	3	0	675	NeuertLab	Variable	TRUE	1.0296961325967	0.0462195621035394	0.747716971976431	8.71722314630661e-122	0.712453920740317	0.779213112523404	0.443761812079305	6.14537295705199e-34
1197	STL1	STL1	0.4	3	0	675	Big-FISH	Fixed	FALSE	0.0130320420851271	0.00107604017216642	0.112451476668187	0.00343965164039011	0.0373045299958142	0.186333763738091	0.297905991131461	2.66486836681278e-15
1198	STL1	STL1	0.4	3	0	675	Big-FISH	Fixed	TRUE	0	0	NA	NA	NA	NA	NA	NA
1199	STL1	STL1	0.4	3	0	675	Big-FISH	Variable	FALSE	0.413757421895154	0.518498736470126	0.957678301416922	0	0.950938924864296	0.963509225271963	0.929874446873919	1.72642771195109e-294
1200	STL1	STL1	0.4	3	0	675	Big-FISH	Variable	TRUE	0.540723133272241	7.15354508813023	0.606036936335949	6.48162700493293e-69	0.556001412377384	0.651695995265284	0.614429204329976	2.63439206204657e-71
1201	STL1	STL1	0.4	3	10	1063	NeuertLab	Fixed	FALSE	0.346343295544446	1.45754346097172	0.956696810166163	0	0.951291210655077	0.961514339530813	0.973968279698766	0
1202	STL1	STL1	0.4	3	10	1063	NeuertLab	Fixed	TRUE	0.369900499233301	1.32586332885439	0.962835059998592	0	0.958179329986769	0.966981225607693	0.978349306061452	0
1203	STL1	STL1	0.4	3	10	1063	NeuertLab	Variable	FALSE	0.302117298641334	1.43440692163999	0.824245293761007	2.51495834888177e-264	0.803962103593381	0.842612964256706	0.901520398162589	0
1204	STL1	STL1	0.4	3	10	1063	NeuertLab	Variable	TRUE	0.179029058034988	0.314976479770107	0.704840786171895	2.05890947891467e-160	0.673245813689556	0.733866641773426	0.813239463828853	1.01337073568946e-251
1205	STL1	STL1	0.4	3	10	1063	Big-FISH	Fixed	FALSE	0.0749834689870156	0.22238784871728	0.747467333769345	1.1029173276288e-190	0.719685023161748	0.772859803983433	0.812531367447671	6.13808049774037e-251
1206	STL1	STL1	0.4	3	10	1063	Big-FISH	Fixed	TRUE	0.0869932377536197	0.308945274382617	0.681412414899775	5.47259445337224e-146	0.647827634024078	0.712353480247216	0.802189797212114	7.02401358889854e-240
1207	STL1	STL1	0.4	3	10	1063	Big-FISH	Variable	FALSE	-0.117453884275588	9.80931230205433	-0.104123945020528	0.000673672636542534	-0.163229217709911	-0.0442739312125391	0.465353281519898	3.10196548361613e-58
1208	STL1	STL1	0.4	3	10	1063	Big-FISH	Variable	TRUE	0.065260268449978	1.45184223505577	0.124551789796163	4.66243078284185e-05	0.0649107040536462	0.18330621743239	0.742919673170691	3.6047437141873e-187
1209	STL1	STL1	0.4	3	15	774	NeuertLab	Fixed	FALSE	0.524862679841515	1.69275249487299	0.963669163886155	0	0.958275474465348	0.968376875547349	0.971314446529278	0
1210	STL1	STL1	0.4	3	15	774	NeuertLab	Fixed	TRUE	0.590267263869977	1.67821338241513	0.970557172927888	0	0.966168461843908	0.974383986771599	0.979571468843617	0
1211	STL1	STL1	0.4	3	15	774	NeuertLab	Variable	FALSE	0.282894750794943	1.18466896499898	0.594123167772821	4.97416461128521e-75	0.546535872871258	0.637885867507245	0.674588186777616	7.17859044995677e-104
1212	STL1	STL1	0.4	3	15	774	NeuertLab	Variable	TRUE	0.543390705761454	1.96397736872849	0.906928256281844	4.71029203610086e-292	0.893567366887387	0.91868392927122	0.92470034160913	0
1213	STL1	STL1	0.4	3	15	774	Big-FISH	Fixed	FALSE	0.10843103810659	-0.0416625759490753	0.774556725432478	9.76454449874239e-156	0.744736974859346	0.801289685788104	0.833192468478554	8.13868984094497e-201
1214	STL1	STL1	0.4	3	15	774	Big-FISH	Fixed	TRUE	0.12661955426627	0.062325163745103	0.762501533778779	3.85840469693467e-148	0.731328642780809	0.7904952260914	0.819693350808417	5.29549748227135e-189
1215	STL1	STL1	0.4	3	15	774	Big-FISH	Variable	FALSE	0.667846421672012	0.401234375801606	0.976636571315025	0	0.973141696616318	0.979681366479473	0.95670484948841	0
1216	STL1	STL1	0.4	3	15	774	Big-FISH	Variable	TRUE	0.629356676340797	4.16465373413414	0.861002595311566	7.00982875931974e-229	0.841596510175437	0.878188487125881	0.811386946059695	3.24715179809075e-182
1217	STL1	STL1	0.4	3	20	1234	NeuertLab	Fixed	FALSE	0.480285862140362	2.94372341026098	0.948840250351301	0	0.942965369124548	0.954124274639611	0.946978856445536	0
1218	STL1	STL1	0.4	3	20	1234	NeuertLab	Fixed	TRUE	0.548756498265066	1.87211466025428	0.965730882661973	0	0.961757559639113	0.969297845125884	0.965454513083721	0
1219	STL1	STL1	0.4	3	20	1234	NeuertLab	Variable	FALSE	0.415646939343224	2.19848110375571	0.797536995592463	1.10937822481864e-272	0.776281893932388	0.816980754137221	0.789647978948875	1.25577462526605e-263
1220	STL1	STL1	0.4	3	20	1234	NeuertLab	Variable	TRUE	0.556952440695535	1.48896941018022	0.960987858020384	0	0.95647678232164	0.965039726553739	0.959689606663664	0
1221	STL1	STL1	0.4	3	20	1234	Big-FISH	Fixed	FALSE	0.12226893788653	-0.294820390443257	0.767027812879185	1.07826679540494e-239	0.743027661746221	0.789057718867624	0.82502294301788	1.14174276897047e-307
1222	STL1	STL1	0.4	3	20	1234	Big-FISH	Fixed	TRUE	0.146193996242099	-0.0729449161508007	0.728845368862537	6.50246926565034e-205	0.701576067267411	0.753983133405694	0.794188516532935	8.63824307048774e-269
1223	STL1	STL1	0.4	3	20	1234	Big-FISH	Variable	FALSE	1.83079670485344	11.6427273677748	0.412478942006051	7.02721052199118e-52	0.365078047200453	0.457746778926909	0.503676987782314	2.35205683824469e-80
1224	STL1	STL1	0.4	3	20	1234	Big-FISH	Variable	TRUE	2.29048953728501	10.3053352554856	0.446372078251087	1.82063733051009e-61	0.400545152882284	0.489971441282155	0.528068679423007	1.49383508162477e-89
1225	STL1	STL1	0.4	3	25	1388	NeuertLab	Fixed	FALSE	0.485124210904266	3.76052672572563	0.946880589738128	0	0.941153825274544	0.952063802332982	0.952209109495579	0
1226	STL1	STL1	0.4	3	25	1388	NeuertLab	Fixed	TRUE	0.607652200655636	1.8753274143298	0.966011952128043	0	0.962307794371047	0.969357772428339	0.966875499511162	0
1227	STL1	STL1	0.4	3	25	1388	NeuertLab	Variable	FALSE	0.381464460838411	2.46575505086816	0.862741142723639	0	0.848648551388238	0.875609841968036	0.872271633172232	0
1228	STL1	STL1	0.4	3	25	1388	NeuertLab	Variable	TRUE	0.55586263946978	1.18978322989498	0.904615899243574	0	0.894579338648556	0.913740435307134	0.908103525042615	0
1229	STL1	STL1	0.4	3	25	1388	Big-FISH	Fixed	FALSE	0.156072057152571	-0.741417308692517	0.792828473491721	2.24232978799305e-300	0.772434753711102	0.811588846688333	0.815523203057047	0
1230	STL1	STL1	0.4	3	25	1388	Big-FISH	Fixed	TRUE	0.217301229928557	-0.577667049850454	0.727637560077179	3.80614916692572e-229	0.701893577085338	0.751482976205401	0.786190259489309	5.37297885528869e-292
1231	STL1	STL1	0.4	3	25	1388	Big-FISH	Variable	FALSE	0.276418391283387	15.659544272669	0.498067457604917	6.65607456054581e-88	0.457438860784831	0.536620963461685	0.468482082973387	1.21078791739721e-76
1232	STL1	STL1	0.4	3	25	1388	Big-FISH	Variable	TRUE	0.388360377727666	13.4302588330486	0.50364857068509	3.73528030712618e-90	0.463309888277401	0.541904478825036	0.478913353162548	1.732134179099e-80
1233	STL1	STL1	0.4	3	2	993	NeuertLab	Fixed	FALSE	0.589891089271744	0.00967425442466804	0.980553664490085	0	0.978001969416887	0.982811943822318	0.542970342674508	3.17394661128859e-77
1234	STL1	STL1	0.4	3	2	993	NeuertLab	Fixed	TRUE	0.670742120632379	0.00653307823985431	0.970824910118595	0	0.967017893310433	0.974198259520852	0.542970342674508	3.17394661128859e-77
1235	STL1	STL1	0.4	3	2	993	NeuertLab	Variable	FALSE	0.837175060619048	0.0741487631290943	0.921375396131109	0	0.911405843720724	0.930263999769591	0.464993412804755	2.03375975415718e-54
1236	STL1	STL1	0.4	3	2	993	NeuertLab	Variable	TRUE	0.925953253984134	0.0592283749734168	0.886347370601784	0	0.872231640391583	0.898987747091361	0.385154179522991	1.82668987197919e-36
1237	STL1	STL1	0.4	3	2	993	Big-FISH	Fixed	FALSE	0.313695015026097	-0.0632775470365634	0.758307140491405	2.37296999613097e-186	0.73056021825716	0.783554063605321	0.189406940685784	1.79235014883361e-09
1238	STL1	STL1	0.4	3	2	993	Big-FISH	Fixed	TRUE	0.231814538092343	-0.036966999989721	0.614184241845085	5.09107745130357e-104	0.573901249570444	0.651502165206443	0.195377078444166	5.33638812827434e-10
1239	STL1	STL1	0.4	3	2	993	Big-FISH	Variable	FALSE	0.242107016541685	3.33869971311621	0.878606492883888	2.3142034851204e-320	0.863598860746691	0.892058540226515	0.909500233679804	0
1240	STL1	STL1	0.4	3	2	993	Big-FISH	Variable	TRUE	0.549013840876778	1.85875592691017	0.939254214874847	0	0.931470828605698	0.946178215777379	0.94239965230331	0
1241	STL1	STL1	0.4	3	30	829	NeuertLab	Fixed	FALSE	0.59413801245667	2.48310731350707	0.960529300105642	0	0.954891505900349	0.965474910318219	0.980307498446994	0
1242	STL1	STL1	0.4	3	30	829	NeuertLab	Fixed	TRUE	0.646835799219315	1.25744325936612	0.967801469755832	0	0.963182889016473	0.971848973410279	0.980404821048219	0
1243	STL1	STL1	0.4	3	30	829	NeuertLab	Variable	FALSE	0.631368360516594	2.81095928621366	0.959770554294582	0	0.954026926022222	0.964809527592559	0.97832671970339	0
1244	STL1	STL1	0.4	3	30	829	NeuertLab	Variable	TRUE	0.647490065170104	1.30443923284335	0.952327187159121	0	0.945550382128329	0.958278637531903	0.969540571763052	0
1245	STL1	STL1	0.4	3	30	829	Big-FISH	Fixed	FALSE	0.311642652877789	-0.638921824120289	0.828916161223891	7.47064912790385e-211	0.806336399645881	0.849083240313189	0.846023523855393	4.1394760115302e-228
1246	STL1	STL1	0.4	3	30	829	Big-FISH	Fixed	TRUE	0.394683039624344	-0.520379762748294	0.774409510875461	1.36663031298163e-166	0.745636433382421	0.800300179335866	0.804629948881985	2.10599956029255e-189
1247	STL1	STL1	0.4	3	30	829	Big-FISH	Variable	FALSE	0.527741810944258	3.03377866040197	0.954408877687279	0	0.947920096139628	0.960105761226554	0.965147390249675	0
1248	STL1	STL1	0.4	3	30	829	Big-FISH	Variable	TRUE	0.76352221574397	1.79060314150562	0.962992342273478	0	0.957698765723766	0.967634432371913	0.970907004387344	0
1249	STL1	STL1	0.4	3	35	928	NeuertLab	Fixed	FALSE	0.678569127087869	1.00926397180281	0.972392751472717	0	0.968654592509554	0.975690613705447	0.988365307647181	0
1250	STL1	STL1	0.4	3	35	928	NeuertLab	Fixed	TRUE	0.691642391762077	0.497865602481131	0.968480884136912	0	0.964222646864049	0.972239466916756	0.975308209461441	0
1251	STL1	STL1	0.4	3	35	928	NeuertLab	Variable	FALSE	0.744135340915095	1.23474337412001	0.978686430536482	0	0.975790006855186	0.981239623515117	0.991592317232622	0
1252	STL1	STL1	0.4	3	35	928	NeuertLab	Variable	TRUE	0.772775741994851	0.693664966141473	0.969005951317207	0	0.9648173828497	0.972702789296159	0.980537089845683	0
1253	STL1	STL1	0.4	3	35	928	Big-FISH	Fixed	FALSE	0.289181538984931	-0.0524536121150213	0.812100037130381	7.50015653128934e-219	0.788979539136235	0.832923913625734	0.817224394252321	7.59009717980409e-224
1254	STL1	STL1	0.4	3	35	928	Big-FISH	Fixed	TRUE	0.350074070870143	-0.0916359949006095	0.831212793059046	2.54019795634673e-238	0.810197731844994	0.8500937371971	0.817794961621599	2.06245676194628e-224
1255	STL1	STL1	0.4	3	35	928	Big-FISH	Variable	FALSE	0.634428267603062	1.4060489025624	0.965289618773436	0	0.960608868592644	0.969422841434892	0.967819805055255	0
1256	STL1	STL1	0.4	3	35	928	Big-FISH	Variable	TRUE	0.764430057061823	0.774270994757209	0.95950456224416	0	0.954061923153364	0.964314145976421	0.954413121721974	0
1257	STL1	STL1	0.4	3	40	839	NeuertLab	Fixed	FALSE	0.763221776238028	0.302029890591937	0.979236142621746	0	0.976257156940404	0.981844792284102	0.972012571370215	0
1258	STL1	STL1	0.4	3	40	839	NeuertLab	Fixed	TRUE	0.817987864678621	0.180336856456588	0.971000293540222	0	0.966859497284261	0.97463038442406	0.960980073198945	0
1259	STL1	STL1	0.4	3	40	839	NeuertLab	Variable	FALSE	0.80622718809437	0.383213180493073	0.982161882491896	0	0.979598325239275	0.984405855358679	0.981397903162187	0
1260	STL1	STL1	0.4	3	40	839	NeuertLab	Variable	TRUE	0.880632484687763	0.236710191885538	0.973220100634551	0	0.969391342891978	0.976575625466738	0.965173459373031	0
1261	STL1	STL1	0.4	3	40	839	Big-FISH	Fixed	FALSE	0.366079868672979	0.0582488010450546	0.829471478325226	6.48260088314887e-214	0.80709992610099	0.849464624298524	0.78734541926481	5.31005290327106e-178
1262	STL1	STL1	0.4	3	40	839	Big-FISH	Fixed	TRUE	0.458534062373905	0.02483129494556	0.833532885955496	6.78542146276486e-218	0.811639289737274	0.853088101120766	0.772115333745573	5.62446804174537e-167
1263	STL1	STL1	0.4	3	40	839	Big-FISH	Variable	FALSE	0.65525954207713	0.78086919140796	0.926301680302996	0	0.916050321839162	0.935343455714474	0.915080819596172	0
1264	STL1	STL1	0.4	3	40	839	Big-FISH	Variable	TRUE	0.876318867823764	0.509897776124221	0.947839754594299	0	0.940491768028749	0.954301790053598	0.912431768244669	0
1265	STL1	STL1	0.4	3	45	875	NeuertLab	Fixed	FALSE	0.739754278508861	0.108292559075099	0.976034662312523	0	0.972679033041494	0.978982535955806	0.951310136717764	0
1266	STL1	STL1	0.4	3	45	875	NeuertLab	Fixed	TRUE	0.750380816873125	0.047773685972543	0.96168166914006	0	0.956360715084854	0.966364991653977	0.921153236603948	0
1267	STL1	STL1	0.4	3	45	875	NeuertLab	Variable	FALSE	0.796848093537149	0.127491161426894	0.977728241360657	0	0.974606699880933	0.98046985402254	0.966510574279726	0
1268	STL1	STL1	0.4	3	45	875	NeuertLab	Variable	TRUE	0.865267452789892	0.0789267709134364	0.967583431825824	0	0.963066577779697	0.971555891330129	0.910907244631959	0
1269	STL1	STL1	0.4	3	45	875	Big-FISH	Fixed	FALSE	0.442243254604733	-0.0296606735454249	0.864520845956438	4.56355249283711e-263	0.846761892332451	0.880355029757908	0.692382454815352	7.02866321089832e-126
1270	STL1	STL1	0.4	3	45	875	Big-FISH	Fixed	TRUE	0.428789818802617	-0.0143126527761588	0.807374965071105	3.18157358967133e-202	0.782997006365072	0.829276545050064	0.677065639818056	2.21089412079197e-118
1271	STL1	STL1	0.4	3	45	875	Big-FISH	Variable	FALSE	0.733768606811653	0.133028632569042	0.941121958017418	0	0.933043490620339	0.948251831140134	0.793376108077375	2.16470945168237e-190
1272	STL1	STL1	0.4	3	45	875	Big-FISH	Variable	TRUE	0.805309376258256	0.0882733312325997	0.918700005584007	0	0.907691391982693	0.928444989352402	0.768770375503438	1.14481667156836e-171
1273	STL1	STL1	0.4	3	4	514	NeuertLab	Fixed	FALSE	0.741511414879511	-0.00066482761110441	0.95627408885203	1.59069059297798e-275	0.948208966007387	0.96310705950083	0.886087559320062	4.22119508996598e-173
1274	STL1	STL1	0.4	3	4	514	NeuertLab	Fixed	TRUE	0.805442850074217	-0.0019297377535869	0.941439043100079	6.92731586956111e-244	0.930734520404826	0.950531638495563	0.882629107269339	5.60171141776114e-170
1275	STL1	STL1	0.4	3	4	514	NeuertLab	Variable	FALSE	0.858518460880059	0.129537408084658	0.898538448736589	3.03322115294455e-185	0.880474795155666	0.913997023780648	0.645626538666224	6.00911573582599e-62
1276	STL1	STL1	0.4	3	4	514	NeuertLab	Variable	TRUE	0.903441776980036	0.088086156607583	0.84303884679998	5.25447971713321e-140	0.816051700092764	0.866358057652272	0.683441098743042	5.42577549635978e-72
1277	STL1	STL1	0.4	3	4	514	Big-FISH	Fixed	FALSE	0.165719798477864	-0.00294779719155295	0.577941858455006	3.89170258516861e-47	0.517312375661532	0.6327988087104	0.500348022060104	6.44747107956494e-34
1278	STL1	STL1	0.4	3	4	514	Big-FISH	Fixed	TRUE	0.213834654961802	-0.00376819395846757	0.595439983972895	1.24671784987753e-50	0.53658592896567	0.648529199020074	0.507151194864081	6.05904751327991e-35
1279	STL1	STL1	0.4	3	4	514	Big-FISH	Variable	FALSE	0.616181310152124	0.0172679292145306	0.865597247052933	6.47687245616558e-156	0.842156509601464	0.885772743082805	0.71842229558164	9.55728065308474e-83
1280	STL1	STL1	0.4	3	4	514	Big-FISH	Variable	TRUE	0.340451740371246	5.66821962582628	0.0286866483971927	0.516389152985845	-0.0579441999719738	0.114888694092991	0.120310171929128	0.00631606153385507
1281	STL1	STL1	0.4	3	50	586	NeuertLab	Fixed	FALSE	0.604055672757174	0.0569823363249554	0.897683062629572	5.14328544217721e-210	0.880723436271081	0.912343635688323	0.909559198099014	7.08665331334768e-225
1282	STL1	STL1	0.4	3	50	586	NeuertLab	Fixed	TRUE	0.563431379417326	0.054404067294509	0.892950165495277	1.35296073991946e-204	0.875257602664624	0.908256110253574	0.914371307757483	1.71301989581749e-231
1283	STL1	STL1	0.4	3	50	586	NeuertLab	Variable	FALSE	0.970717776600134	0.0619030795501375	0.946293289258317	1.44408517549163e-288	0.937124123667357	0.95415696286156	0.837881796452982	1.11343223583112e-155
1284	STL1	STL1	0.4	3	50	586	NeuertLab	Variable	TRUE	1.03027646268046	0.0413232801449533	0.945724400706426	2.87735784099681e-287	0.936461281416993	0.953669387481616	0.841354614624897	3.45308979542212e-158
1285	STL1	STL1	0.4	3	50	586	Big-FISH	Fixed	FALSE	0.281665854142972	0.00502861889027231	0.589163190802294	4.7816717705246e-56	0.533632328941692	0.639635615713719	0.56418296784723	1.49398472754379e-50
1286	STL1	STL1	0.4	3	50	586	Big-FISH	Fixed	TRUE	0.278271000815567	0.0173598974717463	0.579544188756296	7.10612050062959e-54	0.523103339335981	0.630923884961122	0.651753134959329	3.75417462886888e-72
1287	STL1	STL1	0.4	3	50	586	Big-FISH	Variable	FALSE	0.670170548290178	0.0133425380781177	0.869766709895872	2.75208522446686e-181	0.848549082897358	0.88819162772301	0.70776989869227	3.38046831715988e-90
1288	STL1	STL1	0.4	3	50	586	Big-FISH	Variable	TRUE	0.726845701839418	0.0139542119939209	0.855205575867171	7.87441077757886e-169	0.831829016884031	0.875553436757829	0.725183203805038	1.03265322628051e-96
1289	STL1	STL1	0.4	3	55	1208	NeuertLab	Fixed	FALSE	0.442267991889232	0.0343218938640135	0.958467615603106	0	0.953617715617732	0.962820043676018	0.8714937500256	0
1290	STL1	STL1	0.4	3	55	1208	NeuertLab	Fixed	TRUE	0.436461787040617	0.015921337954098	0.971876556856254	0	0.968567340983054	0.974841832442752	0.815762619883041	4.83988253999496e-289
1291	STL1	STL1	0.4	3	55	1208	NeuertLab	Variable	FALSE	0.476697248299416	0.0941086941168498	0.92716287625632	0	0.918808945808822	0.934686509986366	0.850277110830225	0
1292	STL1	STL1	0.4	3	55	1208	NeuertLab	Variable	TRUE	0.488341403301065	0.060767342344534	0.944602748523151	0	0.938184895669349	0.950371339921393	0.794849687264231	6.59391174455005e-264
1293	STL1	STL1	0.4	3	55	1208	Big-FISH	Fixed	FALSE	0.282896431951214	-0.0657630189313081	0.803523483941145	5.80427840575949e-274	0.782588716791339	0.822642983038523	0.368694917110563	3.38419476270378e-40
1294	STL1	STL1	0.4	3	55	1208	Big-FISH	Fixed	TRUE	0.278550252911556	-0.0616751063568458	0.808951303259407	1.62686080543933e-280	0.788527062173371	0.827593103230993	0.365707059381659	1.57451358779058e-39
1295	STL1	STL1	0.4	3	55	1208	Big-FISH	Variable	FALSE	0.689812474714472	0.000487539855304536	0.937328535083889	0	0.930098247103428	0.943832721626798	0.721437662298316	1.07971053766123e-194
1296	STL1	STL1	0.4	3	55	1208	Big-FISH	Variable	TRUE	0.670448713165036	-0.00889720093023437	0.940738926680647	0	0.933888662611697	0.946898876314055	0.688972522418121	8.64265172155237e-171
1297	STL1	STL1	0.4	3	6	1036	NeuertLab	Fixed	FALSE	0.644171060811713	0.0931099051880708	0.96302820746874	0	0.958332425660815	0.967203654509801	0.96881382141335	0
1298	STL1	STL1	0.4	3	6	1036	NeuertLab	Fixed	TRUE	0.703319306974428	0.0889576029533588	0.967161064076004	0	0.962980296700073	0.970876687384755	0.951900980680803	0
1299	STL1	STL1	0.4	3	6	1036	NeuertLab	Variable	FALSE	0.711216393369043	0.143745930295524	0.969997797486934	0	0.96617196786945	0.973396793900633	0.96245525239426	0
1300	STL1	STL1	0.4	3	6	1036	NeuertLab	Variable	TRUE	0.790197594570664	0.157537863599139	0.966375636910098	0	0.962096802462918	0.970178781650196	0.937261132178617	0
1301	STL1	STL1	0.4	3	6	1036	Big-FISH	Fixed	FALSE	0.164081734156751	0.083184813694205	0.756849282537658	3.47260079267813e-193	0.72957422059361	0.781720571864888	0.824094703649601	1.77458174982954e-257
1302	STL1	STL1	0.4	3	6	1036	Big-FISH	Fixed	TRUE	0.228096541040485	0.0844289531456945	0.775285064573868	1.4796365577722e-208	0.749783475933867	0.798486901353347	0.837531271984349	1.11874717341289e-273
1303	STL1	STL1	0.4	3	6	1036	Big-FISH	Variable	FALSE	0.726326081210077	0.123330336039726	0.966943078869042	0	0.962735085234265	0.970682998947174	0.947427248279847	0
1304	STL1	STL1	0.4	3	6	1036	Big-FISH	Variable	TRUE	0.870832772201167	0.0878425264675315	0.969804707427095	0	0.965954680819012	0.973225282000574	0.957019654714758	0
1305	STL1	STL1	0.4	3	8	763	NeuertLab	Fixed	FALSE	0.687194546966491	0.456769280287429	0.977878006188728	0	0.974540870902552	0.980781973411363	0.984376996880489	0
1306	STL1	STL1	0.4	3	8	763	NeuertLab	Fixed	TRUE	0.716331836141051	0.36797283527829	0.980799388511259	0	0.977898023458851	0.983323097638628	0.983757015426008	0
1307	STL1	STL1	0.4	3	8	763	NeuertLab	Variable	FALSE	0.685677215285396	0.395985689921208	0.962124078431997	0	0.956462751810047	0.967061633417099	0.971225721604097	0
1308	STL1	STL1	0.4	3	8	763	NeuertLab	Variable	TRUE	0.697393685238776	0.436745115355141	0.93942906099978	0	0.930495665607838	0.94724562362043	0.962013420236102	0
1309	STL1	STL1	0.4	3	8	763	Big-FISH	Fixed	FALSE	0.0895240217639625	0.184191391661434	0.753031546995326	1.7617120221569e-140	0.720567943336935	0.782201044239587	0.8102205080901	9.83747768949597e-179
1310	STL1	STL1	0.4	3	8	763	Big-FISH	Fixed	TRUE	0.10378226504707	0.195002003826215	0.741260558660259	6.81653283213758e-134	0.707507839837788	0.771639224154049	0.810082237573788	1.26092428520001e-178
1311	STL1	STL1	0.4	3	8	763	Big-FISH	Variable	FALSE	0.623832209434798	2.43469879906912	0.825130593344892	6.59594108963897e-191	0.80106882373103	0.846529962175598	0.860530850457925	3.95282580914203e-225
1312	STL1	STL1	0.4	3	8	763	Big-FISH	Variable	TRUE	0.759461519329579	1.90979020271482	0.836768443628107	3.04037682410836e-201	0.814144957554119	0.856855345709765	0.878693530490591	1.3713013684868e-246
