IMGNAME,SPOTS_ACTUAL,BKG_LVL,AMP_LVL,BKG_VAR,AMP_VAR,CLUSTERING,HB_SPOTS,PRAUC_HB,FSPEAK_HB,HB_FSCORE,HB_MAXREC,HBTr_SPOTS,PRAUC_HBTr,FSPEAK_HBTr,HBTr_FSCORE,HBTr_MAXREC,BF_SPOTS,PRAUC_BF,FSPEAK_BF,BF_FSCORE,BF_MAXREC,PRAUC_RS,FSPEAK_RS,RS_MAXREC,PRAUC_DB,FSPEAK_DB,DB_MAXREC,FILT_PROP_ZERO,PRAUC_DBALT,FSPEAK_DBALT,DBALT_MAXREC,BASE_SNR,ALVL_TO_BKGVAR_SNR,XY_DIM,Z_DIM,ADJ_FACTOR,ACTUAL_SPOTS_PER_VOXBOX,SNR_SUBBKG,SNR_SUBBKG_STDBKG
sim_mESC_histone_100x_1,9983,1000,2500,0.1,0.55,<UNK>,9417,0.951965,0.973059,0.970825,0.95893,9417,0.960334,0.977431,0.975198,0.967361,9877,0.962569,0.979619,0.966566,0.966944,0.908142,0.951537,0.919463,0.663206,0.724643,0.691976,0.522283,0.740561,0.836394,0.743063,0.522283,25,2048,81,838860.8,0.011900663,1.5,15
sim_mESC_histone_100x_2,9827,1000,2500,0.1,0.55,<UNK>,9381,0.962362,0.978248,0.976364,0.967131,9381,0.972156,0.983302,0.981422,0.976974,9786,0.972872,0.985082,0.974252,0.975679,0.921605,0.959395,0.93528,0.671075,0.728987,0.70113,0.52221,0.754977,0.844152,0.757607,NaN,25,2048,81,838860.8,0.011714697,1.5,15
sim_mESC_histone_100x_3,9952,1000,2500,0.1,0.55,<UNK>,9480,0.958736,0.976797,0.975298,0.963123,9480,0.967584,0.981381,0.979887,0.972011,9919,0.969616,0.982937,0.970359,0.971564,0.915477,0.956418,0.928356,0.664766,0.724722,0.694735,0.522294,0.753012,0.843869,0.755125,NaN,25,2048,81,838860.8,0.011863708,1.5,15
sim_mESC_RNA_100x_1,307,250,3000,0.05,0.5,<UNK>,159,0.519682,0.682403,0.682403,0.527687,159,0.519682,0.682403,0.682403,0.527687,156,0.514106,0.673866,0.673866,0.517915,0.499119,0.666667,0.514658,0.424637,0.565875,0.449511,0.573829,0.565943,0.694215,0.592834,0.573829,240,2048,69,714585.1259,0.00042962,11,220
sim_mESC_RNA_100x_2,290,250,3000,0.05,0.5,<UNK>,211,0.732759,0.844622,0.842315,0.734483,211,0.735294,0.846307,0.844,0.737024,211,0.729311,0.842315,0.842315,0.731034,0.651589,0.790323,0.675862,0.582865,0.675522,0.655172,0.573931,0.787117,0.849624,0.817241,0.573931,240,2048,69,714585.1259,0.00040583,11,220
sim_mESC_RNA_100x_3,274,250,3000,0.05,0.5,<UNK>,147,0.538322,0.698337,0.698337,0.540146,147,0.540294,0.7,0.7,0.542125,146,0.531023,0.692124,0.690476,0.532847,0.481722,0.641509,0.49635,0.42323,0.576832,0.459854,0.573791,0.609438,0.733624,0.645985,0.573791,240,2048,69,714585.1259,0.000383439,11,220
sim_mESC_RNA_LE_100x_1,55,250,3000,0.05,0.5,<UNK>,37,0.672727,0.804348,0.804348,0.672727,37,0.685185,0.813187,0.813187,0.685185,39,0.690909,0.817204,0.808511,0.690909,0.587889,0.731183,0.618182,0.576326,0.725275,0.618182,0.573613,0.690166,0.816327,0.745455,0.573613,240,2048,69,714585.1259,7.69677E-05,11,220
sim_mESC_RNA_LE_100x_2,47,250,3000,0.05,0.5,<UNK>,33,0.702128,0.825,0.825,0.702128,33,0.717391,0.835443,0.835443,0.717391,35,0.723404,0.839506,0.829268,0.723404,0.617988,0.765432,0.659574,0.550284,0.659091,0.659574,0.573586,0.707592,0.785714,0.829787,0.573586,240,2048,69,714585.1259,6.57724E-05,11,220
sim_mESC_RNA_LE_100x_3,50,250,3000,0.05,0.5,<UNK>,47,0.950002,0.969072,0.969072,0.96,47,0.96939,0.979167,0.979167,0.979592,49,0.970001,0.979592,0.969697,0.98,0.717544,0.821053,0.8,0.787081,0.845361,0.84,0.573637,0.767057,0.823529,0.96,0.573637,240,2048,69,714585.1259,6.99707E-05,11,220
sim_mESC_RNA_LEHB_100x_1,56,250,3000,0.15,0.5,<UNK>,46,0.821429,0.901961,0.901961,0.821429,46,0.821429,0.901961,0.901961,0.821429,80,0.821429,0.901961,0.676471,0.821429,0.790831,0.868687,0.803571,0.623399,0.729167,0.660714,0.511146,0.798477,0.854369,0.839286,0.511146,80,2048,69,714585.1259,7.83672E-05,11,73.33333333
sim_mESC_RNA_LEHB_100x_2,52,250,3000,0.15,0.5,<UNK>,34,0.653846,0.790698,0.790698,0.653846,34,0.653846,0.790698,0.790698,0.653846,49,0.653846,0.790698,0.673267,0.653846,0.591671,0.735632,0.615385,0.561912,0.690476,0.576923,0.511183,0.646601,0.778947,0.711538,0.511183,80,2048,69,714585.1259,7.27695E-05,11,73.33333333
sim_mESC_RNA_LEHB_100x_3,66,250,3000,0.15,0.5,<UNK>,78,0.000014,0.000036,NaN,0.924242,78,0.000015,0.000036,NaN,0.953125,37,0.000021,0.000101,NaN,0.742424,0,NaN,0,0,NaN,0,0.511197,0,NaN,0,0.511197,80,2048,69,714585.1259,9.23613E-05,11,73.33333333
sim_mESC_RNA_TMRLike_100x_1,500,1100,10000,0.05,0.5,<UNK>,363,0.728016,0.841251,0.841251,0.732,363,0.728016,0.841251,0.841251,0.732,364,0.727003,0.841251,0.840278,0.732,0.660413,0.787671,0.69,0.541215,0.67063,0.624,0.525123,0.753557,0.837778,0.782,0.525123,181.8181818,2048,69,714585.1259,0.000699707,8.090909091,161.8181818
sim_mESC_RNA_TMRLike_100x_2,478,1100,10000,0.05,0.5,<UNK>,393,0.823222,0.902411,0.902411,0.824268,393,0.831924,0.907621,0.907621,0.832981,392,0.819038,0.899885,0.898851,0.820084,0.751215,0.856487,0.780335,0.637816,0.732934,0.696653,0.525134,0.849512,0.901316,0.868201,0.525134,181.8181818,2048,69,714585.1259,0.00066892,8.090909091,161.8181818
sim_mESC_RNA_TMRLike_100x_3,454,1100,10000,0.05,0.5,<UNK>,342,0.762993,0.860728,0.859296,0.764317,342,0.771489,0.866162,0.864728,0.772829,351,0.772263,0.870647,0.869565,0.773128,0.672399,0.805486,0.711454,0.573596,0.672589,0.638767,0.525089,0.770213,0.854369,0.799559,0.525089,181.8181818,2048,69,714585.1259,0.000635334,8.090909091,161.8181818
sim_yeast_proteinGFP_100x_1,4893,1000,5000,0.05,0.8,<UNK>,2953,0.654026,0.767669,0.752485,0.717964,2953,0.669207,0.778498,0.763284,0.73463,3566,0.7402,0.834145,0.833195,0.813203,0.598501,0.725949,0.626609,0.026118,0.052883,0.027182,0.539222,0.270164,0.425723,0.270591,0.539222,100,1024,13,33657.99506,0.145374078,4,80
sim_yeast_proteinGFP_100x_2,4935,1000,5000,0.05,0.8,<UNK>,3126,0.681079,0.789397,0.774346,0.743668,3126,0.694878,0.798961,0.783875,0.758735,3755,0.766191,0.852023,0.849252,0.842351,0.583807,0.726405,0.584802,0.028238,0.055512,0.028571,0.539383,0.280824,0.438399,0.280851,0.539383,100,1024,13,33657.99506,0.146621924,4,80
sim_yeast_proteinGFP_100x_1_blur,4893,1000,5000,0.05,0.8,<UNK>,1246,0.281465,0.401733,0.340772,0.348048,1246,0.28836,0.408637,0.347393,0.356575,1271,0.281179,0.419873,0.348151,0.392602,0.221769,0.347506,0.252197,0.20801,0.345621,0.254854,0.766844,0.006884,0.014602,0.007357,0.766844,100,1024,13,33657.99506,0.145374078,4,80
sim_yeast_proteinGFP_100x_2_blur,4935,1000,5000,0.05,0.8,<UNK>,1457,0.290817,0.418413,0.389237,0.343465,1457,0.296955,0.424805,0.395548,0.350714,1384,0.300749,0.436516,0.382339,0.408308,0.237023,0.367474,0.273354,0.209093,0.353132,0.264438,0.763089,0.007418,0.016864,0.008511,0.763089,100,1024,13,33657.99506,0.146621924,4,80
sim_yeast_RNA_CY5like_100x_1,4064,1300,3000,0.05,0.5,<UNK>,3847,0.950254,0.973492,0.97257,0.95251,3847,0.959461,0.978308,0.977388,0.961739,3941,0.958137,0.978124,0.972392,0.9594,0.83473,0.90607,0.856053,0.763708,0.784134,0.799951,0.532597,0.738002,0.824498,0.741388,0.532597,46.15384615,2048,25,258907.6543,0.015696716,1.307692308,26.15384615
sim_yeast_RNA_CY5like_100x_2,4049,1300,3000,0.05,0.5,<UNK>,3833,0.949854,0.973507,0.972596,0.952828,3833,0.957421,0.977472,0.976561,0.960418,3927,0.95795,0.97817,0.972166,0.95999,0.839466,0.909661,0.862929,0.757855,0.782666,0.793035,0.53278,0.724162,0.816372,0.72734,0.53278,46.15384615,2048,25,258907.6543,0.015638781,1.307692308,26.15384615
sim_yeast_RNA_LE_CY5like_100x_1,93,1300,3000,0.05,0.5,<UNK>,80,0.860215,0.924855,0.924855,0.860215,80,0.879121,0.935673,0.935673,0.879121,104,0.870968,0.931034,0.822335,0.870968,NaN,NaN,NaN,0.712766,0.780488,0.731183,0.521585,0.858802,0.882682,0.924731,0.521585,46.15384615,2048,25,258907.6543,0.000359201,1.307692308,26.15384615
sim_yeast_RNA_LE_CY5like_100x_2,107,1300,3000,0.05,0.5,<UNK>,97,0.915495,0.95098,0.95098,0.915888,97,0.924132,0.955665,0.955665,0.924528,102,0.925234,0.961165,0.947368,0.925234,0.845831,0.914573,0.859813,0.667037,0.706977,0.71028,0.521529,0.900855,0.919431,0.953271,0.521529,46.15384615,2048,25,258907.6543,0.000413275,1.307692308,26.15384615
sim_yeast_RNA_TMRlike_100x_1,3959,180,1500,0.05,0.5,<UNK>,3778,0.95622,0.977141,0.976606,0.95706,3778,0.966226,0.982342,0.981809,0.967075,3841,0.965851,0.982262,0.980256,0.966658,0.823384,0.901908,0.853498,0.820875,0.81545,0.860066,0.602993,0.769183,0.84017,0.773175,0.602993,166.6666667,2048,25,258907.6543,0.015291166,7.333333333,146.6666667
sim_yeast_RNA_TMRlike_100x_2,4071,180,1500,0.05,0.5,<UNK>,3886,0.95544,0.976884,0.97675,0.957013,3886,0.964681,0.981694,0.981561,0.96627,3941,0.963436,0.981104,0.978532,0.964628,0.81861,0.896399,0.846966,0.810359,0.808739,0.84844,0.603444,0.767762,0.839476,0.771309,0.603444,166.6666667,2048,25,258907.6543,0.015723753,7.333333333,146.6666667
rsfish_sim_bgs_30A,30,200,210,0.015,0.02,<UNK>,37,0.928122,0.878788,0.865672,1,37,0.928122,0.878788,0.865672,1,85,0.46875,0.638298,0.521739,1,0.91452,0.847458,1,0.133333,0.235294,0.133333,0.560477,0.837225,0.865672,1,0.560477,70,256,32,5178.153086,0.005793571,0.05,3.333333333
rsfish_sim_bgs_30B,30,200,210,0.015,0.02,<UNK>,36,0.845228,0.892308,0.878788,1,36,0.845228,0.892308,0.878788,1,9021,0.4,0.571429,0.006629,1,0.979898,0.966667,1,0.033333,0.064516,0.033333,0.558748,0.914547,0.909091,1,0.558748,70,256,32,5178.153086,0.005793571,0.05,3.333333333
rsfish_sim_bgs_30C,30,200,210,0.015,0.02,<UNK>,39,0.849482,0.861538,0.84058,1,39,0.849482,0.861538,0.84058,1,9113,0.212766,0.350877,0.006562,1,0.990657,0.965517,1,0.095833,0.176471,0.1,0.555443,0.989583,0.967742,1,0.555443,70,256,32,5178.153086,0.005793571,0.05,3.333333333
rsfish_sim_bgs_300A,300,200,210,0.015,0.02,<UNK>,399,0.877906,0.857143,0.824034,0.973333,399,0.886773,0.861111,0.827586,0.983165,8508,0.822945,0.905132,0.066076,0.97,0.926324,0.9062,0.993333,0.038578,0.076677,0.04,0.579187,0.78599,0.827893,0.963333,0.579187,70,256,32,5178.153086,0.057935715,0.05,3.333333333
rsfish_sim_bgs_300B,300,200,210,0.015,0.02,<UNK>,408,0.84402,0.854985,0.822034,0.983333,408,0.84402,0.854985,0.822034,0.983333,8607,0.956769,0.978078,0.065117,0.966667,0.933524,0.927302,0.993333,0.055865,0.112853,0.06,0.586904,0.784059,0.81775,0.923333,0.586904,70,256,32,5178.153086,0.057935715,0.05,3.333333333
rsfish_sim_bgs_300C,300,200,210,0.015,0.02,<UNK>,389,0.831933,0.839098,0.82148,0.973333,389,0.837517,0.841629,0.823872,0.979866,8646,0.96018,0.979866,0.065281,0.973333,0.910849,0.918831,0.99,0.047497,0.100629,0.053333,0.58832,0.794829,0.823713,0.94,0.58832,70,256,32,5178.153086,0.057935715,0.05,3.333333333
rsfish_sim_bgs_3000A,3000,200,210,0.015,0.02,<UNK>,73,0.664771,0.747013,0.047511,0.742,73,0.682984,0.757355,0.04878,0.762329,6121,0.628667,0.772188,0.41399,0.629333,0.834006,0.865615,0.894333,0.01563,0.03084,0.015667,0.639695,0.279988,0.450834,0.311,0.639695,70,256,32,5178.153086,0.579357147,0.05,3.333333333
rsfish_sim_bgs_3000B,3000,200,210,0.015,0.02,<UNK>,316,0.693658,0.771293,0.187575,0.769333,316,0.711931,0.781502,0.192035,0.7896,6156,0.652668,0.790089,0.428353,0.653667,0.838619,0.868002,0.898667,0.011333,0.022413,0.011333,0.638385,0.308373,0.490539,0.345667,0.638385,70,256,32,5178.153086,0.579357147,0.05,3.333333333
rsfish_sim_bgs_3000C,3000,200,210,0.015,0.02,<UNK>,21,0.66522,0.746784,0.013903,0.752,21,0.688633,0.759904,0.014388,0.778468,6089,0.640333,0.780736,0.422709,0.640333,0.832182,0.868244,0.886,0.017,0.033432,0.017,0.643756,0.297357,0.473118,0.33,0.643756,70,256,32,5178.153086,0.579357147,0.05,3.333333333
rsfish_sim_bgl_30A,30,200,210,0.015,0.02,<UNK>,41,0.821085,0.788732,0.788732,1,41,0.821085,0.788732,0.788732,1,86,1,1,0.517241,1,0.694781,0.721311,1,NaN,NaN,NaN,0.5507,0.755484,0.782609,0.933333,0.5507,70,256,32,5178.153086,0.005793571,0.05,3.333333333
rsfish_sim_bgl_30B,30,200,210,0.015,0.02,<UNK>,46,0.87559,0.852941,0.789474,1,46,0.87559,0.852941,0.789474,1,5795,0.966667,0.983051,0.009957,0.966667,0.608142,0.710526,1,NaN,NaN,NaN,0.54773,0.765494,0.779661,0.866667,0.54773,70,256,32,5178.153086,0.005793571,0.05,3.333333333
rsfish_sim_bgl_30C,30,200,210,0.015,0.02,<UNK>,51,0.690783,0.734177,0.716049,1,51,0.690783,0.734177,0.716049,1,41,1,1,0.84507,1,0.627089,0.588235,1,NaN,NaN,NaN,0.550035,0.620118,0.727273,0.866667,0.550035,70,256,32,5178.153086,0.005793571,0.05,3.333333333
rsfish_sim_bgl_300A,300,200,210,0.015,0.02,<UNK>,292,0.778415,0.794603,0.760135,0.973333,292,0.778415,0.794603,0.760135,0.973333,317,0.933333,0.965517,0.907618,0.933333,0.614426,0.651558,0.996667,NaN,NaN,NaN,0.571379,0.721563,0.776435,0.89,0.571379,70,256,32,5178.153086,0.057935715,0.05,3.333333333
rsfish_sim_bgl_300B,300,200,210,0.015,0.02,<UNK>,314,0.77769,0.779911,0.762215,0.963333,314,0.780291,0.781065,0.763458,0.966555,5410,0.906667,0.951049,0.095271,0.906667,0.685991,0.688272,1,NaN,NaN,NaN,0.57416,0.70449,0.781204,0.896667,0.57416,70,256,32,5178.153086,0.057935715,0.05,3.333333333
rsfish_sim_bgl_3000A,3000,200,210,0.015,0.02,<UNK>,237,0.660161,0.719199,0.142725,0.773667,237,0.665485,0.722092,0.143791,0.779906,3781,0.482333,0.650776,0.426781,0.482333,0.678047,0.679916,0.966667,0.004,0.007968,0.004,0.607876,0.257243,0.427751,0.285667,0.607876,70,256,32,5178.153086,0.579357147,0.05,3.333333333
rsfish_sim_bgl_3000B,3000,200,210,0.015,0.02,<UNK>,63,0.664548,0.722131,0.041136,0.774667,63,0.668784,0.724381,0.041393,0.779604,3888,0.477615,0.646833,0.416667,0.478333,0.684517,0.678266,0.973333,0.004667,0.00929,0.004667,0.606886,0.257468,0.426238,0.282667,0.606886,70,256,32,5178.153086,0.579357147,0.05,3.333333333
rsfish_sim_bgl_3000C,3000,200,210,0.015,0.02,<UNK>,58,0.660231,0.716765,0.037933,0.772333,58,0.66266,0.718058,0.03807,0.775176,1595,0.490931,0.658624,0.641567,0.491333,0.688146,0.686217,0.973,0.003333,0.006645,0.003333,0.609529,0.271992,0.448838,0.302667,0.609529,70,256,32,5178.153086,0.579357147,0.05,3.333333333
rsfish_sim_snrs_1A,30,200,210,0.015,0.02,<UNK>,43,0.777664,0.767123,0.767123,0.933333,43,0.80448,0.777778,0.777778,0.965517,93,0.966667,0.983051,0.471545,0.966667,0.894027,0.933333,0.966667,0.778029,0.821429,0.833333,0.582111,0.772951,0.754098,0.866667,0.582111,70,256,32,5178.153086,0.005793571,0.05,3.333333333
rsfish_sim_snrs_1B,30,200,210,0.015,0.02,<UNK>,37,0.906628,0.875,0.865672,1,37,0.906628,0.875,0.865672,1,76,1,1,0.566038,1,0.957127,0.9375,1,0.7427,0.72,0.9,0.585632,0.900334,0.84375,1,0.585632,70,256,32,5178.153086,0.005793571,0.05,3.333333333
rsfish_sim_snrs_1C,30,200,210,0.015,0.02,<UNK>,41,0.916625,0.878788,0.84507,1,41,0.916625,0.878788,0.84507,1,51,1,1,0.740741,1,0.977894,0.967742,1,0.625535,0.77193,0.833333,0.585893,0.884936,0.878788,1,0.585893,70,256,32,5178.153086,0.005793571,0.05,3.333333333
rsfish_sim_snrs_2A,30,200,215,0.02,0.02,<UNK>,37,0.970829,0.920635,0.895522,1,37,0.970829,0.920635,0.895522,1,143,0.26087,0.413793,0.346821,1,0.933565,0.903226,1,NaN,NaN,NaN,0.557126,0.876125,0.852941,0.966667,0.557126,53.75,256,32,5178.153086,0.005793571,0.075,3.75
rsfish_sim_snrs_2B,30,200,215,0.02,0.02,<UNK>,43,0.930257,0.923077,0.821918,1,43,0.930257,0.923077,0.821918,1,9046,0.30303,0.465116,0.006611,1,0.809276,0.9375,1,NaN,NaN,NaN,0.557267,0.801984,0.857143,1,0.557267,53.75,256,32,5178.153086,0.005793571,0.075,3.75
rsfish_sim_snrs_2C,30,200,215,0.02,0.02,<UNK>,38,0.916307,0.892308,0.852941,1,38,0.916307,0.892308,0.852941,1,9214,0.222222,0.363636,0.006491,1,0.906634,0.885246,1,0.033333,0.064516,0.033333,0.55556,0.825992,0.857143,0.966667,0.55556,53.75,256,32,5178.153086,0.005793571,0.075,3.75
rsfish_sim_snrs_4A,30,200,215,0.04,0.02,<UNK>,27,0.929472,0.888889,0.807018,1,27,0.929472,0.888889,0.807018,1,7873,0.027726,0.053957,0.007592,1,0.718289,0.7,1,NaN,NaN,NaN,0.544656,0.590165,0.730769,0.633333,0.544656,26.875,256,32,5178.153086,0.005793571,0.075,1.875
rsfish_sim_snrs_4B,30,200,215,0.04,0.02,<UNK>,26,0.682945,0.753247,0.607143,1,26,0.682945,0.753247,0.607143,1,8053,0.034443,0.066593,0.007423,1,0.663146,0.724138,1,NaN,NaN,NaN,0.543876,0.296474,0.571429,0.466667,0.543876,26.875,256,32,5178.153086,0.005793571,0.075,1.875
rsfish_sim_snrs_4C,30,200,215,0.04,0.02,<UNK>,33,0.845603,0.8,0.761905,1,33,0.845603,0.8,0.761905,1,7951,0.019317,0.037903,0.007518,1,0.706611,0.678571,1,NaN,NaN,NaN,0.542573,0.382977,0.583333,0.466667,0.542573,26.875,256,32,5178.153086,0.005793571,0.075,1.875
rsfish_sim_snrl_1A,30,200,210,0.015,0.02,<UNK>,44,0.885284,0.869565,0.810811,1,44,0.885284,0.869565,0.810811,1,69,1,1,0.606061,1,0.772233,0.80597,1,0.588298,0.716981,0.666667,0.56618,0.80087,0.779221,1,0.56618,70,256,32,5178.153086,0.005793571,0.05,3.333333333
rsfish_sim_snrl_1B,30,200,210,0.015,0.02,<UNK>,48,0.71349,0.769231,0.769231,1,48,0.71349,0.769231,0.769231,1,46,1,1,0.789474,1,0.766776,0.709677,1,0.294523,0.581818,0.533333,0.571563,0.618993,0.735294,0.933333,0.571563,70,256,32,5178.153086,0.005793571,0.05,3.333333333
rsfish_sim_snrl_1C,30,200,210,0.015,0.02,<UNK>,51,0.761956,0.828571,0.740741,1,51,0.761956,0.828571,0.740741,1,6124,1,1,0.00975,1,0.678912,0.716418,1,0.423601,0.612245,0.5,0.567542,0.781543,0.771429,1,0.567542,70,256,32,5178.153086,0.005793571,0.05,3.333333333
rsfish_sim_snrl_2A,30,200,215,0.02,0.02,<UNK>,44,0.839449,0.821918,0.810811,1,44,0.839449,0.821918,0.810811,1,108,1,1,0.434783,1,0.55426,0.577778,1,NaN,NaN,NaN,0.548409,0.789695,0.786885,0.9,0.548409,53.75,256,32,5178.153086,0.005793571,0.075,3.75
rsfish_sim_snrl_2B,30,200,215,0.02,0.02,<UNK>,47,0.773553,0.816901,0.753247,1,47,0.773553,0.816901,0.753247,1,5693,1,1,0.010484,1,0.542822,0.615385,1,NaN,NaN,NaN,0.549351,0.663142,0.727273,0.866667,0.549351,53.75,256,32,5178.153086,0.005793571,0.075,3.75
rsfish_sim_snrl_2C,30,200,215,0.02,0.02,<UNK>,45,0.886237,0.818182,0.8,1,45,0.886237,0.818182,0.8,1,5590,1,1,0.010676,1,0.645093,0.676056,1,NaN,NaN,NaN,0.548537,0.767589,0.760563,0.966667,0.548537,53.75,256,32,5178.153086,0.005793571,0.075,3.75
rsfish_sim_snri_30A,30,200,400,0,0.9,<UNK>,0,0.960621,0.952381,NaN,1,0,0.960621,0.952381,NaN,1,29,1,1,0.983051,1,1,1,1,0.929464,0.931034,0.933333,0.993551,0.787693,0.819672,0.933333,0.993551,NaN,256,32,5178.153086,0.005793571,1,NaN
rsfish_sim_snri_30B,30,200,400,0,0.9,<UNK>,0,0.94561,0.95082,NaN,0.966667,0,0.978217,0.966667,NaN,1,29,1,1,0.983051,1,1,1,1,0.912449,0.912281,0.966667,0.993889,0.882219,0.903226,0.966667,0.993889,NaN,256,32,5178.153086,0.005793571,1,NaN
rsfish_sim_snri_30C,30,200,400,0,0.9,<UNK>,0,1,1,NaN,1,0,1,1,NaN,1,29,1,1,0.983051,1,1,1,1,0.96129,0.95082,0.966667,0.993638,0.661767,0.701299,0.9,0.993638,NaN,256,32,5178.153086,0.005793571,1,NaN
rsfish_sim_snri_300A,300,200,400,0,0.9,<UNK>,3,0.945624,0.961603,0.019802,0.96,3,0.961651,0.969697,0.020134,0.976271,294,0.983333,0.991597,0.989899,0.983333,0.99,0.994975,0.99,0.765034,0.80708,0.853333,0.944381,0.799411,0.864865,0.903333,0.944381,NaN,256,32,5178.153086,0.057935715,1,NaN
rsfish_sim_snri_300B,300,200,400,0,0.9,<UNK>,6,0.931115,0.95,0.039216,0.95,6,0.946897,0.957983,0.039867,0.966102,292,0.976667,0.988196,0.986486,0.976667,0.98,0.989899,0.98,0.740557,0.796364,0.84,0.943275,0.796375,0.88,0.93,0.943275,NaN,256,32,5178.153086,0.057935715,1,NaN
rsfish_sim_snri_300C,300,200,400,0,0.9,<UNK>,10,0.929834,0.940594,0.064516,0.95,10,0.945594,0.948419,0.065574,0.966102,289,0.966667,0.983051,0.981324,0.966667,0.983333,0.991597,0.983333,0.73496,0.807829,0.816667,0.943986,0.833447,0.869702,0.94,0.943986,NaN,256,32,5178.153086,0.057935715,1,NaN
rsfish_sim_snri_3000A,3000,200,400,0,0.9,<UNK>,396,0.653862,0.78531,0.232038,0.67,396,0.678515,0.802395,0.239732,0.695261,2010,0.691633,0.817949,0.801198,0.692667,0.832667,0.908694,0.832667,0.026353,0.144663,0.089667,0.752493,0.237609,0.435916,0.306667,0.752493,NaN,256,32,5178.153086,0.579357147,1,NaN
rsfish_sim_snri_3000B,3000,200,400,0,0.9,<UNK>,523,0.652301,0.781793,0.296338,0.667,523,0.677363,0.799121,0.305979,0.692627,2025,0.681659,0.810854,0.805174,0.682333,0.833,0.908893,0.833,0.03382,0.156446,0.095667,0.752654,0.245238,0.441986,0.313,0.752654,NaN,256,32,5178.153086,0.579357147,1,NaN
rsfish_sim_snri_3000C,3000,200,400,0,0.9,<UNK>,428,0.654055,0.78524,0.249125,0.670333,428,0.680835,0.803757,0.258006,0.697779,1991,0.694984,0.82013,0.797435,0.695333,0.830333,0.907303,0.830333,0.032366,0.163113,0.102,0.751307,0.235188,0.434927,0.306333,0.751307,NaN,256,32,5178.153086,0.579357147,1,NaN
simvar_amplvar_var_pt2,257,500,2500,0.075,0.2,<UNK>,240,0.933852,0.965795,0.965795,0.933852,240,0.967742,0.983607,0.983607,0.967742,252,0.961089,0.980159,0.97053,0.961089,0.832345,0.90678,0.832685,0.894891,0.873016,0.922179,0.560089,0.957176,0.940945,0.968872,0.560089,66.66666667,512,16,10356.30617,0.024815798,4,53.33333333
simvar_amplvar_var_pt3,266,500,2500,0.075,0.3,<UNK>,248,0.932331,0.964981,0.964981,0.932331,248,0.964981,0.982178,0.982178,0.964981,261,0.966165,0.982792,0.975332,0.966165,0.860902,0.925253,0.860902,0.877566,0.84739,0.913534,0.560806,0.901099,0.903346,0.913534,0.560806,66.66666667,512,16,10356.30617,0.025684834,4,53.33333333
simvar_amplvar_var_pt4,238,500,2500,0.075,0.4,<UNK>,221,0.928571,0.962963,0.962963,0.928571,221,0.948498,0.973568,0.973568,0.948498,235,0.94958,0.974138,0.955603,0.94958,0.827731,0.905747,0.827731,0.873736,0.854077,0.907563,0.559572,0.818067,0.868421,0.831933,0.559572,66.66666667,512,16,10356.30617,0.022981167,4,53.33333333
simvar_amplvar_var_pt5,260,500,2500,0.075,0.5,<UNK>,237,0.911538,0.953722,0.953722,0.911538,237,0.948,0.973306,0.973306,0.948,250,0.946154,0.972332,0.964706,0.946154,0.803846,0.891258,0.803846,0.847782,0.836066,0.880769,0.55945,0.689648,0.803653,0.692308,0.55945,66.66666667,512,16,10356.30617,0.025105476,4,53.33333333
simvar_amplvar_var_pt6,251,500,2500,0.075,0.6,<UNK>,227,0.904382,0.949791,0.949791,0.904382,227,0.965957,0.982684,0.982684,0.965957,245,0.948207,0.973415,0.959677,0.948207,0.79959,0.883516,0.800797,0.857594,0.853119,0.89243,0.559204,0.742641,0.824561,0.749004,0.559204,66.66666667,512,16,10356.30617,0.024236441,4,53.33333333
simvar_amplvar_var_pt7,271,500,2500,0.075,0.7,<UNK>,247,0.911439,0.953668,0.953668,0.911439,247,0.94636,0.972441,0.972441,0.94636,261,0.948339,0.973485,0.966165,0.948339,0.848708,0.918164,0.848708,0.84701,0.823308,0.889299,0.560645,0.593978,0.715556,0.601476,0.560645,66.66666667,512,16,10356.30617,0.026167631,4,53.33333333
simvar_amplvar_var_pt8,246,500,2500,0.075,0.8,<UNK>,227,0.922764,0.959831,0.959831,0.922764,227,0.949791,0.974249,0.974249,0.949791,247,0.947154,0.97286,0.945233,0.947154,0.791851,0.881818,0.792683,0.850043,0.847966,0.886179,0.559894,0.658093,0.762791,0.666667,0.559894,66.66666667,512,16,10356.30617,0.023753643,4,53.33333333
simvar_bkgvar_var_pt05,233,500,2500,0.05,0.4,<UNK>,220,0.944206,0.971302,0.971302,0.944206,220,0.973451,0.986547,0.986547,0.973451,228,0.974249,0.986957,0.984816,0.974249,0.849785,0.918794,0.849785,0.879987,0.873662,0.901288,0.570171,0.86839,0.896552,0.875536,0.570171,100,512,16,10356.30617,0.022498369,4,80
simvar_bkgvar_var_pt10,252,500,2500,0.1,0.4,<UNK>,229,0.912664,0.952183,0.952183,0.912698,229,0.950378,0.972399,0.972399,0.950413,250,0.952381,0.97561,0.956175,0.952381,0.853175,0.920771,0.853175,0.896452,0.879377,0.924603,0.551722,0.852715,0.887526,0.861111,0.551722,50,512,16,10356.30617,0.024333,4,40
simvar_bkgvar_var_pt15,229,500,2500,0.15,0.4,<UNK>,204,0.89083,0.942263,0.942263,0.89083,204,0.914798,0.955504,0.955504,0.914798,216,0.917031,0.95672,0.94382,0.917031,0.732713,0.842105,0.733624,0.803311,0.819512,0.829694,0.540082,0.712897,0.80303,0.724891,0.540082,33.33333333,512,16,10356.30617,0.022112131,4,26.66666667
simvar_bkgvar_var_pt20,249,500,2500,0.2,0.4,<UNK>,220,0.883534,0.938166,0.938166,0.883534,220,0.92437,0.960699,0.960699,0.92437,240,0.923695,0.960334,0.940695,0.923695,0.807229,0.893333,0.807229,0.81785,0.841202,0.843373,0.535669,0.671194,0.776256,0.682731,0.535669,25,512,16,10356.30617,0.024043322,4,20
simvar_bkgvar_var_pt25,249,500,2500,0.25,0.4,<UNK>,224,0.903614,0.949367,0.947146,0.903614,224,0.957447,0.978261,0.976035,0.957447,254,0.951807,0.975309,0.942346,0.951807,0.801288,0.888393,0.811245,0.768881,0.794926,0.799197,0.530955,0.714722,0.809412,0.722892,0.530955,20,512,16,10356.30617,0.024043322,4,16
simvar_bkgvar_var_pt30,262,500,2500,0.3,0.4,<UNK>,245,0.93744,0.966469,0.966469,0.946565,245,0.982437,0.989899,0.989899,0.992,291,0.992366,0.996169,0.940325,0.992366,0.839714,0.910603,0.843511,0.737506,0.776062,0.770992,0.528714,0.764846,0.84058,0.774809,0.528714,16.66666667,512,16,10356.30617,0.025298595,4,13.33333333
simvar_bkgvar_var_pt35,240,500,2500,0.35,0.4,<UNK>,223,0.912491,0.952174,0.946004,0.9125,223,0.948042,0.971175,0.964758,0.948052,286,0.945852,0.972281,0.86692,0.95,0.837515,0.909091,0.841667,0.773953,0.809955,0.795833,0.526023,0.817993,0.881671,0.820833,0.526023,14.28571429,512,16,10356.30617,0.023174286,4,11.42857143
simvar_cluster_var_10_31,275,500,2500,0.075,0.4,<UNK>,175,0.636364,0.777778,0.777778,0.636364,175,0.652985,0.790068,0.790068,0.652985,181,0.647273,0.785872,0.780702,0.647273,0.611105,0.759551,0.614545,0.545799,0.68046,0.556364,0.552633,0.537645,0.674107,0.549091,0.552633,66.66666667,512,16,10356.30617,0.026553869,4,53.33333333
simvar_cluster_var_12_38,288,500,2500,0.075,0.4,<UNK>,157,0.545106,0.704036,0.701124,0.545139,157,0.592417,0.742317,0.739336,0.592453,163,0.5625,0.72,0.718404,0.5625,0.555746,0.715556,0.559028,0.462077,0.595556,0.475694,0.550078,0.524772,0.676991,0.53125,0.550078,66.66666667,512,16,10356.30617,0.027809143,4,53.33333333
simvar_cluster_var_14_45,239,500,2500,0.075,0.4,<UNK>,152,0.635983,0.777494,0.777494,0.635983,152,0.644068,0.783505,0.783505,0.644068,157,0.640167,0.780612,0.772727,0.640167,0.631799,0.774359,0.631799,0.48941,0.617021,0.506276,0.551183,0.523822,0.666667,0.531381,0.551183,66.66666667,512,16,10356.30617,0.023077726,4,53.33333333
simvar_cluster_var_2_3,246,500,2500,0.075,0.4,<UNK>,232,0.943089,0.970711,0.970711,0.943089,232,0.97479,0.987234,0.987234,0.97479,240,0.97561,0.987654,0.987654,0.97561,0.878049,0.935065,0.878049,0.87602,0.845987,0.910569,0.559729,0.830722,0.876068,0.833333,0.559729,66.66666667,512,16,10356.30617,0.023753643,4,53.33333333
simvar_cluster_var_4_10,264,500,2500,0.075,0.4,<UNK>,219,0.829545,0.906832,0.906832,0.829545,219,0.858824,0.924051,0.924051,0.858824,229,0.859848,0.924644,0.920892,0.859848,0.76099,0.862661,0.761364,0.792563,0.828,0.814394,0.559808,0.701846,0.808889,0.704545,0.559808,66.66666667,512,16,10356.30617,0.025491714,4,53.33333333
simvar_cluster_var_6_17,257,500,2500,0.075,0.4,<UNK>,162,0.63035,0.77327,0.77327,0.63035,162,0.683544,0.81203,0.81203,0.683544,170,0.661479,0.796253,0.796253,0.661479,0.607004,0.755448,0.607004,0.594731,0.706444,0.607004,0.553643,0.607054,0.737089,0.610895,0.553643,66.66666667,512,16,10356.30617,0.024815798,4,53.33333333
simvar_cluster_var_8_24,274,500,2500,0.075,0.4,<UNK>,213,0.777372,0.874743,0.874743,0.777372,213,0.812977,0.896842,0.896842,0.812977,224,0.817518,0.899598,0.899598,0.817518,0.751825,0.858333,0.751825,0.731393,0.779381,0.759124,0.557828,0.66459,0.774059,0.675182,0.557828,66.66666667,512,16,10356.30617,0.02645731,4,53.33333333
simvar_expr_var_1024,1076,500,2500,0.075,0.4,<UNK>,996,0.925651,0.96139,0.96139,0.925651,996,0.968872,0.98419,0.98419,0.968872,1065,0.964684,0.982025,0.96964,0.964684,0.832629,0.908815,0.833643,0.842109,0.826251,0.879182,0.617471,0.717772,0.813187,0.722119,0.617471,66.66666667,512,16,10356.30617,0.103898048,4,53.33333333
simvar_expr_var_16,15,500,2500,0.075,0.4,<UNK>,9,0.333333,0.5,0.416667,0.333333,9,0.333333,0.5,0.416667,0.333333,8,0.333333,0.5,0.434783,0.333333,0.333333,0.5,0.333333,0.333333,0.5,0.333333,0.540067,0.267778,0.47619,0.333333,0.540067,66.66666667,512,16,10356.30617,0.001448393,4,53.33333333
simvar_expr_var_256,238,500,2500,0.075,0.4,<UNK>,222,0.932773,0.965217,0.965217,0.932773,222,0.965217,0.982301,0.982301,0.965217,230,0.962185,0.980728,0.978632,0.962185,0.815126,0.898148,0.815126,0.864525,0.824268,0.915966,0.559378,0.851717,0.890411,0.857143,0.712254,66.66666667,512,16,10356.30617,0.022981167,4,53.33333333
simvar_expr_var_4096,4098,500,2500,0.075,0.4,<UNK>,3061,0.852367,0.9203,0.855147,0.852367,3061,0.894265,0.944182,0.878714,0.894265,3658,0.877745,0.934893,0.92754,0.877745,0.810997,0.895354,0.811127,0.602274,0.691024,0.641532,0.712254,0.621041,0.754394,0.623231,0.54628,66.66666667,512,16,10356.30617,0.395700932,4,53.33333333
simvar_expr_var_64,89,500,2500,0.075,0.4,<UNK>,75,0.842697,0.914634,0.914634,0.842697,75,0.892857,0.943396,0.943396,0.892857,82,0.88764,0.940476,0.923977,0.88764,0.820225,0.901235,0.820225,0.854647,0.886228,0.865169,0.54628,0.752278,0.851613,0.752809,0.54113,66.66666667,512,16,10356.30617,0.008593798,4,53.33333333
simvar_intensity_var_100,253,500,100,0.075,0.4,<UNK>,7,0.685442,0.691511,0.053846,0.916996,7,0.710725,0.704641,0.055777,0.95082,21800,0.01027,0.021584,0.021584,0.940711,0.438712,0.488665,0.897233,NaN,NaN,NaN,0.54113,0.130435,0.230769,0.130435,0.543893,2.666666667,512,16,10356.30617,0.02442956,-0.8,-10.66666667
simvar_intensity_var_200,248,500,200,0.075,0.4,<UNK>,191,0.901447,0.919918,0.84738,0.915323,191,0.95948,0.949153,0.877358,0.974249,24997,0.019393,0.039742,0.018776,0.955645,0.777411,0.830022,0.870968,0.040323,0.077519,0.040323,0.543893,0.76823,0.844444,0.778226,0.54586,5.333333333,512,16,10356.30617,0.023946762,-0.6,-8
simvar_intensity_var_300,245,500,300,0.075,0.4,<UNK>,225,0.926595,0.955789,0.948936,0.938776,225,0.957872,0.972163,0.965368,0.970464,26221,0.021511,0.0433,0.017985,0.971429,0.81081,0.887892,0.844898,0.221573,0.364217,0.232653,0.54586,0.886309,0.922747,0.889796,0.547714,8,512,16,10356.30617,0.023657084,-0.4,-5.333333333
simvar_intensity_var_400,261,500,400,0.075,0.4,<UNK>,243,0.92497,0.956349,0.956349,0.927203,243,0.973456,0.98167,0.98167,0.975806,26048,0.03593,0.070883,0.019385,0.977011,0.82871,0.89916,0.854406,0.404923,0.565553,0.425287,0.547714,0.874062,0.921529,0.877395,0.549164,10.66666667,512,16,10356.30617,0.025202036,-0.2,-2.666666667
simvar_intensity_var_500,263,500,500,0.075,0.4,<UNK>,242,0.923812,0.956693,0.954455,0.923954,242,0.952795,0.972,0.969819,0.952941,309,0.939224,0.968872,0.870629,0.946768,0.823285,0.901879,0.8327,0.595644,0.70614,0.612167,0.549164,0.797861,0.876543,0.809886,0.550587,13.33333333,512,16,10356.30617,0.025395155,0,0
simvar_intensity_var_600,266,500,600,0.075,0.4,<UNK>,244,0.919183,0.956863,0.956863,0.921053,244,0.985898,0.99187,0.99187,0.987903,26769,0.955017,0.977186,0.019012,0.966165,0.851592,0.923387,0.879699,0.693094,0.75,0.718045,0.550587,0.838552,0.899598,0.842105,0.551609,16,512,16,10356.30617,0.025684834,0.2,2.666666667
simvar_intensity_var_700,240,500,700,0.075,0.4,<UNK>,232,0.970833,0.985201,0.983051,0.970833,232,0.987288,0.993603,0.991453,0.987288,27115,0.780125,0.877778,0.017328,0.9875,0.868791,0.928571,0.879167,0.788971,0.818605,0.804167,0.551609,0.810378,0.882353,0.8125,0.628759,18.66666667,512,16,10356.30617,0.023174286,0.4,5.333333333
simvarmass_0033af15,1991,500,2157,0.127301,0.356934,5;3,1790,0.899526,0.946589,0.94631,0.899548,1790,0.942609,0.969927,0.969648,0.942632,1916,0.939729,0.968928,0.957768,0.939729,0.817916,0.899503,0.819689,0.749137,0.772727,0.787042,0.628759,0.720791,0.823294,0.724259,0.602901,33.88818627,512,16,10356.30617,0.192250013,3.314,26.03278843
simvarmass_00368c8d,2312,500,1566,0.213837,0.278416,5;3,2098,0.912208,0.951971,0.951474,0.913062,2098,0.948729,0.971561,0.971072,0.949618,23197,0.938581,0.968318,0.170136,0.938581,0.836883,0.911696,0.846886,0.579731,0.698413,0.599481,0.602901,NaN,NaN,NaN,0.639503,14.64667013,512,16,10356.30617,0.223245621,2.132,9.970210955
simvarmass_007da2e3,3846,500,1999,0.236994,0.767522,5;3,3274,0.852651,0.91876,0.917978,0.853354,3274,0.890387,0.940264,0.939485,0.891121,3398,0.86129,0.924948,0.914136,0.861414,0.806764,0.889017,0.817473,0.434777,0.583903,0.455538,0.639503,0.470972,0.632642,0.472179,0.594153,16.86962539,512,16,10356.30617,0.371367931,2.998,12.65010929
simvarmass_00872053,1795,500,2243,0.24009,0.62458,5;3,1636,0.913616,0.95338,0.953075,0.914206,1636,0.95014,0.972941,0.972635,0.950753,1779,0.942061,0.970166,0.946279,0.942061,0.831083,0.906934,0.836769,0.616686,0.707421,0.647911,0.594153,NaN,NaN,NaN,0.613606,18.68465992,512,16,10356.30617,0.173324347,3.486,14.51955517
simvarmass_00a827ab,1385,500,4519,0.175143,0.17095,5;3,1276,0.922022,0.959429,0.959038,0.922022,1276,0.962321,0.980799,0.980407,0.962321,1347,0.953791,0.976349,0.967057,0.953791,0.82603,0.904066,0.826715,0.831498,0.821388,0.86426,0.613606,0.941172,0.95436,0.944404,0.588635,51.60354682,512,16,10356.30617,0.133734941,8.038,45.89392668
simvarmass_014c429a,445,500,4320,0.053455,0.559342,5;3,411,0.923596,0.96028,0.96028,0.923596,411,0.964789,0.982079,0.982079,0.964789,430,0.964045,0.981693,0.980571,0.964045,0.842697,0.914634,0.842697,0.903886,0.875,0.934831,0.588635,NaN,NaN,NaN,0.649907,161.6312786,512,16,10356.30617,0.042968988,7.64,142.9239547
simvarmass_017294ed,3775,500,3619,0.355572,0.48893,5;3,3270,0.864899,0.927404,0.926615,0.864901,3270,0.8992,0.946773,0.94595,0.899201,3422,0.882119,0.937368,0.925386,0.882119,0.823917,0.902365,0.830464,0.533464,0.661595,0.552848,0.649907,0.580586,0.724456,0.582252,0.669698,20.35593354,512,16,10356.30617,0.364512205,6.238,17.54356361
simvarmass_017ff4a0,3945,500,4162,0.305161,0.107807,5;3,293,0.871546,0.931347,0.138273,0.871736,293,0.912971,0.954482,0.144371,0.91317,3630,0.902408,0.948701,0.939934,0.902408,0.818173,0.899415,0.818758,0.617725,0.712885,0.64512,0.669698,NaN,NaN,NaN,0.563833,27.27740439,512,16,10356.30617,0.380927324,7.324,24.00044567
simvarmass_01dcaff7,797,500,4459,0.289302,0.466345,5;3,723,0.908288,0.951316,0.951316,0.908407,723,0.958815,0.978349,0.978349,0.95894,788,0.961104,0.980166,0.966562,0.961104,0.818324,0.899449,0.820577,0.821611,0.819892,0.855709,0.563833,0.670901,0.781543,0.68005,0.630564,30.82591894,512,16,10356.30617,0.076957941,7.918,27.36932341
simvarmass_024f78dd,3838,500,2828,0.394956,0.61726,5;3,3279,0.85406,0.920202,0.920051,0.854612,3279,0.891456,0.941498,0.941346,0.892032,20733,0.865295,0.927803,0.2704,0.865555,0.805189,0.890397,0.816571,0.417331,0.574593,0.432517,0.630564,NaN,NaN,NaN,0.722204,14.32058255,512,16,10356.30617,0.370595455,4.656,11.78865494
simvarmass_02800722,4386,500,4929,0.118993,0.378679,5;3,1383,0.852713,0.920502,0.479459,0.852713,1383,1,1,0.539918,1,3868,0.875285,0.933495,0.930216,0.875285,0.809069,0.894704,0.810762,0.632096,0.714914,0.666667,0.722204,NaN,NaN,NaN,0.641589,82.84520938,512,16,10356.30617,0.423510075,8.858,74.44135369
simvarmass_0290bbb2,3999,500,2204,0.253491,0.828151,5;3,3399,0.850125,0.916532,0.916194,0.850213,3399,0.887173,0.937681,0.937353,0.887265,20467,0.859097,0.923449,0.28088,0.859465,0.802217,0.886512,0.815704,0.429989,0.581354,0.449862,0.641589,0.456554,0.621333,0.458115,0.602597,17.38917753,512,16,10356.30617,0.386141539,3.408,13.44426429
simvarmass_02daa4b8,4448,500,966,0.263829,0.853276,5;3,3340,0.826834,0.875825,0.852337,0.840603,3340,0.862919,0.896596,0.873191,0.877288,20719,0.771234,0.868858,0.300711,0.851169,0.775589,0.831305,0.848696,0.182127,0.311277,0.187725,0.602597,NaN,NaN,NaN,0.64875,7.322925076,512,16,10356.30617,0.429496765,0.932,3.532591186
simvarmass_02ef6f18,4003,500,2561,0.280398,0.567541,5;3,3449,0.860105,0.924668,0.924047,0.860105,3449,0.898486,0.946399,0.945749,0.898486,20399,0.876842,0.93438,0.287681,0.876842,0.809114,0.89367,0.814639,0.466808,0.61078,0.486885,0.64875,0.538831,0.692246,0.540844,0.59831,18.26689206,512,16,10356.30617,0.386527777,4.122,14.70053281
simvarmass_031f1884,1325,500,3301,0.194254,0.064612,5;3,1238,0.935079,0.966055,0.966055,0.935094,1238,0.975574,0.987241,0.987241,0.975591,1322,0.969811,0.984674,0.97091,0.969811,0.838383,0.911704,0.838491,0.836633,0.825739,0.870189,0.59831,NaN,NaN,NaN,0.550437,33.98643014,512,16,10356.30617,0.12794137,5.602,28.838531
simvarmass_0324cc54,4054,500,685,0.433749,0.872777,5;3,2233,0.766898,0.778015,0.699221,0.873212,2233,0.798409,0.796153,0.71748,0.909091,21788,0.143493,0.279651,0.2684,0.858658,0.649231,0.680055,0.881598,0.006656,0.013229,0.00666,0.550437,0.35986,0.525902,0.363098,0.587969,3.158508723,512,16,10356.30617,0.391452312,0.37,0.853027903
simvarmass_033cdb19,1266,500,4123,0.262657,0.69278,5;3,1172,0.92654,0.96187,0.961444,0.92654,1172,0.965432,0.982412,0.981986,0.965432,1221,0.950237,0.974484,0.967431,0.950237,0.82738,0.906034,0.830964,0.775096,0.792662,0.811216,0.587969,NaN,NaN,NaN,0.655087,31.3945564,512,16,10356.30617,0.122244358,7.246,27.58730969
simvarmass_035ebae1,2224,500,4925,0.163768,0.401103,5;3,846,0.910522,0.953165,0.55114,0.910522,846,1,1,0.589342,1,2107,0.940198,0.969177,0.965597,0.940198,0.836899,0.910959,0.838129,0.780261,0.792749,0.819245,0.655087,0.675537,0.795365,0.678957,0.575682,60.14606028,512,16,10356.30617,0.214748383,8.85,54.03986127
simvarmass_036b8dab,1339,500,3737,0.390671,0.567102,5;3,1232,0.922263,0.958382,0.958382,0.923077,1232,0.960272,0.978554,0.978554,0.96112,1341,0.951456,0.975124,0.950746,0.951456,0.841051,0.913939,0.849141,0.673688,0.738654,0.705004,0.575682,NaN,NaN,NaN,0.626077,19.13118711,512,16,10356.30617,0.129293203,6.474,16.57148854
simvarmass_0394e7c4,2969,500,4193,0.40938,0.899818,5;3,2526,0.859364,0.919007,0.918289,0.859549,2526,0.90477,0.944507,0.943883,0.904965,2737,0.887891,0.935691,0.922187,0.888515,0.802209,0.877957,0.816773,0.527959,0.652955,0.55069,0.626077,0.442967,0.608475,0.444931,0.683061,20.4846353,512,16,10356.30617,0.286685228,7.386,18.04191705
simvarmass_03b61c22,3602,500,2268,0.109603,0.385404,5;3,2187,0.86617,0.928157,0.755571,0.866185,2187,0.999982,0.99984,0.824194,1,3250,0.890616,0.942144,0.936369,0.890616,0.811953,0.895929,0.812604,0.652009,0.722804,0.689895,0.683061,NaN,NaN,NaN,0.562838,41.38572849,512,16,10356.30617,0.347807407,3.536,32.26189064
simvarmass_0405f327,283,500,958,0.055904,0.126021,5;3,264,0.932862,0.965265,0.965265,0.932862,264,0.981413,0.990619,0.990619,0.981413,289,0.971731,0.985663,0.961538,0.971731,0.850077,0.91635,0.855124,0.86066,0.834846,0.90106,0.562838,0.955794,0.942446,0.968198,0.63986,34.2730395,512,16,10356.30617,0.027326345,0.916,16.38523183
simvarmass_040e2043,3424,500,3013,0.308797,0.530338,5;3,2984,0.872948,0.931067,0.931024,0.872956,2984,0.913221,0.953522,0.953492,0.913229,3209,0.895736,0.945001,0.92477,0.895736,0.815216,0.897559,0.825643,0.528049,0.657544,0.554322,0.63986,NaN,NaN,NaN,0.590588,19.51443829,512,16,10356.30617,0.330619812,5.026,16.27606486
simvarmass_04eac1fb,1798,500,1761,0.20702,0.825226,5;3,1596,0.892857,0.938069,0.93518,0.894327,1596,0.926346,0.956314,0.953439,0.927871,1753,0.913237,0.954347,0.92481,0.913237,0.821066,0.89493,0.841491,0.538552,0.657705,0.561735,0.590588,0.478117,0.635584,0.478865,0.672819,17.012849,512,16,10356.30617,0.173614025,2.522,12.18239784
simvarmass_05f5a045,4974,500,3963,0.353039,0.797025,5;3,718,0.820238,0.900861,0.252284,0.820265,718,0.862916,0.92601,0.26368,0.862944,4235,0.832327,0.908253,0.89912,0.832328,0.795236,0.883862,0.800161,0.447304,0.595119,0.468235,0.672819,NaN,NaN,NaN,0.538635,22.45077739,512,16,10356.30617,0.480287075,6.926,19.61822915
simvarmass_06033d3a,807,500,1200,0.296638,0.480947,5;3,740,0.91809,0.955398,0.955398,0.920694,740,0.952312,0.97365,0.97365,0.955013,849,0.92051,0.9594,0.927536,0.951673,0.823882,0.898708,0.843866,0.330363,0.490633,0.340768,0.538635,0.646809,0.776296,0.649318,0.640604,8.090669435,512,16,10356.30617,0.077923536,1.4,4.719557171
simvarmass_0603b709,3463,500,1377,0.155577,0.395243,5;3,3025,0.874665,0.932532,0.932182,0.874675,3025,0.912339,0.953536,0.953191,0.912349,3215,0.894311,0.944207,0.927523,0.894311,0.818845,0.899746,0.824718,0.532648,0.662183,0.554433,0.640604,NaN,NaN,NaN,0.659536,17.70184539,512,16,10356.30617,0.334385633,1.754,11.27416006
simvarmass_0620182b,2832,500,3906,0.195527,0.682312,5;3,2268,0.875353,0.933534,0.889412,0.875353,2268,0.918148,0.957328,0.913043,0.918148,2573,0.89654,0.945448,0.9395,0.89654,0.819149,0.900349,0.820975,0.652004,0.720109,0.686794,0.659536,0.538483,0.691509,0.540607,0.573902,39.9535614,512,16,10356.30617,0.273456573,6.812,34.83917822
simvarmass_066432a7,880,500,4914,0.280726,0.324484,5;3,824,0.936915,0.965962,0.965962,0.9375,824,0.971125,0.983861,0.983861,0.971731,880,0.964773,0.982071,0.964773,0.964773,0.865909,0.928136,0.865909,0.833257,0.822619,0.869318,0.573902,NaN,NaN,NaN,0.551809,35.00922608,512,16,10356.30617,0.084972382,8.828,31.44703376
simvarmass_06f60ed6,811,500,1283,0.207832,0.19565,5;3,754,0.93398,0.964901,0.963578,0.935882,754,0.962462,0.979909,0.978585,0.964422,25847,0.967941,0.983709,0.058894,0.967941,0.854569,0.921035,0.87053,0.625681,0.71159,0.651048,0.551809,0.913512,0.945876,0.916153,0.600297,12.34651064,512,16,10356.30617,0.078309774,1.566,7.534932061
simvarmass_06fc8010,1038,500,1073,0.058037,0.632361,5;3,952,0.919044,0.957308,0.956784,0.919075,952,0.960692,0.979445,0.97892,0.960725,1020,0.952794,0.975826,0.961127,0.952794,0.834014,0.908805,0.837187,0.794928,0.801688,0.827553,0.600297,NaN,NaN,NaN,0.557338,36.9764116,512,16,10356.30617,0.100228786,1.146,19.74602409
simvarmass_06fe9d6f,449,500,2144,0.124333,0.176629,5;3,419,0.934861,0.965438,0.965438,0.937639,419,0.976168,0.987044,0.987044,0.97907,457,0.975501,0.987599,0.966887,0.975501,0.807641,0.893252,0.81069,0.871666,0.861017,0.904232,0.557338,0.953344,0.95325,0.962138,0.554187,34.48802812,512,16,10356.30617,0.043355227,3.288,26.44511111
simvarmass_07899160,1749,500,878,0.273758,0.057392,5;3,1607,0.920409,0.957194,0.954708,0.924528,1607,0.959354,0.977832,0.975342,0.963647,2067,0.774215,0.876834,0.876834,0.956547,0.843037,0.913138,0.867925,0.076442,0.144744,0.07833,0.554187,NaN,NaN,NaN,0.553216,6.414424419,512,16,10356.30617,0.168882608,0.756,2.761563132
simvarmass_0789a0f3,2516,500,851,0.357524,0.096648,5;3,2238,0.887431,0.933249,0.932688,0.895469,2238,0.922253,0.952238,0.951706,0.930607,22976,0.139671,0.260845,0.18139,0.918919,0.825402,0.894061,0.871622,0.016291,0.032056,0.016296,0.553216,0.804647,0.878186,0.808029,0.583463,4.760519574,512,16,10356.30617,0.242943764,0.702,1.963504548
simvarmass_07b44a9c,1167,500,4453,0.282682,0.798284,5;3,1065,0.91497,0.954301,0.954301,0.915167,1065,0.948286,0.972159,0.972159,0.94849,1122,0.935733,0.966799,0.954128,0.935733,0.837496,0.911463,0.838903,0.732914,0.769081,0.761782,0.583463,NaN,NaN,NaN,0.657909,31.50536645,512,16,10356.30617,0.112684965,7.906,27.9678225
simvarmass_07dccd64,4382,500,3486,0.34974,0.808716,5;3,3667,0.835422,0.909204,0.909181,0.835463,3667,0.878316,0.934031,0.934014,0.878359,19654,0.853712,0.920842,0.311283,0.85372,0.79915,0.884684,0.808535,0.459359,0.606628,0.480374,0.657909,0.467177,0.631611,0.468736,0.614396,19.93480872,512,16,10356.30617,0.423123837,5.972,17.07554183
simvarmass_07f0eb01,831,500,4489,0.061846,0.742124,5;3,771,0.930205,0.96384,0.962547,0.930205,771,0.967459,0.983461,0.982166,0.967459,803,0.961492,0.980368,0.977968,0.961492,0.855596,0.922179,0.855596,0.872062,0.864865,0.90012,0.614396,NaN,NaN,NaN,0.553758,145.1670278,512,16,10356.30617,0.080240965,7.978,128.9978333
simvarmass_083b2a31,1054,500,2968,0.495917,0.185348,5;3,1021,0.933215,0.964128,0.945542,0.934535,1021,0.966217,0.981491,0.962236,0.967583,25439,0.960167,0.979749,0.0767,0.963947,0.83476,0.908904,0.849146,0.598797,0.716418,0.621442,0.553758,0.931124,0.953033,0.933586,0.583291,11.96974494,512,16,10356.30617,0.101773739,4.936,9.953278472
simvarmass_0873b7ba,1017,500,2046,0.140417,0.193525,5;3,953,0.940666,0.96856,0.967513,0.941003,953,0.975186,0.98657,0.985522,0.975535,1027,0.977384,0.988563,0.972603,0.977384,0.846185,0.915868,0.848574,0.846804,0.823411,0.884956,0.583291,NaN,NaN,NaN,0.658331,29.14177058,512,16,10356.30617,0.098201036,3.092,22.02012577
simvarmass_087a6c84,3701,500,2462,0.192249,0.890539,5;3,2391,0.842166,0.91354,0.784964,0.842205,2391,0.880468,0.935615,0.806272,0.880508,3271,0.864015,0.925888,0.91681,0.864361,0.787787,0.874507,0.796812,0.517703,0.640546,0.545528,0.658331,0.45043,0.614649,0.451229,0.687782,25.61261697,512,16,10356.30617,0.3573668,3.924,20.41102945
simvarmass_08f24a73,4047,500,1353,0.074475,0.055224,5;3,355,0.883211,0.937983,0.16129,0.883865,355,0.999261,0.999581,0.18057,1,3732,0.906103,0.950739,0.942795,0.906103,0.820693,0.900556,0.822832,0.63216,0.723999,0.665678,0.687782,NaN,NaN,NaN,0.571279,36.33434038,512,16,10356.30617,0.390776396,1.706,22.90701578
simvarmass_090b7baf,1028,500,2039,0.191993,0.393324,5;3,956,0.933199,0.964753,0.96371,0.933852,956,0.968041,0.983068,0.982024,0.968718,25758,0.963035,0.981169,0.073919,0.963035,0.844348,0.915129,0.849222,0.757866,0.796199,0.782101,0.571279,0.727961,0.823137,0.73249,0.596639,21.24035772,512,16,10356.30617,0.099263191,3.078,16.03183449
simvarmass_0995c52b,1732,500,3076,0.286266,0.601253,5;3,1589,0.918927,0.956391,0.956338,0.919169,1589,0.954186,0.975161,0.97513,0.954436,24118,0.939376,0.968741,0.12588,0.939376,0.8417,0.91348,0.845266,0.678217,0.749622,0.714781,0.596639,NaN,NaN,NaN,0.582305,21.49050184,512,16,10356.30617,0.167241096,5.152,17.99724732
simvarmass_09d1b2f2,1081,500,4930,0.266168,0.747018,5;3,988,0.916735,0.955598,0.955051,0.916744,988,0.954712,0.97585,0.975321,0.954721,1043,0.947271,0.972922,0.964218,0.947271,0.829611,0.907716,0.833488,0.773607,0.789211,0.812211,0.582305,0.55025,0.692711,0.553191,0.544414,37.04427279,512,16,10356.30617,0.104380846,8.86,33.28724715
simvarmass_0a10d52a,538,500,3705,0.34449,0.330345,5;3,500,0.929362,0.962464,0.961464,0.929368,500,0.959687,0.978474,0.977473,0.959693,27180,0.95539,0.977186,0.037088,0.95539,0.821158,0.901121,0.821561,0.846123,0.842942,0.869888,0.544414,NaN,NaN,NaN,0.591907,21.51005835,512,16,10356.30617,0.051949024,6.41,18.60721646
simvarmass_0a30b947,3445,500,910,0.23749,0.507449,5;3,2992,0.874912,0.927644,0.925897,0.877794,2992,0.909771,0.946985,0.945282,0.912768,21769,0.781762,0.88415,0.243357,0.890566,0.813988,0.890527,0.839768,0.178321,0.303237,0.180842,0.591907,0.561591,0.709194,0.563135,0.578241,7.663480568,512,16,10356.30617,0.332647562,0.82,3.452776959
simvarmass_0ab4e48b,3474,500,1285,0.413818,0.185005,5;3,3044,0.878121,0.932086,0.931881,0.880829,3044,0.916369,0.953277,0.953083,0.919195,21590,0.303279,0.489256,0.250718,0.904433,0.821049,0.897238,0.848014,0.05901,0.111443,0.05901,0.578241,NaN,NaN,NaN,0.66313,6.210459671,512,16,10356.30617,0.335447788,1.57,3.793938398
simvarmass_0ada3d07,2856,500,4698,0.213271,0.414531,5;3,883,0.886204,0.93967,0.472319,0.886204,883,0.924397,0.960714,0.487711,0.924397,2623,0.906863,0.951157,0.945428,0.906863,0.821403,0.901479,0.821779,0.702864,0.746413,0.743347,0.66313,0.659566,0.783565,0.661064,0.553357,44.05662279,512,16,10356.30617,0.275774002,8.396,39.36775277
simvarmass_0b80d062,1908,500,1547,0.495452,0.154427,5;3,1726,0.905287,0.947716,0.947716,0.908805,1726,0.951674,0.972607,0.972607,0.955372,23673,0.198564,0.343926,0.140886,0.944444,0.835277,0.905347,0.870545,0.087684,0.162188,0.088574,0.553357,NaN,NaN,NaN,0.593172,6.244802726,512,16,10356.30617,0.184235573,2.094,4.226443732
simvarmass_0b97225e,3386,500,1728,0.390303,0.87251,5;3,2736,0.856786,0.893254,0.886965,0.871234,2736,0.890447,0.91205,0.905906,0.905463,22164,0.809538,0.888717,0.232329,0.876551,0.773016,0.837492,0.842292,0.289686,0.446705,0.298287,0.593172,0.44027,0.606122,0.441524,0.635902,8.854659073,512,16,10356.30617,0.32695055,2.456,6.292547072
simvarmass_0bb86b1a,3103,500,719,0.084467,0.255445,5;3,2731,0.884801,0.936869,0.93555,0.885272,2731,0.934174,0.963915,0.96261,0.934672,3008,0.918788,0.957676,0.933072,0.918788,0.816408,0.897786,0.82533,0.532363,0.666409,0.554947,0.635902,NaN,NaN,NaN,0.676978,17.02440006,512,16,10356.30617,0.299624205,0.438,5.185457042
simvarmass_0c23b69a,3803,500,3967,0.208609,0.79024,5;3,1448,0.850628,0.919165,0.551514,0.850644,1448,0.890677,0.94205,0.570079,0.890694,19489,0.86011,0.924795,0.280869,0.86011,0.802948,0.890377,0.806994,0.557239,0.6634,0.587431,0.676978,0.471278,0.63388,0.472785,0.690701,38.0328749,512,16,10356.30617,0.367215872,6.934,33.23921787
simvarmass_0c2bf665,3736,500,3875,0.155838,0.716808,5;3,2232,0.853051,0.920566,0.747989,0.853051,2232,0.999999,0.999843,0.823768,1,19446,0.876071,0.933942,0.282374,0.876071,0.796248,0.886212,0.798448,0.591675,0.688978,0.619914,0.690701,NaN,NaN,NaN,0.522477,49.73113105,512,16,10356.30617,0.360746384,6.75,43.31421091
simvarmass_0c45ac8e,767,500,644,0.380321,0.440887,5;3,589,0.891232,0.890571,0.839233,0.926988,589,0.942862,0.91708,0.866058,0.98069,24060,0.029834,0.059774,0.059774,0.967405,0.722124,0.749047,0.904824,0.006519,0.012953,0.006519,0.522477,0.527949,0.679934,0.53455,0.575271,3.386612888,512,16,10356.30617,0.074061155,0.288,0.757255056
simvarmass_0c50ef71,2700,500,896,0.245426,0.871712,5;3,2008,0.854869,0.884219,0.847918,0.887037,2008,0.888774,0.903013,0.866884,0.922218,23136,0.391382,0.586055,0.187645,0.897778,0.76503,0.824164,0.858148,0.236565,0.379161,0.242593,0.575271,NaN,NaN,NaN,0.589787,7.301589889,512,16,10356.30617,0.260710716,0.792,3.22704196
simvarmass_0c706dac,1751,500,4710,0.485715,0.892574,5;3,1578,0.900035,0.943339,0.941424,0.900628,1578,0.936957,0.963373,0.96135,0.937574,1671,0.928976,0.960639,0.949737,0.929754,0.835159,0.899123,0.849229,0.585586,0.687301,0.615077,0.589787,0.473269,0.633701,0.475728,0.6217,19.39408913,512,16,10356.30617,0.169075727,8.42,17.33526862
simvarmass_0cafbb9a,2110,500,2262,0.172936,0.101643,5;3,1944,0.921327,0.959053,0.959053,0.921327,1944,0.959053,0.979098,0.979098,0.959053,2086,0.953081,0.975977,0.958532,0.953081,0.842106,0.913155,0.845024,0.75393,0.780829,0.78673,0.6217,NaN,NaN,NaN,0.603129,26.15996669,512,16,10356.30617,0.203740597,3.524,20.37748069
simvarmass_0d011625,2113,500,3306,0.358461,0.360154,5;3,1911,0.908248,0.950087,0.949801,0.908661,1911,0.94725,0.971066,0.97079,0.94768,2043,0.93611,0.967001,0.951877,0.93611,0.847309,0.916731,0.852816,0.65931,0.742741,0.690014,0.603129,0.704602,0.814227,0.707525,0.563885,18.44552127,512,16,10356.30617,0.204030275,5.612,15.65581751
simvarmass_0d4e98a7,1974,500,1623,0.418846,0.073304,5;3,1788,0.908826,0.95,0.949495,0.911348,1788,0.948716,0.971444,0.970916,0.951348,23970,0.610059,0.766585,0.144311,0.948328,0.832654,0.907684,0.852077,0.202355,0.33584,0.203647,0.563885,NaN,NaN,NaN,0.605531,7.749865106,512,16,10356.30617,0.190608501,2.246,5.36235275
simvarmass_0d6b6bc2,1635,500,2389,0.164276,0.728884,5;3,1500,0.919014,0.956633,0.9563,0.919266,1500,0.955237,0.975927,0.975594,0.955499,1596,0.941896,0.970079,0.953265,0.941896,0.831994,0.907513,0.834251,0.693641,0.744823,0.724159,0.605531,0.518178,0.669804,0.522324,0.550361,29.08519808,512,16,10356.30617,0.157874823,3.778,22.99788161
simvarmass_0db1e688,710,500,1807,0.222561,0.439684,5;3,653,0.920304,0.956713,0.956713,0.923944,653,0.962321,0.978979,0.978979,0.966127,747,0.959155,0.979152,0.934798,0.959155,0.841828,0.913542,0.860563,0.702573,0.7632,0.726761,0.550361,NaN,NaN,NaN,0.551766,16.2382448,512,16,10356.30617,0.068557262,2.614,11.7450946
simvarmass_0db4faaf,205,500,4491,0.093876,0.479848,5;3,182,0.887805,0.940568,0.940568,0.887805,182,0.938144,0.968085,0.968085,0.938144,187,0.912195,0.954082,0.954082,0.912195,0.790218,0.883469,0.795122,0.859276,0.86911,0.878049,0.551766,0.717073,0.802168,0.721951,0.685878,95.67940688,512,16,10356.30617,0.019794703,7.982,85.02705697
simvarmass_0dbf6196,4882,500,4856,0.332938,0.321386,5;3,3978,0.845555,0.916315,0.897968,0.845555,3978,0.887742,0.940533,0.922114,0.887742,4340,0.866858,0.928681,0.917805,0.866858,0.809606,0.894088,0.811143,0.544145,0.670836,0.571282,0.685878,NaN,NaN,NaN,0.655884,29.17059633,512,16,10356.30617,0.471403599,8.712,26.1670341
simvarmass_0dee1aa6,4075,500,3649,0.343712,0.620014,5;3,3448,0.846295,0.916412,0.916124,0.84638,3448,0.890664,0.941819,0.94153,0.890754,20116,0.86454,0.927349,0.291265,0.86454,0.80237,0.889402,0.807362,0.498619,0.635424,0.520736,0.655884,0.532616,0.686346,0.533497,0.529307,21.23289265,512,16,10356.30617,0.393480062,6.298,18.32348012
simvarmass_0e7acf26,441,500,2789,0.481474,0.791161,5;3,377,0.855526,0.914634,0.91198,0.85941,377,0.894045,0.93633,0.933667,0.898104,417,0.901707,0.943847,0.920746,0.902494,0.781883,0.864796,0.814059,0.495009,0.62259,0.512472,0.529307,NaN,NaN,NaN,0.64998,11.58525694,512,16,10356.30617,0.04258275,4.578,9.508301591
simvarmass_0ed101e7,3016,500,4779,0.331411,0.112532,5;3,2653,0.892905,0.943423,0.935968,0.892905,2653,1,1,0.992518,1,21311,0.924072,0.960538,0.229128,0.924072,0.81962,0.900783,0.821618,0.691703,0.747013,0.725464,0.64998,0.944041,0.963723,0.94496,0.593323,28.84032214,512,16,10356.30617,0.291223526,8.558,25.82292078
simvarmass_0f18e193,3509,500,1002,0.259895,0.323369,5;3,3079,0.878613,0.933374,0.933212,0.881163,3079,0.916757,0.954524,0.954362,0.919417,21332,0.887966,0.941456,0.255062,0.902821,0.825467,0.901703,0.84725,0.157634,0.274233,0.160445,0.593323,NaN,NaN,NaN,0.562344,7.710806287,512,16,10356.30617,0.338827372,1.004,3.863098559
simvarmass_0f34776d,3390,500,565,0.252332,0.109992,5;3,2965,0.865897,0.918233,0.915814,0.879941,2965,0.906265,0.940478,0.938104,0.920963,21205,0.316683,0.504773,0.2494,0.90472,0.814487,0.881613,0.863717,0.009145,0.018123,0.009145,0.562344,0.740794,0.83658,0.747493,0.546418,4.478227098,512,16,10356.30617,0.327336788,0.13,0.515194268
simvarmass_102b4a40,547,500,2829,0.262448,0.605407,5;3,504,0.925052,0.960076,0.959087,0.928702,504,0.974958,0.986328,0.985337,0.978805,566,0.972578,0.986098,0.955975,0.972578,0.856374,0.92126,0.857404,0.758815,0.790783,0.793419,0.546418,NaN,NaN,NaN,0.561469,21.55855636,512,16,10356.30617,0.05281806,4.658,17.74827775
simvarmass_1052e817,1771,500,1847,0.439477,0.425748,5;3,1761,0.897491,0.943138,0.898075,0.90288,1761,0.93718,0.964677,0.917559,0.942807,24127,0.477016,0.6599,0.128041,0.936194,0.831124,0.905231,0.854884,0.295719,0.454008,0.303783,0.561469,0.657726,0.78533,0.65895,0.610138,8.405445564,512,16,10356.30617,0.171006918,2.694,6.13001363
simvarmass_1097fdcb,2284,500,4802,0.447784,0.768657,5;3,2038,0.891837,0.941885,0.941231,0.891856,2038,0.932672,0.96421,0.963524,0.932692,2137,0.911121,0.953494,0.941416,0.911121,0.824349,0.902281,0.828371,0.574527,0.682098,0.606392,0.610138,NaN,NaN,NaN,0.558062,21.44784092,512,16,10356.30617,0.220541954,8.604,19.21462134
simvarmass_10af34f7,1329,500,1837,0.355321,0.430601,5;3,1205,0.909454,0.950276,0.950276,0.911964,1205,0.952454,0.973323,0.973323,0.955083,1457,0.907677,0.952705,0.903805,0.947329,0.830568,0.906173,0.849511,0.434414,0.587711,0.4462,0.558062,0.689162,0.803493,0.69225,0.591077,10.33994613,512,16,10356.30617,0.128327608,2.674,7.525589537
simvarmass_10b163ae,2667,500,1559,0.303802,0.543333,5;3,2385,0.894855,0.942597,0.942597,0.896888,2385,0.929352,0.961438,0.961438,0.931464,2617,0.903748,0.949912,0.922407,0.913761,0.821196,0.899588,0.838395,0.35557,0.519777,0.367079,0.591077,NaN,NaN,NaN,0.55282,10.26326357,512,16,10356.30617,0.257524252,2.118,6.971646006
simvarmass_10c07806,1645,500,1410,0.415605,0.454106,5;3,1491,0.907207,0.945929,0.943878,0.913678,1491,0.946926,0.967154,0.965112,0.95368,24085,0.247263,0.410657,0.120404,0.941641,0.824333,0.89646,0.86079,0.200816,0.335825,0.204863,0.55282,0.638988,0.769734,0.644985,0.671001,6.785288916,512,16,10356.30617,0.158840418,1.82,4.379158095
simvarmass_10e25af3,3140,500,4259,0.218685,0.16514,5;3,2285,0.89409,0.944024,0.842028,0.894268,2285,0.935191,0.966443,0.864006,0.935376,2943,0.924204,0.960609,0.954134,0.924204,0.834736,0.91013,0.83758,0.6982,0.748654,0.730892,0.671001,NaN,NaN,NaN,0.697096,38.95100258,512,16,10356.30617,0.303196907,7.518,34.37821524
simvarmass_1115abf2,2318,500,4822,0.058261,0.680173,5;3,1523,0.897757,0.946124,0.793023,0.897757,1523,0.93193,0.964766,0.810969,0.93193,2141,0.918033,0.957265,0.954474,0.918033,0.826822,0.90502,0.8283,0.752435,0.77799,0.793356,0.697096,0.532063,0.684924,0.534081,0.688041,165.5309727,512,16,10356.30617,0.223824978,8.644,148.366832
simvarmass_113acbd7,3776,500,3728,0.166631,0.287869,5;3,2263,0.868644,0.929705,0.749462,0.868644,2263,1,1,0.816525,1,3457,0.900159,0.947456,0.939859,0.900159,0.812409,0.89625,0.813824,0.661831,0.733408,0.696504,0.688041,NaN,NaN,NaN,0.613401,44.74557555,512,16,10356.30617,0.364608765,6.456,38.74429128
simvarmass_11aa0f3b,2777,500,2322,0.307935,0.354136,5;3,2453,0.885409,0.938456,0.93805,0.885848,2453,0.927142,0.961425,0.961019,0.927602,2636,0.910695,0.95326,0.934417,0.910695,0.823516,0.903035,0.833273,0.541066,0.668365,0.566799,0.613401,0.685489,0.802855,0.688513,0.658031,15.08110478,512,16,10356.30617,0.2681458,3.644,11.8336662
simvarmass_11f2a03f,3454,500,1596,0.124383,0.535903,5;3,2979,0.863251,0.926208,0.92554,0.863347,2979,0.902989,0.948608,0.947938,0.903089,3128,0.880428,0.936413,0.924035,0.880428,0.808255,0.89376,0.810944,0.580937,0.690268,0.606833,0.658031,NaN,NaN,NaN,0.568817,25.66267094,512,16,10356.30617,0.333516598,2.192,17.62298706
simvarmass_12381dd4,746,500,1295,0.110128,0.253567,5;3,694,0.934027,0.964608,0.963889,0.934316,694,0.978629,0.987918,0.987198,0.978933,770,0.97185,0.985724,0.956464,0.97185,0.870974,0.933619,0.878016,0.817463,0.828091,0.844504,0.568817,0.903477,0.925141,0.912869,0.531415,23.51808804,512,16,10356.30617,0.072033405,1.59,14.43774517
simvarmass_123bf752,733,500,1297,0.401425,0.626051,5;3,655,0.924679,0.947518,0.93804,0.933151,655,0.971045,0.971636,0.962306,0.979943,25762,0.188763,0.323209,0.053897,0.974079,0.855407,0.8965,0.884038,0.238683,0.382572,0.245566,0.531415,NaN,NaN,NaN,0.62473,6.461979199,512,16,10356.30617,0.070778131,1.594,3.970853833
simvarmass_12b06339,2946,500,3419,0.36933,0.719686,5;3,2578,0.879277,0.933213,0.93302,0.879498,2578,0.917588,0.954461,0.954268,0.917818,22020,0.895452,0.944862,0.211408,0.895791,0.818551,0.898788,0.831297,0.520793,0.649746,0.543109,0.62473,0.513548,0.670962,0.514257,0.521589,18.51460753,512,16,10356.30617,0.284464359,5.838,15.80700187
simvarmass_12cd60b8,257,500,1883,0.392468,0.863024,5;3,224,0.909182,0.931677,0.927235,0.918288,224,0.938393,0.947368,0.942918,0.947791,297,0.938817,0.957576,0.870036,0.945525,0.78843,0.861538,0.844358,0.455092,0.597015,0.466926,0.521589,NaN,NaN,NaN,0.594742,9.595686782,512,16,10356.30617,0.024815798,2.766,7.047708348
simvarmass_135c1087,2016,500,2260,0.267111,0.81262,5;3,1804,0.897613,0.941699,0.940838,0.89881,1804,0.934704,0.961816,0.960963,0.93595,1949,0.923113,0.959236,0.938714,0.923115,0.81305,0.890287,0.829861,0.542222,0.656313,0.565972,0.594742,0.489443,0.648154,0.49256,0.644397,16.92180404,512,16,10356.30617,0.194664001,3.52,13.17804209
simvarmass_137586c6,3406,500,4049,0.362112,0.758794,5;3,2954,0.863146,0.925547,0.924528,0.863183,2954,0.901249,0.947012,0.945946,0.901288,21017,0.874633,0.933125,0.24395,0.874633,0.803525,0.889972,0.80916,0.524014,0.648733,0.548738,0.644397,NaN,NaN,NaN,0.546054,22.36324673,512,16,10356.30617,0.328881741,7.098,19.6016702
simvarmass_14278158,96,500,3600,0.078841,0.548984,5;3,78,0.8125,0.896552,0.896552,0.8125,78,0.83871,0.912281,0.912281,0.83871,80,0.833333,0.909091,0.909091,0.833333,0.729167,0.843373,0.729167,0.804956,0.828729,0.822917,0.546054,0.589806,0.74026,0.59375,0.618146,91.32304258,512,16,10356.30617,0.009269714,6.2,78.63928667
simvarmass_14b9939d,1814,500,3372,0.203899,0.067897,5;3,1654,0.911682,0.953589,0.953287,0.911797,1654,0.956502,0.977541,0.977239,0.956622,1735,0.944873,0.971655,0.965906,0.944873,0.846943,0.915921,0.84785,0.774588,0.778214,0.819184,0.618146,NaN,NaN,NaN,0.612586,33.075199,512,16,10356.30617,0.175158978,5.744,28.17081006
simvarmass_14fdec33,4623,500,773,0.196291,0.170088,5;3,3956,0.857124,0.920639,0.920387,0.858317,3956,0.893861,0.941485,0.941233,0.895105,20048,0.866299,0.929249,0.329537,0.879299,0.81454,0.894988,0.835821,0.123204,0.220173,0.123945,0.612586,0.787202,0.868418,0.79018,0.535316,7.876061562,512,16,10356.30617,0.446394682,0.546,2.781584484
simvarmass_158c6d6f,485,500,2594,0.364193,0.708954,5;3,446,0.921911,0.95811,0.95811,0.927835,446,0.965716,0.981298,0.981298,0.971922,27157,0.969077,0.984326,0.034079,0.971134,0.852769,0.918799,0.868041,0.660661,0.739572,0.684536,0.535316,NaN,NaN,NaN,0.681736,14.24519417,512,16,10356.30617,0.046831369,4.188,11.4993973
simvarmass_15d70ca1,2250,500,3230,0.062342,0.149135,5;3,541,0.908889,0.95227,0.387675,0.908889,541,0.941962,0.970114,0.398968,0.941962,2143,0.942667,0.970487,0.965627,0.942667,0.827429,0.905202,0.827556,0.779367,0.789754,0.821333,0.681736,0.936865,0.955801,0.939111,0.654992,103.6219563,512,16,10356.30617,0.21725893,5.46,87.58140579
simvarmass_15e8b12f,2823,500,2081,0.120257,0.52387,5;3,2505,0.887706,0.940338,0.93994,0.887708,2505,0.931597,0.964403,0.964004,0.931599,21505,0.918881,0.957726,0.213252,0.918881,0.827752,0.905398,0.830677,0.683627,0.746716,0.714842,0.654992,NaN,NaN,NaN,0.638394,34.60921194,512,16,10356.30617,0.272587538,3.162,26.29368769
simvarmass_1609773c,2940,500,3911,0.33262,0.209656,5;3,2626,0.893537,0.943586,0.943586,0.893537,2626,0.932221,0.964732,0.964732,0.932221,21777,0.919728,0.958186,0.218797,0.919728,0.822568,0.902793,0.826531,0.656152,0.733674,0.684014,0.638394,0.88846,0.927928,0.889796,0.61739,23.51632494,512,16,10356.30617,0.283885002,6.822,20.50989117
simvarmass_16ed3239,1486,500,2817,0.123191,0.5186,5;3,1339,0.902404,0.948337,0.947965,0.902423,1339,0.947014,0.972424,0.972051,0.947034,1428,0.943472,0.970914,0.962251,0.943472,0.825279,0.904271,0.82638,0.804386,0.818812,0.83782,0.61739,NaN,NaN,NaN,0.593545,45.73386043,512,16,10356.30617,0.143487453,4.634,37.61638431
simvarmass_17553ddf,2028,500,3518,0.454068,0.377001,5;3,1832,0.904293,0.948133,0.947668,0.905325,1832,0.940464,0.967708,0.967213,0.941538,23566,0.920628,0.958834,0.146519,0.924556,0.835644,0.909286,0.846154,0.606173,0.713135,0.633136,0.593545,0.689121,0.803592,0.691815,0.696794,15.49547645,512,16,10356.30617,0.195822716,6.036,13.29316314
simvarmass_176ec772,2937,500,4123,0.092826,0.373062,5;3,553,0.885257,0.939137,0.316905,0.885257,553,0.927909,0.962606,0.329657,0.927909,2708,0.914879,0.955548,0.951993,0.914879,0.807032,0.892857,0.808648,0.735599,0.76332,0.776302,0.696794,NaN,NaN,NaN,0.693985,88.8328701,512,16,10356.30617,0.283595324,7.246,78.06002629
simvarmass_17ec41cc,4610,500,1755,0.091078,0.69717,5;3,788,0.840496,0.913397,0.29196,0.840781,788,0.87524,0.933526,0.302205,0.875536,3950,0.844685,0.915804,0.909813,0.844685,0.787959,0.88129,0.78872,0.506281,0.640187,0.534924,0.693985,0.489544,0.649541,0.490889,0.643797,38.53839566,512,16,10356.30617,0.445139408,2.51,27.55879576
simvarmass_1815af94,3801,500,1353,0.165641,0.190942,5;3,3319,0.876366,0.932398,0.931742,0.876611,3319,0.917144,0.955035,0.954395,0.917401,20595,0.909236,0.952512,0.283653,0.910287,0.817726,0.898756,0.826361,0.496113,0.638853,0.515654,0.643797,NaN,NaN,NaN,0.559047,16.33653504,512,16,10356.30617,0.367022753,1.706,10.2993824
simvarmass_18bddac2,2515,500,608,0.237944,0.068095,5;3,2287,0.895223,0.938971,0.938776,0.90497,2287,0.936168,0.960989,0.960784,0.946362,22005,0.377848,0.563612,0.192414,0.937972,0.825484,0.898412,0.861233,0.012688,0.025118,0.012724,0.559047,0.851437,0.903592,0.855268,0.6815,5.110446155,512,16,10356.30617,0.242847204,0.216,0.90777662
simvarmass_18bedc09,3821,500,973,0.054224,0.116295,5;3,46,0.880136,0.936247,0.023791,0.880136,46,1,1,0.026987,1,20040,0.912588,0.954297,0.292276,0.912588,0.813863,0.897048,0.817064,0.632558,0.716702,0.659775,0.6815,NaN,NaN,NaN,0.712172,35.8881676,512,16,10356.30617,0.368953943,0.946,17.44614931
simvarmass_18bf134c,3409,500,3115,0.066601,0.126796,5;3,2871,0.883755,0.938191,0.914013,0.883837,2871,0.925283,0.961085,0.936837,0.925369,19047,0.921678,0.959243,0.279836,0.921678,0.827214,0.904548,0.828395,0.722284,0.75573,0.76034,0.712172,NaN,NaN,NaN,0.518544,93.54213901,512,16,10356.30617,0.329171419,5.23,78.52734944
simvarmass_18c77a5a,398,500,730,0.395325,0.841663,5;3,259,0.785811,0.812849,0.7793,0.932161,259,0.818725,0.831429,0.798752,0.971204,25646,0.01671,0.034469,0.029105,0.952261,0.591066,0.652038,0.871859,0.030318,0.063107,0.032663,0.518544,0.506427,0.662207,0.507538,0.646409,3.693163853,512,16,10356.30617,0.038430691,0.46,1.16359957
simvarmass_18d50b59,2612,500,2927,0.172355,0.61204,5;3,2303,0.882835,0.937589,0.936724,0.882848,2303,0.923124,0.959834,0.958967,0.923139,21795,0.905054,0.950161,0.193715,0.905054,0.82551,0.903753,0.826187,0.676616,0.737767,0.707121,0.646409,NaN,NaN,NaN,0.602131,33.96478199,512,16,10356.30617,0.252213478,4.854,28.16280352
simvarmass_1927f645,3551,500,1669,0.349857,0.689635,5;3,3061,0.867181,0.922544,0.921355,0.869614,3061,0.903303,0.942716,0.941577,0.905837,3485,0.881425,0.935821,0.892553,0.884258,0.807901,0.882555,0.833286,0.291793,0.448081,0.30076,0.602131,0.488466,0.649608,0.489721,0.606935,9.541041054,512,16,10356.30617,0.342882872,2.338,6.682730373
simvarmass_1958a247,1417,500,2842,0.150619,0.509965,5;3,1296,0.915314,0.955785,0.9554,0.915314,1296,0.95088,0.974821,0.974436,0.95088,1353,0.937897,0.967953,0.959567,0.937897,0.835757,0.910138,0.83698,0.786061,0.79018,0.824982,0.606935,0.606482,0.742758,0.611856,0.543285,37.73760283,512,16,10356.30617,0.136824846,4.684,31.09833421
simvarmass_195eb129,646,500,2702,0.356878,0.670963,5;3,597,0.930334,0.963082,0.960579,0.930341,597,0.96468,0.981194,0.978689,0.964687,657,0.953555,0.975416,0.94551,0.95356,0.836233,0.909244,0.846749,0.653753,0.733447,0.676471,0.543285,0.58466,0.729367,0.588235,0.546555,15.14242963,512,16,10356.30617,0.062377453,4.404,12.3403516
simvarmass_19b429de,2536,500,731,0.357109,0.090321,5;3,2306,0.898167,0.937951,0.93639,0.910095,2306,0.94083,0.960726,0.959171,0.953325,22673,0.102429,0.195805,0.188504,0.936909,0.822558,0.876022,0.891167,0.005915,0.01176,0.005915,0.546555,0.79514,0.86381,0.802839,0.592187,4.09398811,512,16,10356.30617,0.244874954,0.462,1.293722645
simvarmass_1a06ca02,1191,500,3771,0.197806,0.867335,5;3,1093,0.921701,0.958042,0.957093,0.921914,1093,0.957058,0.976827,0.975893,0.95728,1151,0.950414,0.97416,0.965841,0.950462,0.853323,0.919041,0.854744,0.733789,0.760708,0.769102,0.592187,0.510089,0.661255,0.513014,0.527388,38.12826709,512,16,10356.30617,0.115002394,6.542,33.07280871
simvarmass_1a0ffbfb,206,500,4256,0.345059,0.255799,5;3,193,0.941711,0.967419,0.967419,0.941748,193,0.989757,0.992288,0.992288,0.989796,27857,0.990291,0.995122,0.014539,0.990291,0.854384,0.918635,0.859223,0.894356,0.870416,0.917476,0.527388,0.968518,0.968215,0.975728,0.6784,24.66824514,512,16,10356.30617,0.019891262,7.512,21.77019003
simvarmass_1b0d6725,4537,500,4021,0.278098,0.733591,5;3,555,0.833368,0.909003,0.217989,0.83337,555,0.871999,0.93151,0.226947,0.872002,3924,0.84395,0.915372,0.905094,0.84395,0.790894,0.883047,0.794578,0.497984,0.63451,0.524796,0.6784,0.475137,0.638832,0.477188,0.563387,28.91786349,512,16,10356.30617,0.438090563,7.042,25.32200879
simvarmass_1b0f68d2,1428,500,1530,0.280904,0.597341,5;3,1318,0.924755,0.958167,0.957028,0.92577,1318,0.959005,0.976279,0.975139,0.960058,24991,0.92447,0.961443,0.102881,0.951681,0.851071,0.917674,0.864846,0.440755,0.589245,0.456583,0.563387,0.586704,0.730088,0.588235,0.624624,10.8934013,512,16,10356.30617,0.137887001,2.06,7.333466238
simvarmass_1b12b4bb,2829,500,4482,0.485968,0.14134,5;3,2495,0.881583,0.936866,0.936514,0.881584,2495,0.927137,0.961991,0.96162,0.927138,22158,0.917639,0.957051,0.207788,0.917639,0.821372,0.901687,0.827147,0.626947,0.717215,0.655355,0.624624,0.938154,0.956618,0.939201,0.576923,18.44565897,512,16,10356.30617,0.273166895,7.964,16.38791032
simvarmass_1b703957,1178,500,4587,0.339474,0.806657,5;3,1076,0.915447,0.954747,0.954747,0.915959,1076,0.957723,0.977293,0.977293,0.958259,1139,0.944822,0.971628,0.960725,0.944822,0.838517,0.912022,0.842105,0.707256,0.747387,0.747029,0.576923,0.508759,0.659389,0.512733,0.614118,27.02416091,512,16,10356.30617,0.11374712,8.174,24.07842721
simvarmass_1bad66b5,2726,500,2981,0.374524,0.224581,5;3,2424,0.89016,0.940994,0.940583,0.890315,2424,0.930079,0.96286,0.962448,0.930241,2652,0.922964,0.959939,0.935664,0.922964,0.828588,0.905774,0.83529,0.583898,0.699576,0.605649,0.614118,0.848872,0.903013,0.852164,0.549254,15.91887302,512,16,10356.30617,0.263221264,4.962,13.24881717
simvarmass_1c1f6378,563,500,3080,0.258748,0.359245,5;3,520,0.923623,0.960295,0.960295,0.923623,520,0.952381,0.97561,0.97561,0.952381,550,0.94849,0.973564,0.959569,0.94849,0.833034,0.907856,0.833037,0.81756,0.829868,0.852575,0.549254,0.753833,0.837865,0.761989,0.726708,23.8069473,512,16,10356.30617,0.054363012,5.16,19.94218313
simvarmass_1c691c91,4184,500,2961,0.059842,0.434811,5;3,1399,0.854446,0.921511,0.501164,0.854446,1399,0.89779,0.946143,0.519978,0.89779,3715,0.880258,0.936316,0.932523,0.880258,0.803504,0.890563,0.80521,0.636982,0.712711,0.672084,0.726708,NaN,NaN,NaN,0.546655,98.96059624,512,16,10356.30617,0.404005051,4.922,82.2499248
simvarmass_1c6953fe,1019,500,777,0.203955,0.066813,5;3,934,0.921413,0.956477,0.956477,0.924436,934,0.964975,0.979549,0.979549,0.96814,24322,0.837249,0.913833,0.077424,0.962709,0.850531,0.91715,0.870461,0.214187,0.352564,0.215898,0.546655,0.952558,0.963335,0.957802,0.612235,7.619327793,512,16,10356.30617,0.098394156,0.554,2.716285455
simvarmass_1c801c66,2861,500,3183,0.412605,0.73796,5;3,2488,0.873843,0.930371,0.92952,0.87417,2488,0.912099,0.95169,0.950851,0.912441,2710,0.890947,0.942155,0.915455,0.891297,0.812307,0.894331,0.826984,0.481801,0.619139,0.505418,0.612235,0.49676,0.657294,0.498427,0.516359,15.42879994,512,16,10356.30617,0.2762568,5.366,13.00517444
simvarmass_1cca47ae,82,500,2307,0.420753,0.429162,5;3,494,0.841463,0.913907,0.239583,0.841463,494,0.873418,0.932432,0.240838,0.873418,104,0.752613,0.86747,0.774194,0.878049,0.774494,0.868966,0.817073,0.54452,0.681818,0.560976,0.516359,0.865854,0.928105,0.865854,0.618017,10.96605372,512,16,10356.30617,0.007917881,3.614,8.589362405
simvarmass_1d13cb6a,2653,500,2714,0.309615,0.228962,5;3,2421,0.913662,0.954313,0.953488,0.91406,2421,0.950939,0.974266,0.973441,0.951353,2599,0.940822,0.969509,0.950495,0.940822,0.846949,0.916769,0.852243,0.627334,0.72468,0.651338,0.618017,0.877704,0.922191,0.881266,0.585999,17.53145035,512,16,10356.30617,0.256172419,4.428,14.30163267
simvarmass_1d8f48d6,1062,500,3617,0.19242,0.677954,5;3,992,0.937171,0.966423,0.96592,0.937853,992,0.971001,0.984143,0.983639,0.971707,1053,0.960452,0.979827,0.964539,0.960452,0.844237,0.91522,0.846516,0.805004,0.811931,0.838983,0.585999,0.563159,0.707491,0.565913,0.656816,37.59484461,512,16,10356.30617,0.102546215,6.234,32.39787964
simvarmass_1e292794,1568,500,3313,0.057395,0.22353,5;3,217,0.908163,0.951872,0.243137,0.908163,217,0.955705,0.977351,0.254247,0.955705,1496,0.951531,0.975163,0.97389,0.951531,0.835891,0.910479,0.836735,0.814582,0.810043,0.855867,0.656816,0.891959,0.923644,0.896046,0.6763,115.4455963,512,16,10356.30617,0.151405334,5.626,98.02247583
simvarmass_1ef11d56,4410,500,4997,0.365626,0.35872,5;3,3152,0.861396,0.925457,0.833377,0.861451,3152,0.901461,0.948091,0.855553,0.901519,19171,0.880726,0.936581,0.329418,0.880726,0.812457,0.896526,0.815193,0.569866,0.688383,0.596599,0.6763,0.665042,0.788694,0.666667,0.608215,27.33394233,512,16,10356.30617,0.425827503,8.994,24.59890708
simvarmass_1f2146f2,2078,500,1500,0.156039,0.568552,5;3,1875,0.904517,0.948938,0.948647,0.904716,1875,0.939324,0.967775,0.967492,0.93953,2054,0.923484,0.96022,0.928848,0.923484,0.828872,0.906324,0.838306,0.606527,0.708288,0.633301,0.608215,0.578142,0.724428,0.579403,0.665977,19.22596274,512,16,10356.30617,0.200650692,2,12.81730849
simvarmass_1f7dec2e,3093,500,1212,0.073334,0.619073,5;3,2707,0.876495,0.934183,0.933448,0.876495,2707,0.918049,0.957274,0.956537,0.918049,21126,0.897834,0.946167,0.229324,0.897834,0.81674,0.899148,0.822826,0.627666,0.710402,0.654704,0.665977,0.542327,0.69594,0.543162,0.608508,33.05424496,512,16,10356.30617,0.298658609,1.424,19.41800529
simvarmass_1f9bee6c,1176,500,4102,0.129401,0.534194,5;3,1081,0.919218,0.957909,0.957909,0.919218,1081,0.960889,0.980054,0.980054,0.960889,1131,0.953231,0.976056,0.971825,0.953231,0.832201,0.908163,0.832483,0.818753,0.81761,0.858844,0.608508,0.615436,0.742741,0.619898,0.544064,63.39981917,512,16,10356.30617,0.113554001,7.204,55.67190362
simvarmass_1fa85e81,1619,500,1092,0.398711,0.537959,5;3,1419,0.901458,0.931001,0.924951,0.909821,1419,0.934354,0.948515,0.942637,0.943022,1731,0.80955,0.898507,0.898507,0.931439,0.827626,0.872924,0.88882,0.078051,0.148148,0.080296,0.544064,0.554961,0.705974,0.558369,0.624838,5.477651733,512,16,10356.30617,0.15632987,1.184,2.969569438
simvarmass_2019dff8,3335,500,2046,0.277957,0.550024,5;3,2931,0.881972,0.935098,0.934568,0.882159,2931,0.91918,0.955671,0.955146,0.919375,21528,0.90015,0.947451,0.241483,0.90015,0.82059,0.901103,0.831784,0.461067,0.608812,0.478561,0.624838,0.569697,0.717649,0.572114,0.562166,14.72170156,512,16,10356.30617,0.322026014,3.092,11.12402278
simvarmass_2040c07c,998,500,2320,0.258723,0.681225,5;3,915,0.917831,0.956159,0.955567,0.917836,915,0.96218,0.979679,0.979111,0.962185,1035,0.9499,0.974306,0.932612,0.9499,0.85515,0.920173,0.862725,0.664102,0.739478,0.695391,0.562166,0.575836,0.712177,0.58016,0.655355,17.93423855,512,16,10356.30617,0.096366405,3.64,14.06910093
simvarmass_2073e39f,2984,500,1716,0.10663,0.770626,5;3,2113,0.870235,0.930158,0.829115,0.870308,2113,0.911791,0.953377,0.851844,0.911868,2687,0.885389,0.939211,0.931758,0.885389,0.816702,0.898636,0.81937,0.596277,0.689794,0.629692,0.655355,0.499334,0.659457,0.50067,0.723502,32.18606396,512,16,10356.30617,0.288133621,2.432,22.8078402
simvarmass_207810da,4458,500,4103,0.102516,0.236988,5;3,3800,0.864204,0.927093,0.920078,0.864289,3800,0.898675,0.946567,0.939533,0.898764,3986,0.886945,0.940086,0.936523,0.886945,0.801325,0.889359,0.802378,0.640714,0.722083,0.678107,0.723502,NaN,NaN,NaN,0.576711,80.04604159,512,16,10356.30617,0.43046236,7.206,70.2914667
simvarmass_20965d30,1553,500,2583,0.339266,0.576945,5;3,1415,0.91594,0.953857,0.953504,0.918223,1415,0.952112,0.973196,0.972843,0.954485,1559,0.94076,0.969476,0.938946,0.94076,0.846886,0.917565,0.856407,0.558499,0.675585,0.585319,0.576711,0.582955,0.726909,0.585319,0.697314,15.22699003,512,16,10356.30617,0.149956942,4.166,12.27945034
simvarmass_20b8e1ca,4942,500,4489,0.239515,0.400741,5;3,191,0.847768,0.91767,0.07442,0.848037,191,0.88896,0.941269,0.077896,0.889243,4381,0.87151,0.931344,0.923952,0.87151,0.796465,0.886589,0.797653,0.552721,0.672249,0.584783,0.697314,0.620443,0.75705,0.622015,0.666029,37.48408242,512,16,10356.30617,0.47719717,7.978,33.30897856
simvarmass_20fe9f1d,3189,500,3499,0.188352,0.55355,5;3,2142,0.872944,0.932039,0.803602,0.873001,2142,0.91213,0.953915,0.824798,0.912189,2900,0.896833,0.945611,0.939399,0.896833,0.810117,0.894618,0.81154,0.66094,0.729855,0.693007,0.666029,0.56109,0.709665,0.562559,0.688285,37.15383962,512,16,10356.30617,0.307928324,5.998,31.84463133
simvarmass_217b106f,4101,500,4233,0.200395,0.891679,5;3,3016,0.825126,0.903846,0.847548,0.825165,3016,0.861248,0.925096,0.868539,0.861288,3495,0.844938,0.915223,0.911269,0.84516,0.786871,0.876915,0.787613,0.53831,0.65433,0.56474,0.688285,0.436789,0.601844,0.437698,0.567284,42.24656304,512,16,10356.30617,0.39599061,7.466,37.25641857
simvarmass_218590cf,956,500,4458,0.368944,0.354616,5;3,899,0.941417,0.969272,0.969272,0.941423,899,0.969822,0.984127,0.984127,0.969828,978,0.968619,0.98406,0.957601,0.968619,0.85061,0.918125,0.854603,0.818348,0.826999,0.84728,0.567284,0.753812,0.840093,0.758368,0.555566,24.16626914,512,16,10356.30617,0.092310905,7.916,21.4558307
simvarmass_218a3c9c,854,500,2231,0.256079,0.737268,5;3,795,0.933254,0.964848,0.964221,0.933255,795,0.977913,0.988206,0.987578,0.977914,26121,0.860912,0.926857,0.061538,0.971897,0.839119,0.91197,0.852459,0.648281,0.729576,0.674473,0.555566,0.561664,0.698344,0.567916,0.622994,17.42431047,512,16,10356.30617,0.082461834,3.462,13.51926554
simvarmass_2194e4e6,2790,500,3041,0.303803,0.869317,5;3,2438,0.877491,0.932339,0.931905,0.877778,2438,0.912486,0.951805,0.951377,0.912784,22315,0.894908,0.942424,0.199004,0.895341,0.813828,0.887703,0.828674,0.518711,0.647725,0.543369,0.622994,0.452175,0.617525,0.453405,0.607279,20.01955214,512,16,10356.30617,0.269401073,5.082,16.72794541
simvarmass_223ddcdb,2964,500,1671,0.261723,0.756938,5;3,2591,0.877852,0.927891,0.927813,0.879555,2591,0.919093,0.950626,0.950572,0.920876,2865,0.902797,0.948618,0.918511,0.903509,0.80613,0.884077,0.826248,0.416803,0.570538,0.432524,0.607279,0.47691,0.640289,0.477733,0.653301,12.76922548,512,16,10356.30617,0.286202431,2.342,8.948392002
simvarmass_2246722f,2807,500,3089,0.183997,0.06037,5;3,2493,0.89965,0.947132,0.940377,0.899893,2493,0.940528,0.969302,0.962534,0.940782,2666,0.934806,0.966305,0.958889,0.934806,0.848622,0.917919,0.848949,0.716792,0.755197,0.750623,0.653301,0.956041,0.97025,0.95725,0.643901,33.5766344,512,16,10356.30617,0.271042585,5.178,28.14176318
simvarmass_22c3bef7,2708,500,1070,0.085733,0.361802,5;3,2425,0.896848,0.945093,0.944477,0.896972,2425,0.94025,0.968669,0.968051,0.940379,2586,0.920975,0.958862,0.942199,0.920975,0.822745,0.902705,0.828656,0.663481,0.735739,0.700148,0.643901,0.709937,0.816931,0.712703,0.540352,24.9612168,512,16,10356.30617,0.261483192,1.14,13.2970968
simvarmass_22c87f1f,2286,500,851,0.459941,0.140977,5;3,1977,0.898997,0.928197,0.909688,0.913823,1977,0.938405,0.948963,0.930646,0.953881,23283,0.093365,0.180264,0.16739,0.936133,0.795998,0.845281,0.879265,0.003937,0.007843,0.003937,0.540352,0.720655,0.820324,0.730971,0.721558,3.700474626,512,16,10356.30617,0.220735073,0.702,1.526282719
simvarmass_22f1554e,4857,500,2972,0.08591,0.24106,5;3,4166,0.858145,0.923588,0.922753,0.858555,4166,0.897891,0.946115,0.945277,0.89832,4328,0.884085,0.938477,0.935003,0.884085,0.806967,0.893438,0.80873,0.583511,0.687286,0.61993,0.721558,NaN,NaN,NaN,0.737231,69.18868583,512,16,10356.30617,0.468989611,4.944,57.54859737
simvarmass_232f20ff,4291,500,3620,0.051776,0.149703,5;3,1334,0.867436,0.929008,0.474311,0.86763,1334,0.999776,0.999866,0.527586,1,3855,0.895129,0.944663,0.94304,0.895129,0.806135,0.891892,0.807504,0.669188,0.732997,0.71079,0.737231,NaN,NaN,NaN,0.60137,139.8331273,512,16,10356.30617,0.41433692,6.24,120.5191595
simvarmass_23354941,3618,500,1989,0.455366,0.146675,5;3,3195,0.886154,0.937463,0.937326,0.887231,3195,0.921295,0.956847,0.956704,0.922414,21124,0.868874,0.931902,0.266591,0.911553,0.821449,0.900592,0.837203,0.222189,0.363026,0.224157,0.60137,0.873487,0.918777,0.876175,0.646282,8.73583008,512,16,10356.30617,0.34935236,2.978,6.539794363
simvarmass_23730928,2165,500,1299,0.063518,0.715993,5;3,1951,0.900885,0.948033,0.947522,0.901617,1951,0.93725,0.967774,0.967262,0.938011,2044,0.924249,0.960634,0.95082,0.924249,0.825791,0.904726,0.827714,0.687012,0.736743,0.72194,0.646282,0.530779,0.684148,0.533025,0.53762,40.90179162,512,16,10356.30617,0.209051371,1.598,25.15822287
simvarmass_23dcaeec,304,500,4324,0.253892,0.813686,5;3,284,0.934211,0.965986,0.965986,0.934211,284,0.975945,0.987826,0.987826,0.975945,307,0.976974,0.988353,0.972177,0.976974,0.841608,0.912656,0.848684,0.816811,0.812057,0.858553,0.53762,0.586725,0.720648,0.592105,0.642308,34.06172703,512,16,10356.30617,0.029354095,7.648,30.12304444
simvarmass_23df681e,2977,500,4517,0.35655,0.486631,5;3,2640,0.882914,0.937377,0.936087,0.883104,2640,0.925505,0.960863,0.959489,0.925704,2805,0.912328,0.954154,0.939467,0.912328,0.834556,0.909257,0.83742,0.625744,0.708582,0.658717,0.642308,0.621654,0.755293,0.623111,0.597662,25.33725985,512,16,10356.30617,0.287457705,8.034,22.53260412
simvarmass_2421fd62,4460,500,1587,0.470546,0.155481,5;3,3818,0.857685,0.920198,0.920029,0.859865,3818,0.898163,0.943083,0.942924,0.900446,20262,0.870004,0.931478,0.319473,0.885426,0.812753,0.892193,0.834529,0.075222,0.140358,0.075561,0.597662,0.794569,0.873402,0.796637,0.650263,6.745355396,512,16,10356.30617,0.430655479,2.174,4.62016466
simvarmass_24540a92,4467,500,2644,0.328154,0.23324,5;3,3885,0.866352,0.927877,0.926724,0.866353,3885,0.906959,0.950695,0.94946,0.90696,19985,0.884934,0.938955,0.323327,0.884934,0.809099,0.893454,0.815536,0.447009,0.600612,0.461383,0.650263,0.789031,0.867452,0.791135,0.552225,16.11438532,512,16,10356.30617,0.431331396,4.288,13.0670356
simvarmass_2473ca29,839,500,1600,0.230819,0.57669,5;3,768,0.917759,0.957116,0.955818,0.917759,768,0.967337,0.983397,0.982097,0.967337,844,0.960667,0.979939,0.957813,0.960667,0.836911,0.912847,0.854589,0.609974,0.708502,0.631704,0.552225,0.588613,0.727538,0.594756,0.590596,13.86367673,512,16,10356.30617,0.081013441,2.2,9.531277754
simvarmass_24830497,1645,500,4472,0.444595,0.337267,5;3,1524,0.927378,0.961162,0.960555,0.92766,1524,0.963091,0.980039,0.979408,0.963384,24241,0.959271,0.979212,0.121919,0.959271,0.857808,0.922876,0.861398,0.740755,0.782555,0.768997,0.590596,0.779749,0.863758,0.782371,0.66181,20.1171853,512,16,10356.30617,0.158840418,7.944,17.86794723
simvarmass_2488a473,3097,500,3706,0.209834,0.150258,5;3,2119,0.902809,0.948922,0.8125,0.902809,2119,0.939516,0.968815,0.831796,0.939516,2967,0.930255,0.963868,0.950198,0.930255,0.829517,0.90646,0.829835,0.688203,0.741413,0.724895,0.66181,0.943856,0.960922,0.945108,0.679011,35.32316021,512,16,10356.30617,0.299044847,6.412,30.5574883
simvarmass_256d35df,3945,500,1160,0.074443,0.289575,5;3,2463,0.874616,0.932955,0.768414,0.874778,2463,0.999814,0.99971,0.832601,1,20076,0.898099,0.946314,0.294992,0.898099,0.806491,0.892877,0.808112,0.601679,0.701992,0.629658,0.679011,0.743448,0.844298,0.744994,0.622553,31.16478379,512,16,10356.30617,0.380927324,1.32,17.73168733
simvarmass_258b991f,2187,500,4919,0.348885,0.495843,5;3,1975,0.901234,0.947799,0.947141,0.901235,1975,0.935897,0.966634,0.96594,0.935897,2073,0.923182,0.960057,0.947887,0.923182,0.824338,0.90308,0.825789,0.709733,0.764398,0.743027,0.622553,0.606027,0.744681,0.608139,0.556079,28.19840349,512,16,10356.30617,0.21117568,8.838,25.3321295
simvarmass_25a99594,2323,500,1065,0.373618,0.790851,5;3,1823,0.868154,0.888993,0.869754,0.90056,1823,0.914613,0.914258,0.895233,0.948753,23164,0.152918,0.280918,0.168243,0.922944,0.759785,0.805316,0.868274,0.132035,0.235647,0.13517,0.556079,0.469228,0.631975,0.470512,0.708888,5.701010123,512,16,10356.30617,0.224307775,1.13,3.024479549
simvarmass_25cbd4e4,4739,500,3503,0.140419,0.37713,5;3,2005,0.847225,0.917295,0.594603,0.847225,2005,1,1,0.666113,1,4152,0.86896,0.929886,0.92633,0.86896,0.807575,0.893186,0.809453,0.592168,0.695396,0.623127,0.708888,NaN,NaN,NaN,0.550957,49.89353293,512,16,10356.30617,0.457595587,6.006,42.77198955
simvarmass_25ef5f1c,1337,500,1475,0.349173,0.555027,5;3,1218,0.912338,0.951972,0.949511,0.918474,1218,0.956703,0.97559,0.973125,0.963137,24992,0.84895,0.920957,0.096472,0.949888,0.811429,0.889164,0.842932,0.310344,0.46458,0.31638,0.550957,0.585523,0.730084,0.587135,0.528305,8.448534108,512,16,10356.30617,0.129100084,1.95,5.584624241
simvarmass_260be588,1535,500,609,0.40105,0.588213,5;3,1074,0.851585,0.845881,0.79954,0.936808,1074,0.885026,0.863669,0.817719,0.973595,23369,0.059423,0.11725,0.11725,0.95114,0.667817,0.700622,0.914007,0.002606,0.005198,0.002606,0.528305,0.445909,0.605057,0.452117,0.588242,3.037027802,512,16,10356.30617,0.14821887,0.218,0.543573121
simvarmass_26270823,1039,500,2773,0.146472,0.801402,5;3,954,0.919795,0.957351,0.957351,0.920115,954,0.961436,0.979466,0.979466,0.961771,25623,0.948989,0.973827,0.073963,0.948989,0.850726,0.918526,0.854668,0.775396,0.792453,0.814244,0.588242,0.519613,0.669538,0.52358,0.531548,37.86389207,512,16,10356.30617,0.100325346,4.546,31.03664864
simvarmass_263e6d84,1609,500,663,0.391443,0.510018,5;3,1186,0.890087,0.889746,0.827907,0.936607,1186,0.915697,0.902805,0.841455,0.963555,23379,0.061581,0.121818,0.121818,0.945929,0.732732,0.756406,0.89683,0.003108,0.006196,0.003108,0.531548,0.539339,0.687064,0.551274,0.536985,3.387466374,512,16,10356.30617,0.155364275,0.326,0.832816017
simvarmass_269b0fa8,159,500,3017,0.136495,0.881777,5;3,136,0.849033,0.915254,0.915254,0.849057,136,0.8766,0.931034,0.931034,0.876623,143,0.874214,0.932886,0.92053,0.874214,0.748966,0.857143,0.754717,0.736272,0.790378,0.767296,0.536985,0.52396,0.674699,0.528302,0.54944,44.2067475,512,16,10356.30617,0.015352964,5.034,36.88047181
simvarmass_273ee887,2058,500,1267,0.492675,0.314429,5;3,1851,0.897477,0.939642,0.939371,0.904276,1851,0.939475,0.962284,0.962012,0.946592,23172,0.190263,0.334934,0.152041,0.931973,0.826566,0.89172,0.871234,0.040816,0.078431,0.040816,0.54944,0.683753,0.796395,0.687075,0.632136,5.143350079,512,16,10356.30617,0.198719501,1.534,3.113614452
simvarmass_2750ce6e,4303,500,1838,0.296607,0.397113,5;3,3656,0.851838,0.918173,0.917955,0.852196,3656,0.8962,0.943391,0.943196,0.896577,20211,0.858735,0.925083,0.306763,0.873809,0.802377,0.888918,0.818731,0.357657,0.519468,0.367418,0.632136,0.634396,0.765298,0.636533,0.643189,12.39350386,512,16,10356.30617,0.415495634,2.676,9.022039264
simvarmass_27c666b8,2035,500,3806,0.149085,0.086267,5;3,1825,0.914988,0.955607,0.945596,0.914988,1825,0.949032,0.973849,0.963824,0.949032,1961,0.94398,0.971183,0.961461,0.94398,0.839795,0.912243,0.840295,0.792233,0.800633,0.829975,0.643189,0.962945,0.97338,0.964619,0.526048,51.05812121,512,16,10356.30617,0.196498632,6.612,44.35053828
simvarmass_2805da1a,400,500,939,0.279598,0.261384,5;3,367,0.926303,0.955844,0.954368,0.935,367,0.964899,0.976127,0.9747,0.973958,25704,0.12364,0.225319,0.029727,0.97,0.806559,0.887967,0.835,0.188961,0.318182,0.1925,0.526048,0.927958,0.949807,0.93,0.552783,6.716786243,512,16,10356.30617,0.03862381,0.878,3.140222748
simvarmass_283db249,1260,500,1505,0.33181,0.083325,5;3,1137,0.905177,0.948686,0.948686,0.910317,1137,0.956814,0.976385,0.976385,0.962248,1397,0.831771,0.910802,0.910802,0.960317,0.82781,0.9053,0.842063,0.376725,0.538206,0.385714,0.552783,0.956638,0.973214,0.957937,0.707647,9.071456556,512,16,10356.30617,0.121665001,2.01,6.057683614
simvarmass_2870985c,3178,500,4027,0.078023,0.7001,5;3,1425,0.866665,0.928415,0.618727,0.867212,1425,0.999369,0.999456,0.681177,1,2844,0.889868,0.941725,0.939223,0.889868,0.801959,0.890862,0.805223,0.660007,0.719777,0.703272,0.707647,NaN,NaN,NaN,0.584455,103.2259718,512,16,10356.30617,0.306866169,7.054,90.4092383
simvarmass_28887250,665,500,3803,0.100413,0.874689,5;3,624,0.938346,0.968192,0.968192,0.938346,624,0.968944,0.984227,0.984227,0.968944,642,0.959398,0.979279,0.976282,0.959398,0.855639,0.922204,0.855639,0.791639,0.808953,0.827068,0.584455,0.529893,0.671727,0.532331,0.679535,75.74716421,512,16,10356.30617,0.064212084,6.606,65.78829434
simvarmass_28ff8035,3286,500,2879,0.122956,0.068436,5;3,1400,0.879793,0.936053,0.597525,0.879793,1400,1,1,0.652529,1,3047,0.915399,0.955831,0.949945,0.915399,0.819128,0.899916,0.819537,0.702652,0.752025,0.734632,0.679535,0.95311,0.967883,0.954047,0.558787,46.82976024,512,16,10356.30617,0.317294598,4.758,38.69676958
simvarmass_2923e3c9,887,500,4974,0.484797,0.490038,5;3,820,0.929503,0.961358,0.96075,0.932356,820,0.972251,0.983823,0.983213,0.975236,909,0.96956,0.984545,0.957684,0.96956,0.839288,0.913203,0.846674,0.796236,0.81544,0.825254,0.558787,0.623527,0.750513,0.626832,0.625784,20.51992896,512,16,10356.30617,0.085648298,8.948,18.45720992
simvarmass_29b2baa7,2920,500,2971,0.313958,0.712575,5;3,2539,0.873239,0.931041,0.929841,0.873288,2539,0.912619,0.953005,0.951809,0.91267,2675,0.888014,0.940686,0.926899,0.888014,0.817163,0.897475,0.830479,0.534078,0.657501,0.556849,0.625784,0.509331,0.667263,0.510959,0.699459,18.9260984,512,16,10356.30617,0.281953812,4.942,15.74095898
simvarmass_29cbf09c,4151,500,4874,0.193909,0.222935,5;3,2266,0.866509,0.928378,0.706249,0.866538,2266,0.911294,0.953479,0.729438,0.911325,18675,0.894724,0.944437,0.325418,0.894724,0.816026,0.899007,0.818598,0.635827,0.715172,0.666586,0.699459,0.837375,0.899123,0.839557,0.611978,50.27100341,512,16,10356.30617,0.400818586,8.748,45.1139452
simvarmass_29d78f93,4491,500,1827,0.434017,0.101824,5;3,3889,0.865892,0.926713,0.926492,0.866845,3889,0.903513,0.94787,0.947638,0.904507,20289,0.701294,0.835896,0.322518,0.88978,0.815089,0.8959,0.832777,0.155636,0.270622,0.157426,0.611978,0.880709,0.921557,0.882877,0.631449,8.419025061,512,16,10356.30617,0.433648825,2.654,6.114967847
simvarmass_29f9711c,2836,500,2376,0.228493,0.35812,5;3,2538,0.896071,0.944372,0.944176,0.896333,2538,0.928483,0.962092,0.961896,0.928754,2688,0.917137,0.956778,0.941709,0.917137,0.820491,0.901893,0.828279,0.624874,0.721165,0.654795,0.631449,0.691776,0.807226,0.69323,0.581701,20.79713602,512,16,10356.30617,0.273842812,3.752,16.42063433
simvarmass_29ff6193,2115,500,2712,0.460032,0.779523,5;3,1835,0.880475,0.93001,0.927089,0.882742,1835,0.923255,0.953536,0.950675,0.925632,2097,0.9095,0.950657,0.912631,0.910165,0.824763,0.891473,0.847754,0.432461,0.578372,0.450118,0.581701,0.492874,0.652717,0.49409,0.570732,11.79048414,512,16,10356.30617,0.204223394,4.424,9.616722315
simvarmass_2a285943,1105,500,3815,0.34104,0.533397,5;3,1007,0.913699,0.953686,0.953598,0.914027,1007,0.955192,0.975822,0.975775,0.955535,1078,0.943891,0.971136,0.955566,0.943891,0.827845,0.905045,0.832579,0.742768,0.776844,0.773756,0.570732,0.594048,0.729178,0.59819,0.688637,22.3727422,512,16,10356.30617,0.106698275,6.63,19.44053483
simvarmass_2a6895f5,3057,500,3644,0.112605,0.277899,5;3,193,0.893675,0.943696,0.118769,0.893687,193,0.999987,0.999817,0.131966,1,2829,0.915604,0.955943,0.95107,0.915604,0.827757,0.905323,0.829244,0.723892,0.756062,0.770036,0.688637,0.796405,0.874061,0.799149,0.642012,64.72181519,512,16,10356.30617,0.295182467,6.288,55.84121487
simvarmass_2af9baa6,1757,500,3453,0.11013,0.529563,5;3,911,0.916904,0.956651,0.682909,0.916904,911,0.956083,0.977549,0.701849,0.956083,1690,0.944792,0.971613,0.963156,0.944792,0.828007,0.906493,0.830393,0.794902,0.794765,0.840068,0.642012,0.607069,0.742047,0.6107,0.625489,62.70770907,512,16,10356.30617,0.169655085,5.906,53.6275311
simvarmass_2b02193a,2801,500,4942,0.462236,0.88232,5;3,2442,0.873837,0.928326,0.928095,0.873974,2442,0.906861,0.946734,0.946508,0.907003,2554,0.887628,0.938706,0.928105,0.887897,0.804434,0.883638,0.818636,0.549719,0.663337,0.569082,0.625489,0.453803,0.619152,0.455909,0.548527,21.38301647,512,16,10356.30617,0.270463228,8.884,19.21961942
simvarmass_2b46b01d,1687,500,1265,0.420932,0.147362,5;3,1552,0.904499,0.948056,0.941649,0.911678,1552,0.942489,0.968541,0.961842,0.949969,24083,0.727902,0.849117,0.123166,0.940723,0.832711,0.90527,0.863663,0.073465,0.137741,0.074096,0.548527,0.856134,0.906489,0.858328,0.516772,6.010472,512,16,10356.30617,0.162895918,1.53,3.634791368
simvarmass_2bafae7f,112,500,790,0.321519,0.523755,5;3,98,0.90816,0.931507,0.92381,0.919643,98,0.933155,0.944444,0.937198,0.944954,25789,0.011107,0.023398,0.008108,0.9375,0.731408,0.8125,0.857143,0.044643,0.08547,0.044643,0.516772,0.745441,0.832487,0.75,0.51655,4.914173035,512,16,10356.30617,0.010814667,0.58,1.803936937
simvarmass_2bfdedda,62,500,3559,0.382903,0.065977,5;3,72,0.741935,0.851852,0.686567,0.741935,72,0.807018,0.893204,0.713178,0.807018,59,0.822581,0.902655,0.842975,0.822581,0.725806,0.841121,0.725806,0.669531,0.757282,0.677419,0.51655,0.838411,0.902655,0.83871,0.629456,18.58956446,512,16,10356.30617,0.005986691,6.118,15.97793697
simvarmass_2c007613,2727,500,3074,0.285412,0.122365,5;3,2458,0.901337,0.947165,0.946962,0.901357,2458,0.939222,0.967691,0.967488,0.939243,2628,0.93106,0.964299,0.948273,0.93106,0.835067,0.909671,0.840117,0.672251,0.746072,0.705171,0.629456,0.951501,0.962446,0.953795,0.551855,21.54079016,512,16,10356.30617,0.263317823,5.148,18.03708323
simvarmass_2c291fa6,1839,500,1390,0.448929,0.377929,5;3,1647,0.902435,0.943569,0.942628,0.910277,1647,0.948872,0.968539,0.967609,0.957118,23685,0.25974,0.426238,0.13595,0.943448,0.834395,0.901984,0.865688,0.107665,0.196977,0.109842,0.551855,0.670669,0.790653,0.673736,0.538358,6.192515966,512,16,10356.30617,0.177572966,1.78,3.964992237
simvarmass_2c2b754d,4238,500,575,0.473289,0.353412,5;3,2408,0.814877,0.820851,0.69666,0.887919,2408,0.854814,0.841584,0.718052,0.931436,20670,0.15793,0.298619,0.298619,0.877773,0.652626,0.663239,0.897121,0.000472,0.000943,0.000472,0.538358,0.270254,0.426025,0.273478,0.556722,2.429805045,512,16,10356.30617,0.409219265,0.15,0.316931093
simvarmass_2c4ed30f,2950,500,913,0.395557,0.291489,5;3,2603,0.891906,0.929759,0.925626,0.899322,2603,0.931701,0.951179,0.947116,0.939448,22192,0.143241,0.266601,0.215576,0.918644,0.819296,0.874468,0.872203,0.01271,0.025427,0.012881,0.556722,0.657428,0.781913,0.662373,0.591303,4.616275278,512,16,10356.30617,0.284850597,0.826,2.088194622
simvarmass_2c606d5d,1885,500,1529,0.205537,0.204553,5;3,1709,0.907703,0.950473,0.950473,0.910345,1709,0.950566,0.973497,0.973497,0.953333,23736,0.946419,0.972487,0.139339,0.94695,0.842003,0.913694,0.851989,0.613701,0.716338,0.635013,0.591303,0.891514,0.93153,0.897082,0.613878,14.87809981,512,16,10356.30617,0.182014704,2.058,10.01279575
simvarmass_2c7b671a,4728,500,1489,0.34299,0.839925,5;3,3674,0.825738,0.884633,0.870507,0.831007,3674,0.86164,0.905462,0.891408,0.867137,20356,0.830052,0.894553,0.316218,0.838832,0.771362,0.834802,0.829103,0.239873,0.386605,0.246616,0.613878,0.435256,0.601574,0.436548,0.635459,8.682468877,512,16,10356.30617,0.456533432,1.978,5.766931981
simvarmass_2c7f4b5a,1517,500,3133,0.086743,0.592333,5;3,1370,0.903098,0.949082,0.949082,0.903098,1370,0.946133,0.972321,0.972321,0.946133,1457,0.938036,0.968027,0.95696,0.938036,0.841125,0.913183,0.842452,0.798812,0.797464,0.838497,0.635459,0.587181,0.723748,0.590639,0.528739,72.23637642,512,16,10356.30617,0.146480799,5.266,60.70806866
simvarmass_2cb0f5cd,501,500,2102,0.484653,0.691408,5;3,473,0.941907,0.959835,0.958932,0.948104,473,0.96109,0.969823,0.96888,0.967413,561,0.911758,0.953419,0.905838,0.964072,0.841938,0.900546,0.872255,0.389613,0.547684,0.401198,0.528739,0.617929,0.758537,0.622754,0.557274,8.674247348,512,16,10356.30617,0.048376322,3.204,6.610915438
simvarmass_2cb34d52,1624,500,1941,0.466049,0.608596,5;3,1454,0.902877,0.943347,0.939571,0.908251,1454,0.945372,0.96618,0.962396,0.950999,1639,0.937802,0.966635,0.933497,0.937808,0.827906,0.898658,0.856527,0.318098,0.477892,0.329433,0.557274,0.564243,0.715397,0.566502,0.612391,8.329596244,512,16,10356.30617,0.156812668,2.882,6.183899118
simvarmass_2cc3689d,3784,500,2415,0.467589,0.556553,5;3,3226,0.854588,0.919566,0.919258,0.856237,3226,0.895778,0.942966,0.942657,0.897507,21002,0.78731,0.887222,0.267248,0.875264,0.806434,0.890319,0.828224,0.327298,0.483508,0.335095,0.612391,0.534698,0.688614,0.536205,0.608233,10.32958431,512,16,10356.30617,0.365381241,3.83,8.190954022
simvarmass_2d47e4a0,2366,500,2256,0.263455,0.524394,5;3,2109,0.895194,0.942806,0.94257,0.895604,2109,0.932641,0.96325,0.963014,0.933069,2271,0.918005,0.95725,0.936813,0.918005,0.833026,0.908043,0.840659,0.562362,0.680206,0.587489,0.608233,0.590357,0.735819,0.592139,0.698011,17.12626445,512,16,10356.30617,0.228459835,3.512,13.33054981
simvarmass_2d5afc24,2418,500,4347,0.059903,0.134644,5;3,687,0.909016,0.95234,0.442512,0.909016,687,0.94864,0.973643,0.45739,0.94864,2269,0.93507,0.966446,0.964796,0.93507,0.829378,0.906095,0.830025,0.783452,0.793622,0.823408,0.698011,0.956896,0.968644,0.95823,0.670256,145.1346343,512,16,10356.30617,0.23348093,7.694,128.4409796
simvarmass_2d9e4bfa,4223,500,4167,0.323699,0.286057,5;3,1051,0.866784,0.928599,0.398559,0.866919,1051,0.903141,0.94906,0.411834,0.903282,19579,0.883732,0.938278,0.313587,0.883732,0.811963,0.895363,0.814824,0.572201,0.686665,0.596259,0.670256,0.739313,0.837907,0.741179,0.629423,25.7461407,512,16,10356.30617,0.407770872,7.334,22.65685096
simvarmass_2dc51da2,3768,500,1103,0.166816,0.442095,5;3,3300,0.878143,0.933522,0.93322,0.878715,3300,0.915563,0.954309,0.954006,0.916159,20795,0.893313,0.943713,0.274396,0.894374,0.812349,0.895754,0.823779,0.387226,0.546016,0.399151,0.629423,0.621609,0.756609,0.622877,0.657967,13.22415116,512,16,10356.30617,0.363836288,1.206,7.229522348
simvarmass_2df16dde,2687,500,4840,0.234501,0.582875,5;3,931,0.894678,0.944412,0.514649,0.894678,931,0.935045,0.966432,0.531696,0.935045,2495,0.914031,0.955085,0.947897,0.914031,0.84614,0.916633,0.848158,0.699071,0.745891,0.734648,0.657967,0.580433,0.724618,0.58169,0.621866,41.27914167,512,16,10356.30617,0.259455442,8.68,37.01476753
simvarmass_2e3428d7,1631,500,3465,0.141221,0.83005,5;3,1495,0.916561,0.956188,0.955854,0.916616,1495,0.952173,0.975212,0.974878,0.952229,1550,0.94114,0.969678,0.965105,0.94114,0.827167,0.9058,0.828326,0.713827,0.745774,0.751686,0.621866,0.493911,0.6488,0.497241,0.580933,49.07202187,512,16,10356.30617,0.157488585,5.93,41.99092203
simvarmass_2e971b22,1229,500,2857,0.234099,0.666387,5;3,1128,0.91831,0.956337,0.9563,0.918633,1128,0.947609,0.971995,0.971971,0.947943,1182,0.938161,0.968094,0.95645,0.938161,0.841542,0.913024,0.847844,0.70439,0.75031,0.739626,0.580933,0.560227,0.701719,0.564687,0.698369,24.40847676,512,16,10356.30617,0.118671656,4.714,20.13677974
simvarmass_2e9e1b5f,4465,500,2937,0.136928,0.555897,5;3,1103,0.856091,0.922446,0.396193,0.856439,1103,0.999594,0.999739,0.447737,1,3929,0.868309,0.929513,0.923755,0.868309,0.805633,0.89225,0.806047,0.562561,0.678212,0.596417,0.698369,0.543491,0.695665,0.544457,0.56733,42.89845758,512,16,10356.30617,0.431138277,4.874,35.59534938
simvarmass_2eb4322c,1097,500,3941,0.416989,0.143124,5;3,1019,0.927985,0.962648,0.962193,0.927985,1019,0.965844,0.982625,0.982151,0.965844,1124,0.959891,0.979535,0.948222,0.959891,0.861269,0.924057,0.865087,0.758756,0.794959,0.785779,0.56733,0.953236,0.967832,0.955333,0.657443,18.90217728,512,16,10356.30617,0.105925798,6.882,16.50403248
simvarmass_2f1b5a5f,2263,500,3002,0.103364,0.738628,5;3,1036,0.893502,0.943537,0.628069,0.893504,1036,0.999998,0.999753,0.677567,1,2078,0.912064,0.95401,0.950933,0.912064,0.829672,0.906725,0.831639,0.712287,0.75087,0.745913,0.657443,0.514153,0.671075,0.515687,0.682429,58.08598738,512,16,10356.30617,0.218514204,5.004,48.41143919
simvarmass_2f453bf9,4413,500,2092,0.139565,0.449871,5;3,1202,0.854521,0.921554,0.428139,0.854521,1202,0.892122,0.942986,0.442807,0.892122,3937,0.874462,0.933027,0.924311,0.874462,0.806686,0.892481,0.808973,0.565023,0.683093,0.590528,0.682429,0.605531,0.743175,0.606843,0.579822,29.9788629,512,16,10356.30617,0.426117182,3.184,22.8137427
simvarmass_2f5b2fee,1719,500,2185,0.329975,0.357267,5;3,1576,0.91968,0.956021,0.955994,0.921466,1576,0.95698,0.975851,0.975836,0.958838,24023,0.49672,0.675098,0.126486,0.947062,0.841842,0.913565,0.849913,0.577398,0.696301,0.596859,0.579822,0.745006,0.842174,0.748109,0.622874,13.24342753,512,16,10356.30617,0.165985823,3.37,10.21289492
simvarmass_2f6b35b9,2973,500,1782,0.213199,0.637917,5;3,2588,0.873816,0.932112,0.930768,0.873865,2588,0.912488,0.953693,0.952346,0.91254,22045,0.895055,0.944622,0.212727,0.895055,0.811261,0.894825,0.817356,0.506592,0.640324,0.53145,0.622874,0.530138,0.683391,0.53145,0.620427,16.71677635,512,16,10356.30617,0.287071466,2.564,12.02632283
simvarmass_2fa025ec,4394,500,2190,0.441832,0.269077,5;3,3778,0.860353,0.924037,0.923886,0.860492,3778,0.900737,0.946854,0.946708,0.900882,20371,0.882343,0.937613,0.313749,0.88416,0.814697,0.896465,0.829313,0.254349,0.403778,0.257852,0.620427,0.747878,0.842603,0.749886,0.666522,9.913270202,512,16,10356.30617,0.424282551,3.38,7.649966503
simvarmass_303e209d,2640,500,4854,0.168997,0.785519,5;3,1936,0.884848,0.938907,0.846154,0.884848,1936,0.921499,0.959146,0.866025,0.921499,2416,0.901515,0.948207,0.941456,0.901515,0.817478,0.899625,0.818182,0.66233,0.720713,0.691667,0.666522,0.487944,0.648757,0.489394,0.595736,57.44480671,512,16,10356.30617,0.254917145,8.708,51.52754191
simvarmass_30dbea07,1966,500,4291,0.474183,0.654426,5;3,1749,0.891435,0.941588,0.941588,0.891658,1749,0.932213,0.963902,0.963902,0.932447,1869,0.92116,0.958962,0.944459,0.92116,0.809438,0.893569,0.818413,0.588138,0.689147,0.618515,0.595736,0.548049,0.700291,0.550865,0.528476,18.09849784,512,16,10356.30617,0.189836025,7.582,15.98960739
simvarmass_30e1e0ab,327,500,3101,0.442674,0.063684,5;3,338,0.928324,0.961905,0.911278,0.929664,338,0.982401,0.990196,0.936631,0.983819,27162,0.963341,0.981424,0.023064,0.969419,0.862918,0.92635,0.874618,0.77208,0.786942,0.804281,0.528476,0.974134,0.976744,0.978593,0.520416,14.01031007,512,16,10356.30617,0.031574965,5.202,11.75131135
simvarmass_31f8abbe,303,500,1333,0.449712,0.760288,5;3,251,0.90147,0.919298,0.898917,0.927393,251,0.94188,0.940754,0.920518,0.968966,26365,0.026323,0.052783,0.022049,0.970297,0.799815,0.834586,0.89769,0.183508,0.308943,0.188119,0.520416,0.696479,0.801556,0.69967,0.60957,5.928238517,512,16,10356.30617,0.029257536,1.666,3.704593162
simvarmass_3241ee85,1747,500,4241,0.269308,0.650969,5;3,1588,0.908414,0.95201,0.951724,0.908414,1588,0.945769,0.972129,0.971831,0.945769,1657,0.932456,0.965047,0.957109,0.932456,0.8367,0.909941,0.836863,0.724872,0.761032,0.76016,0.60957,0.526932,0.679647,0.529479,0.709035,31.49553671,512,16,10356.30617,0.168689489,7.482,27.78231616
simvarmass_328f80f1,3466,500,2522,0.055978,0.333516,5;3,1748,0.874784,0.93321,0.670502,0.874784,1748,1,1,0.731381,1,3111,0.89498,0.94458,0.943287,0.89498,0.82873,0.906314,0.830352,0.690682,0.742395,0.725332,0.709035,NaN,NaN,NaN,0.668288,90.10682768,512,16,10356.30617,0.334675312,4.044,72.24266676
simvarmass_330ad0b6,3970,500,2178,0.160477,0.717605,5;3,1705,0.854154,0.921092,0.600881,0.854156,1705,0.999997,0.999705,0.669152,1,20042,0.86398,0.927027,0.28569,0.86398,0.817031,0.898072,0.819395,0.522456,0.651599,0.551889,0.668288,0.49123,0.650274,0.492947,0.651554,27.14407672,512,16,10356.30617,0.383341312,3.356,20.91265415
simvarmass_337425ae,4120,500,505,0.063964,0.346202,5;3,3568,0.867331,0.927597,0.926899,0.867718,3568,0.906725,0.949694,0.948995,0.90713,3847,0.88034,0.936362,0.910506,0.88034,0.814284,0.897316,0.823301,0.398734,0.559179,0.409951,0.651554,0.684612,0.799943,0.68665,0.536914,15.79013195,512,16,10356.30617,0.397825241,0.01,0.15633794
simvarmass_3394996f,218,500,3410,0.183469,0.385158,5;3,189,0.866972,0.928747,0.928747,0.866972,189,0.931034,0.964286,0.964286,0.931034,210,0.917431,0.956938,0.934579,0.917431,0.821101,0.901763,0.821101,0.815938,0.82,0.844037,0.536914,0.777212,0.858612,0.779817,0.61365,37.17249236,512,16,10356.30617,0.021049976,5.82,31.72198028
simvarmass_33dfe207,3717,500,2261,0.424676,0.12722,5;3,3256,0.878214,0.933161,0.933027,0.878935,3256,0.917976,0.955219,0.955079,0.918729,20874,0.886223,0.94055,0.272783,0.902341,0.819079,0.899202,0.833199,0.331922,0.494894,0.338983,0.61365,0.897932,0.930868,0.89965,0.559424,10.64811762,512,16,10356.30617,0.358911753,3.522,8.293381307
simvarmass_33ffa140,3647,500,864,0.412068,0.502562,5;3,2949,0.865581,0.901491,0.879018,0.881272,2949,0.899879,0.920185,0.89794,0.916192,21586,0.222307,0.390615,0.256648,0.887853,0.779795,0.817659,0.873321,0.015805,0.031823,0.016178,0.559424,0.476576,0.639386,0.479846,0.54482,4.193482629,512,16,10356.30617,0.352152586,0.728,1.7666987
simvarmass_34406a5b,105,500,1008,0.073946,0.706897,5;3,88,0.842891,0.911917,0.911917,0.847619,88,0.912407,0.951351,0.951351,0.917526,105,0.895238,0.944724,0.895238,0.895238,0.742857,0.852459,0.742857,0.746678,0.789189,0.780952,0.54482,0.647278,0.774566,0.647619,0.522438,27.26313797,512,16,10356.30617,0.01013875,1.016,13.73975604
simvarmass_3441f94a,59,500,4082,0.224939,0.537178,5;3,38,0.644068,0.783505,0.783505,0.644068,38,0.666667,0.8,0.8,0.666667,41,0.677966,0.808081,0.8,0.677966,0.644068,0.783505,0.644068,0.643981,0.74,0.661017,0.522438,0.674567,0.77551,0.677966,0.690788,36.29428423,512,16,10356.30617,0.005697012,7.164,31.84863452
simvarmass_35041662,2815,500,4885,0.113395,0.309663,5;3,206,0.887247,0.940158,0.136379,0.887389,206,0.99984,0.9998,0.152367,1,2589,0.915808,0.956054,0.954108,0.915808,0.820673,0.901206,0.823091,0.748656,0.769534,0.788277,0.690788,0.759494,0.849217,0.761279,0.543063,86.15900172,512,16,10356.30617,0.271815062,8.77,77.34027074
simvarmass_357db159,2312,500,789,0.39002,0.503422,5;3,1505,0.88108,0.905999,0.78229,0.903547,1505,0.926356,0.930156,0.806156,0.949977,23402,0.243838,0.411708,0.16528,0.919118,0.777266,0.808438,0.878893,0.011678,0.023087,0.011678,0.543063,0.50515,0.661227,0.508218,0.617794,4.045946362,512,16,10356.30617,0.223245621,0.578,1.481975283
simvarmass_35e1660c,1914,500,4646,0.286282,0.687106,5;3,1762,0.920585,0.958651,0.958651,0.920585,1762,0.949865,0.974288,0.974288,0.949865,1820,0.928422,0.962883,0.951794,0.928422,0.841654,0.913573,0.844305,0.68803,0.733549,0.718391,0.617794,0.531473,0.681575,0.533438,0.687336,32.45750693,512,16,10356.30617,0.18481493,8.292,28.96444764
simvarmass_3627c8e7,4916,500,953,0.071665,0.210289,5;3,555,0.857804,0.923127,0.202522,0.858625,555,0.896654,0.945141,0.210727,0.897512,4484,0.872254,0.931769,0.91234,0.872254,0.804063,0.890866,0.807567,0.508211,0.647044,0.529902,0.687336,0.794862,0.875237,0.796989,0.553108,26.59596735,512,16,10356.30617,0.474686623,0.906,12.64215447
simvarmass_3642549e,563,500,4106,0.27528,0.269998,5;3,526,0.936057,0.966972,0.966024,0.936057,526,0.981378,0.990602,0.989652,0.981378,600,0.982238,0.991039,0.950989,0.982238,0.83711,0.910491,0.845471,0.866617,0.83964,0.900533,0.553108,0.916915,0.930451,0.921847,0.653644,29.83144435,512,16,10356.30617,0.054363012,7.212,26.19877942
simvarmass_366e6dde,2109,500,1441,0.057476,0.194849,5;3,1909,0.902985,0.949988,0.949726,0.905168,1909,0.942304,0.971254,0.970992,0.944582,2017,0.94073,0.96946,0.961706,0.94073,0.829931,0.905983,0.830725,0.772308,0.780135,0.813182,0.653644,0.908804,0.940711,0.90991,0.742884,50.14266824,512,16,10356.30617,0.203644037,1.882,32.74410189
simvarmass_36793b22,4534,500,4585,0.06109,0.616116,5;3,1161,0.835906,0.91062,0.407726,0.835906,1161,0.875087,0.933383,0.422797,0.875087,3901,0.855977,0.9224,0.920213,0.855977,0.788568,0.882064,0.791795,0.592463,0.689337,0.625937,0.742884,NaN,NaN,NaN,0.67361,150.1064004,512,16,10356.30617,0.437800884,8.17,133.7371092
simvarmass_36bb4c2c,4587,500,4549,0.364749,0.830659,5;3,3101,0.826655,0.904688,0.806712,0.826684,3101,0.8612,0.924991,0.826493,0.861231,3948,0.838236,0.911657,0.900996,0.838239,0.788576,0.879434,0.794419,0.475884,0.616067,0.499891,0.67361,0.462885,0.626194,0.464356,0.608944,24.9431801,512,16,10356.30617,0.442918539,8.098,22.20156875
simvarmass_36d96606,2255,500,4563,0.432516,0.797482,5;3,2005,0.891646,0.941645,0.941315,0.891796,2005,0.935192,0.965401,0.965102,0.935349,23169,0.917073,0.956743,0.162681,0.917073,0.830107,0.905177,0.838581,0.588478,0.687531,0.618625,0.608944,0.475897,0.63879,0.478936,0.594237,21.09979746,512,16,10356.30617,0.217741728,8.126,18.78774427
simvarmass_371cf04e,2699,500,2549,0.479116,0.399555,5;3,2404,0.892763,0.942214,0.942191,0.893664,2404,0.934303,0.964895,0.964881,0.935246,2696,0.90173,0.949042,0.918258,0.917747,0.829898,0.905301,0.847351,0.390052,0.550127,0.400519,0.594237,0.664147,0.78885,0.666914,0.554211,10.64042946,512,16,10356.30617,0.260614157,4.098,8.55325224
simvarmass_375f5c52,1124,500,2277,0.415188,0.189878,5;3,1048,0.935059,0.963578,0.963168,0.938612,1048,0.970459,0.982143,0.981699,0.974146,25283,0.947969,0.973625,0.082478,0.968861,0.838289,0.912247,0.854093,0.550628,0.678307,0.570285,0.554211,0.921863,0.945556,0.925267,0.646376,10.9685251,512,16,10356.30617,0.108532906,3.554,8.559977649
simvarmass_378bfb2d,3952,500,578,0.076374,0.070499,5;3,3498,0.885752,0.938146,0.937718,0.886134,3498,0.926546,0.960572,0.960143,0.926945,20430,0.909436,0.952783,0.296284,0.913968,0.81752,0.898664,0.827682,0.431204,0.586126,0.442561,0.646376,0.932734,0.955451,0.933704,0.612345,15.13604106,512,16,10356.30617,0.381603241,0.156,2.042579936
simvarmass_37eb6798,2459,500,2821,0.303969,0.681597,5;3,2162,0.883696,0.936676,0.935728,0.884099,2162,0.923114,0.958425,0.957484,0.923534,2283,0.908906,0.95228,0.94264,0.908906,0.815225,0.896845,0.824725,0.558497,0.670248,0.583571,0.612345,0.527552,0.680494,0.52989,0.544077,18.56110327,512,16,10356.30617,0.237439871,4.642,15.27129411
simvarmass_381069bf,426,500,1158,0.14479,0.321826,5;3,386,0.916166,0.953431,0.950739,0.91784,386,0.951919,0.9725,0.969849,0.953659,444,0.953052,0.975962,0.933333,0.953052,0.816948,0.897801,0.821596,0.745197,0.803089,0.7723,0.544077,0.732615,0.829787,0.737089,0.6431,15.99557981,512,16,10356.30617,0.041134357,1.316,9.089025485
simvarmass_38474828,3025,500,4099,0.323825,0.372213,5;3,2687,0.887603,0.940126,0.940126,0.887603,2687,0.922046,0.9591,0.9591,0.922047,2802,0.903471,0.949288,0.938047,0.903471,0.827159,0.904521,0.828099,0.64783,0.728183,0.681653,0.6431,0.686121,0.801386,0.688264,0.606664,25.31614298,512,16,10356.30617,0.292092562,7.198,22.22805528
simvarmass_3852c7b0,3989,500,1880,0.431505,0.362191,5;3,3437,0.863072,0.925128,0.925128,0.863374,3437,0.907431,0.950076,0.950076,0.907749,20772,0.596231,0.764744,0.285934,0.88744,0.815176,0.895733,0.833793,0.229905,0.3744,0.234645,0.606664,0.662495,0.784911,0.665079,0.642765,8.713688138,512,16,10356.30617,0.385175943,2.76,6.396217889
simvarmass_38840b79,3479,500,3596,0.366597,0.420033,5;3,3073,0.88473,0.938196,0.938034,0.884737,3073,0.92515,0.960475,0.960312,0.925158,21028,0.904858,0.950053,0.256906,0.904858,0.826561,0.904807,0.832998,0.56404,0.681977,0.588962,0.642765,0.657386,0.779949,0.659672,0.534646,19.61827293,512,16,10356.30617,0.335930586,6.192,16.89048192
simvarmass_38a0f3c9,163,500,4531,0.173912,0.18936,5;3,141,0.865031,0.927632,0.927632,0.865031,141,0.898089,0.946309,0.946309,0.898089,151,0.90184,0.948387,0.936306,0.90184,0.797546,0.887372,0.797546,0.84763,0.84984,0.877301,0.534646,0.880757,0.909091,0.90184,0.608294,52.10681264,512,16,10356.30617,0.015739202,8.062,46.35677814
simvarmass_38f8c7ab,2228,500,3766,0.36601,0.699,5;3,1974,0.887152,0.939553,0.939553,0.887343,1974,0.921051,0.958252,0.958252,0.921249,2133,0.908887,0.952269,0.928686,0.908887,0.826559,0.904177,0.834829,0.580236,0.680211,0.608618,0.608294,0.521354,0.67771,0.523339,0.563205,20.57867271,512,16,10356.30617,0.215134621,6.532,17.84650693
simvarmass_391943f4,432,500,2888,0.106023,0.619098,5;3,396,0.921143,0.956522,0.956522,0.921296,396,0.96352,0.978986,0.978986,0.96368,435,0.960648,0.979929,0.957324,0.960648,0.804572,0.891443,0.80787,0.86519,0.844059,0.895833,0.563205,0.646353,0.76584,0.648148,0.571849,54.47874518,512,16,10356.30617,0.041713715,4.776,45.04682946
simvarmass_39408a1e,1419,500,3340,0.452011,0.141846,5;3,1309,0.922967,0.958211,0.958211,0.92389,1309,0.96799,0.981968,0.981968,0.968958,24965,0.959177,0.979286,0.103927,0.966173,0.851091,0.918919,0.856237,0.670568,0.749144,0.699789,0.571849,0.947802,0.960493,0.951374,0.667141,14.77840141,512,16,10356.30617,0.137017965,5.68,12.56606587
simvarmass_3a4a561c,4855,500,3373,0.33248,0.285065,5;3,1209,0.851242,0.919568,0.398747,0.851287,1209,0.999947,0.999879,0.452639,1,4415,0.87518,0.933436,0.916721,0.87518,0.814412,0.897232,0.818744,0.486525,0.633505,0.506282,0.667141,0.703465,0.815141,0.705252,0.674592,20.28994225,512,16,10356.30617,0.468796492,5.746,17.28224254
simvarmass_3a4f329f,4781,500,1293,0.116974,0.304356,5;3,1711,0.853256,0.920717,0.52711,0.853796,1711,0.999367,0.99951,0.590713,1,4261,0.871784,0.931501,0.92192,0.871784,0.815587,0.897814,0.819076,0.49139,0.636258,0.513491,0.674592,0.689058,0.805363,0.691069,0.654893,22.10747688,512,16,10356.30617,0.461651087,1.586,13.55856857
simvarmass_3a67e8d5,2902,500,4176,0.221696,0.792752,5;3,790,0.864572,0.927028,0.427952,0.864576,790,0.910042,0.952544,0.445447,0.910047,2640,0.888008,0.940683,0.929989,0.888008,0.808398,0.893755,0.809786,0.613245,0.692821,0.647484,0.654893,0.490504,0.650159,0.493108,0.551099,37.67321016,512,16,10356.30617,0.28021574,7.352,33.16252887
simvarmass_3b0ff24f,1443,500,1341,0.35532,0.641295,5;3,1298,0.909081,0.943396,0.939073,0.914068,1298,0.947151,0.963677,0.959374,0.952347,25039,0.471069,0.653661,0.102485,0.940402,0.809895,0.875663,0.845461,0.264306,0.412327,0.268884,0.551099,0.543691,0.695192,0.546085,0.552616,7.548125633,512,16,10356.30617,0.139335394,1.682,4.733761117
simvarmass_3b507a51,3537,500,683,0.364552,0.613898,5;3,2683,0.845193,0.864171,0.84373,0.884083,2683,0.883668,0.884995,0.86515,0.924328,22049,0.240812,0.415581,0.24529,0.887193,0.748553,0.768475,0.883517,0.009613,0.019042,0.009613,0.552616,0.434155,0.599537,0.439355,0.661549,3.747064891,512,16,10356.30617,0.341531038,0.366,1.003971999
simvarmass_3b525d94,2533,500,3597,0.143972,0.189137,5;3,63,0.900908,0.947871,0.048536,0.900908,63,1,1,0.053731,1,2388,0.930912,0.96422,0.958342,0.930912,0.8313,0.907606,0.833794,0.736644,0.764641,0.776944,0.661549,0.894971,0.931215,0.89775,0.614531,49.96804934,512,16,10356.30617,0.244585276,6.194,43.02225433
simvarmass_3bd477e1,4197,500,1518,0.324084,0.466938,5;3,3611,0.861512,0.922447,0.921875,0.862044,3611,0.899221,0.943703,0.943134,0.899776,3952,0.873958,0.93274,0.900233,0.873958,0.805192,0.890033,0.820586,0.25612,0.407044,0.261615,0.614531,0.579258,0.725787,0.582082,0.560646,9.367941645,512,16,10356.30617,0.405260324,2.036,6.282321867
simvarmass_3c589d67,714,500,3693,0.25241,0.518806,5;3,667,0.935574,0.966715,0.965967,0.935574,667,0.973761,0.986706,0.985957,0.973761,717,0.970588,0.985075,0.968553,0.970588,0.841152,0.913505,0.848739,0.828293,0.823188,0.868347,0.560646,0.66019,0.774303,0.665266,0.658803,29.26191514,512,16,10356.30617,0.068943501,6.386,25.30010697
simvarmass_3c7a0e3a,3668,500,3519,0.286208,0.056185,5;3,3233,0.885346,0.938846,0.936676,0.885496,3233,0.92362,0.959941,0.957772,0.923777,3439,0.910578,0.953196,0.939918,0.910578,0.823556,0.90257,0.825245,0.628487,0.721616,0.657579,0.658803,0.946688,0.965566,0.947383,0.555431,24.5905076,512,16,10356.30617,0.354180336,6.038,21.09654517
simvarmass_3cd1139d,2942,500,1140,0.496971,0.734671,5;3,2283,0.849871,0.872034,0.862392,0.885112,2283,0.887268,0.892714,0.883356,0.92406,22366,0.275747,0.458046,0.208393,0.896329,0.743678,0.786604,0.874915,0.055652,0.106479,0.056424,0.555431,0.456969,0.619583,0.459211,0.643139,4.587792849,512,16,10356.30617,0.284078121,1.28,2.575603003
simvarmass_3cea51ba,3022,500,3314,0.245631,0.803367,5;3,2648,0.874237,0.932227,0.93157,0.874255,2648,0.913535,0.954118,0.95343,0.913555,2716,0.886168,0.939649,0.933426,0.886168,0.80985,0.893555,0.81403,0.55429,0.665787,0.584381,0.643139,0.471744,0.634428,0.473197,0.596167,26.98356478,512,16,10356.30617,0.291802883,5.628,22.91241741
simvarmass_3d8063b2,2770,500,1885,0.349864,0.338455,5;3,2479,0.896678,0.943662,0.943418,0.898195,2479,0.933408,0.963654,0.963424,0.934987,22681,0.921661,0.959264,0.200778,0.922383,0.827088,0.903774,0.840072,0.37588,0.538191,0.386643,0.596167,0.707286,0.815937,0.709747,0.665041,10.77561567,512,16,10356.30617,0.267469883,2.77,7.917362175
simvarmass_3da5abcb,4356,500,1225,0.120415,0.377202,5;3,3760,0.863793,0.926733,0.926318,0.863866,3760,0.901025,0.94774,0.947329,0.901102,3991,0.882231,0.937431,0.92081,0.882231,0.813094,0.896368,0.818182,0.480262,0.626149,0.50023,0.665041,0.661017,0.787399,0.662764,0.562626,20.34630237,512,16,10356.30617,0.420613289,1.45,12.04168916
simvarmass_3dd1f5ef,1062,500,1550,0.222754,0.353754,5;3,997,0.941977,0.968431,0.968431,0.943503,997,0.973132,0.984691,0.984691,0.974708,25518,0.848447,0.920108,0.077126,0.96516,0.849568,0.917599,0.857815,0.650369,0.738034,0.675141,0.562626,0.763832,0.851558,0.769303,0.578786,13.91669734,512,16,10356.30617,0.102546215,2.1,9.427440136
simvarmass_3ee3d134,2200,500,1612,0.328335,0.415713,5;3,1990,0.908938,0.949678,0.948926,0.910455,1990,0.943238,0.96815,0.967397,0.944811,2305,0.823888,0.907436,0.907436,0.929091,0.833652,0.907467,0.850455,0.359652,0.521711,0.371364,0.578786,0.669313,0.790144,0.671364,0.592405,9.819239496,512,16,10356.30617,0.212430954,2.224,6.773569677
simvarmass_3f19edca,1764,500,3915,0.407088,0.380986,5;3,1601,0.90873,0.9519,0.95156,0.90873,1601,0.944051,0.970927,0.970597,0.944052,1687,0.93424,0.966002,0.955085,0.93424,0.836501,0.910379,0.840136,0.684035,0.744104,0.71542,0.592405,0.682921,0.798138,0.685374,0.609381,19.2341705,512,16,10356.30617,0.170331001,6.83,16.77769917
simvarmass_3f4a6e16,2689,500,2336,0.328161,0.180425,5;3,2390,0.890067,0.940783,0.939949,0.891781,2390,0.930194,0.962754,0.961918,0.931986,22549,0.925627,0.961449,0.197638,0.927482,0.824279,0.903502,0.833767,0.542161,0.672418,0.565266,0.609381,0.899469,0.935567,0.902566,0.545336,14.2369142,512,16,10356.30617,0.259648561,3.672,11.18962948
simvarmass_3f8c8e2c,1413,500,1385,0.419258,0.819655,5;3,1186,0.890716,0.908816,0.903424,0.920028,1186,0.935748,0.932816,0.927697,0.966543,1628,0.751488,0.857613,0.857613,0.949045,0.783116,0.838658,0.874027,0.222062,0.359753,0.226469,0.545336,0.512586,0.671271,0.515924,0.689323,6.606910303,512,16,10356.30617,0.136438608,1.77,4.221744129
simvarmass_3fa62fa9,2201,500,3741,0.054176,0.34116,5;3,1754,0.902695,0.948926,0.886473,0.903226,1754,0.941627,0.969993,0.90735,0.94218,2068,0.935938,0.966909,0.965097,0.935938,0.82665,0.90462,0.827351,0.785538,0.792084,0.830077,0.689323,0.718704,0.82463,0.721036,0.543896,138.1054341,512,16,10356.30617,0.212527514,6.482,119.6470762
simvarmass_41239248,2519,500,864,0.444188,0.384691,5;3,2303,0.880831,0.911186,0.909166,0.897578,2303,0.919144,0.931677,0.929404,0.93662,22578,0.147936,0.274112,0.184325,0.918222,0.157975,0.308852,0.878523,0.008734,0.017316,0.008734,0.543896,0.560334,0.705999,0.565304,0.59306,3.890244671,512,16,10356.30617,0.243233442,0.728,1.638945672
simvarmass_41b978de,1805,500,4418,0.493945,0.232398,5;3,1636,0.905611,0.949389,0.948561,0.906371,1636,0.945419,0.970851,0.969985,0.946212,1781,0.939612,0.968866,0.945901,0.939612,0.833529,0.909475,0.838781,0.7028,0.763743,0.73241,0.59306,0.88602,0.921884,0.889197,0.650403,17.88863133,512,16,10356.30617,0.174289942,7.836,15.86411443
simvarmass_4209aba5,1620,500,2517,0.056573,0.260335,5;3,1187,0.925129,0.960897,0.84503,0.925309,1187,0.96318,0.981021,0.864747,0.963368,1578,0.958025,0.978562,0.970607,0.958025,0.83708,0.911163,0.839506,0.822227,0.813659,0.862963,0.650403,0.853407,0.902114,0.856173,0.595513,88.98237675,512,16,10356.30617,0.15642643,4.034,71.30610008
simvarmass_420d8c31,1245,500,2229,0.140445,0.371048,5;3,1152,0.925301,0.961202,0.961202,0.925301,1152,0.959201,0.979176,0.979176,0.959201,1218,0.95743,0.978252,0.967925,0.95743,0.84197,0.913365,0.843373,0.801654,0.811821,0.832129,0.595513,0.709641,0.810464,0.715663,0.653893,31.74196305,512,16,10356.30617,0.120216608,3.458,24.62173805
simvarmass_42271b67,4447,500,4103,0.448431,0.675307,5;3,3730,0.836966,0.910915,0.910358,0.836969,3730,0.873501,0.932131,0.931548,0.873504,3920,0.846863,0.917103,0.900442,0.847088,0.791301,0.882508,0.802564,0.450935,0.596682,0.46908,0.653893,0.508366,0.667157,0.510456,0.710583,18.29935932,512,16,10356.30617,0.429400206,7.206,16.06936184
simvarmass_4278d716,4112,500,3782,0.109841,0.672583,5;3,1954,0.845085,0.91592,0.644247,0.845088,1954,0.999996,0.999856,0.719838,1,3552,0.859922,0.924686,0.922756,0.859922,0.789643,0.882521,0.790126,0.607145,0.701178,0.643969,0.710583,NaN,NaN,NaN,0.650777,68.86317495,512,16,10356.30617,0.397052765,6.564,59.75910634
simvarmass_42835432,4585,500,3996,0.494016,0.692157,5;3,3798,0.830967,0.907315,0.905881,0.830971,3798,0.874652,0.932762,0.931322,0.874656,19589,0.84884,0.918141,0.322082,0.849073,0.78774,0.877959,0.798037,0.416478,0.569062,0.43446,0.650777,0.490128,0.650029,0.491385,0.653573,16.17761368,512,16,10356.30617,0.44272542,6.992,14.15338774
simvarmass_4290f5ce,4856,500,2766,0.350455,0.424631,5;3,4101,0.844104,0.914898,0.914592,0.84411,4101,0.886264,0.939126,0.938804,0.88627,19400,0.859967,0.924712,0.344327,0.859967,0.80141,0.888584,0.809514,0.412139,0.570214,0.42813,0.653573,0.600613,0.740235,0.602965,0.611561,15.78519353,512,16,10356.30617,0.468893051,4.532,12.93176014
simvarmass_42af58fa,2265,500,2277,0.220911,0.88065,5;3,1955,0.874091,0.928117,0.924171,0.875055,1955,0.919989,0.953511,0.949598,0.921004,2115,0.897686,0.944108,0.927397,0.898013,0.824024,0.896334,0.833996,0.554563,0.661975,0.581457,0.611561,0.469901,0.631983,0.471965,0.5756,20.61463666,512,16,10356.30617,0.218707323,3.554,16.08792681
simvarmass_42efa23f,1365,500,2524,0.297744,0.355165,5;3,1250,0.915376,0.955224,0.954493,0.915751,1250,0.95308,0.975381,0.974619,0.953471,1381,0.950183,0.974455,0.944647,0.950183,0.84461,0.915375,0.852747,0.686488,0.747397,0.715018,0.5756,0.731432,0.832068,0.733333,0.604859,16.95416196,512,16,10356.30617,0.131803751,4.048,13.59557204
simvarmass_4342bc62,2589,500,3569,0.481917,0.642492,5;3,2295,0.888999,0.938984,0.938984,0.889919,2295,0.927698,0.960218,0.960218,0.928658,22712,0.909618,0.952708,0.186317,0.91039,0.827036,0.903485,0.841251,0.495924,0.635696,0.517961,0.604859,0.533124,0.688883,0.534956,0.603333,14.81167919,512,16,10356.30617,0.249992609,6.138,12.73663307
simvarmass_4385314b,1982,500,2006,0.209464,0.41182,5;3,1805,0.913062,0.953814,0.953261,0.913724,1805,0.949968,0.973599,0.973046,0.950656,23581,0.940464,0.969319,0.145836,0.940464,0.834786,0.909341,0.84107,0.673126,0.745518,0.702825,0.603333,0.671148,0.792755,0.673562,0.548305,19.15364931,512,16,10356.30617,0.191380978,3.012,14.37955926
simvarmass_43bc3288,337,500,1670,0.119253,0.565528,5;3,306,0.909831,0.951788,0.951788,0.913947,306,0.964192,0.980769,0.980769,0.968553,344,0.970326,0.98494,0.960352,0.970326,0.835323,0.909385,0.836795,0.830862,0.827804,0.860534,0.548305,0.651723,0.761578,0.658754,0.607908,28.00768115,512,16,10356.30617,0.03254056,2.34,19.62214787
simvarmass_43e38541,1294,500,2723,0.127682,0.181995,5;3,1200,0.927992,0.96231,0.96231,0.92813,1200,0.971539,0.985222,0.985222,0.971683,1298,0.968315,0.983903,0.966821,0.968315,0.843601,0.914885,0.844668,0.832025,0.82877,0.865533,0.607908,0.943584,0.956522,0.952087,0.558938,42.65284065,512,16,10356.30617,0.124948025,4.446,34.82088313
simvarmass_4403d3ed,1308,500,2345,0.453616,0.122597,5;3,1219,0.934213,0.963579,0.963197,0.93578,1219,0.964444,0.979477,0.979083,0.966062,1420,0.940208,0.969627,0.924487,0.964067,0.842029,0.912863,0.860856,0.494848,0.63619,0.510703,0.558938,0.956059,0.970196,0.957187,0.580167,10.33914148,512,16,10356.30617,0.126299858,3.69,8.134633699
simvarmass_44087b8d,3408,500,1168,0.360192,0.769059,5;3,2705,0.849635,0.890374,0.877147,0.865904,2705,0.886304,0.910807,0.897857,0.903275,21904,0.296015,0.489708,0.233565,0.867371,0.791347,0.841459,0.863556,0.160845,0.278513,0.163732,0.580167,0.468941,0.631102,0.470364,0.542034,6.485429993,512,16,10356.30617,0.32907486,1.336,3.709132907
simvarmass_447de12e,1511,500,859,0.32775,0.359693,5;3,1334,0.916111,0.948674,0.930053,0.923891,1334,0.946168,0.964623,0.946014,0.954204,24056,0.165681,0.294058,0.112645,0.953011,0.829809,0.890094,0.871608,0.044277,0.08481,0.044341,0.542034,0.675847,0.792744,0.679682,0.647313,5.241800153,512,16,10356.30617,0.145901442,0.718,2.190694127
simvarmass_44805fd5,4004,500,853,0.107724,0.172313,5;3,3521,0.881486,0.936131,0.935548,0.881618,3521,0.921292,0.958141,0.957563,0.92143,20426,0.903099,0.949148,0.296439,0.904346,0.825138,0.902846,0.833167,0.450916,0.604704,0.468781,0.647313,0.883408,0.925639,0.885365,0.554985,15.83676804,512,16,10356.30617,0.386624336,0.706,6.5537856
simvarmass_449806e8,625,500,3673,0.254639,0.511716,5;3,593,0.948796,0.972929,0.972085,0.9488,593,0.980161,0.989158,0.988314,0.980165,648,0.9744,0.987034,0.956795,0.9744,0.874425,0.932536,0.8752,0.832802,0.834753,0.8656,0.554985,0.66884,0.783256,0.6736,0.693547,28.84868382,512,16,10356.30617,0.060349703,6.346,24.92155561
simvarmass_44aaa311,3601,500,2186,0.086688,0.086462,5;3,148,0.878367,0.935245,0.078954,0.878367,148,0.920279,0.958485,0.082566,0.920279,3333,0.913357,0.954717,0.948659,0.913357,0.822361,0.901627,0.82366,0.68327,0.745019,0.716468,0.693547,0.94929,0.966199,0.949736,0.565269,50.43373939,512,16,10356.30617,0.347710848,3.372,38.89811739
simvarmass_4507ea79,1832,500,1813,0.423322,0.452243,5;3,1657,0.905244,0.948123,0.948123,0.907751,1657,0.940673,0.967251,0.967251,0.943279,1942,0.923149,0.960404,0.9062,0.933406,0.829217,0.90455,0.85917,0.314465,0.474333,0.325328,0.565269,0.643165,0.776021,0.645197,0.597034,8.565583646,512,16,10356.30617,0.176897049,2.626,6.203315679
simvarmass_4509e5ed,1719,500,4390,0.409197,0.384809,5;3,1591,0.925538,0.961329,0.961329,0.925538,1591,0.961329,0.980283,0.980283,0.961329,1724,0.953463,0.976205,0.953238,0.954625,0.858726,0.922692,0.861547,0.733848,0.773632,0.760908,0.597034,0.713459,0.818302,0.717859,0.711185,21.4566578,512,16,10356.30617,0.165985823,7.78,19.01284711
simvarmass_451126e7,4365,500,1952,0.062815,0.434978,5;3,3306,0.854028,0.921176,0.861687,0.854066,3306,0.892252,0.942962,0.883218,0.892293,3848,0.871478,0.931326,0.926336,0.871478,0.804568,0.891597,0.804811,0.604221,0.701065,0.633448,0.711185,NaN,NaN,NaN,0.647831,62.15076017,512,16,10356.30617,0.421482325,2.904,46.23099578
simvarmass_45504ee8,3517,500,3385,0.298011,0.857532,5;3,2960,0.844708,0.914805,0.913077,0.844754,2960,0.886288,0.938666,0.936946,0.886337,3111,0.86433,0.926271,0.916717,0.864657,0.803304,0.887275,0.81035,0.519372,0.642149,0.543645,0.647831,0.457939,0.621949,0.460051,0.672399,22.71728225,512,16,10356.30617,0.339599848,5.77,19.36170141
simvarmass_45a81515,2390,500,2710,0.075222,0.524837,5;3,649,0.901255,0.948063,0.427114,0.901255,649,0.945566,0.972022,0.443457,0.945566,2240,0.930544,0.964023,0.960691,0.930544,0.844612,0.915892,0.845188,0.743068,0.767639,0.783264,0.672399,0.598017,0.739288,0.599163,0.710505,72.05338864,512,16,10356.30617,0.230777264,4.42,58.75940549
simvarmass_45c559ed,3250,500,4555,0.084519,0.567658,5;3,1227,0.876915,0.934273,0.548135,0.876923,1227,0.999991,0.999825,0.601913,1,2907,0.891077,0.942402,0.940718,0.891077,0.810652,0.895406,0.812615,0.67973,0.724712,0.722154,0.710505,NaN,NaN,NaN,0.538402,107.7864149,512,16,10356.30617,0.313818455,8.11,95.95475574
simvarmass_4629fa96,3890,500,585,0.462049,0.127728,5;3,3529,0.830644,0.85575,0.854563,0.885347,3529,0.872827,0.87811,0.876781,0.930308,19066,0.163097,0.302927,0.302927,0.894344,0.681186,0.692148,0.898715,0.000514,0.001028,0.000514,0.538402,0.275179,0.430831,0.276607,0.641993,2.532198966,512,16,10356.30617,0.37561655,0.17,0.367926345
simvarmass_46c7c787,3906,500,3262,0.377645,0.694954,5;3,3353,0.858364,0.923416,0.923268,0.858679,3353,0.904199,0.949306,0.949157,0.904531,20412,0.880695,0.936419,0.282918,0.880696,0.807878,0.892665,0.81874,0.464539,0.609337,0.486175,0.641993,0.496384,0.655428,0.497696,0.630433,17.27548359,512,16,10356.30617,0.377161503,5.524,14.62749408
simvarmass_4720035d,2775,500,3419,0.314001,0.16323,5;3,2492,0.899809,0.946669,0.946269,0.89982,2492,0.947257,0.97232,0.971919,0.947269,2706,0.935495,0.966673,0.947272,0.935495,0.819752,0.901225,0.824865,0.672401,0.743682,0.705225,0.630433,0.932774,0.954341,0.934775,0.658871,21.77700071,512,16,10356.30617,0.267952681,5.838,18.59229748
simvarmass_479d938e,3444,500,4201,0.30288,0.264218,5;3,168,0.889082,0.941285,0.093023,0.889082,168,0.925915,0.961532,0.096691,0.925915,3228,0.915796,0.956047,0.945444,0.915796,0.824585,0.903482,0.826365,0.637106,0.718084,0.670441,0.658871,0.802474,0.875375,0.804588,0.548,27.74035922,512,16,10356.30617,0.332551003,7.402,24.43872161
simvarmass_47a2dd88,695,500,3126,0.340747,0.6395,5;3,649,0.934653,0.965774,0.965774,0.935252,649,0.975352,0.987072,0.987072,0.975976,710,0.923346,0.960854,0.960854,0.971223,0.847036,0.916732,0.857554,0.708502,0.76324,0.738129,0.548,0.582216,0.714157,0.58705,0.652034,18.34792383,512,16,10356.30617,0.06710887,5.252,15.41319513
simvarmass_47b2e4bb,2791,500,4606,0.238135,0.894771,5;3,1492,0.871372,0.931266,0.696708,0.871372,1492,0.915663,0.955975,0.719383,0.915663,2529,0.895711,0.944802,0.939474,0.895736,0.815173,0.896347,0.818703,0.610118,0.690385,0.643139,0.652034,0.457679,0.620907,0.459334,0.629331,38.68393978,512,16,10356.30617,0.269497633,8.212,34.48464106
simvarmass_47c96b2b,3503,500,2912,0.373805,0.539923,5;3,3058,0.872656,0.931586,0.931565,0.873251,3058,0.909255,0.95204,0.952025,0.909875,21247,0.895233,0.944721,0.253414,0.895233,0.808878,0.892885,0.819298,0.460883,0.607311,0.479018,0.629331,0.561393,0.711247,0.563232,0.644743,15.58031594,512,16,10356.30617,0.338248014,4.824,12.90512433
simvarmass_47e5ac67,4991,500,1412,0.223213,0.176925,5;3,4263,0.85561,0.920967,0.920683,0.85574,4263,0.89751,0.944734,0.944463,0.897646,19565,0.84795,0.919904,0.357794,0.880184,0.811035,0.894411,0.821679,0.331635,0.49505,0.340613,0.644743,0.823851,0.890954,0.825887,0.616089,12.65159287,512,16,10356.30617,0.481928587,1.824,8.171567068
simvarmass_48fe87a6,2117,500,2730,0.223941,0.298005,5;3,1935,0.915868,0.955342,0.955084,0.915919,1935,0.957005,0.977284,0.977026,0.957058,2072,0.943316,0.970831,0.95345,0.943316,0.843712,0.914344,0.847426,0.730826,0.776848,0.767123,0.616089,0.787292,0.868209,0.788852,0.629709,24.38142189,512,16,10356.30617,0.204416513,4.46,19.91596001
simvarmass_49420bf2,2440,500,3439,0.25214,0.568096,5;3,2184,0.895489,0.944661,0.944204,0.895492,2184,0.934157,0.965746,0.965289,0.93416,2298,0.917623,0.957042,0.945125,0.917623,0.826712,0.905103,0.829918,0.670647,0.730228,0.708197,0.629709,0.580457,0.72542,0.583607,0.554189,27.27849607,512,16,10356.30617,0.23560524,5.878,23.31244547
simvarmass_49723d89,3918,500,838,0.460177,0.679035,5;3,2636,0.827582,0.844627,0.791578,0.875447,2636,0.864888,0.865359,0.812529,0.914911,21210,0.190459,0.347954,0.27348,0.877489,0.713772,0.74149,0.877233,0.008423,0.016705,0.008423,0.554189,0.417717,0.582906,0.420368,0.600658,3.642076853,512,16,10356.30617,0.378320217,0.676,1.468999972
simvarmass_497bd937,4371,500,1645,0.445472,0.431664,5;3,3782,0.86529,0.924586,0.924322,0.86685,3782,0.899022,0.943562,0.943297,0.900642,20635,0.411349,0.611071,0.306806,0.877602,0.801429,0.884992,0.830245,0.146879,0.257911,0.149165,0.600658,0.591929,0.734324,0.593457,0.723396,7.385424898,512,16,10356.30617,0.422061682,2.29,5.140614898
simvarmass_497f1863,4942,500,2173,0.058801,0.196592,5;3,220,0.846014,0.916584,0.085238,0.846014,220,1,1,0.099977,1,4377,0.875961,0.93388,0.92907,0.875961,0.798397,0.886917,0.799676,0.587874,0.693997,0.623432,0.723396,NaN,NaN,NaN,0.536549,73.91030765,512,16,10356.30617,0.47719717,3.346,56.90379415
simvarmass_498ddeec,3945,500,574,0.497506,0.651796,5;3,2067,0.768076,0.757243,0.665336,0.893536,2067,0.799067,0.774146,0.68271,0.929589,20317,0.147746,0.283324,0.283324,0.873511,0.599194,0.604332,0.909506,NaN,NaN,NaN,0.536549,0.287452,0.443884,0.290241,0.608739,2.307509859,512,16,10356.30617,0.380927324,0.148,0.297483849
simvarmass_499bad61,3514,500,787,0.157214,0.861933,5;3,2808,0.854764,0.899507,0.882632,0.863404,2808,0.894473,0.921668,0.904963,0.903514,3220,0.872841,0.916628,0.899317,0.878486,0.779549,0.848229,0.836653,0.316725,0.47338,0.326409,0.608739,0.453957,0.617852,0.455037,0.623131,10.01183101,512,16,10356.30617,0.339310169,0.574,3.651074332
simvarmass_49a23205,2370,500,4314,0.358588,0.407673,5;3,2153,0.909283,0.952486,0.952023,0.909283,2153,0.942695,0.970502,0.970038,0.942695,2275,0.927426,0.962347,0.946394,0.927426,0.844256,0.914821,0.847679,0.709326,0.760061,0.737131,0.623131,0.672401,0.793738,0.67384,0.645307,24.06103941,512,16,10356.30617,0.228846073,7.628,21.27232367
simvarmass_49ad582d,1458,500,4491,0.088536,0.186206,5;3,1101,0.920439,0.958571,0.860492,0.920439,1101,1,1,0.901351,1,1400,0.952675,0.975764,0.972008,0.952675,0.849332,0.91796,0.851852,0.846203,0.828131,0.886145,0.645307,0.920032,0.941922,0.923868,0.647266,101.4502575,512,16,10356.30617,0.140783787,7.982,90.15541701
simvarmass_4a324a5c,4667,500,3009,0.384387,0.779721,5;3,3918,0.838138,0.909536,0.90926,0.838226,3918,0.872733,0.929584,0.929286,0.872825,19733,0.843581,0.914837,0.322869,0.844011,0.796586,0.880096,0.813799,0.390054,0.546107,0.407328,0.647266,0.459739,0.624239,0.461324,0.524301,15.65609659,512,16,10356.30617,0.450643301,5.018,13.05455179
simvarmass_4a3ec322,511,500,1305,0.415781,0.876873,5;3,395,0.861443,0.891235,0.865342,0.939335,395,0.898362,0.911447,0.885876,0.979592,26649,0.023219,0.04678,0.036451,0.968689,0.72815,0.804598,0.882583,0.227433,0.370821,0.238748,0.524301,0.555851,0.704574,0.55773,0.559135,6.277343121,512,16,10356.30617,0.049341917,1.61,3.872230814
simvarmass_4a5cc146,670,500,2755,0.197738,0.667768,5;3,631,0.944764,0.970023,0.970023,0.944776,631,0.981383,0.989028,0.989028,0.981395,694,0.974627,0.98715,0.957478,0.974627,0.865366,0.928115,0.871642,0.806141,0.820595,0.832836,0.559135,0.600528,0.734505,0.607463,0.573842,27.8651549,512,16,10356.30617,0.064694881,4.51,22.80795801
simvarmass_4ae936fb,789,500,3520,0.173167,0.871996,5;3,728,0.922687,0.959789,0.959789,0.922687,728,0.962963,0.981132,0.981132,0.962963,763,0.95564,0.977317,0.971649,0.95564,0.847744,0.917066,0.850444,0.77176,0.798103,0.806084,0.573842,0.545272,0.688394,0.548796,0.672033,40.6543972,512,16,10356.30617,0.076185465,6.04,34.87962487
simvarmass_4af4e733,4982,500,2591,0.243843,0.430422,5;3,3614,0.828674,0.906277,0.840624,0.828784,3614,0.870982,0.931003,0.864975,0.871097,18930,0.843637,0.915188,0.351539,0.843637,0.791772,0.882893,0.795865,0.471857,0.623181,0.489964,0.672033,0.593607,0.736137,0.595544,0.614679,21.25137896,512,16,10356.30617,0.481059551,4.182,17.15037955
simvarmass_4af9eae4,2785,500,3054,0.39644,0.135515,5;3,2487,0.894514,0.943296,0.943096,0.894794,2487,0.930602,0.96302,0.96282,0.930893,2690,0.919928,0.95831,0.936256,0.920287,0.82851,0.904949,0.835907,0.583782,0.696995,0.607899,0.614679,0.928027,0.951852,0.930341,0.660818,15.4071234,512,16,10356.30617,0.268918276,5.108,12.88467359
simvarmass_4b973734,2289,500,2506,0.090652,0.389383,5;3,588,0.899956,0.947344,0.408759,0.899956,588,1,1,0.444109,1,2162,0.931848,0.964722,0.958436,0.931848,0.830916,0.907182,0.831367,0.751634,0.775687,0.788554,0.660818,0.694933,0.805393,0.696811,0.545402,55.28835547,512,16,10356.30617,0.221024752,4.012,44.25715925
simvarmass_4bf851f4,1412,500,759,0.258308,0.468195,5;3,1274,0.91162,0.945936,0.936709,0.918555,1274,0.952782,0.967645,0.958476,0.96003,24090,0.097364,0.185396,0.104933,0.947592,0.829829,0.886495,0.873938,0.10862,0.19797,0.110482,0.545402,0.611612,0.747856,0.617564,0.55104,5.876705329,512,16,10356.30617,0.136342049,0.518,2.005357945
simvarmass_4c3db3e0,1875,500,812,0.293606,0.370571,5;3,1697,0.914872,0.949153,0.943449,0.921067,1697,0.950352,0.96798,0.962307,0.956787,23405,0.225293,0.383053,0.138766,0.935467,0.832503,0.899505,0.877867,0.059173,0.113568,0.060267,0.55104,0.649678,0.775071,0.653333,0.648559,5.531222114,512,16,10356.30617,0.181049109,0.624,2.125297167
simvarmass_4cff68dd,4233,500,3082,0.331927,0.861085,5;3,3514,0.835478,0.908787,0.904608,0.835578,3514,0.874742,0.931525,0.927352,0.874845,20014,0.845854,0.91452,0.295377,0.845972,0.795757,0.877489,0.807701,0.438058,0.584012,0.457359,0.648559,0.451421,0.615138,0.453107,0.713824,18.5703483,512,16,10356.30617,0.408736467,5.164,15.55763767
simvarmass_4da96527,2832,500,4620,0.058444,0.143864,5;3,1988,0.89654,0.945448,0.824896,0.89654,1988,0.938285,0.96816,0.847039,0.938285,2654,0.930791,0.964155,0.960992,0.930791,0.833702,0.908812,0.835805,0.758671,0.768318,0.805438,0.713824,NaN,NaN,NaN,0.589441,158.1000616,512,16,10356.30617,0.273456573,8.24,140.9896653
simvarmass_4e2037de,870,500,4927,0.159214,0.635473,5;3,807,0.927586,0.962433,0.962433,0.927586,807,0.958432,0.978775,0.978775,0.958432,835,0.949425,0.974057,0.968915,0.949425,0.841129,0.914642,0.843678,0.82967,0.820831,0.868966,0.589441,0.627506,0.750513,0.631034,0.663456,61.8915422,512,16,10356.30617,0.084006786,8.854,55.6106875
simvarmass_4e6424d4,3281,500,741,0.05032,0.607198,5;3,2842,0.870704,0.930119,0.92765,0.871076,2842,0.917694,0.956289,0.95382,0.918085,3057,0.90125,0.94806,0.933102,0.90125,0.822934,0.901121,0.825358,0.565382,0.679226,0.593417,0.663456,0.539852,0.694092,0.542518,0.593525,29.45151033,512,16,10356.30617,0.3168118,0.482,9.578696343
simvarmass_4e6c66b5,1454,500,3576,0.254544,0.744495,5;3,1328,0.916487,0.954741,0.95399,0.916781,1328,0.953199,0.97434,0.973588,0.953505,1393,0.944292,0.971348,0.964524,0.944292,0.84471,0.915393,0.845254,0.715912,0.75411,0.747593,0.593525,0.510478,0.664884,0.513067,0.543923,28.09730341,512,16,10356.30617,0.140397549,6.152,24.16870954
simvarmass_4ee1f562,575,500,2920,0.315497,0.613907,5;3,528,0.917222,0.954545,0.951949,0.918261,528,0.958914,0.976744,0.974026,0.96,586,0.963478,0.981399,0.95435,0.963478,0.826087,0.902857,0.829565,0.721732,0.762815,0.763478,0.543923,0.588716,0.724576,0.594783,0.636919,18.51047712,512,16,10356.30617,0.055521727,4.84,15.34087487
simvarmass_4f0a8f7b,3031,500,4314,0.392805,0.504172,5;3,2681,0.885513,0.938583,0.938375,0.885516,2681,0.926472,0.961118,0.960918,0.926476,2846,0.909271,0.95248,0.937893,0.909271,0.812638,0.896201,0.816892,0.604271,0.706486,0.636094,0.636919,0.611148,0.748239,0.613329,0.633556,21.96509719,512,16,10356.30617,0.292671919,7.628,19.41930474
simvarmass_4faa4c1b,1301,500,2485,0.062235,0.45235,5;3,1207,0.927748,0.96252,0.96252,0.927748,1207,0.966373,0.982899,0.982899,0.966373,1270,0.961568,0.980408,0.973162,0.961568,0.835471,0.909699,0.83628,0.850754,0.843892,0.880861,0.633556,0.669037,0.784029,0.674097,0.555429,79.85860047,512,16,10356.30617,0.125623941,3.97,63.7904716
simvarmass_4fc9f3d5,698,500,2817,0.247506,0.089007,5;3,640,0.916905,0.956652,0.956652,0.916905,640,0.96823,0.983859,0.983859,0.96823,712,0.964183,0.981765,0.95461,0.964183,0.841129,0.912335,0.852436,0.822023,0.82204,0.852436,0.555429,0.972506,0.97176,0.977077,0.597876,22.76308453,512,16,10356.30617,0.067398548,4.634,18.72277844
simvarmass_50141771,900,500,4811,0.119561,0.778445,5;3,831,0.924444,0.960739,0.960139,0.924444,831,0.959631,0.9794,0.978799,0.959631,864,0.946667,0.972603,0.965986,0.946667,0.842262,0.913907,0.843333,0.824045,0.82387,0.86,0.597876,0.544161,0.690476,0.547778,0.674845,80.47774776,512,16,10356.30617,0.086903572,8.622,72.11381638
simvarmass_5038838c,3463,500,4467,0.231587,0.202151,5;3,351,0.877241,0.934482,0.184059,0.877274,351,0.921969,0.959267,0.19254,0.922003,20333,0.913081,0.954566,0.265759,0.913081,0.822263,0.901979,0.822697,0.683578,0.742363,0.719319,0.674845,0.88811,0.926571,0.88998,0.648998,38.57729493,512,16,10356.30617,0.334385633,7.934,34.25926326
simvarmass_507a3469,3945,500,1551,0.171227,0.534171,5;3,3436,0.872937,0.931492,0.930768,0.873004,3436,0.908397,0.951327,0.950602,0.908467,3635,0.887199,0.940228,0.923483,0.887199,0.81867,0.899875,0.823828,0.475733,0.61648,0.494043,0.648998,0.567169,0.714582,0.568314,0.689049,18.11630175,512,16,10356.30617,0.380927324,2.102,12.27610132
simvarmass_508f27ea,4635,500,1460,0.088751,0.760388,5;3,3004,0.831582,0.907593,0.786229,0.831715,3004,0.868692,0.929252,0.80715,0.86883,18965,0.837325,0.911461,0.328898,0.837325,0.791475,0.882905,0.793959,0.489474,0.626215,0.514347,0.689049,0.46306,0.625054,0.464509,0.583466,32.90103773,512,16,10356.30617,0.447553396,1.92,21.63355906
simvarmass_509cce05,1583,500,1090,0.13973,0.894415,5;3,1323,0.89178,0.926471,0.908465,0.899558,1323,0.931192,0.947692,0.929905,0.939314,1478,0.926065,0.950809,0.945443,0.92988,0.797688,0.869565,0.83386,0.522269,0.647919,0.545799,0.583466,0.451435,0.612175,0.454201,0.600653,15.60151721,512,16,10356.30617,0.152853727,1.18,8.44485794
simvarmass_50dc0c1b,2584,500,3253,0.451977,0.870188,5;3,2207,0.870207,0.920464,0.920058,0.872678,2207,0.909266,0.942128,0.94188,0.911848,2339,0.895004,0.938742,0.933577,0.896285,0.799888,0.871872,0.826625,0.472016,0.6127,0.489164,0.600653,0.443383,0.6067,0.445433,0.520723,14.39453778,512,16,10356.30617,0.249509811,5.506,12.18203581
simvarmass_5110afc0,163,500,3825,0.495907,0.760945,5;3,4473,0.846332,0.913907,0.059534,0.846626,4473,0.890014,0.938776,0.059637,0.890323,150,0.895706,0.944984,0.932907,0.895706,0.767946,0.854167,0.773006,0.595426,0.706294,0.619632,0.520723,0.625317,0.762264,0.625767,0.722815,15.42627952,512,16,10356.30617,0.015739202,6.65,13.4097724
simvarmass_5130d79d,4931,500,1956,0.055356,0.071215,5;3,1108,0.863761,0.926691,0.366948,0.863922,1108,0.999813,0.999648,0.412817,1,4441,0.887244,0.940254,0.933632,0.887244,0.816195,0.89836,0.81667,0.606785,0.705699,0.642872,0.722815,NaN,NaN,NaN,0.589443,70.66984609,512,16,10356.30617,0.476135015,2.912,52.60495701
simvarmass_514dab69,1887,500,3462,0.380813,0.872795,5;3,1665,0.898046,0.94088,0.9375,0.899841,1665,0.939364,0.963282,0.959931,0.941242,1801,0.925745,0.95777,0.944685,0.926868,0.823187,0.89212,0.844197,0.55491,0.668503,0.578696,0.589443,0.460231,0.620788,0.463699,0.642497,18.1821524,512,16,10356.30617,0.182207823,5.924,15.55619162
simvarmass_519be62c,3766,500,3449,0.395006,0.129492,5;3,3355,0.888713,0.939952,0.938913,0.888741,3355,0.922009,0.95828,0.957194,0.922039,20673,0.907877,0.951906,0.281026,0.911843,0.8291,0.906196,0.838555,0.524815,0.658887,0.547265,0.642497,0.929492,0.951946,0.930696,0.60793,17.46302588,512,16,10356.30617,0.363643169,5.898,14.93141876
simvarmass_521b2fcf,1468,500,3154,0.157225,0.784477,5;3,1332,0.907357,0.951429,0.951429,0.907357,1332,0.937368,0.967672,0.967672,0.937368,1382,0.929155,0.963277,0.957193,0.929155,0.829885,0.907538,0.832425,0.733503,0.777986,0.766349,0.60793,0.515151,0.669903,0.518392,0.67691,40.12084592,512,16,10356.30617,0.141749382,5.308,33.76053427
simvarmass_52b9e24b,3810,500,3620,0.197243,0.892661,5;3,754,0.837501,0.911454,0.330412,0.837533,754,0.873257,0.932223,0.342105,0.87329,3342,0.852444,0.919915,0.907998,0.852493,0.796985,0.884666,0.8,0.544363,0.655639,0.572178,0.67691,0.451287,0.616236,0.453281,0.683877,36.7059921,512,16,10356.30617,0.367891788,6.24,31.63610369
simvarmass_52cc7cad,4780,500,1297,0.093017,0.587424,5;3,3816,0.839197,0.912544,0.887622,0.839331,3816,0.877759,0.934871,0.90985,0.877899,19106,0.845397,0.916223,0.338357,0.845397,0.789334,0.881803,0.792469,0.485116,0.626584,0.506904,0.683877,0.509587,0.667394,0.511715,0.666165,27.88737543,512,16,10356.30617,0.461554527,1.594,17.13665244
simvarmass_52e9b9f6,3068,500,3466,0.186013,0.293442,5;3,2351,0.89309,0.943526,0.867688,0.89309,2351,1,1,0.923591,1,2843,0.912321,0.95415,0.947048,0.912321,0.820496,0.901091,0.822034,0.692498,0.740937,0.729465,0.666165,0.771701,0.860843,0.773142,0.737324,37.26621258,512,16,10356.30617,0.296244621,5.932,31.89024423
simvarmass_53aa2603,3946,500,4392,0.05406,0.425184,5;3,2999,0.865433,0.927863,0.863643,0.865433,2999,0.906076,0.950724,0.886229,0.906076,3524,0.891029,0.942375,0.941365,0.891029,0.817965,0.899875,0.818804,0.669849,0.727534,0.706792,0.737324,NaN,NaN,NaN,0.604663,162.4861265,512,16,10356.30617,0.381023884,7.784,143.9881613
simvarmass_5412536b,1309,500,3349,0.142991,0.782123,5;3,1199,0.918256,0.956556,0.95614,0.918258,1199,0.9517,0.974421,0.974005,0.951702,1245,0.938885,0.968479,0.962412,0.938885,0.83039,0.907423,0.831169,0.749157,0.771739,0.788388,0.604663,0.512655,0.665345,0.514897,0.572083,46.84210894,512,16,10356.30617,0.126396418,5.698,39.8486618
simvarmass_542d785e,1243,500,3808,0.430044,0.216684,5;3,1167,0.93877,0.967179,0.965975,0.940467,1167,0.969178,0.983108,0.981864,0.97093,1286,0.964668,0.982128,0.956109,0.972647,0.853288,0.919879,0.859212,0.727032,0.768158,0.761866,0.572083,0.903028,0.936982,0.912309,0.535626,17.70981574,512,16,10356.30617,0.120023489,6.616,15.38447229
simvarmass_547ded23,130,500,3088,0.141302,0.790598,5;3,120,0.926955,0.96,0.96,0.930769,120,0.948852,0.97166,0.97166,0.952756,130,0.953846,0.976378,0.953846,0.953846,0.846154,0.916667,0.846154,0.865637,0.851562,0.907692,0.535626,0.678973,0.80543,0.692308,0.530768,43.70780315,512,16,10356.30617,0.012552738,5.176,36.63076248
simvarmass_54f92f8f,734,500,1520,0.472655,0.624667,5;3,654,0.91773,0.941926,0.93804,0.929155,654,0.956837,0.962373,0.958763,0.96875,25708,0.300846,0.471372,0.053551,0.964578,0.803793,0.859542,0.851499,0.222563,0.359086,0.224796,0.530768,0.597055,0.74049,0.598093,0.561481,6.431752547,512,16,10356.30617,0.070874691,2.04,4.316044472
simvarmass_550575d2,697,500,4089,0.250629,0.650155,5;3,641,0.92109,0.958925,0.958146,0.92109,641,0.963964,0.981651,0.980872,0.963964,698,0.955524,0.977256,0.954839,0.955524,0.833597,0.908379,0.835007,0.825527,0.823353,0.862267,0.561481,0.617822,0.74386,0.622669,0.620249,32.62990316,512,16,10356.30617,0.067301989,7.178,28.63994191
simvarmass_5572f538,4700,500,1549,0.326613,0.684204,5;3,3912,0.838792,0.905884,0.905481,0.839574,3912,0.877437,0.928181,0.927781,0.878255,20043,0.848414,0.916849,0.323,0.850213,0.797379,0.876159,0.823404,0.264324,0.416151,0.271915,0.620249,0.482014,0.644183,0.483617,0.560707,9.485231757,512,16,10356.30617,0.453829765,2.098,6.42350427
simvarmass_557bcb9f,2390,500,999,0.329056,0.830216,5;3,1858,0.857196,0.884904,0.865819,0.891632,1858,0.897764,0.907145,0.888406,0.93383,23224,0.516581,0.696757,0.170532,0.913808,0.77273,0.820185,0.871548,0.155834,0.273147,0.161088,0.560707,0.462553,0.626234,0.464435,0.589936,6.071914811,512,16,10356.30617,0.230777264,0.998,3.032918409
simvarmass_55b80af7,1561,500,4672,0.423584,0.177519,5;3,1431,0.91779,0.956202,0.955882,0.918001,1431,0.965411,0.981469,0.981132,0.965633,24391,0.955799,0.977429,0.115136,0.957079,0.841523,0.913692,0.849455,0.765646,0.79158,0.801409,0.589936,0.935664,0.951779,0.939142,0.608772,22.05937901,512,16,10356.30617,0.150729418,8.344,19.69857218
simvarmass_55d2f605,2140,500,4801,0.41335,0.875367,5;3,1895,0.88572,0.936276,0.935812,0.886449,1895,0.925508,0.958132,0.957646,0.92627,2022,0.906061,0.949435,0.931764,0.906075,0.809829,0.886929,0.820093,0.588704,0.685146,0.61215,0.608772,0.475405,0.636704,0.476636,0.655023,23.22970848,512,16,10356.30617,0.206637383,8.602,20.81045119
simvarmass_55e79ac7,3429,500,1783,0.151825,0.275026,5;3,3031,0.883928,0.937587,0.937461,0.883931,3031,0.927192,0.96141,0.96127,0.927195,3219,0.910178,0.952977,0.938929,0.910178,0.828248,0.905877,0.830854,0.608158,0.705939,0.641295,0.655023,0.781699,0.864908,0.784194,0.656494,23.48756792,512,16,10356.30617,0.33110261,2.566,16.90103738
simvarmass_566f6ec3,2940,500,4679,0.27006,0.09303,5;3,1550,0.892857,0.943396,0.690423,0.892857,1550,0.939177,0.968635,0.713464,0.939177,2777,0.92619,0.961681,0.952598,0.92619,0.831113,0.907538,0.831293,0.713153,0.758911,0.746259,0.656494,0.958486,0.968516,0.959864,0.606186,34.65155891,512,16,10356.30617,0.283885002,8.358,30.94867807
simvarmass_56809116,1848,500,3505,0.284232,0.432464,5;3,1652,0.895016,0.944302,0.944,0.895022,1652,0.941371,0.969501,0.969199,0.941377,1792,0.930195,0.963835,0.944505,0.930195,0.822526,0.902019,0.825216,0.725847,0.763453,0.75974,0.606186,0.658123,0.780971,0.661797,0.642155,24.66295139,512,16,10356.30617,0.178442001,6.01,21.1446987
simvarmass_569a3926,2464,500,4585,0.27155,0.475681,5;3,2222,0.906214,0.950617,0.94793,0.90625,2222,0.938198,0.967924,0.965233,0.938235,2298,0.921672,0.95924,0.953801,0.921672,0.822086,0.902493,0.822646,0.727512,0.76302,0.767045,0.642155,0.635951,0.767538,0.637175,0.579354,33.7691033,512,16,10356.30617,0.237922668,8.17,30.08654023
simvarmass_569fe391,753,500,4303,0.160491,0.141451,5;3,697,0.925631,0.961379,0.961379,0.925631,697,0.957418,0.978246,0.978246,0.957418,731,0.952191,0.97551,0.966307,0.952191,0.863905,0.926586,0.864542,0.861829,0.856755,0.888446,0.579354,0.957397,0.964722,0.960159,0.573859,53.62294459,512,16,10356.30617,0.072709322,7.606,47.3920656
simvarmass_574b4882,3775,500,883,0.331604,0.529642,5;3,3191,0.865637,0.911898,0.903819,0.874702,3191,0.90395,0.933043,0.925066,0.913416,20808,0.297222,0.487791,0.270675,0.881325,0.808697,0.858623,0.864636,0.057792,0.109418,0.058013,0.573859,0.513161,0.672991,0.516821,0.596644,5.325629365,512,16,10356.30617,0.364512205,0.766,2.309984198
simvarmass_578a5ba2,4804,500,778,0.243376,0.644782,5;3,3777,0.830338,0.888308,0.872859,0.836803,3777,0.868483,0.910128,0.894863,0.875245,20378,0.555431,0.739965,0.32007,0.838884,0.780339,0.842168,0.833264,0.104534,0.19078,0.105953,0.596644,0.469165,0.630435,0.470858,0.582894,6.393399514,512,16,10356.30617,0.463871956,0.556,2.284530932
simvarmass_57989454,1298,500,4770,0.412487,0.090176,5;3,1219,0.939062,0.967793,0.967024,0.939137,1219,0.977468,0.987825,0.987024,0.977546,1323,0.970724,0.985145,0.961465,0.970724,0.86299,0.925299,0.867488,0.797805,0.806885,0.832049,0.582894,0.978317,0.982853,0.98074,0.671138,23.12800161,512,16,10356.30617,0.125334263,8.54,20.70368278
simvarmass_57cb1b17,4146,500,4726,0.349835,0.240269,5;3,2719,0.871365,0.931066,0.792134,0.871442,2719,0.908165,0.951666,0.812005,0.908245,3780,0.892668,0.94329,0.933888,0.892668,0.810571,0.895185,0.813555,0.591624,0.696867,0.619633,0.671138,0.793938,0.871951,0.795948,0.581866,27.01845156,512,16,10356.30617,0.400335789,8.452,24.15996112
simvarmass_57ed1b96,1732,500,1642,0.235622,0.703085,5;3,1575,0.91495,0.953502,0.95192,0.918014,1575,0.946651,0.970498,0.968914,0.949821,1705,0.937067,0.967531,0.94501,0.937644,0.850645,0.917368,0.864319,0.5241,0.651436,0.543303,0.581866,0.507987,0.665415,0.511547,0.625095,13.93757799,512,16,10356.30617,0.167241096,2.284,9.693492119
simvarmass_58219ab8,1453,500,2112,0.081839,0.446963,5;3,1316,0.90699,0.950559,0.949801,0.907089,1316,0.941999,0.969452,0.968692,0.942102,1384,0.93393,0.965836,0.956644,0.93393,0.831596,0.907796,0.834136,0.800903,0.811029,0.835513,0.625095,0.652409,0.773531,0.655196,0.565297,51.61353389,512,16,10356.30617,0.140300989,3.224,39.39442075
simvarmass_5857e475,940,500,2115,0.212398,0.444085,5;3,871,0.932484,0.962555,0.9619,0.932979,871,0.971768,0.983127,0.982516,0.972284,952,0.965957,0.982684,0.959831,0.965957,0.84686,0.916427,0.85,0.772401,0.796411,0.806383,0.565297,0.679555,0.790898,0.685106,0.56836,19.91544176,512,16,10356.30617,0.090765953,3.23,15.2072995
simvarmass_58c88cb8,1871,500,1243,0.270385,0.693817,5;3,1651,0.902673,0.941674,0.9364,0.907536,1651,0.9388,0.961173,0.955942,0.943858,1945,0.886424,0.941492,0.919287,0.937467,0.828008,0.895356,0.85302,0.338626,0.496189,0.347942,0.56836,0.523482,0.68122,0.525387,0.608824,9.194297021,512,16,10356.30617,0.18066287,1.486,5.495867004
simvarmass_5904c7c9,1485,500,4386,0.228926,0.140552,5;3,1400,0.943434,0.970894,0.970537,0.943434,1400,0.976987,0.98836,0.988003,0.976987,1475,0.971044,0.985309,0.974324,0.971044,0.858415,0.924188,0.8633,0.814718,0.809935,0.855892,0.608824,0.97978,0.981286,0.982492,0.563458,38.31805911,512,16,10356.30617,0.143390894,7.772,33.94983532
simvarmass_59331951,1150,500,1429,0.212508,0.518474,5;3,1046,0.913732,0.953203,0.95173,0.915652,1046,0.965801,0.980832,0.979381,0.967831,1181,0.957391,0.978232,0.944659,0.957391,0.826858,0.903318,0.84,0.578762,0.696004,0.598261,0.563458,0.618384,0.750789,0.621739,0.638271,13.44890545,512,16,10356.30617,0.111043453,1.858,8.743200256
simvarmass_593b6ef9,3649,500,3357,0.403494,0.073399,5;3,3224,0.882089,0.936418,0.936418,0.882159,3224,0.92466,0.959881,0.959881,0.924734,20879,0.89586,0.945827,0.2712,0.911483,NaN,NaN,NaN,0.544132,0.673055,0.567827,0.638271,0.943747,0.963266,0.945465,0.632297,16.63965263,512,16,10356.30617,0.352345705,5.714,14.16130104
simvarmass_59916540,2710,500,3902,0.335633,0.494218,5;3,2434,0.901105,0.947368,0.946345,0.901107,2434,0.940313,0.968626,0.967601,0.940316,22080,0.917712,0.957091,0.200645,0.917712,0.829451,0.907225,0.837269,0.650065,0.727953,0.682288,0.632297,0.621397,0.756551,0.623247,0.632658,23.2515873,512,16,10356.30617,0.261676311,6.804,20.27214249
simvarmass_599fc245,3849,500,1539,0.225631,0.324559,5;3,3333,0.868597,0.928025,0.927875,0.869057,3333,0.908486,0.950385,0.950235,0.908967,20836,0.895298,0.944787,0.27936,0.895817,0.816459,0.898414,0.825669,0.434528,0.590153,0.451546,0.632658,0.720179,0.824034,0.723305,0.673264,13.64174249,512,16,10356.30617,0.37165761,2.078,9.209727387
simvarmass_59bbde05,4750,500,2714,0.227797,0.64869,5;3,2079,0.824211,0.903635,0.608874,0.824211,2079,0.868842,0.929818,0.631435,0.868842,4094,0.839368,0.91267,0.901628,0.839368,0.789161,0.881495,0.792,0.470549,0.614945,0.498105,0.673264,0.509895,0.668593,0.511368,0.54285,23.82823303,512,16,10356.30617,0.458657742,4.428,19.43835959
simvarmass_5a15dfc7,823,500,2826,0.495102,0.641414,5;3,744,0.910429,0.950987,0.949585,0.91616,744,0.950866,0.972656,0.971279,0.956853,26333,0.953834,0.976427,0.057961,0.956258,0.838364,0.90596,0.855407,0.50187,0.642588,0.518834,0.54285,0.553694,0.703988,0.557716,0.636156,11.41582947,512,16,10356.30617,0.079468489,4.652,9.396043644
simvarmass_5a3e9319,2954,500,1966,0.176525,0.714713,5;3,2571,0.870181,0.929425,0.929231,0.870345,2571,0.907347,0.950231,0.950037,0.907519,21717,0.887949,0.940649,0.212638,0.887949,0.822392,0.902041,0.827691,0.55265,0.663033,0.576506,0.636156,0.50109,0.66044,0.502708,0.616956,22.27446537,512,16,10356.30617,0.285236835,2.932,16.60954539
simvarmass_5a492619,2657,500,3998,0.447452,0.5649,5;3,2362,0.890058,0.941059,0.940426,0.890854,2362,0.928863,0.962329,0.961695,0.929694,2520,0.914189,0.955171,0.938381,0.914189,0.825324,0.903997,0.830636,0.575711,0.694229,0.606699,0.616956,0.574308,0.719165,0.57659,0.521716,17.87007321,512,16,10356.30617,0.256558657,6.996,15.63519662
simvarmass_5a694510,199,500,2671,0.385613,0.693644,5;3,183,0.919598,0.958115,0.958115,0.919598,183,0.938462,0.968254,0.968254,0.938462,239,0.929755,0.963918,0.853881,0.939698,0.780838,0.872521,0.80402,0.612053,0.7125,0.623116,0.521716,0.650793,0.781065,0.663317,0.597701,13.8532674,512,16,10356.30617,0.019215345,4.342,11.25999383
simvarmass_5a7e342f,4254,500,1392,0.380639,0.858804,5;3,3353,0.82577,0.873694,0.869988,0.840386,3353,0.862678,0.894702,0.891313,0.877947,3711,0.828327,0.889922,0.877338,0.846732,0.086194,0.185397,0.827457,0.20029,0.334739,0.205219,0.597701,0.43255,0.598025,0.43418,0.554892,7.314016693,512,16,10356.30617,0.410764217,1.784,4.686855525
simvarmass_5a9f8e7a,445,500,4093,0.16042,0.867819,5;3,404,0.907865,0.951708,0.951708,0.907865,404,0.95283,0.975845,0.975845,0.95283,435,0.950562,0.974654,0.961364,0.950562,0.861726,0.924005,0.862921,0.788325,0.796117,0.822472,0.554892,0.543391,0.685315,0.552809,0.617196,51.02855006,512,16,10356.30617,0.042968988,7.186,44.79491335
simvarmass_5aa243e5,3130,500,3093,0.448568,0.250051,5;3,2809,0.898007,0.945118,0.94494,0.898722,2809,0.930407,0.962785,0.962607,0.931149,3047,0.919809,0.958271,0.933139,0.920767,0.095428,0.201726,0.834185,0.494792,0.639759,0.508946,0.617196,0.816365,0.885552,0.820128,0.61934,13.79055127,512,16,10356.30617,0.302231312,5.186,11.56123486
simvarmass_5b395735,1200,500,4351,0.110792,0.485646,5;3,1113,0.928333,0.962835,0.962387,0.928333,1113,0.962003,0.980634,0.980185,0.962003,1165,0.955833,0.977418,0.969979,0.955833,0.840357,0.912297,0.840833,0.840051,0.831621,0.875,0.61934,0.636761,0.762866,0.639167,0.619625,78.54357715,512,16,10356.30617,0.115871429,7.702,69.5176547
simvarmass_5b3a6fd2,2950,500,3790,0.492642,0.20085,5;3,2651,0.89919,0.945922,0.945903,0.899322,2651,0.932704,0.964162,0.964149,0.932841,2886,0.925424,0.961268,0.935572,0.925424,0.81822,0.89704,0.824746,0.554602,0.67671,0.578644,0.619625,0.868601,0.914897,0.871525,0.56235,15.38642665,512,16,10356.30617,0.284850597,6.58,13.35655506
simvarmass_5b6a9fc1,806,500,2885,0.246496,0.252228,5;3,746,0.929972,0.962677,0.96134,0.930521,746,0.974717,0.986157,0.984818,0.975293,842,0.926611,0.962554,0.951456,0.972705,0.017422,0.039292,0.867246,0.82036,0.811096,0.861042,0.56235,0.910447,0.928482,0.918114,0.704694,23.40808776,512,16,10356.30617,0.077826977,4.77,19.35122679
simvarmass_5bc6cd50,4010,500,3743,0.12207,0.75183,5;3,1064,0.846135,0.916655,0.419393,0.846135,1064,0.887755,0.940541,0.43553,0.887755,3488,0.861347,0.925509,0.921312,0.861347,0.794852,0.883669,0.797007,0.585977,0.685454,0.618703,0.704694,NaN,NaN,NaN,0.618434,61.32546899,512,16,10356.30617,0.387203693,6.486,53.13344802
simvarmass_5bd1d42c,1353,500,2697,0.104433,0.337495,5;3,1249,0.923854,0.960031,0.960031,0.923873,1249,0.965231,0.981918,0.981918,0.965251,1310,0.955654,0.977324,0.971085,0.955654,NaN,NaN,0,0.845552,0.835959,0.879527,0.618434,0.759043,0.846186,0.761271,0.595897,51.65034041,512,16,10356.30617,0.130645037,4.394,42.07482309
simvarmass_5bf9cd3e,3706,500,1005,0.262087,0.464953,5;3,3221,0.8696,0.926696,0.926231,0.871829,3221,0.907558,0.947897,0.947431,0.909885,21254,0.727481,0.852145,0.263542,0.88748,0.071282,0.162347,0.787642,0.175062,0.300068,0.178899,0.595897,0.575136,0.723498,0.578251,0.582094,7.669209079,512,16,10356.30617,0.357849598,1.01,3.853682174
simvarmass_5c185bcd,1383,500,4371,0.406065,0.45193,5;3,1277,0.923145,0.958584,0.957895,0.923355,1277,0.965741,0.981118,0.980377,0.965961,24930,0.962401,0.98084,0.101167,0.962401,NaN,NaN,0,0.765448,0.795307,0.793203,0.582094,0.669689,0.785714,0.676067,0.660936,21.52857301,512,16,10356.30617,0.133541822,7.742,19.06591309
simvarmass_5c9c66d2,4915,500,3262,0.380506,0.252042,5;3,4222,0.859003,0.924037,0.923936,0.859003,4222,0.898298,0.946306,0.9462,0.898298,19112,0.878333,0.935309,0.359845,0.879552,0.818693,0.899183,0.826857,0.44123,0.595773,0.4588,0.660936,0.76868,0.85724,0.770295,0.714386,17.14559035,512,16,10356.30617,0.474590063,5.524,14.51751089
simvarmass_5cb94119,3995,500,4221,0.108362,0.679206,5;3,2763,0.863329,0.926652,0.817698,0.863329,2763,0.901464,0.948179,0.838671,0.901464,3515,0.875344,0.933529,0.931292,0.875344,0.810726,0.895695,0.813016,0.607642,0.697101,0.644055,0.714386,NaN,NaN,NaN,0.602875,77.90553884,512,16,10356.30617,0.385755301,7.442,68.67721157
simvarmass_5cc6f9ed,1835,500,4689,0.376909,0.761333,5;3,1680,0.912254,0.953522,0.95192,0.912262,1680,0.952211,0.974927,0.97324,0.952218,1761,0.93842,0.968232,0.957731,0.93842,0.840361,0.913288,0.844687,0.656449,0.728956,0.686649,0.602875,0.50482,0.661456,0.507357,0.613022,24.88133741,512,16,10356.30617,0.177186728,8.378,22.22817709
simvarmass_5cf74cd5,2279,500,1587,0.169404,0.375073,5;3,2043,0.897051,0.944958,0.94447,0.897323,2043,0.936929,0.966643,0.966154,0.937214,2226,0.921018,0.958885,0.931853,0.921018,0.823751,0.903102,0.830627,0.646588,0.733652,0.674419,0.613022,0.699033,0.81169,0.700746,0.618663,18.73627541,512,16,10356.30617,0.220059156,2.174,12.83322708
simvarmass_5d1433c9,4991,500,555,0.133668,0.803991,5;3,3696,0.818807,0.874904,0.841718,0.825486,3696,0.85513,0.895761,0.862773,0.862105,4446,0.798001,0.884561,0.866801,0.826488,0.778221,0.837832,0.841114,0.202091,0.337798,0.207173,0.618663,0.436609,0.602728,0.438189,0.579654,8.304156567,512,16,10356.30617,0.481928587,0.11,0.822934435
simvarmass_5db79e71,3901,500,733,0.258931,0.714404,5;3,2968,0.845243,0.885742,0.854855,0.863112,2968,0.883046,0.906977,0.876156,0.901714,21648,0.344912,0.545146,0.264824,0.867214,0.774285,0.818722,0.85696,0.088403,0.163189,0.089208,0.579654,0.456413,0.621288,0.4586,0.687671,5.66174,512,16,10356.30617,0.376678705,0.466,1.799707258
simvarmass_5dfaa789,3833,500,4773,0.205379,0.699598,5;3,2612,0.857814,0.923466,0.810551,0.857814,2612,0.895181,0.944692,0.831185,0.895181,3379,0.871119,0.931121,0.925957,0.871119,0.804116,0.891455,0.806157,0.578333,0.678811,0.607618,0.687671,0.500826,0.660148,0.501957,0.557535,46.47992248,512,16,10356.30617,0.370112658,8.546,41.6108755
simvarmass_5e3334b1,278,500,3787,0.095989,0.358415,5;3,257,0.92446,0.960748,0.960748,0.92446,257,0.962547,0.980916,0.980916,0.962547,270,0.964029,0.981685,0.978102,0.964029,0.848921,0.918288,0.848921,0.90396,0.876522,0.931655,0.557535,0.859868,0.897485,0.866906,0.689889,78.90487452,512,16,10356.30617,0.026843548,6.574,68.48701414
simvarmass_5e5cb717,3992,500,4565,0.201181,0.776266,5;3,752,0.844178,0.915263,0.317032,0.844188,752,0.884272,0.938327,0.329608,0.884282,3495,0.857214,0.923118,0.914118,0.857214,0.804412,0.8916,0.806363,0.562271,0.669198,0.595942,0.689889,0.483327,0.643938,0.48497,0.531098,45.38201918,512,16,10356.30617,0.385465622,8.13,40.41137086
simvarmass_5e7e58f5,583,500,1791,0.443635,0.109472,5;3,550,0.942614,0.969965,0.969109,0.945111,550,0.977836,0.988299,0.98741,0.980427,680,0.828193,0.907363,0.907363,0.982847,0.819039,0.899152,0.845626,0.328681,0.48799,0.331046,0.531098,0.969516,0.980836,0.97084,0.641387,8.074205146,512,16,10356.30617,0.056294203,2.582,5.820099857
simvarmass_5ec909b0,2156,500,4785,0.207626,0.372845,5;3,1143,0.904916,0.949854,0.692937,0.904917,1143,1,0.999744,0.738849,1,2023,0.928571,0.962963,0.958124,0.928571,0.812773,0.896886,0.815399,0.764634,0.783363,0.799165,0.641387,0.699347,0.810825,0.701763,0.639082,46.09249323,512,16,10356.30617,0.208182335,8.57,41.27614075
simvarmass_5fbb60fb,5022,500,2650,0.457054,0.435478,5;3,4244,0.845367,0.91547,0.915174,0.84548,4244,0.888538,0.940237,0.939925,0.888656,19398,0.862406,0.926167,0.354955,0.863003,0.788642,0.879662,0.807447,0.296475,0.453424,0.303863,0.639082,0.583306,0.72734,0.585623,0.630753,11.59600397,512,16,10356.30617,0.484921932,4.3,9.408078695
simvarmass_6018f2df,2964,500,1127,0.124448,0.698332,5;3,2586,0.875192,0.932325,0.931171,0.875506,2586,0.905751,0.949413,0.948257,0.906075,2726,0.886302,0.939725,0.923374,0.886302,0.807086,0.890759,0.816802,0.500417,0.635754,0.527328,0.630753,0.498353,0.65896,0.5,0.698844,18.11198251,512,16,10356.30617,0.286202431,1.254,10.07649781
simvarmass_601f97c7,3722,500,4033,0.135197,0.342736,5;3,1871,0.883933,0.938391,0.669051,0.883933,1871,0.922085,0.959463,0.687994,0.922085,3403,0.90274,0.948884,0.943158,0.90274,0.814803,0.897754,0.816228,0.656219,0.723006,0.695325,0.698844,0.701506,0.814063,0.703385,0.570787,59.66108715,512,16,10356.30617,0.35939455,7.066,52.26447332
simvarmass_60555ad7,1677,500,2186,0.391017,0.070462,5;3,1520,0.910633,0.949312,0.949015,0.914132,1520,0.949118,0.969949,0.969639,0.952766,24586,0.949314,0.973998,0.121235,0.949314,0.834929,0.908618,0.844961,0.503566,0.648689,0.523554,0.570787,0.958183,0.970696,0.960048,0.64343,11.18109954,512,16,10356.30617,0.161930323,3.372,8.623665979
simvarmass_60f369b7,3492,500,4214,0.41861,0.298449,5;3,3071,0.873973,0.932172,0.929758,0.873998,3071,0.914843,0.95493,0.952396,0.914868,3231,0.901203,0.948034,0.936189,0.901203,0.817208,0.898692,0.819588,0.592166,0.70567,0.616552,0.64343,0.740581,0.838553,0.7437,0.623143,20.1332983,512,16,10356.30617,0.33718586,7.428,17.74443993
simvarmass_6106c83b,3204,500,2537,0.339278,0.175947,5;3,2849,0.890992,0.941079,0.941021,0.891074,2849,0.93506,0.965132,0.965097,0.935146,21601,0.924472,0.960816,0.239226,0.92603,0.832552,0.907729,0.841448,0.540409,0.669794,0.557116,0.623143,0.904077,0.937265,0.906367,0.654412,14.9552874,512,16,10356.30617,0.309376717,4.074,12.00785197
simvarmass_611d0266,3338,500,4489,0.33408,0.610604,5;3,2896,0.874377,0.932886,0.928778,0.874476,2896,0.912084,0.953922,0.949803,0.912188,20571,0.89275,0.943336,0.249279,0.89275,0.817456,0.89911,0.819053,0.610796,0.711296,0.641402,0.654412,0.552945,0.702313,0.554823,0.675033,26.87380268,512,16,10356.30617,0.322315693,7.978,23.88050766
simvarmass_613cc0be,4793,500,3131,0.272669,0.098339,5;3,90,0.851033,0.919418,0.036863,0.851033,90,1,0.999877,0.043176,1,18965,0.881494,0.937015,0.35567,0.881494,0.797781,0.886775,0.801794,0.529207,0.661114,0.554767,0.675033,0.914402,0.944187,0.915502,0.722613,22.96557364,512,16,10356.30617,0.462809801,5.262,19.29812337
simvarmass_614ec418,4513,500,3141,0.075627,0.592133,5;3,763,0.843661,0.915165,0.289234,0.843785,763,0.999854,0.999869,0.333844,1,3897,0.859074,0.924195,0.921998,0.859074,0.798816,0.887932,0.79969,0.599553,0.693298,0.632617,0.722613,NaN,NaN,NaN,0.638673,83.06557182,512,16,10356.30617,0.435773134,5.282,69.84278102
simvarmass_61de38c9,2629,500,4363,0.31344,0.251294,5;3,2382,0.903907,0.949261,0.948713,0.904146,2382,0.943379,0.970588,0.970006,0.943628,2519,0.930392,0.963941,0.950272,0.930392,0.843027,0.914451,0.844428,0.699655,0.753657,0.73488,0.638673,0.830434,0.895535,0.831495,0.591661,27.83945891,512,16,10356.30617,0.25385499,7.726,24.64905564
simvarmass_61f04b84,3720,500,1273,0.34923,0.437643,5;3,3225,0.866973,0.925979,0.925846,0.868548,3225,0.907467,0.948657,0.948517,0.909116,21361,0.66866,0.814952,0.263387,0.887903,0.803304,0.885217,0.835215,0.14898,0.260284,0.150538,0.591661,0.588412,0.730053,0.590323,0.531551,7.290324428,512,16,10356.30617,0.359201431,1.546,4.426881998
simvarmass_622dcdb1,1176,500,1083,0.473432,0.819394,5;3,987,0.852281,0.861727,0.859917,0.92517,987,0.897299,0.886408,0.88403,0.974038,24854,0.047504,0.094187,0.086592,0.959184,0.73121,0.772033,0.886905,0.06782,0.127287,0.068027,0.531551,0.487981,0.648557,0.489796,0.649656,4.575102655,512,16,10356.30617,0.113554001,1.166,2.462866895
simvarmass_62ce7be9,3941,500,2604,0.268534,0.684339,5;3,3377,0.856794,0.922656,0.922656,0.856889,3377,0.896132,0.944997,0.944997,0.896231,3497,0.870591,0.930819,0.92256,0.870591,0.811977,0.895054,0.814007,0.483433,0.621651,0.503426,0.649656,0.507371,0.666113,0.5085,0.600049,19.39419217,512,16,10356.30617,0.380541086,4.208,15.67026894
simvarmass_62f549d9,3849,500,1686,0.390584,0.819793,5;3,3097,0.841589,0.892334,0.886841,0.850611,3097,0.87548,0.911654,0.906282,0.884865,21427,0.845355,0.906404,0.261117,0.857366,0.778004,0.842058,0.840998,0.262501,0.413161,0.269161,0.600049,0.455605,0.620264,0.457262,0.649265,8.633226143,512,16,10356.30617,0.37165761,2.372,6.072957418
simvarmass_63215b79,3126,500,4009,0.2941,0.656013,5;3,2776,0.888036,0.940698,0.940698,0.888036,2776,0.924101,0.960554,0.960554,0.924101,2893,0.90595,0.950655,0.94102,0.90595,0.810025,0.894969,0.81158,0.597989,0.696176,0.628919,0.649265,0.528946,0.683993,0.53039,0.690482,27.26283577,512,16,10356.30617,0.301845074,7.018,23.86263176
simvarmass_63250dba,3477,500,1516,0.056935,0.399985,5;3,3011,0.869715,0.930218,0.92725,0.87029,3011,0.908927,0.952171,0.949195,0.909528,3126,0.88841,0.940908,0.935635,0.88841,0.818804,0.90071,0.820823,0.64867,0.724222,0.682773,0.690482,0.644963,0.774149,0.647685,0.677875,53.25371037,512,16,10356.30617,0.335737467,2.032,35.68982173
simvarmass_6377e4e0,3583,500,2965,0.152674,0.3797,5;3,733,0.87022,0.930607,0.339666,0.87022,733,1,1,0.38068,1,3276,0.895897,0.945091,0.935997,0.895897,0.813411,0.896785,0.813564,0.660599,0.73226,0.694669,0.677875,0.674141,0.795406,0.676528,0.605681,38.84092904,512,16,10356.30617,0.345972776,4.93,32.29102532
simvarmass_645bb2f2,2084,500,4946,0.480698,0.634116,5;3,1883,0.903014,0.948828,0.948828,0.903071,1883,0.94,0.968855,0.968855,0.94006,23347,0.920345,0.958521,0.15084,0.920345,0.845336,0.9158,0.849808,0.637662,0.717408,0.669386,0.605681,0.542539,0.693691,0.546065,0.607844,20.5784089,512,16,10356.30617,0.201230049,8.892,18.49810068
simvarmass_64aa794a,2523,500,3818,0.49434,0.485163,5;3,2260,0.896215,0.942654,0.941668,0.896948,2260,0.936294,0.964454,0.963422,0.93706,22599,0.921539,0.959326,0.185893,0.925486,0.835242,0.909836,0.845026,0.563867,0.683515,0.584225,0.607844,0.6319,0.766346,0.632977,0.628517,15.44685844,512,16,10356.30617,0.24361968,6.636,13.42395922
simvarmass_64d1401e,3347,500,2830,0.341168,0.632521,5;3,2888,0.863925,0.926086,0.926063,0.864057,2888,0.905309,0.949375,0.949359,0.905448,3093,0.886167,0.939648,0.921118,0.886167,0.808385,0.892196,0.818942,0.482836,0.623979,0.502241,0.628517,0.525356,0.68017,0.52674,0.560427,16.59006706,512,16,10356.30617,0.323184729,4.66,13.65895981
simvarmass_64defaf0,3092,500,1013,0.409798,0.668243,5;3,2409,0.857962,0.885132,0.865297,0.881953,2409,0.897436,0.906691,0.887232,0.92253,22166,0.164411,0.305511,0.218386,0.891979,0.763778,0.80617,0.869664,0.055239,0.105746,0.055951,0.560427,0.460658,0.622744,0.463131,0.523174,4.943899189,512,16,10356.30617,0.29856205,1.026,2.503672541
simvarmass_65333ab4,174,500,3129,0.350699,0.391705,5;3,160,0.913793,0.954955,0.952096,0.913793,160,0.946429,0.972477,0.969512,0.946429,203,0.948276,0.973451,0.875332,0.948276,0.804637,0.888179,0.816092,0.799782,0.82153,0.833333,0.523174,0.867689,0.925926,0.867816,0.67911,17.84436226,512,16,10356.30617,0.016801357,5.258,14.99291415
simvarmass_654ce2e4,3062,500,3875,0.141875,0.49658,5;3,831,0.878837,0.935512,0.42692,0.878837,831,0.91843,0.957481,0.441904,0.91843,2774,0.900392,0.947585,0.944825,0.900392,0.821749,0.901862,0.822665,0.690622,0.738569,0.727956,0.67911,0.610438,0.749001,0.612018,0.604442,54.62555066,512,16,10356.30617,0.295665264,6.75,47.57709251
simvarmass_654fd554,1182,500,3160,0.129668,0.535371,5;3,1103,0.933968,0.965427,0.965427,0.93401,1103,0.960792,0.979574,0.979574,0.960836,1133,0.950931,0.974848,0.971058,0.950931,0.851152,0.919635,0.851946,0.822131,0.822842,0.85533,0.604442,0.617288,0.747711,0.623519,0.550544,48.73985872,512,16,10356.30617,0.114133358,5.32,41.02785575
simvarmass_65666ac5,508,500,4301,0.270875,0.183723,5;3,482,0.948819,0.973737,0.973737,0.948819,482,0.969819,0.984678,0.984678,0.969819,517,0.970472,0.985015,0.961951,0.970472,0.860236,0.924868,0.860236,0.847823,0.828221,0.887795,0.550544,0.953286,0.959759,0.96063,0.614571,31.75634518,512,16,10356.30617,0.049052238,7.602,28.06460545
simvarmass_6586fd74,1025,500,3004,0.075929,0.391974,5;3,945,0.924878,0.960973,0.959391,0.924878,945,0.970317,0.984935,0.983351,0.970317,1003,0.962927,0.981113,0.973373,0.962927,0.84729,0.916754,0.84878,0.870836,0.858452,0.901463,0.614571,0.734381,0.826681,0.737561,0.611484,79.12655244,512,16,10356.30617,0.098973513,5.008,65.95635396
simvarmass_659fa243,4539,500,1994,0.465836,0.622724,5;3,3798,0.841456,0.909222,0.908,0.842697,3798,0.880444,0.931648,0.930433,0.881743,20320,0.638706,0.79717,0.312885,0.856797,0.793652,0.874539,0.831681,0.224661,0.366561,0.228464,0.611484,0.497664,0.655387,0.499229,0.639075,8.560952782,512,16,10356.30617,0.438283682,2.988,6.414274552
simvarmass_65d8292e,4890,500,1165,0.200828,0.569953,5;3,4078,0.837143,0.909212,0.908118,0.837423,4078,0.87658,0.932054,0.930956,0.876874,19621,0.847853,0.917598,0.33846,0.848262,0.810596,0.892259,0.827198,0.313643,0.473724,0.323517,0.639075,0.536246,0.692187,0.539877,0.636176,11.60196785,512,16,10356.30617,0.472176075,1.33,6.622582508
simvarmass_663c9378,2346,500,4100,0.260104,0.264042,5;3,2112,0.900256,0.94751,0.94751,0.900256,2112,0.941176,0.969697,0.969697,0.941176,2239,0.935209,0.96652,0.957034,0.935209,0.84118,0.913255,0.842285,0.728424,0.766311,0.765985,0.636176,0.821164,0.888276,0.823529,0.655994,31.5258512,512,16,10356.30617,0.226528645,7.2,27.6812352
simvarmass_66a8d804,1932,500,3458,0.097281,0.301823,5;3,1227,0.913561,0.954828,0.776828,0.913561,1227,1,1,0.820187,1,1853,0.949793,0.97425,0.969617,0.949793,0.845317,0.915919,0.846273,0.805074,0.800778,0.845238,0.655994,0.793598,0.87105,0.796584,0.626534,71.09301919,512,16,10356.30617,0.186553001,5.916,60.8135196
simvarmass_66d1f4c5,1826,500,3865,0.185471,0.590937,5;3,1646,0.903065,0.948489,0.947581,0.903067,1646,0.942284,0.969697,0.968787,0.942286,1757,0.93483,0.966318,0.952833,0.93483,0.822302,0.902703,0.823658,0.772329,0.79084,0.803395,0.626534,0.581785,0.722051,0.584885,0.637587,41.67767468,512,16,10356.30617,0.176317692,6.73,36.28599619
simvarmass_66f63cf6,4124,500,1390,0.204685,0.498596,5;3,3543,0.860978,0.924059,0.922656,0.861785,3543,0.902561,0.947509,0.946101,0.903406,20387,0.882409,0.937749,0.29807,0.88579,0.813311,0.895462,0.824927,0.397459,0.556958,0.411979,0.637587,0.584012,0.729277,0.585597,0.69191,13.58184527,512,16,10356.30617,0.398211479,1.78,8.69628942
simvarmass_67b2916e,2339,500,4517,0.065844,0.89175,5;3,901,0.889689,0.941416,0.556173,0.889696,901,0.92984,0.963426,0.574068,0.929848,2138,0.910218,0.952999,0.951083,0.910218,0.831751,0.908287,0.834117,0.693255,0.729717,0.739632,0.69191,0.470392,0.631609,0.472424,0.553772,137.2030861,512,16,10356.30617,0.225852728,8.034,122.0156734
simvarmass_6819313d,84,500,3191,0.054979,0.70869,5;3,65,0.77381,0.872483,0.872483,0.77381,65,0.822785,0.902778,0.902778,0.822785,72,0.797619,0.887417,0.858974,0.797619,0.75,0.857143,0.75,0.74895,0.805031,0.785714,0.553772,0.539694,0.705882,0.571429,0.517755,116.0806854,512,16,10356.30617,0.008111,5.382,97.89192237
simvarmass_6897f4a7,27,500,1263,0.262471,0.126643,5;3,12,0.444444,0.615385,0.615385,0.444444,12,0.6,0.75,0.75,0.6,65,0.312963,0.553191,0.282609,0.481481,0.462969,0.615385,0.481481,0.360868,0.526316,0.37037,0.517755,0.591503,0.727273,0.592593,0.598421,9.623920357,512,16,10356.30617,0.002607107,1.526,5.813975639
simvarmass_689fa9ed,2475,500,1192,0.199073,0.213115,5;3,2221,0.900735,0.946182,0.94506,0.901414,2221,0.940641,0.967798,0.966674,0.94135,23028,0.931717,0.964652,0.180841,0.931717,0.831679,0.906925,0.844848,0.46224,0.614104,0.476768,0.598421,0.864052,0.91558,0.865455,0.630957,11.97550647,512,16,10356.30617,0.238984823,1.384,6.952223556
simvarmass_68f8a12f,3307,500,3418,0.404501,0.302026,5;3,2900,0.879633,0.934965,0.934429,0.879649,2900,0.924062,0.959524,0.958995,0.924079,3131,0.913819,0.954969,0.938801,0.913819,0.812055,0.895343,0.81766,0.553821,0.677724,0.574539,0.630957,0.753681,0.847756,0.756879,0.690763,16.89983461,512,16,10356.30617,0.319322348,5.836,14.42765284
simvarmass_690ae13f,3994,500,4373,0.212912,0.410062,5;3,758,0.863545,0.926777,0.319024,0.863545,758,0.903589,0.949353,0.331366,0.903589,3587,0.886079,0.939599,0.93365,0.886079,0.818368,0.900371,0.820731,0.626605,0.715064,0.657236,0.690763,0.65045,0.776257,0.65323,0.577837,41.07800406,512,16,10356.30617,0.385658741,7.746,36.38122793
simvarmass_695e624c,1445,500,3544,0.411565,0.348654,5;3,1328,0.919685,0.957055,0.956365,0.920415,1328,0.963004,0.980044,0.979321,0.963768,1435,0.955709,0.977353,0.959028,0.955709,0.838774,0.911554,0.842907,0.704865,0.753592,0.734948,0.577837,0.726058,0.826908,0.730104,0.563863,17.22206699,512,16,10356.30617,0.139528513,6.088,14.79231713
simvarmass_6965cbd0,751,500,4846,0.281745,0.470558,5;3,695,0.924096,0.959889,0.959889,0.924101,695,0.962547,0.980226,0.980226,0.962552,745,0.962716,0.981004,0.966578,0.962716,0.837039,0.910145,0.838881,0.828149,0.824913,0.861518,0.563863,0.639062,0.758405,0.645806,0.579706,34.39990062,512,16,10356.30617,0.072516203,8.692,30.85059185
simvarmass_698362ec,2438,500,2131,0.484399,0.166586,5;3,2212,0.911009,0.950968,0.950968,0.912223,2212,0.949163,0.971441,0.971441,0.950427,23072,0.777583,0.880123,0.179302,0.938064,0.843377,0.913179,0.85644,0.299051,0.456878,0.303117,0.579706,0.89679,0.932703,0.900328,0.624432,8.798531789,512,16,10356.30617,0.235412121,3.262,6.734117948
simvarmass_69ec5775,2470,500,4777,0.40701,0.517641,5;3,2215,0.897888,0.945144,0.945144,0.897976,2215,0.930668,0.963027,0.963027,0.93076,2293,0.912146,0.954055,0.946042,0.912146,0.838366,0.911693,0.840486,0.637995,0.715084,0.673684,0.624432,0.611614,0.749443,0.61336,0.585922,23.47362473,512,16,10356.30617,0.238502026,8.554,21.01668264
simvarmass_6b29022b,1008,500,1994,0.128904,0.119773,5;3,951,0.944444,0.971429,0.970904,0.944444,951,0.96945,0.984488,0.983963,0.96945,999,0.96627,0.982846,0.970603,0.96627,0.846421,0.916219,0.847222,0.839768,0.848195,0.864087,0.585922,0.968476,0.969207,0.972222,0.557454,30.93775213,512,16,10356.30617,0.097332001,2.988,23.18004096
simvarmass_6b81ae5d,622,500,4204,0.256026,0.358684,5;3,573,0.922047,0.958996,0.958996,0.92283,573,0.96551,0.982005,0.982005,0.96633,619,0.959807,0.979491,0.962127,0.959807,0.856121,0.92201,0.856913,0.864736,0.846219,0.892283,0.557454,0.769372,0.838235,0.776527,0.558769,32.84041465,512,16,10356.30617,0.060060024,7.408,28.93456133
simvarmass_6bf089f5,1010,500,3383,0.409424,0.720298,5;3,928,0.921082,0.957688,0.957688,0.921782,928,0.960055,0.978387,0.978387,0.960784,1010,0.953466,0.976203,0.954455,0.954455,0.843336,0.914654,0.860396,0.620053,0.717835,0.643564,0.558769,0.545046,0.692844,0.546535,0.642714,16.52565556,512,16,10356.30617,0.09752512,5.766,14.08319981
simvarmass_6c60f6f9,2464,500,4875,0.269086,0.717861,5;3,2038,0.887987,0.940671,0.905375,0.887987,2038,0.935442,0.966645,0.931231,0.935442,2267,0.908685,0.952158,0.946523,0.908685,0.826554,0.904645,0.82711,0.682325,0.743138,0.711851,0.642714,0.520413,0.676293,0.522727,0.652817,36.23376913,512,16,10356.30617,0.237922668,8.75,32.51748512
simvarmass_6c8f9341,3652,500,4991,0.435008,0.167263,5;3,3227,0.880658,0.936245,0.93502,0.880887,3227,0.921009,0.958569,0.957285,0.921249,3417,0.907996,0.95178,0.938181,0.907996,0.823917,0.903168,0.824206,0.604283,0.706728,0.632804,0.652817,0.906761,0.939459,0.908543,0.556384,22.94670443,512,16,10356.30617,0.352635384,8.982,20.64789613
simvarmass_6cfb89e7,876,500,3221,0.327413,0.829028,5;3,811,0.932367,0.96213,0.96147,0.938356,811,0.962018,0.977751,0.977108,0.968198,25978,0.961182,0.97907,0.062709,0.961187,0.849704,0.908978,0.864155,0.653439,0.722861,0.680365,0.556384,0.512514,0.662222,0.515982,0.541658,19.67545577,512,16,10356.30617,0.084586143,5.442,16.6212093
simvarmass_6d1b128c,533,500,4800,0.47437,0.727616,5;3,502,0.928704,0.962099,0.956522,0.928705,502,0.970586,0.984095,0.978261,0.970588,542,0.962477,0.98088,0.954419,0.962477,0.84034,0.91002,0.842402,0.750145,0.79089,0.774859,0.541658,0.570256,0.707657,0.575985,0.582774,20.23736746,512,16,10356.30617,0.051466227,8.6,18.12930835
simvarmass_6d6f1ea7,1575,500,2666,0.319264,0.152081,5;3,1440,0.915186,0.955254,0.954561,0.916825,1440,0.959027,0.978608,0.977914,0.960745,24552,0.949841,0.974275,0.114518,0.949841,0.844905,0.915091,0.853968,0.705966,0.761873,0.733968,0.582774,0.951032,0.967026,0.953016,0.574383,16.7009121,512,16,10356.30617,0.152081251,4.332,13.56870803
simvarmass_6d88b866,2179,500,1317,0.295672,0.65667,5;3,1932,0.898778,0.939928,0.935052,0.902708,1932,0.931259,0.957483,0.952664,0.93533,23285,0.865909,0.930265,0.157242,0.91877,0.827229,0.89257,0.857733,0.311503,0.472752,0.324461,0.574383,0.5301,0.685004,0.531436,0.658918,8.908520252,512,16,10356.30617,0.210403204,1.634,5.526394112
simvarmass_6e1e63e0,4886,500,3044,0.376646,0.240482,5;3,4174,0.850273,0.918823,0.917219,0.850389,4174,0.887889,0.940351,0.938665,0.88801,19212,0.871265,0.931204,0.353307,0.871265,0.801754,0.889368,0.810274,0.429224,0.587471,0.444331,0.658918,0.76174,0.853709,0.763201,0.631067,16.16371872,512,16,10356.30617,0.471789837,5.088,13.50870579
simvarmass_6e213421,1371,500,3862,0.101289,0.175363,5;3,1285,0.937272,0.96762,0.96762,0.937272,1285,0.974223,0.986943,0.986943,0.974223,1347,0.973742,0.986696,0.98234,0.973742,0.847919,0.917027,0.851204,0.841201,0.831367,0.876003,0.631067,0.947308,0.956065,0.95186,0.67152,76.25704667,512,16,10356.30617,0.132383108,6.724,66.38430629
simvarmass_6e6538b8,3522,500,3337,0.186786,0.55365,5;3,2216,0.864566,0.927364,0.772395,0.864566,2216,0.910586,0.953201,0.797122,0.910586,20292,0.889835,0.941707,0.263207,0.889835,0.815918,0.89822,0.817717,0.6402,0.726235,0.668086,0.67152,0.577829,0.722478,0.5795,0.647927,35.73072928,512,16,10356.30617,0.340082645,5.674,30.37700898
simvarmass_6e733dd7,4100,500,3377,0.389134,0.366593,5;3,3563,0.867071,0.928263,0.927574,0.867073,3563,0.905962,0.950114,0.949379,0.905963,3784,0.888293,0.940842,0.923896,0.888293,0.80721,0.89225,0.809512,0.492551,0.635041,0.510976,0.647927,0.659395,0.784144,0.660976,0.534729,17.35648902,512,16,10356.30617,0.395894051,5.754,14.78668017
simvarmass_6e9ec339,39,500,1083,0.098918,0.85554,5;3,32,0.820513,0.901408,0.901408,0.820513,32,0.864865,0.927536,0.927536,0.864865,44,0.846154,0.916667,0.795181,0.846154,0.664814,0.787879,0.717949,0.633958,0.75,0.641026,0.534729,0.74359,0.852941,0.74359,0.619538,21.89692473,512,16,10356.30617,0.003765821,1.166,11.7875412
simvarmass_6eaf489e,1411,500,4933,0.169419,0.238939,5;3,1299,0.920624,0.958672,0.958672,0.920624,1299,0.967238,0.983346,0.983346,0.967238,1390,0.963855,0.981595,0.971082,0.963855,0.853441,0.919847,0.854004,0.826249,0.82426,0.863926,0.619538,0.870777,0.911524,0.874557,0.634267,58.23431846,512,16,10356.30617,0.136245489,8.866,52.33179277
simvarmass_6ec631d8,2372,500,3749,0.250958,0.152043,5;3,2157,0.908649,0.952087,0.952087,0.908938,2157,0.946559,0.972485,0.972485,0.94686,2306,0.943929,0.971156,0.957247,0.943929,0.848965,0.917084,0.849916,0.745805,0.77074,0.777825,0.634267,0.945253,0.963913,0.947302,0.613475,29.87750938,512,16,10356.30617,0.229039192,6.498,25.89277887
simvarmass_6fb02ac2,2262,500,4162,0.393036,0.421283,5;3,2039,0.902913,0.948152,0.948152,0.903183,2039,0.94076,0.968646,0.968646,0.941041,2163,0.926172,0.961671,0.946893,0.926172,0.824975,0.904116,0.830681,0.669952,0.739394,0.701149,0.613475,0.662476,0.786517,0.66534,0.647299,21.17872154,512,16,10356.30617,0.218417645,7.324,18.63442535
simvarmass_6ff7e6de,4023,500,2481,0.274121,0.735846,5;3,3378,0.842892,0.913823,0.912309,0.842903,3378,0.884443,0.937725,0.936217,0.884455,20241,0.860716,0.92505,0.285443,0.8608,0.791413,0.881088,0.802635,0.465458,0.610894,0.486453,0.647299,0.495787,0.654218,0.497141,0.656444,18.10149533,512,16,10356.30617,0.388458967,3.962,14.45347128
simvarmass_6ffa9b80,3150,500,4256,0.256816,0.778359,5;3,489,0.878413,0.935271,0.268755,0.878413,489,1,1,0.300369,1,2900,0.898413,0.946488,0.935537,0.898413,0.826804,0.904605,0.827619,0.578427,0.676864,0.611111,0.656444,0.483555,0.64436,0.486032,0.599022,33.14435238,512,16,10356.30617,0.304162502,7.512,29.25051399
simvarmass_701c9c7a,3964,500,1522,0.398835,0.170644,5;3,3493,0.883212,0.935925,0.935497,0.884208,3493,0.919152,0.955784,0.955355,0.920189,20971,0.815927,0.90325,0.289793,0.911453,0.813721,0.895066,0.838799,0.123536,0.221328,0.124874,0.599022,0.822313,0.88907,0.824924,0.520413,7.632228867,512,16,10356.30617,0.382761955,2.044,5.124926348
simvarmass_70391638,369,500,911,0.394061,0.682195,5;3,294,0.911934,0.903319,0.871795,0.95393,294,0.945235,0.920588,0.889231,0.988764,25632,0.014009,0.027999,0.027999,0.98645,0.758636,0.810398,0.897019,0.051491,0.097938,0.051491,0.520413,0.665605,0.784127,0.669377,0.536723,4.623649638,512,16,10356.30617,0.035630465,0.822,2.085971461
simvarmass_705b44e5,1623,500,1003,0.471148,0.860306,5;3,1137,0.825962,0.842426,0.817391,0.911275,1137,0.864863,0.863794,0.839598,0.954194,24016,0.083869,0.163717,0.118257,0.935305,0.694356,0.746026,0.884165,0.060339,0.115473,0.061614,0.536723,0.44965,0.613456,0.452249,0.579625,4.257685483,512,16,10356.30617,0.156716108,1.006,2.135210168
simvarmass_70a83033,1471,500,2959,0.350516,0.134473,5;3,1368,0.931853,0.96372,0.96372,0.932699,1368,0.971478,0.984527,0.984527,0.97236,1538,0.966697,0.983109,0.947823,0.969409,0.842259,0.913717,0.850442,0.715795,0.768798,0.743712,0.579625,0.960658,0.969802,0.96329,0.592967,16.88368006,512,16,10356.30617,0.142039061,4.918,14.03074325
simvarmass_717702dc,2624,500,2480,0.461967,0.515147,5;3,2339,0.891908,0.941271,0.940963,0.89253,2339,0.927981,0.960986,0.960708,0.928628,2536,0.907872,0.952136,0.932946,0.917302,0.825492,0.902902,0.849085,0.395573,0.554404,0.407774,0.592967,0.598101,0.739662,0.599848,0.565852,10.73669764,512,16,10356.30617,0.253372192,3.96,8.57204086
simvarmass_71c62fa7,929,500,2517,0.230908,0.125087,5;3,862,0.926801,0.961431,0.960357,0.926803,862,0.972879,0.985673,0.984545,0.972881,956,0.970936,0.985254,0.957029,0.970936,0.841636,0.913551,0.841765,0.828326,0.81797,0.863294,0.565852,0.96022,0.970092,0.966631,0.669105,21.8008904,512,16,10356.30617,0.089703798,4.034,17.47016128
simvarmass_71e021f1,3531,500,3624,0.215227,0.573296,5;3,1799,0.866893,0.928701,0.675047,0.866893,1799,0.90777,0.951656,0.695804,0.90777,3165,0.885018,0.939002,0.933393,0.885018,0.811676,0.89569,0.813084,0.609524,0.701989,0.639762,0.669105,0.549294,0.702381,0.551402,0.58941,33.67607224,512,16,10356.30617,0.340951681,6.248,29.02981503
simvarmass_71fe28dc,2363,500,1694,0.302364,0.363966,5;3,2123,0.901854,0.94697,0.9465,0.903089,2123,0.941706,0.968551,0.96808,0.942996,22902,0.931443,0.964505,0.174233,0.931443,0.825647,0.903614,0.840034,0.433859,0.590073,0.447736,0.58941,0.698572,0.812255,0.701227,0.667616,11.20503764,512,16,10356.30617,0.228170156,2.388,7.897765607
simvarmass_723d899d,4286,500,2004,0.165745,0.745011,5;3,1120,0.840153,0.912917,0.414354,0.840177,1120,0.999971,0.999722,0.474476,1,19704,0.858143,0.923656,0.306628,0.858143,0.800306,0.887592,0.803546,0.481282,0.617076,0.5042,0.667616,0.477503,0.638569,0.479001,0.717624,24.18172494,512,16,10356.30617,0.413854122,3.008,18.14836043
simvarmass_7253315a,4847,500,1995,0.063333,0.422892,5;3,2905,0.851867,0.920009,0.749484,0.851867,2905,0.889296,0.941404,0.76974,0.889296,4256,0.867134,0.92884,0.923432,0.867134,0.800244,0.888914,0.801733,0.570069,0.676702,0.602847,0.717624,NaN,NaN,NaN,0.641169,63.00033158,512,16,10356.30617,0.468024015,2.99,47.21077479
simvarmass_726e096b,3645,500,3038,0.314231,0.840287,5;3,3087,0.843,0.91166,0.911468,0.843073,3087,0.886025,0.936307,0.936079,0.886101,3222,0.860016,0.924008,0.912771,0.860082,0.809032,0.888078,0.818381,0.484619,0.6209,0.503704,0.641169,0.473375,0.635143,0.474897,0.620768,19.33609351,512,16,10356.30617,0.351959467,5.076,16.15372131
simvarmass_73294985,3111,500,1814,0.250693,0.157061,5;3,2762,0.89088,0.940235,0.940235,0.891353,2762,0.933803,0.9637,0.9637,0.934299,21831,0.91772,0.957219,0.229653,0.920604,0.82468,0.902976,0.837673,0.525467,0.661983,0.545162,0.620768,0.90942,0.941236,0.911604,0.725368,14.47188394,512,16,10356.30617,0.300396681,2.628,10.48294129
simvarmass_7339f995,4239,500,4518,0.109682,0.18292,5;3,2832,0.881104,0.936795,0.801018,0.881104,2832,1,1,0.862494,1,3847,0.900684,0.947747,0.944348,0.900684,0.822064,0.901707,0.823071,0.668805,0.736216,0.700873,0.725368,NaN,NaN,NaN,0.633214,82.3836181,512,16,10356.30617,0.409315825,8.036,73.26635182
simvarmass_7368d9fd,3821,500,2377,0.321876,0.48951,5;3,3305,0.866739,0.92765,0.927028,0.866789,3305,0.906104,0.949756,0.949138,0.906156,3524,0.885632,0.939348,0.921443,0.885632,0.819243,0.899727,0.829626,0.44041,0.589687,0.456425,0.633214,0.584214,0.727332,0.587804,0.628722,14.76966285,512,16,10356.30617,0.368953943,3.754,11.66287639
simvarmass_73b06dc7,2035,500,4208,0.22759,0.37879,5;3,1848,0.907125,0.951301,0.950811,0.907125,1848,0.950077,0.9744,0.973886,0.950077,1936,0.938084,0.968053,0.961471,0.938084,0.841788,0.9136,0.842752,0.769499,0.785498,0.805897,0.628722,0.706307,0.814439,0.709582,0.634213,36.97877763,512,16,10356.30617,0.196498632,7.416,32.58491146
simvarmass_74144664,2792,500,4139,0.345142,0.587161,5;3,2469,0.883953,0.938046,0.937845,0.883954,2469,0.927121,0.961808,0.961606,0.927122,2637,0.915473,0.955871,0.94161,0.915473,0.816113,0.898265,0.820559,0.628952,0.714953,0.657593,0.634213,0.57809,0.723699,0.580229,0.63377,23.98433109,512,16,10356.30617,0.269594193,7.278,21.0869729
simvarmass_7425cdad,4894,500,933,0.179624,0.353999,5;3,4158,0.851369,0.918221,0.917587,0.851451,4158,0.891633,0.941176,0.94055,0.891718,4509,0.868002,0.929399,0.904392,0.868819,0.799869,0.886516,0.816714,0.240267,0.387502,0.245811,0.63377,0.637253,0.770081,0.64058,0.607377,10.38836681,512,16,10356.30617,0.472562313,0.866,4.821182025
simvarmass_7435c5e1,1858,500,4436,0.348395,0.715359,5;3,1687,0.90958,0.952113,0.951763,0.90958,1687,0.944133,0.970706,0.970377,0.944134,23463,0.927879,0.962591,0.136172,0.927879,0.834769,0.908717,0.83746,0.683716,0.741051,0.713132,0.607377,0.524436,0.680821,0.526372,0.634258,25.46534824,512,16,10356.30617,0.179407597,7.872,22.59504298
simvarmass_74410e3f,2997,500,702,0.077236,0.704743,5;3,2552,0.873267,0.929347,0.918364,0.873874,2552,0.918632,0.954487,0.943529,0.91927,2848,0.894561,0.944347,0.917365,0.894561,0.816616,0.897021,0.835836,0.502161,0.643004,0.522856,0.634258,0.522283,0.67834,0.523524,0.629127,18.17805169,512,16,10356.30617,0.289388895,0.404,5.230721425
simvarmass_74cc1597,2468,500,4314,0.322527,0.539617,5;3,2183,0.885312,0.938521,0.938293,0.885332,2183,0.923088,0.95935,0.959121,0.923109,2336,0.905997,0.95068,0.930891,0.905997,0.817651,0.899577,0.819287,0.671885,0.735115,0.707861,0.629127,0.578803,0.725709,0.581037,0.557565,26.75124873,512,16,10356.30617,0.238308907,7.628,23.65073312
simvarmass_74d2dd40,841,500,4832,0.473072,0.445247,5;3,795,0.940929,0.968098,0.964548,0.944114,795,0.97694,0.986867,0.983178,0.980247,875,0.97503,0.987357,0.955711,0.97503,0.8867,0.937618,0.890606,0.77956,0.798141,0.807372,0.557565,0.726405,0.82243,0.732461,0.589878,20.42818007,512,16,10356.30617,0.08120656,8.664,18.31433693
simvarmass_7553a95d,1150,500,4996,0.249774,0.45071,5;3,1052,0.915512,0.955495,0.955495,0.915652,1052,0.957126,0.977695,0.977695,0.957273,1135,0.953043,0.975957,0.9593,0.953043,0.826753,0.904943,0.828696,0.822918,0.819552,0.861739,0.589878,0.656765,0.772981,0.661739,0.632788,40.00416376,512,16,10356.30617,0.111043453,8.992,36.00054449
simvarmass_75616fde,3700,500,1847,0.252716,0.115996,5;3,3239,0.876107,0.933333,0.932699,0.877027,3239,0.914156,0.954499,0.953869,0.915116,21065,0.903784,0.949461,0.270059,0.903784,0.822983,0.901821,0.835676,0.480496,0.6278,0.496216,0.632788,0.925649,0.950162,0.926757,0.594123,14.61719875,512,16,10356.30617,0.357270241,2.694,10.66018772
simvarmass_75d9de72,1168,500,4646,0.201703,0.769749,5;3,1052,0.901541,0.948222,0.947748,0.901541,1052,0.948649,0.973648,0.973173,0.948649,1099,0.930651,0.96408,0.958977,0.930651,0.846937,0.917091,0.849315,0.774758,0.795826,0.811644,0.594123,0.518382,0.662338,0.523973,0.552883,46.06773325,512,16,10356.30617,0.112781525,8.292,41.10994879
simvarmass_76118e8b,896,500,3333,0.442222,0.335262,5;3,831,0.926339,0.961761,0.961204,0.926339,831,0.971897,0.985748,0.985163,0.971897,951,0.96875,0.984127,0.939903,0.96875,0.848693,0.914701,0.853795,0.707102,0.756542,0.742188,0.552883,0.775329,0.85642,0.780134,0.633187,15.07387692,512,16,10356.30617,0.086517334,5.666,12.81256925
simvarmass_76697c82,4418,500,1151,0.188869,0.767056,5;3,3634,0.830456,0.901273,0.89841,0.830919,3634,0.868803,0.923525,0.920708,0.869287,20205,0.844662,0.913823,0.303131,0.844726,0.793117,0.872497,0.817791,0.331623,0.488781,0.342689,0.633187,0.463447,0.626106,0.46469,0.547125,12.18834218,512,16,10356.30617,0.426599979,1.302,6.893667039
simvarmass_76ede883,3308,500,680,0.402757,0.819511,5;3,2038,0.796052,0.807813,0.750468,0.889661,2038,0.826794,0.825521,0.768141,0.924019,22421,0.22759,0.398046,0.227292,0.885429,0.669525,0.707026,0.89208,0.010883,0.021531,0.010883,0.547125,0.391016,0.557643,0.3948,0.648423,3.376725917,512,16,10356.30617,0.319418907,0.36,0.893839213
simvarmass_77bb444e,4183,500,3278,0.390801,0.436588,5;3,3625,0.863787,0.926154,0.925205,0.864212,3625,0.90557,0.949652,0.948654,0.906015,3840,0.891226,0.942485,0.929328,0.891226,0.824898,0.902947,0.834568,0.469215,0.616639,0.488166,0.648423,0.622076,0.75791,0.624193,0.631765,16.77580149,512,16,10356.30617,0.403908491,5.556,14.21695441
simvarmass_77ecf679,2897,500,514,0.060488,0.372484,5;3,2562,0.88659,0.938678,0.937901,0.887125,2562,0.926235,0.960479,0.9597,0.926794,2832,0.908871,0.952278,0.919532,0.909216,0.824619,0.903214,0.833621,0.496458,0.637942,0.513635,0.631765,0.693676,0.808826,0.695892,0.547575,16.99510647,512,16,10356.30617,0.279732943,0.028,0.462901733
simvarmass_782852aa,842,500,3074,0.442037,0.888426,5;3,751,0.919464,0.945727,0.94162,0.928741,751,0.965323,0.96993,0.965873,0.975062,844,0.963603,0.972019,0.954923,0.965558,0.814817,0.88111,0.850356,0.57202,0.683492,0.595012,0.547575,0.51357,0.656156,0.519002,0.63835,13.90833799,512,16,10356.30617,0.08130312,5.148,11.64608393
simvarmass_7878cd81,1870,500,3962,0.147938,0.513822,5;3,1662,0.892513,0.943204,0.94111,0.892513,1662,0.938695,0.968378,0.966279,0.938695,1764,0.930481,0.963989,0.957622,0.930481,0.827334,0.905583,0.828342,0.772799,0.79708,0.805348,0.63835,0.590252,0.731836,0.592513,0.564436,53.56297909,512,16,10356.30617,0.180566311,6.924,46.80339061
simvarmass_78a92236,1057,500,3453,0.383739,0.230268,5;3,975,0.92481,0.959646,0.959646,0.92526,975,0.961185,0.978916,0.978916,0.961652,1058,0.958373,0.978744,0.95792,0.958373,0.838617,0.910962,0.84106,0.750507,0.786271,0.780511,0.564436,0.879937,0.920118,0.882687,0.537151,17.99660707,512,16,10356.30617,0.102063417,5.906,15.39066918
simvarmass_78af1b88,632,500,622,0.177176,0.377003,5;3,584,0.927816,0.961444,0.958882,0.936709,584,0.951915,0.974231,0.971667,0.961039,25918,0.295884,0.468482,0.045348,0.952532,0.846375,0.911436,0.871835,0.189819,0.317585,0.191456,0.537151,0.77931,0.862129,0.781646,0.64295,7.021266989,512,16,10356.30617,0.06102562,0.244,1.377161692
simvarmass_794c7e74,3012,500,4849,0.36487,0.665848,5;3,2622,0.87085,0.930777,0.930777,0.87085,2622,0.914574,0.955191,0.955191,0.914575,2760,0.891766,0.942787,0.9307,0.891766,0.809963,0.894872,0.815073,0.605538,0.701955,0.631806,0.64295,0.536198,0.689714,0.537517,0.599967,26.57932962,512,16,10356.30617,0.290837288,8.698,23.83862746
simvarmass_794e016e,1353,500,4795,0.259358,0.265899,5;3,1249,0.923134,0.960031,0.960031,0.923134,1249,0.964479,0.981918,0.981918,0.964479,1315,0.954915,0.976938,0.968516,0.954915,0.847393,0.917167,0.847746,0.825467,0.825949,0.854398,0.599967,0.818618,0.880478,0.826312,0.520929,36.97591746,512,16,10356.30617,0.130645037,8.59,33.12024306
simvarmass_796335db,126,500,2715,0.329713,0.827635,5;3,117,0.924691,0.958678,0.954733,0.936508,117,0.962902,0.978903,0.97479,0.975207,139,0.968318,0.984,0.928302,0.97619,0.873399,0.92827,0.904762,0.585534,0.689956,0.626984,0.520929,0.702264,0.824074,0.714286,0.671301,16.46886838,512,16,10356.30617,0.0121665,4.43,13.43592761
simvarmass_79f59f39,3584,500,3635,0.217827,0.16022,5;3,2871,0.882812,0.937759,0.889543,0.882812,2871,0.922718,0.959806,0.911429,0.922718,20191,0.913225,0.954645,0.275331,0.913225,0.822145,0.901823,0.822824,0.663771,0.737044,0.698382,0.671301,0.919099,0.943385,0.920759,0.6544,33.37510961,512,16,10356.30617,0.346069336,6.27,28.78431048
simvarmass_7a06a63e,4052,500,2751,0.275316,0.428175,5;3,3495,0.86377,0.926539,0.925931,0.863771,3495,0.902293,0.948253,0.947654,0.902294,3699,0.8808,0.936622,0.920913,0.8808,0.813437,0.895762,0.815153,0.52164,0.656627,0.543435,0.6544,0.636637,0.769711,0.63845,0.550407,19.98430894,512,16,10356.30617,0.391259193,4.502,16.35211902
simvarmass_7a4be8ac,647,500,4182,0.333975,0.652665,5;3,601,0.928903,0.963141,0.963141,0.928903,601,0.972492,0.986054,0.986054,0.972492,646,0.970634,0.985098,0.971384,0.970634,0.838524,0.909857,0.842349,0.770045,0.784615,0.811437,0.550407,0.581421,0.713076,0.585781,0.586263,25.0437907,512,16,10356.30617,0.062474012,7.364,22.04955461
simvarmass_7a7bd27b,2109,500,1500,0.254073,0.291112,5;3,1896,0.900353,0.946317,0.946317,0.901849,1896,0.943759,0.969806,0.969806,0.945328,2116,0.93504,0.96643,0.933491,0.93504,0.843001,0.91339,0.858227,0.466925,0.616364,0.482219,0.586263,0.768966,0.854221,0.772404,0.65251,11.80763009,512,16,10356.30617,0.203644037,2,7.871753394
simvarmass_7ab6f80b,2827,500,2876,0.177414,0.205497,5;3,2521,0.89148,0.942606,0.942408,0.891758,2521,0.932376,0.964976,0.964778,0.932667,2662,0.920764,0.958748,0.948442,0.920764,0.82383,0.903001,0.825256,0.699518,0.74729,0.733286,0.65251,0.890304,0.927888,0.892112,0.646371,32.42134217,512,16,10356.30617,0.272973776,4.752,26.78480841
simvarmass_7b13e426,2785,500,2784,0.189518,0.413098,5;3,2494,0.895512,0.944876,0.944876,0.895512,2494,0.934783,0.966292,0.966292,0.934783,2610,0.919928,0.958294,0.949768,0.919928,0.828803,0.90552,0.829443,0.68162,0.740907,0.713106,0.646371,0.653748,0.77901,0.655655,0.584902,29.37979506,512,16,10356.30617,0.268918276,4.568,24.10325141
simvarmass_7bbb9f2e,1783,500,3253,0.454834,0.070091,5;3,1657,0.929884,0.963071,0.962791,0.931015,1657,0.963384,0.980752,0.980462,0.964555,1830,0.950685,0.974857,0.944368,0.956814,0.858176,0.923818,0.868761,0.667849,0.745252,0.693214,0.584902,0.970777,0.98095,0.971957,0.678145,14.30411974,512,16,10356.30617,0.172165632,5.506,12.10551542
simvarmass_7c470f61,4949,500,2138,0.187047,0.33893,5;3,2143,0.854718,0.921669,0.604343,0.854718,2143,0.897899,0.946203,0.625328,0.897899,18772,0.877147,0.934553,0.366005,0.877147,0.808087,0.893208,0.810871,0.499067,0.639414,0.519903,0.678145,0.674106,0.794817,0.67549,0.66868,22.86056446,512,16,10356.30617,0.477873087,3.276,17.51431458
simvarmass_7d7f0b39,3951,500,4210,0.304775,0.334242,5;3,1578,0.864591,0.927379,0.570808,0.864591,1578,0.908269,0.95193,0.591122,0.908269,3587,0.889901,0.941744,0.932873,0.889901,0.825115,0.903897,0.825361,0.592672,0.697094,0.622374,0.66868,0.704231,0.813638,0.706657,0.537342,27.62693791,512,16,10356.30617,0.381506681,7.42,24.34582889
simvarmass_7d96d10b,508,500,1967,0.299441,0.31218,5;3,471,0.932766,0.962206,0.962206,0.935039,471,0.961147,0.977178,0.977178,0.963489,541,0.954728,0.976884,0.926597,0.956693,0.836176,0.910064,0.84252,0.671761,0.74555,0.700787,0.537342,0.778292,0.863388,0.783465,0.586104,13.13781346,512,16,10356.30617,0.049052238,2.934,9.79825742
simvarmass_7dc5cba8,2435,500,1832,0.348784,0.760772,5;3,2128,0.884137,0.930944,0.927898,0.888296,2128,0.922001,0.951743,0.948689,0.926338,23237,0.894087,0.943815,0.172484,0.90924,0.808795,0.878905,0.839836,0.390069,0.546827,0.401643,0.586104,0.508704,0.668286,0.509651,0.680084,10.50506904,512,16,10356.30617,0.235122442,2.664,7.637965044
simvarmass_7e17cdc8,3043,500,4444,0.147834,0.842654,5;3,671,0.86625,0.928332,0.361335,0.86625,671,1,1,0.405806,1,2723,0.887807,0.94046,0.936871,0.88794,0.816714,0.898299,0.816957,0.617145,0.692214,0.652974,0.680084,0.470637,0.633297,0.471903,0.657951,60.12148761,512,16,10356.30617,0.293830633,7.888,53.35714382
simvarmass_7e1f72b9,4180,500,3387,0.335052,0.475828,5;3,3590,0.858782,0.923948,0.92381,0.858852,3590,0.890526,0.94201,0.941871,0.890598,19855,0.866746,0.928617,0.301477,0.866746,0.809912,0.893443,0.811722,0.50741,0.648089,0.53134,0.657951,0.564281,0.711885,0.567464,0.534916,20.21775724,512,16,10356.30617,0.403618813,5.774,17.2331459
simvarmass_7e5123ee,346,500,3155,0.304303,0.565528,5;3,328,0.949987,0.973294,0.973294,0.953757,328,0.981181,0.989442,0.989442,0.985075,398,0.907891,0.952381,0.913978,0.982659,0.879432,0.933948,0.881503,0.799075,0.791837,0.84104,0.534916,0.645295,0.767361,0.650289,0.556779,20.73591125,512,16,10356.30617,0.033409595,5.31,17.44971295
simvarmass_7e6accd7,1146,500,2884,0.454429,0.536168,5;3,1077,0.921228,0.957312,0.948268,0.923211,1077,0.956275,0.975926,0.966529,0.958333,1190,0.95288,0.975893,0.935788,0.953752,0.844059,0.914421,0.860384,0.542855,0.661554,0.564572,0.556779,0.59809,0.73899,0.600349,0.52826,12.69285191,512,16,10356.30617,0.110657215,4.768,10.49228812
simvarmass_7e6ed0d4,1291,500,797,0.452533,0.266787,5;3,1157,0.906953,0.921969,0.914216,0.935709,1157,0.941976,0.940024,0.9325,0.971842,23444,0.049905,0.099373,0.099373,0.951975,0.76639,0.804826,0.889233,0.004648,0.009252,0.004648,0.52826,0.631839,0.757548,0.641363,0.532798,3.522395052,512,16,10356.30617,0.124658346,0.594,1.312611456
simvarmass_7e841338,240,500,4859,0.288616,0.501275,5;3,223,0.929167,0.963283,0.963283,0.929167,223,0.982379,0.991111,0.991111,0.982379,243,0.983333,0.991597,0.977226,0.983333,0.858333,0.923767,0.858333,0.906943,0.87146,0.933333,0.532798,0.765341,0.84689,0.766667,0.62683,33.67103695,512,16,10356.30617,0.023174286,8.718,30.20622557
simvarmass_7eecf1a8,2671,500,1679,0.161952,0.647886,5;3,2338,0.877844,0.933174,0.932721,0.877948,2338,0.923482,0.95841,0.957966,0.923592,2510,0.907525,0.951521,0.935727,0.907525,0.811631,0.894813,0.817671,0.567684,0.680155,0.591539,0.62683,0.538825,0.692879,0.542119,0.606812,20.73453863,512,16,10356.30617,0.25791049,2.358,14.55986959
simvarmass_7f636ed6,1820,500,2996,0.23729,0.411269,5;3,1646,0.907413,0.950432,0.949221,0.907692,1646,0.94533,0.970857,0.969643,0.945621,1760,0.931319,0.964438,0.946927,0.931319,0.821398,0.901145,0.824725,0.734246,0.773601,0.763187,0.606812,0.668999,0.785531,0.674176,0.547392,25.25180159,512,16,10356.30617,0.175738335,4.992,21.03754899
simvarmass_7f85124f,4154,500,753,0.496173,0.125618,5;3,3576,0.857731,0.893444,0.886934,0.882523,3576,0.891645,0.911788,0.905441,0.917417,21008,0.154677,0.292028,0.292028,0.884449,0.748999,0.78061,0.880838,0.000241,0.000481,0.000241,0.547392,0.481165,0.645089,0.487,0.653831,3.035231663,512,16,10356.30617,0.401108265,0.506,1.019805592
simvarmass_7fa60030,4412,500,526,0.060836,0.812208,5;3,3364,0.827338,0.896399,0.86214,0.828422,3364,0.862935,0.916982,0.882802,0.864066,3854,0.837225,0.909136,0.89354,0.837262,0.788353,0.869764,0.810743,0.380761,0.538759,0.394606,0.653831,0.452685,0.617041,0.454669,0.617055,17.29239266,512,16,10356.30617,0.426020622,0.052,0.854757052
simvarmass_7fd4cba4,4317,500,781,0.173101,0.347336,5;3,3712,0.864145,0.924148,0.922655,0.865416,3712,0.900655,0.944706,0.943214,0.90198,4282,0.877901,0.935119,0.884987,0.881631,0.815547,0.895309,0.834607,0.202316,0.338023,0.20593,0.617055,0.659583,0.784539,0.66296,0.716949,9.023633601,512,16,10356.30617,0.416847467,0.562,3.246659465
simvarmass_7fe0d527,5049,500,3088,0.101757,0.241336,5;3,2994,0.842345,0.914427,0.744498,0.842345,2994,0.879264,0.935754,0.764653,0.879264,4395,0.864528,0.927342,0.924396,0.864528,0.79349,0.884229,0.794019,0.58166,0.691019,0.612597,0.716949,NaN,NaN,NaN,0.583691,60.69361322,512,16,10356.30617,0.487529039,5.176,50.86627947
simvarmass_8011fdf4,1905,500,1511,0.245242,0.055117,5;3,1732,0.912273,0.952198,0.951883,0.913386,1732,0.955929,0.975514,0.975211,0.957096,1906,0.953806,0.976357,0.953555,0.953806,0.842044,0.9137,0.853543,0.542477,0.672998,0.558005,0.583691,0.962427,0.969729,0.965879,0.514045,12.32252224,512,16,10356.30617,0.183945894,2.022,8.244917265
simvarmass_8038687b,35,500,518,0.432208,0.868146,5;3,17,0.543999,0.615385,0.615385,0.714286,17,0.576969,0.64,0.64,0.757576,22845,0.000782,0.002185,0.002185,0.714286,0.279043,0.372093,0.771429,NaN,NaN,NaN,0.514045,0.277922,0.434783,0.285714,0.611125,2.39699404,512,16,10356.30617,0.003379583,0.036,0.083293229
simvarmass_8064ea81,2089,500,1855,0.165643,0.837713,5;3,1848,0.891134,0.939509,0.937262,0.891336,1848,0.937823,0.964908,0.962692,0.938035,1990,0.918601,0.956804,0.940917,0.918621,0.809493,0.890302,0.82001,0.580955,0.677858,0.608904,0.611125,0.483633,0.643766,0.485878,0.578672,22.39756585,512,16,10356.30617,0.201712847,2.71,16.36048611
simvarmass_80c1924a,2648,500,1337,0.324187,0.634725,5;3,2273,0.870859,0.924909,0.918919,0.874622,2273,0.905748,0.944353,0.938369,0.909662,2549,0.891652,0.942857,0.914759,0.897659,0.815331,0.886013,0.85423,0.261183,0.412209,0.267749,0.578672,0.521801,0.67824,0.523792,0.723764,8.248325812,512,16,10356.30617,0.255689621,1.674,5.163686391
simvarmass_80d55429,3880,500,3435,0.064546,0.134724,5;3,2870,0.88067,0.936549,0.85037,0.88067,2870,0.922516,0.959697,0.873137,0.922516,3548,0.908763,0.952201,0.949381,0.908763,0.808439,0.893914,0.810052,0.685599,0.734737,0.723969,0.723764,NaN,NaN,NaN,0.56453,106.4357203,512,16,10356.30617,0.374650955,5.87,90.94289344
simvarmass_80f2941a,978,500,3987,0.341138,0.751549,5;3,895,0.916552,0.95457,0.95355,0.9182,895,0.95973,0.977559,0.97649,0.961456,984,0.953988,0.976452,0.95107,0.953988,0.83175,0.90604,0.834356,0.70844,0.754653,0.737219,0.56453,0.527721,0.672247,0.533742,0.660949,23.37470466,512,16,10356.30617,0.094435215,6.974,20.44333965
simvarmass_811ea018,4337,500,2262,0.218005,0.544051,5;3,3681,0.85094,0.919303,0.917685,0.851049,3681,0.888855,0.940982,0.939359,0.888969,3884,0.86742,0.929004,0.915217,0.86742,0.795918,0.885435,0.800553,0.481201,0.625928,0.505418,0.660949,0.549506,0.699708,0.551764,0.741486,20.75181762,512,16,10356.30617,0.418778658,3.524,16.16476686
simvarmass_81bd4ab0,4718,500,4774,0.073332,0.64472,5;3,2241,0.827681,0.905717,0.644058,0.827681,2241,0.868164,0.92943,0.665084,0.868164,3999,0.844426,0.915652,0.914076,0.844426,0.787415,0.880919,0.788682,0.587771,0.687339,0.62251,0.741486,NaN,NaN,NaN,0.553324,130.2023673,512,16,10356.30617,0.455567837,8.548,116.5657557
simvarmass_82540903,646,500,3336,0.24287,0.822893,5;3,594,0.919505,0.958065,0.958065,0.919505,594,0.954984,0.976974,0.976974,0.954984,642,0.94582,0.972156,0.948758,0.94582,0.833622,0.907861,0.835913,0.713121,0.757249,0.74613,0.553324,0.51798,0.669315,0.52322,0.568447,27.4714868,512,16,10356.30617,0.062377453,5.672,23.35405773
simvarmass_827d7229,351,500,3339,0.074875,0.676692,5;3,334,0.954416,0.976676,0.975182,0.954416,334,0.973837,0.986745,0.985251,0.973837,340,0.965812,0.982609,0.981187,0.965812,0.834758,0.909938,0.834758,0.852645,0.843338,0.88604,0.568447,0.646223,0.77027,0.649573,0.676206,89.18864775,512,16,10356.30617,0.033892393,5.678,75.83305509
simvarmass_82c889bc,4802,500,4116,0.362173,0.132946,5;3,128,0.861516,0.925607,0.051927,0.861516,128,0.899739,0.947224,0.054168,0.899739,19145,0.886297,0.939722,0.355452,0.886297,0.816252,0.897809,0.818617,0.525472,0.658738,0.547897,0.676206,0.902778,0.937203,0.904415,0.567145,22.72946907,512,16,10356.30617,0.463678837,7.232,19.96835766
simvarmass_82d1fb2c,397,500,4593,0.101273,0.279612,5;3,364,0.916877,0.956636,0.956636,0.916877,364,0.95288,0.975871,0.975871,0.95288,384,0.95466,0.976804,0.970551,0.95466,0.811083,0.895688,0.811083,0.873688,0.85974,0.901763,0.567145,0.854091,0.897019,0.858942,0.579009,90.70532126,512,16,10356.30617,0.038334131,8.186,80.8310211
simvarmass_8313513c,1772,500,2248,0.344737,0.349048,5;3,1621,0.918654,0.955804,0.955497,0.920429,1621,0.956436,0.975933,0.975624,0.958284,24273,0.939148,0.968876,0.129084,0.948646,0.847638,0.917023,0.857788,0.543375,0.665559,0.564898,0.579009,0.746053,0.844218,0.749436,0.616025,13.04182609,512,16,10356.30617,0.171103477,3.496,10.14106406
simvarmass_837233ab,2352,500,2845,0.268052,0.752643,5;3,2096,0.892413,0.942234,0.941996,0.892432,2096,0.934946,0.965454,0.965215,0.934967,22922,0.914966,0.955595,0.170294,0.914966,0.824178,0.90291,0.832908,0.60497,0.698874,0.633503,0.616025,0.500681,0.65704,0.502976,0.571043,21.22722457,512,16,10356.30617,0.227108002,4.69,17.49660514
simvarmass_837d2c66,1856,500,2364,0.487457,0.10905,5;3,1690,0.91305,0.953187,0.953187,0.915409,1690,0.9499,0.972942,0.972942,0.952354,23945,0.89226,0.944594,0.136119,0.946121,0.833487,0.909994,0.85722,0.395438,0.556296,0.404634,0.571043,0.941797,0.962674,0.942888,0.580094,9.699317068,512,16,10356.30617,0.179214478,3.728,7.647854067
simvarmass_83876660,2724,500,602,0.169952,0.187093,5;3,2425,0.893984,0.941815,0.940765,0.896476,2425,0.935181,0.964257,0.963213,0.937788,22430,0.838921,0.915837,0.201161,0.928781,0.824029,0.901448,0.853524,0.104513,0.189467,0.104993,0.580094,0.832579,0.893684,0.83627,0.581583,7.084353229,512,16,10356.30617,0.263028145,0.204,1.200338919
simvarmass_8431587b,1699,500,2086,0.299266,0.086533,5;3,1562,0.92039,0.957082,0.956762,0.920541,1562,0.961712,0.97899,0.97867,0.96187,1742,0.958211,0.978659,0.946237,0.958211,0.853313,0.920343,0.862861,0.605164,0.718635,0.632137,0.581583,0.954994,0.971377,0.957034,0.665068,13.9407751,512,16,10356.30617,0.164054632,3.172,10.5992662
simvarmass_844a2817,3246,500,2535,0.148871,0.317418,5;3,538,0.876551,0.934208,0.284355,0.877079,538,0.999398,0.999649,0.317873,1,2998,0.906654,0.951042,0.942665,0.906654,0.830038,0.907227,0.831485,0.65704,0.730963,0.693469,0.665068,0.740183,0.83755,0.743376,0.666844,34.05633065,512,16,10356.30617,0.313432217,4.07,27.33910567
simvarmass_845067c4,2978,500,3037,0.14483,0.532475,5;3,2337,0.885115,0.938914,0.879022,0.885158,2337,0.928778,0.962922,0.902802,0.928823,2764,0.913029,0.954537,0.947057,0.913029,0.832779,0.908126,0.834453,0.669449,0.731094,0.712559,0.666844,0.605082,0.742094,0.606783,0.578836,41.93882483,512,16,10356.30617,0.287554264,5.074,35.034178
simvarmass_84adf24e,780,500,4731,0.158261,0.849291,5;3,697,0.89359,0.943805,0.943805,0.89359,697,0.943166,0.970752,0.970752,0.943166,731,0.930769,0.964143,0.960953,0.930769,0.814103,0.897527,0.814103,0.794549,0.792867,0.834615,0.578836,0.512956,0.662838,0.517949,0.725192,59.78731336,512,16,10356.30617,0.075316429,8.462,53.46863725
simvarmass_8523e7f2,4684,500,2374,0.054404,0.533721,5;3,930,0.835696,0.910359,0.331315,0.835824,930,0.999847,0.999745,0.383901,1,4009,0.846712,0.916994,0.912458,0.846712,0.796401,0.886121,0.797395,0.582689,0.68581,0.61187,0.725192,NaN,NaN,NaN,0.616089,87.27299463,512,16,10356.30617,0.452284813,3.748,68.89199324
simvarmass_8540b49c,1774,500,3376,0.188483,0.862269,5;3,1590,0.902154,0.946434,0.944709,0.90248,1590,0.940871,0.967332,0.965664,0.941211,1698,0.931793,0.964692,0.952189,0.931793,0.829053,0.905451,0.830891,0.662398,0.727454,0.691657,0.616089,0.488808,0.646884,0.491545,0.646874,35.82285936,512,16,10356.30617,0.171296597,5.752,30.51734109
simvarmass_859ce34a,4501,500,1787,0.25015,0.064289,5;3,3948,0.877272,0.934091,0.933838,0.877583,3948,0.909397,0.952002,0.951749,0.909719,4224,0.897578,0.946025,0.926074,0.897578,0.822673,0.901522,0.830926,0.405178,0.568275,0.417463,0.646874,0.924661,0.951351,0.925572,0.592561,14.28742754,512,16,10356.30617,0.43461442,2.574,10.2898261
simvarmass_85ad50e3,1761,500,3988,0.390921,0.753348,5;3,1583,0.899478,0.944976,0.944976,0.900057,1583,0.94397,0.969028,0.969028,0.944577,1705,0.932425,0.965031,0.94749,0.932425,0.832868,0.907287,0.839864,0.617214,0.705116,0.645656,0.592561,0.501387,0.658265,0.504259,0.528982,20.40309935,512,16,10356.30617,0.170041323,6.976,17.84503774
simvarmass_86403c8b,296,500,2916,0.364054,0.107277,5;3,273,0.917315,0.955908,0.952548,0.918919,273,0.95272,0.97482,0.971326,0.954386,331,0.959459,0.97931,0.905901,0.959459,0.826054,0.903704,0.831081,0.783337,0.816399,0.807432,0.528982,0.930101,0.945709,0.935811,0.581545,16.01960149,512,16,10356.30617,0.028581619,4.832,13.27275624
simvarmass_8678b71a,1445,500,3297,0.356558,0.137624,5;3,1343,0.931114,0.963415,0.963415,0.931488,1343,0.967957,0.982803,0.982803,0.968345,1464,0.96263,0.980959,0.956342,0.96263,0.833619,0.90717,0.838062,0.742988,0.775017,0.777163,0.581545,0.959841,0.970887,0.961938,0.619602,18.49348493,512,16,10356.30617,0.139528513,5.594,15.68889213
simvarmass_86c06037,1461,500,4760,0.17756,0.363752,5;3,1376,0.941821,0.970039,0.970039,0.941821,1376,0.970381,0.984968,0.984968,0.970381,1424,0.962355,0.980816,0.974697,0.962355,0.833849,0.909023,0.83436,0.810769,0.804833,0.850787,0.619602,0.715261,0.817087,0.720055,0.525657,53.61567921,512,16,10356.30617,0.141073465,8.52,47.98378013
simvarmass_86c518d7,530,500,1428,0.470952,0.466785,5;3,502,0.937381,0.962099,0.959302,0.950943,502,0.974141,0.981169,0.978261,0.988235,26102,0.031783,0.062719,0.039051,0.981132,0.857187,0.911315,0.890566,0.131015,0.234323,0.133962,0.525657,0.74587,0.843683,0.749057,0.551761,6.064312287,512,16,10356.30617,0.051176548,1.856,3.940953643
simvarmass_87ad8028,973,500,1484,0.271519,0.314358,5;3,900,0.930228,0.961025,0.961025,0.932169,900,0.965968,0.979858,0.979858,0.967983,25648,0.963002,0.981172,0.070471,0.964029,0.845844,0.915367,0.863309,0.505061,0.645529,0.523124,0.551761,0.783603,0.870655,0.786228,0.573317,10.93109506,512,16,10356.30617,0.093952417,1.968,7.24811155
simvarmass_87b7f5cd,1213,500,4451,0.444632,0.347166,5;3,1114,0.92117,0.957456,0.957456,0.921682,1114,0.960773,0.97848,0.97848,0.961307,1192,0.954658,0.976803,0.962994,0.954658,0.856472,0.921368,0.8615,0.740016,0.783552,0.769167,0.573317,0.738304,0.834185,0.742786,0.667317,20.02105112,512,16,10356.30617,0.117126703,7.902,17.77200022
simvarmass_8876c877,3524,500,1686,0.100775,0.88602,5;3,2865,0.846675,0.915899,0.896228,0.846765,2865,0.884579,0.937628,0.917922,0.884672,3073,0.859818,0.924485,0.918599,0.859818,0.799112,0.885556,0.803065,0.540157,0.657044,0.568388,0.667317,0.447612,0.612466,0.448922,0.655747,33.46067973,512,16,10356.30617,0.340275764,2.372,23.53758373
simvarmass_88c53e48,3944,500,3775,0.35542,0.111947,5;3,3446,0.881065,0.936531,0.932341,0.881085,3446,0.921974,0.95915,0.954955,0.921995,3725,0.912018,0.953985,0.938062,0.912018,0.828325,0.905791,0.83215,0.577152,0.693878,0.603448,0.655747,0.941177,0.959412,0.942444,0.515155,21.24247369,512,16,10356.30617,0.380830765,6.55,18.42890102
simvarmass_896b855f,30,500,4729,0.444042,0.677723,5;3,33,0.9,0.947368,0.857143,0.9,33,0.9,0.947368,0.857143,0.9,34,0.9,0.947368,0.84375,0.9,0.733333,0.846154,0.733333,0.65936,0.688525,0.733333,0.515155,0.896936,0.931034,0.9,0.638094,21.29978696,512,16,10356.30617,0.002896786,8.458,19.04774774
simvarmass_896ffc5c,2597,500,2829,0.191242,0.733428,5;3,2316,0.893718,0.94345,0.942805,0.893724,2316,0.933622,0.965245,0.964598,0.933628,2408,0.910666,0.953245,0.945055,0.910666,0.835871,0.90932,0.837505,0.621838,0.704786,0.654987,0.638094,0.501746,0.660953,0.504813,0.591031,29.58555129,512,16,10356.30617,0.250765085,4.658,24.35657439
simvarmass_89a0bbc8,1609,500,4746,0.438804,0.144065,5;3,1496,0.931449,0.963607,0.963607,0.931635,1496,0.963176,0.980341,0.980341,0.963368,1615,0.958359,0.978737,0.956576,0.958359,0.835079,0.909214,0.836544,0.744595,0.767215,0.782474,0.591031,0.949926,0.964968,0.954009,0.68569,21.63152569,512,16,10356.30617,0.155364275,8.492,19.3526039
simvarmass_89a470a0,4492,500,4754,0.286709,0.386802,5;3,1943,0.853295,0.920841,0.603885,0.853295,1943,0.89389,0.943972,0.623656,0.89389,18879,0.873553,0.93251,0.335801,0.873553,0.816288,0.898554,0.817231,0.567216,0.681576,0.597061,0.68569,0.653483,0.780281,0.655387,0.635461,33.1625446,512,16,10356.30617,0.433745384,8.508,29.67468758
simvarmass_8bd61e45,2669,500,2483,0.200304,0.29461,5;3,2405,0.902034,0.947389,0.947182,0.902211,2405,0.935326,0.965462,0.965254,0.935509,2531,0.922068,0.959454,0.946538,0.922068,0.83134,0.907343,0.832522,0.681492,0.746724,0.715249,0.635461,0.772041,0.86,0.774822,0.589922,24.79231568,512,16,10356.30617,0.257717371,3.966,19.79990415
simvarmass_8be11847,3946,500,1603,0.478078,0.206053,5;3,3409,0.862972,0.92314,0.92291,0.8667,3409,0.902063,0.945125,0.944878,0.90596,20979,0.359594,0.555231,0.282528,0.892296,0.81214,0.892467,0.843639,0.093129,0.170794,0.093512,0.589922,0.75831,0.847443,0.762291,0.609756,6.706018683,512,16,10356.30617,0.381023884,2.206,4.614309799
simvarmass_8c57a37a,2080,500,3893,0.356755,0.071116,5;3,1882,0.905709,0.949255,0.949016,0.90625,1882,0.952414,0.974346,0.974093,0.952983,2042,0.949038,0.973853,0.957787,0.949038,0.825178,0.903209,0.832212,0.727649,0.767961,0.760577,0.609756,0.962846,0.973717,0.963942,0.522612,21.82450141,512,16,10356.30617,0.200843811,6.786,19.0214573
simvarmass_8d1c2be6,463,500,775,0.341922,0.317425,5;3,400,0.942408,0.956044,0.915411,0.950324,400,0.971793,0.970982,0.930506,0.979955,24969,0.035046,0.069251,0.035546,0.976242,0.853309,0.889919,0.904968,0.013877,0.029724,0.015119,0.522612,0.781904,0.854142,0.790497,0.586437,4.53319763,512,16,10356.30617,0.04470706,0.55,1.608553998
simvarmass_8d8f03ef,1026,500,3930,0.19774,0.451329,5;3,942,0.91889,0.957317,0.957317,0.919103,942,0.955198,0.976672,0.976672,0.95542,1003,0.952242,0.975537,0.963036,0.952242,0.852026,0.919431,0.852827,0.82859,0.819203,0.864522,0.586437,0.663943,0.780682,0.669591,0.581675,39.74916557,512,16,10356.30617,0.099070072,6.86,34.69201982
simvarmass_8e0ce813,2861,500,1198,0.308818,0.379192,5;3,2528,0.885794,0.936746,0.936352,0.888501,2528,0.922219,0.956802,0.956406,0.925036,22476,0.752235,0.866017,0.206891,0.916113,0.818009,0.89679,0.851101,0.203599,0.339148,0.20727,0.581675,0.654464,0.784468,0.660259,0.689258,7.758615107,512,16,10356.30617,0.2762568,1.396,4.52046189
simvarmass_8e23897e,3244,500,2536,0.083877,0.634088,5;3,457,0.87051,0.930631,0.24696,0.87053,457,0.915672,0.95583,0.258119,0.915694,2929,0.897657,0.946069,0.943463,0.897657,0.808944,0.894898,0.811036,0.655987,0.714694,0.694205,0.689258,0.544409,0.696113,0.546547,0.603578,60.469497,512,16,10356.30617,0.313239098,4.072,48.54727756
simvarmass_8e2ac158,3125,500,1891,0.350193,0.631089,5;3,2732,0.8771,0.931105,0.929828,0.87776,2732,0.916395,0.95288,0.951599,0.917085,21802,0.884557,0.939236,0.223854,0.8928,0.81419,0.89364,0.83808,0.355477,0.514772,0.368,0.603578,0.541108,0.69215,0.54304,0.554342,10.79975899,512,16,10356.30617,0.301748514,2.782,7.944190775
simvarmass_8e41c1bc,3738,500,598,0.322254,0.197708,5;3,3252,0.85119,0.904024,0.902718,0.872659,3252,0.894503,0.927904,0.926715,0.917065,21110,0.217169,0.382803,0.26803,0.890851,0.782441,0.833383,0.860888,0.006153,0.012231,0.006153,0.554342,0.572144,0.719587,0.578384,0.714089,3.711358121,512,16,10356.30617,0.360939503,0.196,0.608215879
simvarmass_8e690e5d,4054,500,3787,0.104818,0.272458,5;3,2246,0.875451,0.933474,0.712698,0.875678,2246,0.915183,0.955585,0.733181,0.91542,3663,0.897139,0.945781,0.942594,0.897139,0.81494,0.898031,0.815738,0.667016,0.730175,0.705229,0.714089,NaN,NaN,NaN,0.636275,72.25858154,512,16,10356.30617,0.391452312,6.574,62.71823542
simvarmass_8f21444d,1207,500,3721,0.064735,0.307566,5;3,622,0.92792,0.962613,0.680153,0.92792,622,1,1,0.714122,1,1164,0.958575,0.978849,0.97596,0.958575,0.826015,0.904719,0.826015,0.849059,0.840604,0.884838,0.636275,0.760984,0.844749,0.766363,0.600765,114.9609948,512,16,10356.30617,0.116547346,6.442,99.51340079
simvarmass_8f7e5c76,2616,500,1630,0.241481,0.868028,5;3,2211,0.869632,0.917744,0.911539,0.873471,2211,0.915107,0.942887,0.936768,0.919147,2420,0.897924,0.93913,0.928118,0.900612,0.79318,0.864363,0.831804,0.434671,0.57954,0.452599,0.600765,0.463845,0.627289,0.465214,0.72574,13.50002692,512,16,10356.30617,0.252599716,2.26,9.358914366
simvarmass_8fbfc6b1,4809,500,4523,0.119125,0.517852,5;3,1064,0.839052,0.912483,0.362336,0.839052,1064,0.878702,0.935435,0.376238,0.878702,4123,0.852984,0.92066,0.918495,0.852984,0.787344,0.881143,0.788729,0.588719,0.690609,0.6178,0.72574,NaN,NaN,NaN,0.710469,75.93704092,512,16,10356.30617,0.464354753,8.046,67.54249738
simvarmass_8fc9dc3f,4252,500,3404,0.109476,0.418279,5;3,884,0.856955,0.922765,0.344237,0.857008,884,0.999938,0.999726,0.390459,1,3761,0.87841,0.93527,0.932235,0.87841,0.809221,0.894252,0.810442,0.627446,0.708902,0.659219,0.710469,NaN,NaN,NaN,0.606873,62.18714604,512,16,10356.30617,0.410571098,5.808,53.05272388
simvarmass_8ff198d4,678,500,3443,0.051027,0.236656,5;3,632,0.932153,0.964885,0.964885,0.932153,632,0.979845,0.98982,0.98982,0.979845,665,0.974926,0.987304,0.984363,0.974926,0.86464,0.926598,0.865782,0.872451,0.846608,0.910029,0.606873,0.906616,0.925057,0.914454,0.711139,134.9481647,512,16,10356.30617,0.065467358,5.886,115.3506967
simvarmass_9007607f,4296,500,4206,0.127822,0.380876,5;3,1742,0.86247,0.926153,0.576681,0.862663,1742,0.905025,0.950135,0.596642,0.905227,3850,0.885708,0.93939,0.934201,0.885708,0.805742,0.891659,0.808194,0.628724,0.710359,0.664804,0.711139,NaN,NaN,NaN,0.673239,65.8102674,512,16,10356.30617,0.414819717,7.412,57.98688802
simvarmass_90194d82,4348,500,4990,0.387404,0.065139,5;3,1063,0.866667,0.928554,0.392903,0.866835,1063,0.999806,0.999867,0.439983,1,19559,0.890294,0.941964,0.323838,0.890294,0.816246,0.89767,0.816697,0.586408,0.698052,0.613845,0.673239,0.927533,0.954497,0.928013,0.641717,25.76122084,512,16,10356.30617,0.419840813,8.98,23.17993619
simvarmass_90c2bed3,4534,500,3499,0.476444,0.801068,5;3,3759,0.82722,0.902524,0.901966,0.827305,3759,0.865593,0.924981,0.92437,0.865682,3912,0.838549,0.911228,0.900308,0.838553,0.794033,0.876172,0.814954,0.393695,0.548985,0.408469,0.641717,0.451549,0.615316,0.453683,0.616341,14.68798012,512,16,10356.30617,0.437800884,5.998,12.58909756
simvarmass_90c81c23,2876,500,1599,0.224754,0.144216,5;3,2570,0.894017,0.943272,0.943077,0.894993,2570,0.936341,0.966334,0.96614,0.937363,2838,0.926982,0.962121,0.933497,0.92733,0.827898,0.904698,0.837622,0.525841,0.657419,0.543811,0.616341,0.922105,0.948513,0.923505,0.534767,14.22889025,512,16,10356.30617,0.277705193,2.198,9.779581231
simvarmass_90ce4753,430,500,1920,0.279951,0.60511,5;3,404,0.94305,0.97006,0.968825,0.944186,404,0.965504,0.981818,0.980583,0.966667,27199,0.965116,0.982249,0.030041,0.965116,0.830534,0.906091,0.848837,0.627757,0.724902,0.646512,0.534767,0.611841,0.75,0.616279,0.688934,13.71668613,512,16,10356.30617,0.041520596,2.84,10.14463245
simvarmass_9126b6c6,4795,500,4141,0.252297,0.860508,5;3,2894,0.814589,0.897725,0.752764,0.814599,2894,0.852829,0.920467,0.774418,0.852838,18528,0.828041,0.905626,0.340522,0.828154,0.778001,0.873226,0.779145,0.483114,0.618969,0.509698,0.688934,0.4486,0.612651,0.449426,0.575594,32.82639112,512,16,10356.30617,0.46300292,7.282,28.86280852
simvarmass_9138c9b7,4232,500,1001,0.395051,0.560671,5;3,3300,0.856478,0.904148,0.869092,0.864839,3300,0.89035,0.923117,0.888075,0.899042,20987,0.354605,0.556342,0.290099,0.864367,0.781743,0.836582,0.849716,0.044238,0.084953,0.044423,0.575594,0.481673,0.642432,0.484405,0.550402,5.06770012,512,16,10356.30617,0.408639908,1.002,2.536381379
simvarmass_9141969d,555,500,4403,0.294479,0.319422,5;3,517,0.929716,0.962617,0.960821,0.92973,517,0.973571,0.985646,0.983763,0.973585,576,0.972973,0.986301,0.954907,0.972973,0.863212,0.924565,0.866667,0.868468,0.84721,0.902703,0.550402,0.831914,0.879227,0.845045,0.594825,29.90366036,512,16,10356.30617,0.053590536,7.806,26.50783248
simvarmass_9144135b,2838,500,2020,0.393519,0.266678,5;3,2521,0.890503,0.93997,0.939728,0.89253,2521,0.932564,0.962949,0.962722,0.934686,2863,0.911427,0.954232,0.921593,0.925652,0.833789,0.907308,0.850247,0.36,0.523607,0.369274,0.594825,0.791996,0.872233,0.794221,0.516727,10.26634038,512,16,10356.30617,0.274035931,3.04,7.725167019
simvarmass_9152f7db,54,500,4432,0.383568,0.105834,5;3,58,0.703704,0.826087,0.678571,0.703704,58,0.703704,0.826087,0.678571,0.703704,76,0.703704,0.826087,0.584615,0.703704,0.555556,0.714286,0.555556,0.704884,0.777778,0.722222,0.516727,0.750967,0.857143,0.777778,0.54135,23.10933133,512,16,10356.30617,0.005214214,7.864,20.50223168
simvarmass_91bac5d1,1152,500,745,0.248077,0.682455,5;3,945,0.904105,0.925251,0.892704,0.914062,945,0.9503,0.949486,0.917197,0.960766,1278,0.820276,0.903388,0.890535,0.943576,0.784656,0.838805,0.869792,0.161015,0.279206,0.164931,0.54135,0.527738,0.686937,0.530382,0.609274,6.006199688,512,16,10356.30617,0.111236572,0.49,1.975193186
simvarmass_91c509e6,1924,500,3763,0.292561,0.593521,5;3,1738,0.903649,0.948375,0.948116,0.903846,1738,0.939795,0.96794,0.96767,0.94,1817,0.924636,0.960843,0.951083,0.924636,0.835033,0.909297,0.836279,0.700115,0.751531,0.733368,0.609274,0.562407,0.711387,0.564969,0.61721,25.72454975,512,16,10356.30617,0.185780525,6.526,22.30645917
simvarmass_91d12f66,3310,500,2715,0.426676,0.095714,5;3,2968,0.899329,0.945072,0.944887,0.9,2968,0.934625,0.964263,0.964083,0.935322,21498,0.912204,0.954524,0.246211,0.922659,0.831371,0.906719,0.843505,0.450901,0.602875,0.462538,0.61721,0.9324,0.957473,0.934441,0.532777,12.72628411,512,16,10356.30617,0.319612026,4.43,10.38258538
simvarmass_927f997e,624,500,1148,0.288684,0.785405,5;3,555,0.921675,0.941275,0.93469,0.939103,555,0.955358,0.958974,0.952463,0.973422,26523,0.171535,0.299306,0.044572,0.969551,0.801766,0.853503,0.878205,0.33373,0.494845,0.346154,0.532777,0.579628,0.725275,0.581731,0.551092,7.953333056,512,16,10356.30617,0.060253143,1.296,4.489337823
simvarmass_9291bcb4,3548,500,849,0.468811,0.521268,5;3,2493,0.849005,0.87195,0.810131,0.881342,2493,0.88518,0.89154,0.830054,0.918895,20987,0.13199,0.255553,0.255553,0.883596,0.757749,0.783887,0.883033,0.007046,0.013994,0.007046,0.551092,0.453707,0.617692,0.458568,0.610658,3.621928666,512,16,10356.30617,0.342593193,0.698,1.488872915
simvarmass_92c1b5c1,2904,500,3180,0.470404,0.166773,5;3,2593,0.894712,0.943081,0.94306,0.894972,2593,0.932608,0.963761,0.963748,0.932879,2862,0.919423,0.958065,0.927159,0.920455,0.826819,0.904502,0.836088,0.524399,0.661765,0.542355,0.610658,0.90144,0.936355,0.902893,0.646053,13.52029319,512,16,10356.30617,0.280408859,5.36,11.39446093
simvarmass_92c70a2a,4763,500,2199,0.320632,0.143944,5;3,4085,0.857078,0.922799,0.922694,0.857233,4085,0.897595,0.945783,0.945674,0.897757,19700,0.878929,0.936066,0.345338,0.886836,0.810942,0.893883,0.82427,0.379205,0.542552,0.388831,0.646053,0.868362,0.919099,0.86941,0.670814,13.7166596,512,16,10356.30617,0.459913015,3.398,10.59781931
simvarmass_93909125,4718,500,4100,0.365771,0.29272,5;3,2742,0.855345,0.922128,0.734853,0.855871,2742,0.897979,0.946332,0.757601,0.898531,4276,0.87749,0.934748,0.920614,0.87749,0.79878,0.887475,0.801187,0.515569,0.651642,0.536244,0.670814,0.707918,0.817152,0.710894,0.667422,22.4183984,512,16,10356.30617,0.455567837,7.2,19.68444737
simvarmass_93d17249,4804,500,2936,0.291405,0.486685,5;3,3927,0.840744,0.913388,0.899324,0.840758,3927,0.88071,0.936471,0.922354,0.880724,4271,0.861366,0.92552,0.911956,0.861366,0.803558,0.889889,0.805579,0.46849,0.613696,0.488759,0.667422,0.571764,0.718819,0.572856,0.579632,20.15064944,512,16,10356.30617,0.463871956,4.872,16.71899933
simvarmass_9418b085,3337,500,1182,0.360509,0.476562,5;3,2906,0.875436,0.928366,0.927118,0.879533,2906,0.914058,0.949779,0.948541,0.918335,21696,0.315235,0.505325,0.238805,0.895715,0.813827,0.884844,0.852562,0.130791,0.232607,0.132754,0.579632,0.565277,0.712726,0.567276,0.567746,6.557395238,512,16,10356.30617,0.322219133,1.364,3.783539385
simvarmass_943c95ac,1403,500,2846,0.432686,0.48325,5;3,1284,0.919312,0.956101,0.955713,0.921597,1284,0.950475,0.972748,0.972359,0.952837,1444,0.944405,0.971408,0.930804,0.944405,0.838757,0.910078,0.854597,0.573655,0.683866,0.595153,0.567746,0.622536,0.753484,0.625802,0.577655,13.15503622,512,16,10356.30617,0.135473013,4.692,10.84389141
simvarmass_94511d9a,1138,500,3672,0.310733,0.132515,5;3,1080,0.94983,0.972949,0.972949,0.949912,1080,0.977311,0.987191,0.987191,0.977396,1144,0.974517,0.987094,0.971954,0.974517,0.84033,0.911695,0.841828,0.823066,0.816901,0.86116,0.577655,0.957588,0.969452,0.961336,0.585412,23.63443857,512,16,10356.30617,0.109884739,6.344,20.4162416
simvarmass_9464ff4e,1728,500,3667,0.472852,0.178858,5;3,1590,0.922886,0.95812,0.957806,0.92419,1590,0.958958,0.977259,0.976944,0.960313,24200,0.854796,0.924157,0.12689,0.951968,0.846492,0.916327,0.859954,0.679216,0.752069,0.710069,0.585412,0.940408,0.958633,0.943866,0.539072,15.51013848,512,16,10356.30617,0.166854858,6.334,13.39531185
simvarmass_94669813,1021,500,1561,0.452194,0.081845,5;3,941,0.925498,0.959267,0.958206,0.926543,941,0.961275,0.978193,0.977131,0.96236,25217,0.140676,0.254484,0.074625,0.958864,0.840701,0.910638,0.863859,0.174527,0.299669,0.177277,0.539072,0.946364,0.961209,0.94907,0.524279,6.904116375,512,16,10356.30617,0.098587275,2.122,4.692676152
simvarmass_9531917a,37,500,4003,0.179245,0.360891,5;3,60,0.702703,0.825397,0.536082,0.702703,60,0.8125,0.896552,0.565217,0.8125,29,0.702703,0.825397,0.787879,0.702703,0.702703,0.825397,0.702703,0.673423,0.786885,0.675676,0.524279,0.675676,0.806452,0.675676,0.663086,44.66512316,512,16,10356.30617,0.003572702,7.006,39.08616698
simvarmass_958fc30a,3334,500,3861,0.237985,0.493364,5;3,2405,0.872525,0.931924,0.838125,0.872525,2405,0.912484,0.95424,0.860004,0.912484,3034,0.894121,0.944101,0.936244,0.894121,0.806119,0.891914,0.806539,0.643842,0.729712,0.676965,0.663086,0.593693,0.734467,0.595681,0.545659,32.44742316,512,16,10356.30617,0.321929455,6.722,28.24547766
simvarmass_95aee47a,111,500,970,0.073536,0.653618,5;3,104,0.936937,0.967442,0.967442,0.936937,104,0.945455,0.971963,0.971963,0.945455,119,0.945946,0.972222,0.913043,0.945946,0.842348,0.911765,0.846847,0.759679,0.786026,0.810811,0.545659,0.765612,0.861538,0.765766,0.582398,26.38163621,512,16,10356.30617,0.010718107,0.94,12.78285466
simvarmass_95ccffdb,1685,500,3209,0.393942,0.847284,5;3,1500,0.90112,0.943089,0.941287,0.903264,1500,0.937277,0.962656,0.960897,0.939506,1618,0.916844,0.953618,0.934908,0.916914,0.816404,0.889253,0.838576,0.569742,0.675456,0.592878,0.582398,0.493968,0.655686,0.496736,0.605595,16.29173838,512,16,10356.30617,0.162702799,5.418,13.75329363
simvarmass_95fd9ae1,4433,500,515,0.144293,0.452659,5;3,3761,0.850651,0.911429,0.908226,0.855177,3761,0.886861,0.931894,0.928741,0.89158,20374,0.497921,0.691165,0.309348,0.865554,0.812817,0.887918,0.847958,0.109749,0.199514,0.111211,0.605595,0.574056,0.720394,0.577713,0.643389,7.138253415,512,16,10356.30617,0.428048372,0.03,0.207910294
simvarmass_965d6e75,3890,500,2981,0.350438,0.300581,5;3,3374,0.863381,0.92588,0.924284,0.863496,3374,0.907472,0.95068,0.948975,0.907593,3624,0.891003,0.94236,0.922545,0.891003,0.818107,0.8986,0.822365,0.51231,0.652946,0.53419,0.643389,0.729147,0.82988,0.731105,0.580628,17.01299517,512,16,10356.30617,0.37561655,4.962,14.15942335
simvarmass_96b86f97,1604,500,2638,0.315185,0.837492,5;3,1439,0.899038,0.94512,0.94512,0.900249,1439,0.93884,0.966723,0.966723,0.940104,24555,0.920758,0.958469,0.113001,0.921446,0.831774,0.901129,0.854738,0.568518,0.683453,0.592269,0.580628,0.497451,0.657388,0.500623,0.624857,16.73937529,512,16,10356.30617,0.154881477,4.276,13.56663547
simvarmass_970e718a,4802,500,1949,0.397122,0.411707,5;3,4011,0.836803,0.909442,0.909338,0.837151,4011,0.879092,0.933924,0.933815,0.879457,19937,0.861933,0.925914,0.334937,0.862766,0.797692,0.884638,0.818201,0.241216,0.387785,0.245939,0.624857,0.599373,0.739565,0.601416,0.697106,9.81562341,512,16,10356.30617,0.463678837,2.898,7.297505552
simvarmass_973b6dd9,4272,500,4271,0.207085,0.295661,5;3,1064,0.865169,0.927711,0.398801,0.865169,1064,0.903226,0.949153,0.412723,0.903226,3845,0.886938,0.940082,0.933596,0.886938,0.810904,0.894852,0.813202,0.62745,0.715939,0.658708,0.697106,0.741239,0.83917,0.743212,0.62062,41.24876259,512,16,10356.30617,0.412502289,7.542,36.41982761
simvarmass_97e645de,2090,500,4110,0.286552,0.511949,5;3,1898,0.909091,0.952381,0.951856,0.909091,1898,0.944804,0.971619,0.971092,0.944804,1978,0.932057,0.964834,0.957719,0.932057,0.838758,0.912116,0.840191,0.720249,0.758033,0.754545,0.62062,0.615006,0.751455,0.617703,0.553137,28.68589296,512,16,10356.30617,0.201809406,7.22,25.19612496
simvarmass_97f8c504,753,500,4462,0.418221,0.600471,5;3,692,0.921634,0.958506,0.957785,0.921647,692,0.962538,0.980198,0.979476,0.962552,778,0.954847,0.976902,0.939255,0.954847,0.83219,0.907112,0.840637,0.749772,0.782032,0.776892,0.553137,0.606541,0.732959,0.613546,0.681646,21.33800072,512,16,10356.30617,0.072709322,7.924,18.94692041
simvarmass_9819ab98,3581,500,3017,0.149089,0.540548,5;3,414,0.867914,0.929148,0.207259,0.867914,414,0.910636,0.953082,0.216357,0.910636,3230,0.890813,0.942254,0.93672,0.890813,0.815487,0.89774,0.816252,0.624505,0.705477,0.658196,0.681646,0.587026,0.733241,0.5895,0.596099,40.47246946,512,16,10356.30617,0.345779657,5.034,33.7650665
simvarmass_983b3ec5,1094,500,2936,0.139261,0.425602,5;3,1008,0.923213,0.959582,0.959087,0.923218,1008,0.95916,0.978661,0.978166,0.959164,1082,0.952468,0.975655,0.957721,0.952468,0.823333,0.902903,0.824497,0.838488,0.831798,0.875686,0.596099,0.685424,0.788291,0.689214,0.637248,42.16543038,512,16,10356.30617,0.10563612,4.872,34.98466907
simvarmass_98de8b85,1665,500,4548,0.139319,0.221288,5;3,1525,0.924324,0.960674,0.956113,0.924324,1525,0.966709,0.983073,0.978505,0.966709,1623,0.963363,0.98134,0.975669,0.963363,0.856034,0.922032,0.856456,0.821521,0.817781,0.855856,0.637248,0.918547,0.938404,0.921321,0.587652,65.28901298,512,16,10356.30617,0.160771608,8.096,58.11124111
simvarmass_98f00cc4,3232,500,1514,0.387056,0.565914,5;3,2835,0.880424,0.929804,0.927641,0.883045,2835,0.915256,0.948993,0.946837,0.91798,3382,0.879501,0.936627,0.871485,0.891708,0.816352,0.890399,0.851795,0.217489,0.356803,0.220297,0.587652,0.539679,0.693603,0.54177,0.594983,7.823157373,512,16,10356.30617,0.312080383,2.028,5.239551899
simvarmass_99146b12,2331,500,1573,0.251346,0.192421,5;3,2103,0.90598,0.948839,0.948579,0.906478,2103,0.947438,0.971165,0.970914,0.947959,23338,0.930959,0.96442,0.170011,0.936079,0.841736,0.913448,0.85414,0.511215,0.653397,0.5281,0.594983,0.894671,0.927305,0.897469,0.649293,12.51661057,512,16,10356.30617,0.225080252,2.146,8.53803124
simvarmass_999606ec,3393,500,738,0.072076,0.446618,5;3,2998,0.887624,0.938878,0.937881,0.888005,2998,0.918204,0.955761,0.954763,0.918598,21183,0.901857,0.948396,0.249023,0.901857,0.810952,0.894703,0.819923,0.52993,0.66055,0.551724,0.649293,0.623141,0.758263,0.625405,0.615748,20.47838393,512,16,10356.30617,0.327626467,0.476,6.604140074
simvarmass_9998f2a4,4338,500,1506,0.309515,0.836003,5;3,3512,0.835484,0.891463,0.886879,0.84071,3512,0.870814,0.911666,0.907219,0.876261,20681,0.818297,0.896756,0.294976,0.850622,0.774905,0.844532,0.83195,0.276013,0.428646,0.284924,0.615748,0.427742,0.594284,0.429,0.61697,9.731353892,512,16,10356.30617,0.418875217,2.012,6.500492706
simvarmass_99f8a9e3,2456,500,3942,0.397395,0.464274,5;3,2204,0.898092,0.94547,0.945064,0.898208,2204,0.938202,0.967274,0.96685,0.938324,2354,0.927932,0.962619,0.947609,0.927932,0.837866,0.910702,0.843648,0.626259,0.716177,0.656352,0.61697,0.639822,0.768595,0.64373,0.635953,19.83920281,512,16,10356.30617,0.237150192,6.884,17.32281483
simvarmass_9a8152e0,4740,500,2910,0.499482,0.283413,5;3,4041,0.852614,0.919836,0.919713,0.852743,4041,0.888999,0.940615,0.940491,0.889133,19851,0.871521,0.931442,0.336465,0.872785,0.801217,0.88829,0.818354,0.323324,0.486152,0.331435,0.635953,0.723059,0.828035,0.725316,0.63191,11.65207155,512,16,10356.30617,0.457692146,4.82,9.649997397
simvarmass_9a9434af,4437,500,2371,0.408658,0.285977,5;3,3800,0.858793,0.921938,0.921938,0.859139,3800,0.90082,0.945704,0.945704,0.901182,4183,0.884615,0.938946,0.913457,0.887311,0.817602,0.898687,0.831418,0.337898,0.499675,0.34618,0.63191,0.718977,0.825151,0.721659,0.599225,11.60383499,512,16,10356.30617,0.42843461,3.742,9.156801041
simvarmass_9ab1bb36,1098,500,2814,0.126437,0.173835,5;3,1026,0.934426,0.966102,0.966102,0.934426,1026,0.966102,0.982759,0.982759,0.966102,1065,0.960838,0.980028,0.975497,0.960838,0.844269,0.914568,0.845173,0.836407,0.831545,0.870674,0.599225,0.954852,0.96,0.959927,0.623026,44.51228675,512,16,10356.30617,0.106022358,4.628,36.6032095
simvarmass_9ac0b1e7,4173,500,2556,0.44849,0.745005,5;3,3501,0.844145,0.91044,0.910086,0.844716,3501,0.882198,0.932285,0.931946,0.882795,20518,0.854909,0.92091,0.289012,0.85502,0.788449,0.871354,0.815001,0.340262,0.500339,0.353223,0.623026,0.4743,0.638585,0.475917,0.594529,11.39824745,512,16,10356.30617,0.402942896,4.112,9.168543334
simvarmass_9ad6b4cd,2623,500,1374,0.249349,0.607775,5;3,2315,0.886822,0.936514,0.935196,0.887915,2315,0.923802,0.956827,0.955514,0.92494,22871,0.88391,0.93934,0.186554,0.906596,0.829559,0.90375,0.853222,0.377309,0.538662,0.393061,0.594529,0.553868,0.704606,0.556996,0.716039,11.0206979,512,16,10356.30617,0.253275633,1.748,7.010254703
simvarmass_9b3ab504,3992,500,4364,0.101512,0.832787,5;3,2411,0.836924,0.911223,0.753084,0.836924,2411,0.870959,0.93103,0.771891,0.870959,3395,0.845691,0.916395,0.914038,0.845691,0.800352,0.889167,0.801854,0.575911,0.673273,0.612725,0.716039,NaN,NaN,NaN,0.518844,85.97998266,512,16,10356.30617,0.385465622,7.728,76.12893057
simvarmass_9b532070,44,500,2935,0.262865,0.835813,5;3,29,0.659091,0.794521,0.794521,0.659091,29,0.659091,0.794521,0.794521,0.659091,36,0.659091,0.794521,0.725,0.659091,0.602278,0.742857,0.613636,0.545455,0.705882,0.545455,0.518844,0.681818,0.810811,0.681818,0.570072,22.33085424,512,16,10356.30617,0.004248619,4.87,18.52662013
simvarmass_9b627c8d,4728,500,518,0.249562,0.277579,5;3,3833,0.849821,0.903408,0.877701,0.862944,3833,0.890109,0.925763,0.900204,0.903855,20176,0.228683,0.402749,0.331834,0.873942,0.796853,0.852671,0.867597,0.004194,0.008421,0.00423,0.570072,0.555144,0.706622,0.558587,0.652717,4.15127303,512,16,10356.30617,0.456533432,0.036,0.144252731
simvarmass_9ba43122,4180,500,2084,0.22968,0.407196,5;3,3592,0.860762,0.924798,0.924344,0.860766,3592,0.903789,0.949077,0.948633,0.903793,3802,0.8811,0.936793,0.922826,0.8811,0.813357,0.89607,0.820335,0.492462,0.639749,0.511722,0.652717,0.635885,0.766508,0.637321,0.583498,18.14698711,512,16,10356.30617,0.403618813,3.168,13.79310345
simvarmass_9bfb66b5,1059,500,1054,0.087643,0.858543,5;3,957,0.917016,0.951351,0.944444,0.917847,957,0.953949,0.970913,0.964051,0.954813,1031,0.948025,0.971845,0.959809,0.948064,0.814062,0.886555,0.823418,0.636568,0.712493,0.666667,0.583498,0.473231,0.633121,0.475921,0.542726,24.05212053,512,16,10356.30617,0.102256536,1.108,12.64219618
simvarmass_9c6368fd,989,500,831,0.22712,0.459412,5;3,900,0.917881,0.953586,0.949709,0.923155,900,0.954557,0.973089,0.969206,0.960042,25529,0.747354,0.86054,0.070971,0.951466,0.827596,0.898901,0.857432,0.216511,0.354656,0.221436,0.542726,0.663,0.788936,0.665319,0.535471,7.317717506,512,16,10356.30617,0.09549737,0.662,2.914758718
simvarmass_9ca707ab,273,500,4981,0.262934,0.379046,5;3,248,0.908425,0.952015,0.952015,0.908425,248,0.950192,0.97446,0.97446,0.950192,265,0.956044,0.977528,0.97026,0.956044,0.831502,0.908,0.831502,0.863498,0.865275,0.89011,0.535471,0.824158,0.869396,0.831502,0.657285,37.88783497,512,16,10356.30617,0.02636075,8.962,34.08459918
simvarmass_9cab894e,4542,500,2055,0.23309,0.242305,5;3,3908,0.859277,0.924097,0.923787,0.859313,3908,0.896585,0.945252,0.944922,0.896623,4085,0.875605,0.933678,0.921989,0.875605,0.803081,0.889703,0.807574,0.473227,0.623749,0.493835,0.657285,0.757701,0.851806,0.760238,0.581929,17.63267407,512,16,10356.30617,0.43857336,3.11,13.34248574
simvarmass_9cf70bc5,3554,500,1341,0.433141,0.204668,5;3,3120,0.879372,0.932515,0.931975,0.882105,3120,0.916775,0.953197,0.952673,0.919625,21342,0.846253,0.9198,0.258435,0.905177,0.824252,0.899536,0.854811,0.062615,0.118487,0.063028,0.581929,0.773797,0.858208,0.777434,0.658242,6.191979055,512,16,10356.30617,0.34317255,1.682,3.883262032
simvarmass_9d0581dd,2846,500,3701,0.19268,0.481213,5;3,1337,0.884399,0.938654,0.639254,0.884399,1337,0.91962,0.958127,0.656357,0.91962,2631,0.904779,0.950009,0.940296,0.904779,0.814348,0.897059,0.814476,0.69044,0.739936,0.72558,0.658242,0.612983,0.749732,0.615249,0.555234,38.41602657,512,16,10356.30617,0.274808407,6.402,33.22607432
simvarmass_9d117033,3368,500,536,0.27355,0.314067,5;3,2782,0.862958,0.905583,0.879024,0.882423,2782,0.905434,0.928594,0.902203,0.925857,21444,0.163592,0.302135,0.24472,0.901425,0.791005,0.841216,0.879751,0.008314,0.01649,0.008314,0.555234,0.54641,0.695538,0.550772,0.579548,3.918844818,512,16,10356.30617,0.325212479,0.072,0.263205995
simvarmass_9d409a1f,1817,500,1030,0.181536,0.319905,5;3,1639,0.904329,0.948221,0.947917,0.90809,1639,0.945435,0.970397,0.970092,0.949367,1833,0.936709,0.96732,0.932603,0.936709,0.8523,0.918646,0.860209,0.458808,0.61511,0.474959,0.579548,0.767555,0.856968,0.76995,0.518319,11.34761149,512,16,10356.30617,0.175448656,1.06,5.839062225
simvarmass_9d6b4e07,83,500,4409,0.452549,0.46011,5;3,84,0.879518,0.935897,0.874251,0.879518,84,0.890244,0.941935,0.879518,0.890244,89,0.891566,0.942675,0.860465,0.891566,0.783133,0.878378,0.783133,0.759864,0.784314,0.795181,0.518319,0.773592,0.878981,0.831325,0.537932,19.48518282,512,16,10356.30617,0.008014441,7.818,17.27547735
simvarmass_9d84f4be,638,500,1935,0.367346,0.193585,5;3,606,0.951942,0.974277,0.974277,0.956113,606,0.982749,0.990196,0.990196,0.987055,25803,0.4014,0.576676,0.047502,0.984326,0.870585,0.92953,0.887147,0.591708,0.716806,0.605016,0.537932,0.946902,0.969502,0.952978,0.580729,10.53502692,512,16,10356.30617,0.061604977,2.87,7.812797744
simvarmass_9e509889,1435,500,2183,0.240099,0.387543,5;3,1300,0.907275,0.951023,0.95064,0.907317,1300,0.955201,0.976727,0.976342,0.955246,1432,0.938749,0.968639,0.948029,0.947038,0.844041,0.914372,0.853659,0.707865,0.766606,0.735889,0.580729,0.705013,0.814087,0.707317,0.664275,18.1841657,512,16,10356.30617,0.138562918,3.366,14.01921707
simvarmass_9e65e1b9,4478,500,4101,0.380075,0.360938,5;3,649,0.853282,0.920853,0.253169,0.853506,649,0.999738,0.999869,0.290315,1,4051,0.877613,0.934697,0.921327,0.877624,0.80991,0.893743,0.814649,0.519964,0.656216,0.542206,0.664275,0.656327,0.781013,0.658553,0.582857,21.57995133,512,16,10356.30617,0.432393551,7.202,18.94889167
simvarmass_9e866580,4539,500,830,0.312528,0.155218,5;3,3892,0.860267,0.919962,0.918752,0.865169,3892,0.89415,0.939086,0.937886,0.899244,20477,0.736061,0.85754,0.320995,0.884556,0.814965,0.887218,0.85239,0.020709,0.040578,0.020709,0.582857,0.714499,0.821604,0.718881,0.580772,5.311524087,512,16,10356.30617,0.438283682,0.66,2.111810782
simvarmass_9eb1e2de,1704,500,3118,0.439213,0.529005,5;3,1562,0.919434,0.956202,0.955909,0.920188,1562,0.956481,0.97593,0.975625,0.957265,1707,0.941901,0.970082,0.941073,0.941901,0.847068,0.91619,0.853286,0.581233,0.69241,0.610329,0.580772,0.60261,0.744573,0.603873,0.55749,14.19812255,512,16,10356.30617,0.16453743,5.236,11.92132291
simvarmass_9f7ba4f3,638,500,3298,0.221838,0.704751,5;3,599,0.941237,0.969305,0.968472,0.942006,599,0.976438,0.987654,0.98682,0.977236,628,0.967085,0.983267,0.974724,0.967085,0.869906,0.930427,0.869906,0.806999,0.807432,0.844828,0.55749,0.592158,0.72973,0.595611,0.653112,29.73340906,512,16,10356.30617,0.061604977,5.596,25.22561509
simvarmass_9fe0ac99,3252,500,3006,0.224686,0.081262,5;3,2883,0.886224,0.939527,0.939527,0.886224,2883,0.93148,0.964363,0.964363,0.93148,3082,0.916667,0.956522,0.941269,0.916667,0.82527,0.903856,0.826261,0.678522,0.745352,0.708795,0.653112,0.948159,0.966566,0.948954,0.589626,26.75734136,512,16,10356.30617,0.314011574,5.012,22.30668577
simvarmass_9fe70cf3,2909,500,2044,0.463071,0.325829,5;3,2579,0.890288,0.93957,0.93914,0.892403,2579,0.928593,0.960551,0.960134,0.9308,22335,0.569685,0.740988,0.210902,0.915091,0.821553,0.900867,0.842901,0.266202,0.420608,0.273634,0.589626,0.723691,0.824932,0.725679,0.531419,8.828019893,512,16,10356.30617,0.280891657,3.088,6.668523833
simvarmass_a07a3e42,348,500,4683,0.493218,0.677371,5;3,318,0.913758,0.953383,0.951952,0.913793,318,0.954918,0.975385,0.973886,0.954955,344,0.954023,0.976471,0.959538,0.954023,0.826787,0.905956,0.841954,0.731449,0.7744,0.761494,0.531419,0.593797,0.735135,0.597701,0.577578,18.98957459,512,16,10356.30617,0.033602715,8.366,16.96207357
simvarmass_a0a643b8,691,500,2998,0.120672,0.356507,5;3,642,0.92764,0.96174,0.96174,0.927641,642,0.974163,0.986154,0.986154,0.974164,690,0.975398,0.987546,0.976104,0.975398,0.863251,0.926185,0.863965,0.862106,0.837313,0.901592,0.577578,0.814693,0.870643,0.82055,0.586544,49.68841156,512,16,10356.30617,0.066722631,4.996,41.40148502
simvarmass_a0b632e5,2230,500,1142,0.213749,0.335893,5;3,1978,0.891347,0.940674,0.939639,0.893274,1978,0.94204,0.968246,0.967221,0.944076,23375,0.69291,0.826915,0.162703,0.934081,0.827496,0.904587,0.842152,0.400746,0.561478,0.415695,0.586544,0.739005,0.837989,0.73991,0.734777,10.68543011,512,16,10356.30617,0.21532774,1.284,6.007045647
simvarmass_a0fa54cc,4873,500,3543,0.069335,0.855258,5;3,1168,0.816725,0.899176,0.38636,0.817156,1168,0.850588,0.919312,0.399179,0.851037,4055,0.82941,0.906664,0.905242,0.829468,0.786888,0.880422,0.787195,0.537641,0.654528,0.571722,0.734777,NaN,NaN,NaN,0.552497,102.1994664,512,16,10356.30617,0.470534563,6.086,87.77673614
simvarmass_a107a7a1,1477,500,1434,0.37622,0.373692,5;3,1353,0.918968,0.955877,0.955477,0.923494,1353,0.95788,0.97656,0.976173,0.962597,1530,0.901896,0.949679,0.935151,0.95193,0.848821,0.915627,0.8761,0.227961,0.372496,0.232905,0.552497,0.701316,0.813281,0.707515,0.596157,7.623199192,512,16,10356.30617,0.142618418,1.868,4.965179948
simvarmass_a13aa03e,1680,500,1866,0.187566,0.277141,5;3,1538,0.917837,0.956522,0.955873,0.918452,1538,0.960129,0.979021,0.978372,0.960772,1732,0.952381,0.97561,0.937866,0.952381,0.826947,0.904886,0.829762,0.720058,0.765971,0.748214,0.596157,0.809661,0.879526,0.813095,0.658621,19.89699626,512,16,10356.30617,0.162220001,2.732,14.5655396
simvarmass_a14988c5,4888,500,4186,0.486818,0.645412,5;3,4088,0.836316,0.910549,0.910428,0.836334,4088,0.873859,0.93236,0.932238,0.873878,19222,0.845336,0.916186,0.342762,0.845336,0.792057,0.881836,0.805033,0.422065,0.578203,0.439034,0.658621,0.495557,0.656132,0.496931,0.643438,17.19739204,512,16,10356.30617,0.471982956,7.372,15.14323628
simvarmass_a15e4569,2978,500,4770,0.37428,0.387929,5;3,2654,0.887507,0.939858,0.938565,0.887508,2654,0.93096,0.963693,0.962316,0.930962,2830,0.915715,0.956004,0.93905,0.915715,0.824223,0.902668,0.825722,0.657049,0.731202,0.687374,0.643438,0.687026,0.803775,0.689053,0.557546,25.48893876,512,16,10356.30617,0.287554264,8.54,22.81714225
simvarmass_a1a8f156,320,500,3456,0.10276,0.87888,5;3,296,0.927781,0.961039,0.961039,0.928125,296,0.963928,0.980132,0.980132,0.964286,310,0.959375,0.979266,0.974603,0.959375,0.840625,0.913413,0.840625,0.865378,0.855241,0.896875,0.557546,0.615577,0.748092,0.61875,0.544587,67.26352666,512,16,10356.30617,0.030899048,5.912,57.53211366
simvarmass_a1c6098e,308,500,2611,0.150466,0.212492,5;3,284,0.922078,0.959459,0.959459,0.922078,284,0.982699,0.991274,0.991274,0.982699,313,0.983766,0.991817,0.975845,0.983766,0.853896,0.921191,0.853896,0.900695,0.868852,0.935065,0.544587,0.955489,0.952381,0.970779,0.53842,34.70551487,512,16,10356.30617,0.029740334,4.222,28.05949517
simvarmass_a2157ead,653,500,2015,0.364158,0.533428,5;3,605,0.927658,0.960254,0.960254,0.93415,605,0.966126,0.980519,0.980519,0.972887,709,0.860002,0.926579,0.926579,0.966309,0.867613,0.927869,0.87902,0.524664,0.661049,0.540582,0.53842,0.634887,0.768236,0.63706,0.656103,11.06662493,512,16,10356.30617,0.06305337,3.03,8.320564151
simvarmass_a2616bb5,3394,500,2653,0.198483,0.165864,5;3,3021,0.889698,0.941543,0.941543,0.889806,3021,0.93285,0.965165,0.965165,0.932963,3193,0.921626,0.959215,0.94975,0.921626,0.82852,0.905575,0.82911,0.638479,0.719365,0.667649,0.656103,0.924854,0.951385,0.926635,0.598599,26.73276805,512,16,10356.30617,0.327723026,4.306,21.69455319
simvarmass_a28e99ef,2192,500,3813,0.498291,0.345276,5;3,1987,0.908541,0.950694,0.950467,0.909672,1987,0.952881,0.974485,0.974246,0.954067,23258,0.906116,0.951854,0.162358,0.942518,0.836842,0.909633,0.85219,0.5928,0.699434,0.619982,0.598599,0.743595,0.840185,0.745894,0.677104,15.30431013,512,16,10356.30617,0.211658478,6.626,13.29745069
simvarmass_a29ec531,2916,500,3241,0.11153,0.835785,5;3,877,0.876542,0.93404,0.462431,0.876543,877,0.919754,0.958021,0.479759,0.919755,2646,0.893347,0.94367,0.936713,0.893347,0.821098,0.902086,0.823388,0.625858,0.700276,0.658779,0.677104,0.469464,0.631119,0.47085,0.551791,58.11889178,512,16,10356.30617,0.281567574,5.482,49.15269434
simvarmass_a2d36323,3215,500,876,0.436924,0.61375,5;3,2383,0.855231,0.878473,0.837799,0.887092,2383,0.890981,0.897861,0.857561,0.924174,22312,0.177067,0.323388,0.226114,0.897667,0.749194,0.784497,0.876516,0.017072,0.033629,0.017107,0.551791,0.449531,0.613694,0.451633,0.68361,4.009850683,512,16,10356.30617,0.310438871,0.752,1.721123124
simvarmass_a2ece752,4081,500,1713,0.103002,0.186112,5;3,3453,0.869743,0.930312,0.916114,0.87013,3453,0.912213,0.954057,0.939815,0.912619,3713,0.896104,0.945205,0.938414,0.896104,0.817319,0.898895,0.818182,0.610566,0.708513,0.64445,0.68361,0.875368,0.918695,0.877236,0.51506,33.26149007,512,16,10356.30617,0.39405942,2.426,23.55294072
simvarmass_a2f8d796,181,500,582,0.486277,0.091348,5;3,58,0.784203,0.780488,0.485356,0.883978,58,0.81109,0.795031,0.497854,0.914286,20824,0.007223,0.015711,0.015711,0.911602,0.391081,0.453947,0.861878,0.01105,0.021858,0.01105,0.51506,0.121547,0.216749,0.121547,0.598894,2.393697419,512,16,10356.30617,0.017477274,0.164,0.337256337
simvarmass_a3049b62,3579,500,1102,0.257693,0.519617,5;3,3140,0.880235,0.933868,0.932579,0.88209,3140,0.912619,0.951833,0.950546,0.914542,21694,0.88684,0.940044,0.251256,0.887119,0.806317,0.88755,0.837944,0.224397,0.368915,0.230791,0.598894,0.55162,0.701916,0.553786,0.716846,8.552812843,512,16,10356.30617,0.345586538,1.204,4.672226254
simvarmass_a33ed321,4768,500,3836,0.128699,0.451512,5;3,1632,0.850881,0.919433,0.51,0.850881,1632,0.887164,0.940209,0.526027,0.887164,4166,0.863255,0.92661,0.921424,0.863255,0.807754,0.892803,0.808725,0.586826,0.691703,0.618079,0.716846,NaN,NaN,NaN,0.688208,59.6119628,512,16,10356.30617,0.460395813,6.672,51.84189465
simvarmass_a358d303,4852,500,4930,0.311951,0.603358,5;3,1242,0.834293,0.909561,0.407614,0.834295,1242,0.999998,0.999876,0.469565,1,4170,0.844394,0.915633,0.908224,0.844394,0.787452,0.881208,0.788541,0.519876,0.651368,0.546991,0.688208,0.521375,0.677776,0.523908,0.731858,31.60752811,512,16,10356.30617,0.468506813,8.86,28.40189645
simvarmass_a35f44e1,4772,500,3839,0.076107,0.797147,5;3,2320,0.82062,0.90137,0.654258,0.82062,2320,0.858583,0.923803,0.674321,0.858584,3995,0.833822,0.909382,0.907722,0.833822,0.787073,0.880721,0.788349,0.549272,0.664515,0.582355,0.731858,NaN,NaN,NaN,0.602805,100.8842813,512,16,10356.30617,0.460782051,6.678,87.74488549
simvarmass_a37b32b1,831,500,4913,0.099387,0.178646,5;3,762,0.916968,0.956685,0.956685,0.916968,762,0.959698,0.979434,0.979434,0.959698,811,0.961492,0.980368,0.973203,0.961492,0.834607,0.908972,0.835138,0.874244,0.860229,0.906137,0.602805,0.949615,0.958616,0.953069,0.55936,98.86604888,512,16,10356.30617,0.080240965,8.826,88.80437079
simvarmass_a3a7f137,627,500,556,0.084815,0.403115,5;3,578,0.924164,0.959336,0.959336,0.92823,578,0.968981,0.982993,0.982993,0.973244,26552,0.974484,0.987097,0.045035,0.976077,0.835122,0.908616,0.85008,0.575489,0.694678,0.593301,0.55936,0.712444,0.824275,0.725678,0.537652,13.1108884,512,16,10356.30617,0.060542822,0.112,1.320521134
simvarmass_a3e1508d,784,500,1767,0.39957,0.524875,5;3,714,0.913718,0.952,0.950601,0.917092,714,0.947559,0.970109,0.968707,0.951058,25891,0.942536,0.969974,0.055783,0.94898,0.812219,0.891549,0.829082,0.395744,0.55527,0.413265,0.537652,0.622772,0.76198,0.625,0.542676,8.844507846,512,16,10356.30617,0.075702667,2.534,6.341817454
simvarmass_a3fb0822,329,500,1577,0.143096,0.456082,5;3,299,0.911854,0.953895,0.952229,0.911854,299,0.955414,0.977199,0.97553,0.955414,339,0.957447,0.978261,0.943114,0.957447,0.825249,0.901503,0.829787,0.804881,0.831081,0.832827,0.542676,0.674619,0.788732,0.680851,0.672257,22.0411472,512,16,10356.30617,0.031768084,2.154,15.05283167
simvarmass_a3fc51dc,4537,500,3518,0.299265,0.253127,5;3,3637,0.858056,0.923606,0.889895,0.858056,3637,0.897625,0.946051,0.912215,0.897625,19244,0.881199,0.936848,0.336235,0.881199,0.805955,0.89141,0.808464,0.540958,0.666147,0.565572,0.672257,0.775976,0.861955,0.778268,0.726429,23.51093512,512,16,10356.30617,0.438090563,6.036,20.16941507
simvarmass_a41fe574,5085,500,4373,0.115374,0.152741,5;3,3513,0.853018,0.920531,0.816934,0.853097,3513,0.892693,0.943146,0.838987,0.892776,4521,0.883776,0.938303,0.935665,0.883776,0.803689,0.890679,0.804326,0.60295,0.700931,0.636971,0.726429,NaN,NaN,NaN,0.55605,75.80564079,512,16,10356.30617,0.491005182,7.746,67.13817671
simvarmass_a4851b19,847,500,1171,0.157885,0.852548,5;3,734,0.908518,0.94314,0.923466,0.912633,734,0.95237,0.966434,0.946822,0.956683,26305,0.945998,0.966687,0.059075,0.946871,0.829095,0.890188,0.861865,0.53579,0.657803,0.5549,0.55605,0.472016,0.628882,0.478158,0.679332,14.8335814,512,16,10356.30617,0.081785917,1.342,8.499857491
simvarmass_a4cf1575,4622,500,4737,0.345196,0.259928,5;3,3849,0.856449,0.922754,0.908511,0.856772,3849,0.894578,0.944431,0.930143,0.894915,4206,0.880788,0.936616,0.922293,0.880788,0.801776,0.889556,0.802466,0.554373,0.674991,0.584812,0.679332,0.748547,0.844477,0.750108,0.528794,27.44527747,512,16,10356.30617,0.446298122,8.474,24.54837252
simvarmass_a55cfb82,15,500,4392,0.125658,0.688389,5;3,23,0.333333,0.5,0.263158,0.333333,23,0.333333,0.5,0.263158,0.333333,18,0.333333,0.5,0.30303,0.333333,0.333333,0.5,0.333333,0.333333,0.5,0.333333,0.528794,0.4,0.571429,0.4,0.65933,69.90402521,512,16,10356.30617,0.001448393,7.784,61.94591669
simvarmass_a56371c0,2799,500,4324,0.211295,0.217199,5;3,2213,0.892819,0.943375,0.883081,0.892819,2213,0.934206,0.965984,0.905483,0.934206,2612,0.924973,0.961024,0.95694,0.924973,0.821976,0.901392,0.822437,0.727007,0.759354,0.764916,0.65933,0.876032,0.918721,0.877456,0.578269,40.9285596,512,16,10356.30617,0.270270109,7.648,36.19583994
simvarmass_a57c2d34,1458,500,2479,0.280013,0.771617,5;3,1336,0.91887,0.955619,0.955619,0.919753,1336,0.958993,0.976948,0.976948,0.959914,1435,0.94513,0.971791,0.952644,0.94513,0.865042,0.923981,0.878601,0.562156,0.674679,0.585048,0.578269,0.500304,0.656264,0.504801,0.682315,17.70632078,512,16,10356.30617,0.140783787,3.958,14.13505802
simvarmass_a60820cd,4191,500,1247,0.080844,0.142705,5;3,299,0.874136,0.932807,0.133185,0.874493,299,0.999592,0.999727,0.150858,1,19787,0.904796,0.950019,0.31629,0.904796,0.820124,0.900183,0.822,0.601089,0.705945,0.628967,0.682315,0.91283,0.943401,0.914579,0.525934,30.84953738,512,16,10356.30617,0.404680967,1.494,18.48003562
simvarmass_a624eb18,42,500,3701,0.163729,0.661234,5;3,36,0.857143,0.923077,0.923077,0.857143,36,0.878049,0.935065,0.935065,0.878049,47,0.880952,0.936709,0.831461,0.880952,0.833333,0.909091,0.833333,0.842649,0.857143,0.857143,0.525934,0.894187,0.928571,0.928571,0.646028,45.20885121,512,16,10356.30617,0.0040555,6.402,39.10119771
simvarmass_a695da7f,3493,500,4433,0.425337,0.057313,5;3,3109,0.885771,0.939104,0.937292,0.885772,3109,0.923582,0.95995,0.958043,0.923582,21025,0.915545,0.955911,0.26087,0.915545,0.820876,0.900173,0.82422,0.608243,0.713757,0.634984,0.646028,0.941782,0.962557,0.943601,0.556634,20.84464789,512,16,10356.30617,0.337282419,7.866,18.49357098
simvarmass_a6b9dbf6,2363,500,903,0.321601,0.615888,5;3,2030,0.881825,0.918919,0.910539,0.894625,2030,0.918762,0.93901,0.930665,0.932099,23310,0.142948,0.268039,0.167413,0.909437,0.79486,0.846915,0.854846,0.094745,0.17321,0.095218,0.556634,0.517747,0.673632,0.519255,0.65249,5.61565418,512,16,10356.30617,0.228170156,0.806,2.506211113
simvarmass_a6f53098,2129,500,3542,0.111949,0.851291,5;3,1641,0.889861,0.941381,0.870027,0.890089,1641,0.930051,0.963396,0.891789,0.93029,1960,0.909817,0.952779,0.94742,0.909817,0.823141,0.90306,0.82527,0.680781,0.733873,0.720526,0.65249,0.468036,0.62956,0.470174,0.676786,63.27881446,512,16,10356.30617,0.205575228,6.084,54.34617549
simvarmass_a7fe0bd2,4353,500,1862,0.143253,0.175345,5;3,78,0.868378,0.929695,0.035206,0.868826,78,0.999485,0.999868,0.036897,1,19397,0.897312,0.945877,0.328926,0.897312,0.819515,0.900114,0.820813,0.577008,0.692126,0.605789,0.676786,0.880169,0.923743,0.88215,0.639389,25.99596518,512,16,10356.30617,0.42032361,2.724,19.01530858
simvarmass_a83a67fa,3958,500,2940,0.379168,0.487377,5;3,3438,0.87062,0.930126,0.929692,0.870642,3438,0.909692,0.951999,0.951564,0.909715,20468,0.882516,0.937592,0.286007,0.882516,0.806316,0.891933,0.816827,0.451957,0.603473,0.469682,0.639389,0.58457,0.728411,0.588176,0.54163,15.50763778,512,16,10356.30617,0.382182598,4.88,12.87028441
simvarmass_a8609fa2,277,500,4183,0.195979,0.105677,5;3,257,0.927798,0.962547,0.962547,0.927798,257,0.977186,0.988462,0.988462,0.977186,281,0.978339,0.989051,0.971326,0.978339,0.861696,0.924565,0.862816,0.858673,0.855019,0.888087,0.54163,0.964415,0.952555,0.971119,0.668808,42.68824721,512,16,10356.30617,0.026746988,7.366,37.58565969
simvarmass_a9128447,4769,500,4803,0.461591,0.17761,5;3,2686,0.853617,0.921059,0.720322,0.853848,2686,0.89549,0.944889,0.742533,0.895733,4348,0.881736,0.937152,0.922453,0.881736,0.803064,0.889974,0.8052,0.516979,0.653211,0.539526,0.668808,0.853084,0.90729,0.854687,0.670735,20.81063106,512,16,10356.30617,0.460492373,8.606,18.644211
simvarmass_a975be17,3505,500,4572,0.265326,0.284549,5;3,1712,0.877491,0.93467,0.656316,0.877603,1712,0.999871,0.999837,0.715121,1,20346,0.903852,0.949498,0.265649,0.903852,0.826317,0.904918,0.826819,0.655028,0.723704,0.689016,0.670735,0.782262,0.864771,0.785449,0.725795,34.46326406,512,16,10356.30617,0.338441133,8.144,30.69431567
simvarmass_a9b6d7d9,3114,500,4725,0.050064,0.465169,5;3,1159,0.883751,0.938288,0.542476,0.883751,1159,0.920401,0.958551,0.558689,0.920401,2826,0.905267,0.950278,0.949158,0.905267,0.817474,0.899189,0.819204,0.729012,0.75312,0.776493,0.725795,NaN,NaN,NaN,0.58466,188.7583893,512,16,10356.30617,0.300686359,8.45,168.7839565
simvarmass_aa1d5e84,1240,500,3865,0.286282,0.303255,5;3,1165,0.941567,0.969244,0.968815,0.941935,1165,0.972953,0.98563,0.985201,0.973333,25102,0.967742,0.983607,0.091109,0.967742,0.855334,0.920801,0.858065,0.800792,0.817453,0.826613,0.58466,0.817185,0.87724,0.820968,0.585276,27.00134832,512,16,10356.30617,0.11973381,6.73,23.50828903
simvarmass_aa8bf7c3,765,500,3586,0.12159,0.282038,5;3,715,0.935933,0.966216,0.966216,0.935948,715,0.968862,0.983494,0.983494,0.968877,758,0.968627,0.984064,0.973079,0.968627,0.845752,0.916431,0.845752,0.864597,0.848734,0.900654,0.585276,0.836226,0.88227,0.843137,0.601213,58.98511391,512,16,10356.30617,0.073868036,6.172,50.76075335
simvarmass_ab2044d4,1509,500,811,0.075059,0.788712,5;3,1372,0.917357,0.95511,0.950364,0.917826,1372,0.957988,0.976695,0.971956,0.958478,24714,0.944997,0.971721,0.108759,0.944997,0.842084,0.912621,0.855533,0.59031,0.686831,0.616965,0.601213,0.50106,0.657168,0.504307,0.543747,21.60966706,512,16,10356.30617,0.145708323,0.622,8.286814373
simvarmass_ab301292,489,500,2886,0.247992,0.223543,5;3,444,0.913633,0.951768,0.951768,0.91411,444,0.950567,0.971554,0.971554,0.951064,480,0.94274,0.970526,0.951496,0.94274,0.791395,0.882286,0.791411,0.812246,0.827969,0.846626,0.543747,0.870418,0.900524,0.879346,0.533182,23.27494435,512,16,10356.30617,0.047217607,4.772,19.24255621
simvarmass_ab30392f,1952,500,756,0.460426,0.543023,5;3,1372,0.855473,0.862239,0.801444,0.911373,1372,0.896341,0.883826,0.823493,0.954911,23173,0.072706,0.144318,0.144318,0.929303,0.70485,0.731418,0.896004,0.004098,0.008163,0.004098,0.533182,0.493604,0.650715,0.501537,0.696839,3.283915331,512,16,10356.30617,0.188484192,0.512,1.112013657
simvarmass_ab725cdf,3744,500,4421,0.172916,0.285201,5;3,1094,0.879274,0.935759,0.452253,0.879274,1094,0.920067,0.95837,0.468322,0.920067,3449,0.907318,0.951407,0.944529,0.907318,0.835887,0.910307,0.836538,0.660371,0.73093,0.698718,0.696839,0.787697,0.866725,0.790331,0.658969,51.13465498,512,16,10356.30617,0.36151886,7.842,45.35150015
simvarmass_ab7ec007,4354,500,1567,0.169784,0.240188,5;3,3741,0.858042,0.923286,0.923286,0.858291,3741,0.904799,0.949682,0.949682,0.905062,20043,0.886082,0.939601,0.316268,0.886082,0.812553,0.895538,0.819247,0.496563,0.638636,0.516307,0.658969,0.783832,0.866295,0.785714,0.576488,18.45874759,512,16,10356.30617,0.42042017,2.134,12.56891109
simvarmass_ab8d80a1,450,500,2928,0.071632,0.100051,5;3,419,0.931111,0.964327,0.964327,0.931111,419,0.974419,0.987044,0.987044,0.974419,448,0.971111,0.985344,0.973274,0.971111,0.831063,0.90644,0.831111,0.861406,0.849598,0.891111,0.576488,0.969479,0.971942,0.975556,0.608482,81.75117266,512,16,10356.30617,0.043451786,4.856,67.79093143
simvarmass_abc4715b,3992,500,1722,0.388901,0.156133,5;3,3497,0.879148,0.933262,0.933102,0.880762,3497,0.913948,0.952589,0.952433,0.915625,20665,0.82749,0.909576,0.290465,0.897044,0.820517,0.900083,0.838677,0.199909,0.333885,0.202154,0.608482,0.853294,0.905956,0.855461,0.531986,8.855724207,512,16,10356.30617,0.385465622,2.444,6.284375715
simvarmass_ac32dc12,596,500,1518,0.352363,0.493537,5;3,554,0.928456,0.96,0.96,0.931208,554,0.965724,0.979592,0.979592,0.968586,25990,0.937095,0.967199,0.043331,0.966443,0.851253,0.914545,0.875839,0.341821,0.5,0.352349,0.531986,0.70392,0.821463,0.706376,0.635767,8.616114632,512,16,10356.30617,0.057549477,2.036,5.77813221
simvarmass_ac455b12,3204,500,4490,0.463842,0.262435,5;3,2883,0.893779,0.942843,0.940693,0.893883,2883,0.930971,0.96315,0.960899,0.931079,3082,0.922909,0.959909,0.940821,0.922909,0.817275,0.898695,0.820225,0.613108,0.711894,0.637016,0.635767,0.807104,0.881385,0.808677,0.518662,19.3600407,512,16,10356.30617,0.309376717,7.98,17.20413417
simvarmass_ac7ebfb5,104,500,4454,0.481251,0.712236,5;3,113,0.836538,0.910995,0.801843,0.836538,113,0.887755,0.940541,0.824645,0.887755,118,0.894231,0.944162,0.837838,0.894231,0.798077,0.887701,0.798077,0.72556,0.761905,0.759615,0.518662,0.749822,0.850829,0.75,0.649557,18.51009141,512,16,10356.30617,0.010042191,7.908,16.43217365
simvarmass_acb48fa0,4359,500,2770,0.336271,0.561079,5;3,3696,0.848785,0.917711,0.917443,0.848819,3696,0.888747,0.940593,0.940323,0.888782,3857,0.857077,0.923058,0.909688,0.857307,0.798603,0.886422,0.811195,0.440566,0.591791,0.458133,0.649557,0.534127,0.687252,0.536132,0.581044,16.47480752,512,16,10356.30617,0.420902967,4.54,13.50101555
simvarmass_acef0cf2,1771,500,2786,0.381492,0.776856,5;3,1594,0.905083,0.946714,0.945022,0.906832,1594,0.948463,0.969973,0.968331,0.950296,1743,0.937879,0.967347,0.945361,0.937888,0.841634,0.908643,0.858272,0.524257,0.646154,0.545455,0.581044,0.499399,0.655859,0.502541,0.537347,14.60581087,512,16,10356.30617,0.171006918,4.572,11.98452392
simvarmass_ad1993c7,1943,500,834,0.431815,0.206547,5;3,1647,0.889027,0.926395,0.90195,0.908389,1647,0.930198,0.948385,0.924087,0.950458,22789,0.085885,0.167787,0.146369,0.931549,0.793958,0.843271,0.885744,0.00772,0.015322,0.00772,0.537347,0.719967,0.814007,0.729799,0.558201,3.862765305,512,16,10356.30617,0.187615156,0.668,1.546958767
simvarmass_ad3c8ef6,1083,500,667,0.135052,0.548286,5;3,995,0.92455,0.957814,0.954764,0.927054,995,0.963703,0.978452,0.975418,0.966314,1137,0.939257,0.969014,0.92973,0.952909,0.829086,0.903421,0.852262,0.382223,0.535246,0.396122,0.558201,0.598605,0.740193,0.601108,0.64798,9.877676747,512,16,10356.30617,0.104573965,0.334,2.473121464
simvarmass_ad491f84,3634,500,4134,0.388328,0.426797,5;3,3118,0.8569,0.922644,0.922393,0.856907,3118,0.901556,0.947929,0.947657,0.901563,20815,0.881948,0.937272,0.262178,0.881948,0.815676,0.898046,0.820583,0.555531,0.674236,0.580077,0.64798,0.625915,0.761094,0.627683,0.591955,21.29127954,512,16,10356.30617,0.350897312,7.268,18.71613687
simvarmass_ad5bd7df,2529,500,1675,0.310619,0.219766,5;3,2288,0.908745,0.950207,0.949969,0.910241,2288,0.941892,0.968083,0.967851,0.943443,2679,0.933295,0.96581,0.916667,0.943851,0.83399,0.908425,0.848161,0.405835,0.566272,0.415579,0.591955,0.848579,0.907777,0.850138,0.591246,10.78491657,512,16,10356.30617,0.244199038,2.35,7.565538489
simvarmass_ad6ab13a,2344,500,738,0.14282,0.369616,5;3,2095,0.896807,0.942658,0.942104,0.898891,2095,0.942231,0.967236,0.966713,0.94442,2443,0.830673,0.911218,0.911218,0.930461,0.832497,0.907907,0.854949,0.35602,0.516854,0.363055,0.591246,0.708089,0.817935,0.710751,0.702853,10.33468702,512,16,10356.30617,0.226335526,0.476,3.332866545
simvarmass_ad88da2f,3822,500,2391,0.077778,0.564722,5;3,2446,0.871009,0.930928,0.780472,0.87101,2446,0.907578,0.951415,0.800131,0.907579,3421,0.884877,0.938923,0.933867,0.884877,0.818948,0.900474,0.820251,0.629171,0.713004,0.66562,0.702853,NaN,NaN,NaN,0.553436,61.48268148,512,16,10356.30617,0.369050503,3.782,48.62557536
simvarmass_adabbca0,1287,500,1801,0.380777,0.376028,5;3,1175,0.916353,0.954509,0.954509,0.919192,1175,0.948791,0.971878,0.971878,0.95173,1411,0.816938,0.902891,0.902891,0.946387,0.841807,0.914454,0.863248,0.393385,0.553191,0.40404,0.553436,0.709391,0.818792,0.710956,0.71907,9.459604966,512,16,10356.30617,0.124272108,2.602,6.833395925
simvarmass_ae46c111,3965,500,4686,0.100542,0.746323,5;3,1256,0.845397,0.916222,0.481134,0.845397,1256,0.886538,0.939857,0.49871,0.886538,3453,0.865826,0.928089,0.925586,0.865826,0.800346,0.888454,0.801513,0.610335,0.696341,0.643127,0.71907,NaN,NaN,NaN,0.578601,93.21477591,512,16,10356.30617,0.382858515,8.372,83.26868373
simvarmass_ae8f484a,2230,500,2153,0.431831,0.601996,5;3,2004,0.898265,0.943316,0.943316,0.901345,2004,0.938675,0.965201,0.965201,0.941893,23493,0.858966,0.926589,0.161023,0.9287,0.823442,0.899164,0.850224,0.380266,0.54029,0.392377,0.578601,0.558929,0.708652,0.561435,0.536304,9.971493478,512,16,10356.30617,0.21532774,3.306,7.655772744
simvarmass_aecd1d80,13,500,890,0.086811,0.57979,5;3,8,0.615385,0.761905,0.761905,0.615385,8,0.666667,0.8,0.8,0.666667,16,0.692308,0.818182,0.62069,0.692308,0.307692,0.470588,0.307692,0.769231,0.869565,0.769231,0.536304,0.769231,0.869565,0.769231,0.554546,20.50431397,512,16,10356.30617,0.001255274,0.78,8.985036459
simvarmass_af471a8b,2257,500,710,0.267228,0.871243,5;3,1620,0.83806,0.856862,0.82796,0.902525,1620,0.876507,0.878208,0.849656,0.94393,23636,0.165296,0.3024,0.159039,0.912716,0.725512,0.778678,0.875942,0.124891,0.223869,0.12716,0.554546,0.438812,0.60475,0.439965,0.639238,5.313814421,512,16,10356.30617,0.217934847,0.42,1.571691589
simvarmass_af5f72db,3968,500,3764,0.461015,0.748439,5;3,3344,0.842204,0.913371,0.91302,0.842238,3344,0.880597,0.93552,0.935145,0.880632,20658,0.849294,0.918506,0.273694,0.849294,0.799778,0.884961,0.808972,0.442811,0.594056,0.465978,0.639238,0.47157,0.633283,0.473286,0.568224,16.32918669,512,16,10356.30617,0.383148193,6.528,14.16005987
simvarmass_af7051e3,780,500,4873,0.26003,0.642225,5;3,715,0.917918,0.956522,0.956522,0.917949,715,0.957187,0.977444,0.977444,0.957219,760,0.947436,0.973009,0.95974,0.947436,0.825516,0.90386,0.828205,0.829003,0.821237,0.860256,0.568224,0.593972,0.72347,0.598718,0.555481,37.48029074,512,16,10356.30617,0.075316429,8.746,33.63458063
simvarmass_afa08bc2,680,500,2918,0.227224,0.738451,5;3,634,0.933071,0.96347,0.96347,0.933824,634,0.970166,0.982919,0.982919,0.970948,690,0.967647,0.983558,0.960584,0.967647,0.865481,0.927445,0.866176,0.719462,0.76012,0.754412,0.555481,0.541686,0.688192,0.548529,0.646709,25.68390663,512,16,10356.30617,0.065660477,4.836,21.28296307
simvarmass_b075c428,3767,500,4731,0.484973,0.729772,5;3,3261,0.859028,0.923911,0.920888,0.859039,3261,0.896635,0.945231,0.942067,0.896647,20600,0.876029,0.933918,0.270858,0.876029,0.811229,0.893842,0.818423,0.498313,0.632204,0.522697,0.646709,0.493067,0.653277,0.493762,0.699499,19.51036449,512,16,10356.30617,0.363739729,8.462,17.44839403
simvarmass_b107e328,4353,500,4312,0.187151,0.151671,5;3,521,0.867677,0.929151,0.213787,0.867677,521,1,1,0.242438,1,3957,0.892488,0.94319,0.935018,0.892488,0.813985,0.896482,0.814611,0.618182,0.71089,0.656099,0.699499,0.901118,0.936282,0.902366,0.528183,46.08043772,512,16,10356.30617,0.42032361,7.624,40.73715876
simvarmass_b11be187,1261,500,704,0.407081,0.255655,5;3,1044,0.906257,0.92991,0.883297,0.930214,1044,0.942896,0.948857,0.902482,0.967822,23368,0.04895,0.097527,0.097527,0.952419,0.779764,0.809274,0.885012,0.003965,0.007899,0.003965,0.528183,0.609123,0.742748,0.61935,0.725451,3.458771105,512,16,10356.30617,0.12176156,0.408,1.002257536
simvarmass_b13532b4,4913,500,2634,0.066944,0.549359,5;3,1139,0.843873,0.915232,0.376404,0.843884,1139,0.999987,0.999879,0.431031,1,4255,0.859149,0.924239,0.920812,0.859149,0.79223,0.884101,0.793405,0.56362,0.673594,0.593731,0.725451,NaN,NaN,NaN,0.60134,78.69263862,512,16,10356.30617,0.474396944,4.268,63.75478011
simvarmass_b15828e2,2652,500,2441,0.38739,0.284595,5;3,2383,0.899561,0.945173,0.944985,0.90083,2383,0.93591,0.964916,0.96472,0.93723,2588,0.924586,0.960846,0.936641,0.925339,0.829718,0.906546,0.838235,0.481926,0.629621,0.497738,0.60134,0.794208,0.871467,0.79638,0.701625,12.6022871,512,16,10356.30617,0.256075859,3.882,10.02090916
simvarmass_b1802c78,4902,500,1610,0.081932,0.409919,5;3,3713,0.847817,0.917642,0.861985,0.847817,3713,0.886519,0.939846,0.883942,0.886519,4282,0.859241,0.924292,0.917247,0.859241,0.810929,0.894968,0.81171,0.554448,0.677134,0.585067,0.701625,NaN,NaN,NaN,0.557316,39.30088366,512,16,10356.30617,0.473334789,2.22,27.09564029
simvarmass_b1a81dd6,1268,500,1579,0.293831,0.658623,5;3,1178,0.92674,0.958725,0.958299,0.927445,1178,0.956927,0.974657,0.974231,0.957655,1376,0.822997,0.906475,0.905446,0.944006,0.838366,0.906438,0.858044,0.440725,0.587879,0.458991,0.557316,0.55687,0.709935,0.560726,0.639183,10.74767468,512,16,10356.30617,0.122437477,2.158,7.344357811
simvarmass_b26dd97e,2266,500,4311,0.234305,0.206601,5;3,2059,0.908207,0.951676,0.951676,0.908208,2059,0.946206,0.97213,0.97213,0.946207,2173,0.943071,0.970702,0.962829,0.943071,0.841797,0.913752,0.842012,0.76984,0.780788,0.809356,0.639183,0.897988,0.933241,0.900265,0.745773,36.79819039,512,16,10356.30617,0.218803883,7.622,32.53024903
simvarmass_b2d72e73,4839,500,4689,0.054408,0.329481,5;3,1982,0.849349,0.918538,0.581146,0.849349,1982,0.890574,0.94212,0.600879,0.890574,4258,0.877247,0.93461,0.933275,0.877247,0.805133,0.892086,0.807192,0.615621,0.701261,0.649308,0.745773,NaN,NaN,NaN,0.686913,172.3643582,512,16,10356.30617,0.467251539,8.378,153.9847081
simvarmass_b2ddc1d6,4474,500,4032,0.244187,0.499407,5;3,2594,0.860304,0.924796,0.734012,0.860304,2594,0.893039,0.943382,0.751448,0.893039,18982,0.87148,0.931327,0.332452,0.87148,0.808794,0.894373,0.810684,0.553796,0.673464,0.583147,0.686913,0.573062,0.720045,0.574877,0.618947,33.02387105,512,16,10356.30617,0.432007313,7.064,28.92864895
simvarmass_b342ca83,3015,500,2393,0.310762,0.365348,5;3,2663,0.885826,0.937676,0.937302,0.886235,2663,0.92446,0.958949,0.958573,0.924888,2861,0.912106,0.954033,0.936011,0.912106,0.812235,0.895479,0.822222,0.53996,0.669974,0.559867,0.618947,0.676997,0.797744,0.680929,0.528712,15.40085339,512,16,10356.30617,0.291126966,3.786,12.18295673
simvarmass_b382a692,310,500,3183,0.39724,0.556879,5;3,283,0.914964,0.954469,0.954469,0.922581,283,0.936102,0.96587,0.96587,0.943894,330,0.941935,0.9701,0.9125,0.941935,0.817133,0.897163,0.832258,0.729083,0.783069,0.751613,0.528712,0.600544,0.748515,0.609677,0.579952,16.02557648,512,16,10356.30617,0.029933453,5.366,13.50820663
simvarmass_b388075f,1847,500,2911,0.441661,0.57821,5;3,1670,0.906419,0.949104,0.949104,0.907417,1670,0.942125,0.968378,0.968378,0.943163,23785,0.931786,0.964765,0.134597,0.933947,0.827931,0.90441,0.842447,0.495244,0.632633,0.513265,0.579952,0.569711,0.717879,0.572279,0.534261,13.18205592,512,16,10356.30617,0.178345442,4.822,10.91787593
simvarmass_b3ac667b,1165,500,871,0.346413,0.681369,5;3,945,0.892266,0.901522,0.881517,0.924464,945,0.929776,0.920943,0.9016,0.963327,1229,0.825272,0.898539,0.898079,0.95279,0.765671,0.801167,0.88927,0.094086,0.173302,0.095279,0.534261,0.516138,0.674484,0.520172,0.650604,5.02867964,512,16,10356.30617,0.112491846,0.742,2.141951948
simvarmass_b3f59233,1664,500,4086,0.090315,0.56837,5;3,1071,0.919471,0.958046,0.783181,0.919471,1071,0.953271,0.976077,0.800448,0.953271,1583,0.942308,0.970297,0.965815,0.942308,0.833085,0.908377,0.834736,0.825082,0.832066,0.856971,0.650604,0.593529,0.730625,0.596154,0.532661,90.48330842,512,16,10356.30617,0.160675049,7.172,79.41095056
simvarmass_b42e4fc2,331,500,4543,0.424012,0.496207,5;3,309,0.937852,0.965625,0.965625,0.942598,309,0.96108,0.977848,0.977848,0.965944,398,0.969789,0.984663,0.880658,0.969789,0.870104,0.928803,0.873112,0.785267,0.820598,0.81571,0.532661,0.735189,0.830769,0.740181,0.535949,21.42863881,512,16,10356.30617,0.031961203,8.086,19.07021499
simvarmass_b44abeec,1592,500,912,0.436153,0.248765,5;3,1452,0.903446,0.938134,0.936925,0.917714,1452,0.940671,0.957888,0.956726,0.955526,23541,0.06107,0.120867,0.119842,0.94598,0.814382,0.874313,0.876884,0.008166,0.016199,0.008166,0.535949,0.74049,0.832805,0.748116,0.612739,4.182018695,512,16,10356.30617,0.153722763,0.824,1.889245288
simvarmass_b4db6b08,2243,500,4674,0.444341,0.50583,5;3,2040,0.910289,0.952381,0.952136,0.910388,2040,0.94265,0.969812,0.969567,0.942752,23181,0.929559,0.963494,0.164018,0.929559,0.82137,0.901491,0.826572,0.659987,0.735795,0.692822,0.612739,0.614193,0.750883,0.616139,0.596759,21.03789657,512,16,10356.30617,0.216583014,8.348,18.78737276
simvarmass_b4e2af64,3080,500,621,0.144533,0.259467,5;3,2684,0.871343,0.929402,0.929216,0.874351,2684,0.918773,0.955762,0.955575,0.921945,21937,0.814693,0.902533,0.225047,0.913961,0.819773,0.899697,0.843182,0.202171,0.336538,0.204545,0.596759,0.772574,0.857092,0.776948,0.68303,8.59319325,512,16,10356.30617,0.297403336,0.242,1.674358105
simvarmass_b4eb448d,4771,500,2653,0.19435,0.267009,5;3,4003,0.848754,0.918055,0.912013,0.848879,4003,0.893908,0.943836,0.937771,0.89404,18898,0.871935,0.931587,0.351515,0.871935,0.800783,0.888682,0.802557,0.545883,0.670094,0.573674,0.68303,0.734416,0.835832,0.736324,0.688851,27.30126061,512,16,10356.30617,0.460685492,4.306,22.1559043
simvarmass_b530d3e7,4822,500,1942,0.124486,0.643341,5;3,2251,0.829116,0.906473,0.636505,0.829117,2251,0.999999,0.999875,0.720435,1,4099,0.839486,0.91274,0.907522,0.839486,0.785386,0.879582,0.786396,0.500684,0.635941,0.525093,0.688851,0.503256,0.660423,0.504562,0.556505,31.20029562,512,16,10356.30617,0.465610027,2.884,23.16726379
simvarmass_b54d34c8,610,500,1459,0.147056,0.602786,5;3,567,0.935227,0.964346,0.963466,0.936066,567,0.965294,0.980155,0.979275,0.966159,643,0.962295,0.980785,0.936951,0.962295,0.845381,0.914742,0.854098,0.757526,0.777874,0.795082,0.556505,0.634367,0.751229,0.644262,0.673045,19.84278098,512,16,10356.30617,0.05890131,1.918,13.04265042
simvarmass_b5ad4ebf,1864,500,4856,0.067691,0.776507,5;3,1478,0.910408,0.953103,0.8845,0.910408,1478,0.948045,0.97333,0.904529,0.948045,1732,0.926502,0.961849,0.960512,0.926502,0.850602,0.919201,0.851395,0.771418,0.785185,0.809549,0.673045,0.497427,0.654967,0.500536,0.648698,143.475499,512,16,10356.30617,0.179986954,8.712,128.7024863
simvarmass_b5cc821e,3924,500,4674,0.496139,0.484742,5;3,3414,0.865168,0.927596,0.925593,0.865443,3414,0.902424,0.948589,0.946488,0.902711,3588,0.883028,0.937881,0.922524,0.883028,0.809052,0.893647,0.815749,0.498052,0.635618,0.523445,0.648698,0.595904,0.736958,0.597604,0.625916,18.84149402,512,16,10356.30617,0.378899574,8.348,16.82592983
simvarmass_b6bf924d,3993,500,544,0.097905,0.440902,5;3,3395,0.849275,0.916858,0.91608,0.850989,3395,0.899034,0.945095,0.944328,0.900848,3743,0.858846,0.925274,0.904343,0.876033,0.805383,0.890153,0.828199,0.287043,0.446756,0.295768,0.625916,0.604945,0.745778,0.608315,0.680169,11.11281344,512,16,10356.30617,0.385562181,0.088,0.898830499
simvarmass_b6c3b693,4561,500,4250,0.279202,0.841589,5;3,3158,0.811872,0.895743,0.818241,0.811883,3158,0.846969,0.916698,0.838778,0.846981,3823,0.82715,0.905316,0.899809,0.827231,0.7875,0.87887,0.789301,0.487194,0.624092,0.50888,0.680169,0.443947,0.607667,0.444859,0.651493,30.44390799,512,16,10356.30617,0.440407991,7.5,26.86227176
simvarmass_b6c93e18,2008,500,1802,0.066333,0.223001,5;3,1820,0.905876,0.950366,0.950366,0.905876,1820,0.951359,0.974812,0.974812,0.95136,1915,0.935757,0.966812,0.95794,0.935757,0.833202,0.908696,0.833665,0.79129,0.79081,0.835657,0.651493,0.886724,0.926142,0.888446,0.677911,54.33193132,512,16,10356.30617,0.193891525,2.604,39.25647868
simvarmass_b7123098,4764,500,4976,0.373762,0.729381,5;3,1010,0.825965,0.904494,0.349844,0.825987,1010,0.866909,0.928504,0.36403,0.866931,18911,0.836272,0.910837,0.336558,0.836272,0.797059,0.886398,0.798699,0.480483,0.620725,0.504828,0.677911,0.473284,0.635635,0.474391,0.674479,26.62656985,512,16,10356.30617,0.460009575,8.952,23.95107047
simvarmass_b72e650b,3190,500,3679,0.175902,0.152417,5;3,2470,0.895813,0.945124,0.872438,0.896238,2470,0.93326,0.965552,0.892625,0.933703,20505,0.923824,0.960404,0.248744,0.923824,0.842668,0.914004,0.843574,0.703377,0.75201,0.747649,0.674479,0.943585,0.961644,0.945141,0.68942,41.83010995,512,16,10356.30617,0.308024883,6.358,36.14512626
simvarmass_b74505e2,2616,500,4251,0.089543,0.57748,5;3,929,0.891055,0.942389,0.524118,0.891055,929,1,1,0.569939,1,2407,0.91055,0.953181,0.948437,0.91055,0.823254,0.902551,0.825306,0.746534,0.76583,0.788226,0.68942,0.576834,0.7247,0.577599,0.672546,94.94879555,512,16,10356.30617,0.252599716,7.502,83.78097674
simvarmass_b757f60c,3989,500,3034,0.213488,0.695767,5;3,2632,0.853848,0.921038,0.795046,0.853848,2632,0.999999,0.999853,0.871812,1,20002,0.869892,0.93042,0.289275,0.869892,0.806792,0.892525,0.809727,0.530424,0.657299,0.557032,0.672546,0.501184,0.659648,0.502632,0.533228,28.42314322,512,16,10356.30617,0.385175943,5.068,23.7390392
simvarmass_b7708d72,242,500,2343,0.208065,0.052681,5;3,229,0.946281,0.972399,0.972399,0.946281,229,0.966245,0.982833,0.982833,0.966245,268,0.966942,0.983193,0.917647,0.966942,0.836783,0.90991,0.838843,0.865894,0.853659,0.892562,0.533228,0.976403,0.973306,0.979339,0.568009,22.52180809,512,16,10356.30617,0.023367405,3.686,17.71561772
simvarmass_b79172d4,487,500,4387,0.123156,0.660531,5;3,458,0.940452,0.969312,0.969312,0.940452,458,0.962185,0.980728,0.980728,0.962185,472,0.963039,0.981172,0.978102,0.963039,0.858316,0.923757,0.858316,0.865473,0.853162,0.897331,0.568009,0.619796,0.735577,0.628337,0.649868,71.24297639,512,16,10356.30617,0.047024488,7.774,63.12319335
simvarmass_b792ab90,3433,500,2980,0.240855,0.850564,5;3,2955,0.861345,0.925364,0.924859,0.861346,2955,0.89742,0.945786,0.94528,0.89742,3101,0.874417,0.932401,0.918274,0.874454,0.815498,0.894034,0.820856,0.513401,0.636317,0.53947,0.649868,0.458651,0.622854,0.459656,0.664838,24.74517863,512,16,10356.30617,0.331488848,4.96,20.59330302
simvarmass_b7d0f4c2,2048,500,4662,0.106512,0.320107,5;3,294,0.903104,0.948718,0.251067,0.90332,294,0.944133,0.970874,0.260985,0.944359,1917,0.933105,0.965395,0.963934,0.933105,0.83401,0.909043,0.834961,0.797738,0.794945,0.840332,0.664838,0.75604,0.84918,0.758789,0.543674,87.53943218,512,16,10356.30617,0.197753906,8.324,78.15081869
simvarmass_b7dd8b66,1165,500,883,0.2693,0.224869,5;3,1074,0.920606,0.955357,0.954891,0.927897,1074,0.963617,0.978062,0.977595,0.971249,24617,0.056125,0.110424,0.086572,0.95794,0.84556,0.911204,0.881545,0.111732,0.203233,0.113305,0.543674,0.880182,0.922303,0.882403,0.689879,6.557742295,512,16,10356.30617,0.112491846,0.766,2.844411437
simvarmass_b7eac224,4185,500,4944,0.252144,0.655534,5;3,1067,0.848984,0.918325,0.406321,0.848984,1067,1,1,0.461905,1,3668,0.864516,0.927336,0.921431,0.864516,0.796515,0.885847,0.797611,0.566223,0.672103,0.600717,0.689879,0.523217,0.678704,0.525448,0.642973,39.21568627,512,16,10356.30617,0.40410161,8.888,35.24969858
simvarmass_b830b9e5,4125,500,2213,0.264228,0.796803,5;3,3470,0.847375,0.914698,0.912179,0.847515,3470,0.882237,0.934692,0.932185,0.882383,3666,0.852797,0.920157,0.90258,0.852848,0.800493,0.883984,0.820848,0.429722,0.580524,0.448727,0.642973,0.467461,0.630534,0.469576,0.532191,16.75068501,512,16,10356.30617,0.398308039,3.426,12.96607475
simvarmass_b8ce6e85,530,500,1603,0.334961,0.712608,5;3,486,0.934432,0.958984,0.952756,0.937736,486,0.971076,0.978088,0.971888,0.97451,26661,0.536588,0.706454,0.037439,0.960377,0.814629,0.880582,0.85283,0.427598,0.579141,0.445283,0.532191,0.578585,0.724739,0.588679,0.671105,9.57126352,512,16,10356.30617,0.051176548,2.206,6.585841337
simvarmass_b9176ae6,3018,500,1515,0.078272,0.220691,5;3,1730,0.89165,0.942722,0.728728,0.89165,1730,0.927611,0.962446,0.747139,0.927611,2812,0.921471,0.959131,0.954031,0.921471,0.825098,0.903846,0.826044,0.707881,0.755757,0.744864,0.671105,0.873724,0.917108,0.876077,0.703753,38.71116108,512,16,10356.30617,0.291416645,2.03,25.93520033
simvarmass_b93fce27,3946,500,4971,0.16146,0.765381,5;3,1861,0.847911,0.917741,0.640606,0.848201,1861,0.999659,0.999851,0.714286,1,3401,0.856564,0.922741,0.920103,0.856564,0.800625,0.888701,0.801064,0.572266,0.67455,0.607197,0.703753,NaN,NaN,NaN,0.623164,61.57562245,512,16,10356.30617,0.381023884,8.942,55.38213799
simvarmass_b9de1ff0,2902,500,4208,0.429152,0.896829,5;3,2506,0.874806,0.925571,0.924186,0.875258,2506,0.909272,0.944716,0.943375,0.909742,21965,0.882521,0.932623,0.206137,0.883184,0.815427,0.886519,0.835975,0.520263,0.647669,0.548243,0.623164,0.455662,0.617818,0.457615,0.701436,19.61076728,512,16,10356.30617,0.28021574,7.416,17.28059056
simvarmass_b9ef9fbd,3783,500,3612,0.116881,0.441027,5;3,1401,0.862279,0.926047,0.540509,0.862279,1401,0.905859,0.950605,0.560176,0.905859,3405,0.888184,0.940781,0.934891,0.888184,0.821156,0.901347,0.822892,0.657148,0.726043,0.694951,0.701436,NaN,NaN,NaN,0.525499,61.80645272,512,16,10356.30617,0.365284681,6.224,53.25074221
simvarmass_ba0997f3,176,500,4548,0.328936,0.277811,5;3,157,0.891413,0.939759,0.936937,0.892045,157,0.945112,0.968944,0.965944,0.945783,191,0.948864,0.973761,0.910082,0.948864,0.781258,0.875399,0.784091,0.824452,0.809524,0.863636,0.525499,0.860287,0.908537,0.863636,0.595565,27.65279568,512,16,10356.30617,0.016994476,8.096,24.61269061
simvarmass_ba2250f9,4240,500,562,0.170326,0.874577,5;3,2964,0.809588,0.852087,0.815936,0.839623,2964,0.844856,0.872481,0.836488,0.8762,21321,0.76886,0.858156,0.280271,0.845283,0.736301,0.795053,0.845991,0.162219,0.281544,0.166038,0.595565,0.420656,0.587348,0.422642,0.661763,6.599109942,512,16,10356.30617,0.409412384,0.124,0.728015688
simvarmass_ba859da6,3542,500,3441,0.251142,0.345808,5;3,2179,0.871541,0.931222,0.761755,0.871542,2179,0.912773,0.95425,0.783672,0.912774,3261,0.902033,0.948493,0.939291,0.902033,0.812685,0.896294,0.813382,0.635143,0.72059,0.661491,0.661763,0.699623,0.811225,0.701863,0.555157,27.4028239,512,16,10356.30617,0.342013836,5.882,23.42101281
simvarmass_bad3aace,974,500,2384,0.345158,0.427396,5;3,908,0.935121,0.964931,0.964931,0.937372,908,0.966887,0.981622,0.981622,0.969214,25672,0.953887,0.976575,0.070405,0.963039,0.85187,0.920266,0.859343,0.617337,0.720794,0.63347,0.555157,0.700927,0.811098,0.705339,0.603627,13.81396346,512,16,10356.30617,0.094048977,3.768,10.91673958
simvarmass_bb0d8b0d,1434,500,4405,0.250543,0.111553,5;3,1323,0.924563,0.959739,0.959739,0.924686,1323,0.962835,0.98,0.98,0.962963,1401,0.961646,0.980448,0.97284,0.961646,0.838491,0.910951,0.838912,0.813155,0.81069,0.848675,0.603627,0.965627,0.973357,0.967922,0.571186,35.16362461,512,16,10356.30617,0.138466358,7.81,31.17229378
simvarmass_bb1a47f7,4807,500,630,0.301471,0.068717,5;3,4206,0.856156,0.91198,0.911794,0.869357,4206,0.893323,0.932712,0.932486,0.907098,19825,0.363279,0.562404,0.342725,0.878094,0.801125,0.866413,0.863948,0.004993,0.009936,0.004993,0.571186,0.677903,0.797379,0.683586,0.665434,4.179506487,512,16,10356.30617,0.464161634,0.26,0.862437846
simvarmass_bb478e56,2091,500,3746,0.088215,0.462329,5;3,608,0.895744,0.945005,0.450537,0.895744,608,1,1,0.490125,1,1963,0.930655,0.964082,0.960039,0.930655,0.832362,0.908238,0.833094,0.772521,0.787942,0.814921,0.665434,0.621488,0.752676,0.623625,0.606561,84.92886697,512,16,10356.30617,0.201905966,6.492,73.59292637
simvarmass_bbc725e1,2075,500,3339,0.335704,0.253545,5;3,1907,0.920419,0.958072,0.95781,0.920482,1907,0.957328,0.977709,0.977447,0.957393,2064,0.94988,0.974296,0.952404,0.94988,0.844478,0.913793,0.847229,0.69134,0.750891,0.719036,0.606561,0.840406,0.901139,0.842892,0.530747,19.89252437,512,16,10356.30617,0.200361013,5.678,16.9137097
simvarmass_bc1efc63,260,500,3914,0.283747,0.741566,5;3,225,0.865385,0.927835,0.927835,0.865385,225,0.910931,0.95339,0.95339,0.910931,245,0.911538,0.953722,0.938614,0.911538,0.76216,0.865217,0.765385,0.762515,0.805907,0.788462,0.530747,0.55904,0.690141,0.565385,0.730736,27.58795688,512,16,10356.30617,0.025105476,6.828,24.06369054
simvarmass_bcc4bfde,4476,500,3635,0.068665,0.805131,5;3,3289,0.829088,0.906559,0.847135,0.829088,3289,0.86807,0.929376,0.869646,0.86807,3806,0.846291,0.916747,0.914755,0.846291,0.788072,0.881208,0.788874,0.560345,0.670355,0.595621,0.730736,NaN,NaN,NaN,0.564434,105.8763562,512,16,10356.30617,0.432200432,6.27,91.31289594
simvarmass_bd15c14a,2233,500,1204,0.347789,0.247152,5;3,2027,0.90946,0.950059,0.949765,0.913569,2027,0.94633,0.969842,0.969566,0.950606,23027,0.586342,0.749911,0.166192,0.939991,0.835828,0.90878,0.861621,0.126494,0.22704,0.128974,0.564434,0.785179,0.868747,0.789521,0.582778,6.923738244,512,16,10356.30617,0.215617418,1.408,4.048431664
simvarmass_bd7d09a7,3515,500,764,0.234728,0.637255,5;3,2948,0.85941,0.910116,0.90082,0.866856,2948,0.901201,0.933292,0.924127,0.90901,3401,0.790945,0.888664,0.888664,0.875676,0.796673,0.854459,0.846088,0.133657,0.238154,0.136558,0.582778,0.488536,0.649463,0.490469,0.574596,6.509662247,512,16,10356.30617,0.339406729,0.528,2.249412085
simvarmass_bdd233cf,1863,500,2301,0.432858,0.355591,5;3,1669,0.898496,0.943674,0.943375,0.899087,1669,0.939336,0.965817,0.965517,0.939955,1895,0.935052,0.966473,0.928153,0.936125,0.825665,0.903529,0.843264,0.438867,0.59223,0.454106,0.574596,0.717341,0.824108,0.71927,0.569465,10.63166212,512,16,10356.30617,0.179890394,3.602,8.321435667
simvarmass_be5467f1,1043,500,3319,0.298751,0.260829,5;3,953,0.912562,0.952859,0.951904,0.912752,953,0.953709,0.974859,0.97386,0.953908,1023,0.951103,0.974939,0.96031,0.951103,0.831101,0.907378,0.831256,0.786181,0.803383,0.815916,0.569465,0.820668,0.882864,0.827421,0.637542,22.21917249,512,16,10356.30617,0.100711584,5.638,18.87190336
simvarmass_beb154e3,1646,500,3189,0.099932,0.125302,5;3,1373,0.925273,0.961186,0.909573,0.925273,1373,1,1,0.948204,1,1600,0.95322,0.97605,0.966728,0.95322,0.843081,0.914606,0.843256,0.791671,0.801045,0.832321,0.637542,0.955434,0.96728,0.957473,0.587571,63.82339991,512,16,10356.30617,0.158936977,5.378,53.81659528
simvarmass_bfbc137d,4710,500,1235,0.429415,0.705012,5;3,3544,0.816412,0.873916,0.853162,0.828238,3544,0.856224,0.896951,0.876416,0.868626,20115,0.358345,0.566176,0.317986,0.838004,0.770957,0.823129,0.847558,0.081861,0.151681,0.082378,0.587571,0.448539,0.613936,0.449894,0.680601,5.752011457,512,16,10356.30617,0.454795361,1.47,3.42326188
simvarmass_c058a35b,3556,500,3442,0.170816,0.178511,5;3,2534,0.879359,0.935807,0.832184,0.879359,2534,1,1,0.895248,1,3282,0.911136,0.953502,0.947646,0.911136,0.816031,0.898174,0.816929,0.673313,0.737994,0.710911,0.680601,0.88462,0.924776,0.886952,0.676241,40.30067441,512,16,10356.30617,0.343365669,5.884,34.44642188
simvarmass_c1437e96,4684,500,3748,0.288459,0.773184,5;3,869,0.820876,0.901418,0.312984,0.82088,869,0.863071,0.926283,0.326446,0.863075,4003,0.834742,0.909578,0.899965,0.834757,0.786009,0.878469,0.789283,0.474667,0.613738,0.495944,0.676241,0.465817,0.628752,0.467336,0.676496,25.98636201,512,16,10356.30617,0.452284813,6.496,22.51966484
simvarmass_c1d5bf12,2285,500,2402,0.057516,0.150324,5;3,1460,0.908228,0.952337,0.779172,0.909409,1460,0.953723,0.976733,0.80253,0.954963,2183,0.945733,0.97211,0.967323,0.945733,0.839647,0.912764,0.840263,0.774682,0.784141,0.820131,0.676496,0.94614,0.961712,0.947921,0.676277,83.52458446,512,16,10356.30617,0.220638514,3.804,66.13811809
simvarmass_c1e14fbf,4800,500,4567,0.352536,0.75274,5;3,723,0.828125,0.905983,0.261814,0.828125,723,1,1,0.307791,1,18800,0.8341,0.909463,0.339322,0.834167,0.78818,0.880866,0.79125,0.466026,0.610143,0.48875,0.676277,0.467123,0.630267,0.468958,0.552292,25.90941067,512,16,10356.30617,0.463485718,8.134,23.07282093
simvarmass_c2065f19,657,500,4925,0.362271,0.798448,5;3,616,0.93961,0.966981,0.966222,0.940639,616,0.978326,0.987159,0.986367,0.979398,660,0.978691,0.989231,0.976462,0.978691,0.852373,0.919408,0.853881,0.764254,0.794767,0.789954,0.552292,0.547226,0.691262,0.550989,0.667138,27.18959011,512,16,10356.30617,0.063439608,8.85,24.42922563
simvarmass_c3161682,3010,500,3315,0.161165,0.500895,5;3,1133,0.892359,0.943118,0.546947,0.892359,1133,1,1,0.593349,1,2792,0.913289,0.95468,0.947604,0.913289,0.822578,0.902182,0.824917,0.682298,0.736325,0.722259,0.667138,0.606299,0.746177,0.607973,0.608386,41.1379642,512,16,10356.30617,0.290644169,5.63,34.93314305
simvarmass_c347b06f,862,500,2662,0.060498,0.299149,5;3,792,0.918794,0.957678,0.957678,0.918794,792,0.963504,0.981413,0.981413,0.963504,835,0.954756,0.976855,0.969947,0.954756,0.838717,0.911728,0.839907,0.859448,0.846109,0.893271,0.608386,0.829231,0.877364,0.834107,0.726545,88.00290919,512,16,10356.30617,0.08323431,4.324,71.47343714
simvarmass_c3b64c6f,3883,500,4730,0.086701,0.675716,5;3,1605,0.850705,0.919054,0.584913,0.850888,1605,0.999784,0.999546,0.653901,1,3361,0.860417,0.924972,0.922419,0.860417,0.798821,0.888857,0.801185,0.617939,0.698496,0.651816,0.726545,NaN,NaN,NaN,0.538003,109.1106216,512,16,10356.30617,0.374940634,8.46,97.57672922
simvarmass_c3c4bfa6,495,500,4364,0.489692,0.657189,5;3,452,0.915105,0.954593,0.954593,0.915152,452,0.945672,0.970999,0.970999,0.94572,489,0.939394,0.96875,0.945122,0.939394,0.849018,0.917031,0.854545,0.68048,0.743941,0.715152,0.538003,0.572978,0.711908,0.577778,0.715504,17.82344821,512,16,10356.30617,0.047796965,7.728,15.78134828
simvarmass_c3d45688,3925,500,4655,0.115961,0.532564,5;3,2340,0.864713,0.927449,0.747007,0.864713,2340,0.905791,0.950567,0.768852,0.905791,3482,0.882803,0.937754,0.935601,0.882803,0.811463,0.896155,0.813503,0.653389,0.721837,0.688917,0.715504,NaN,NaN,NaN,0.648024,80.28561327,512,16,10356.30617,0.378996134,8.31,71.6620243
simvarmass_c3dc1c01,4366,500,3668,0.454031,0.365134,5;3,3761,0.861654,0.925083,0.925065,0.861658,3761,0.89571,0.944368,0.944354,0.895714,3970,0.873568,0.932518,0.915067,0.873568,0.802967,0.889595,0.807604,0.45377,0.604017,0.471828,0.648024,0.651233,0.779221,0.652771,0.591532,16.15748704,512,16,10356.30617,0.421578884,6.336,13.95499426
simvarmass_c400d673,2992,500,1522,0.332836,0.559228,5;3,2592,0.874057,0.929643,0.927292,0.875668,2592,0.920837,0.95558,0.95324,0.922535,2946,0.896133,0.945658,0.911418,0.904412,0.826328,0.899909,0.850602,0.286567,0.443054,0.295789,0.591532,0.576041,0.722222,0.577874,0.639982,9.145645303,512,16,10356.30617,0.288906097,2.044,6.141162615
simvarmass_c41fa130,3975,500,718,0.104712,0.185449,5;3,3454,0.87356,0.930576,0.928523,0.873962,3454,0.919111,0.955862,0.953816,0.919534,3861,0.905158,0.950244,0.918836,0.90566,0.804423,0.890252,0.817862,0.403751,0.561392,0.414088,0.639982,0.865827,0.913832,0.868428,0.650818,13.71380549,512,16,10356.30617,0.38382411,0.436,4.163801666
simvarmass_c4602667,3971,500,1498,0.165869,0.445471,5;3,3441,0.867719,0.92886,0.928225,0.868043,3441,0.908919,0.951947,0.951327,0.909259,20317,0.895744,0.945005,0.292902,0.895744,0.813383,0.896628,0.822463,0.498091,0.639306,0.519768,0.650818,0.624709,0.758579,0.626291,0.618594,18.06244687,512,16,10356.30617,0.383437872,1.996,12.03359278
simvarmass_c4662f60,2261,500,3566,0.274485,0.860987,5;3,1981,0.878325,0.933082,0.932579,0.878372,1981,0.917695,0.954907,0.954403,0.917745,2086,0.902697,0.948617,0.939038,0.902698,0.809142,0.890905,0.813799,0.605712,0.700049,0.63379,0.618594,0.466839,0.62737,0.468377,0.635154,25.98320491,512,16,10356.30617,0.218321085,6.132,22.34001858
simvarmass_c47275cd,4122,500,1492,0.214145,0.860163,5;3,3338,0.833041,0.899391,0.892225,0.833819,3338,0.868655,0.919973,0.912906,0.869466,3708,0.842006,0.90945,0.887356,0.845949,0.785735,0.862729,0.819262,0.397408,0.554652,0.413634,0.635154,0.46158,0.625779,0.462882,0.672143,13.93448364,512,16,10356.30617,0.39801836,1.984,9.26475052
simvarmass_c497c2ee,3129,500,4477,0.21159,0.288165,5;3,1918,0.888463,0.940938,0.760055,0.888463,1918,0.928214,0.962771,0.780786,0.928214,20501,0.908917,0.952285,0.240711,0.908917,0.829778,0.906806,0.830617,0.702739,0.748464,0.739853,0.672143,0.778773,0.862794,0.780761,0.650818,42.31768987,512,16,10356.30617,0.302134752,7.954,37.5915686
simvarmass_c49f6224,4303,500,3452,0.406533,0.068795,5;3,3773,0.870132,0.930302,0.927439,0.870323,3773,0.911214,0.953278,0.950266,0.911414,4037,0.900999,0.947922,0.929736,0.900999,0.803737,0.89075,0.806414,0.505485,0.647851,0.525447,0.650818,0.93149,0.956312,0.93214,0.588507,16.98263118,512,16,10356.30617,0.415495634,5.904,14.52280627
simvarmass_c4a0b581,2214,500,2975,0.486396,0.181556,5;3,2019,0.914331,0.952988,0.952988,0.915537,2019,0.953523,0.973926,0.973926,0.954781,23302,0.81589,0.902146,0.164759,0.949413,0.827138,0.904644,0.845528,0.521317,0.659116,0.538844,0.588507,0.916057,0.943715,0.919151,0.564314,12.23283086,512,16,10356.30617,0.213782787,4.95,10.1768929
simvarmass_c573dc3b,824,500,4285,0.294385,0.452356,5;3,760,0.924748,0.959596,0.959596,0.924757,760,0.960898,0.978751,0.978751,0.960908,806,0.95267,0.975761,0.96319,0.95267,0.836189,0.910053,0.837379,0.81929,0.818667,0.849515,0.564314,0.67429,0.787791,0.675971,0.606722,29.11153761,512,16,10356.30617,0.079565048,7.57,25.71462541
simvarmass_c5881458,1373,500,3374,0.156029,0.674363,5;3,1250,0.911143,0.953506,0.953107,0.911143,1250,0.952055,0.975439,0.975039,0.952055,1313,0.939548,0.968832,0.960536,0.939548,0.827913,0.906126,0.830299,0.77621,0.785039,0.813547,0.606722,0.552627,0.698718,0.555717,0.616147,43.2483705,512,16,10356.30617,0.132576227,5.748,36.83930551
simvarmass_c5f2b379,2070,500,3212,0.248693,0.648959,5;3,1855,0.896582,0.945223,0.945223,0.896618,1855,0.937809,0.967658,0.967658,0.937847,1955,0.920773,0.958753,0.947081,0.920773,0.842766,0.912907,0.845894,0.67517,0.735579,0.70628,0.616147,0.55398,0.705305,0.555556,0.706537,25.8310447,512,16,10356.30617,0.199878216,5.424,21.8100228
simvarmass_c66cd307,2707,500,3653,0.052209,0.28009,5;3,667,0.894551,0.944477,0.394784,0.895456,667,0.931365,0.964584,0.407713,0.932308,2511,0.922793,0.959846,0.957455,0.922793,0.822781,0.902,0.824529,0.75574,0.775385,0.801625,0.706537,NaN,NaN,NaN,0.616666,139.9375587,512,16,10356.30617,0.261386633,6.306,120.7837729
simvarmass_c6e07f08,3005,500,3511,0.485686,0.308753,5;3,2677,0.892744,0.94246,0.942274,0.892845,2677,0.930845,0.963309,0.963123,0.930951,21979,0.917804,0.95714,0.220781,0.917804,0.832273,0.907737,0.839268,0.5243,0.660473,0.544093,0.616666,0.747964,0.843738,0.751082,0.544092,14.45790078,512,16,10356.30617,0.290161371,6.022,12.39895735
simvarmass_c6f7830b,92,500,991,0.073959,0.730747,5;3,78,0.847826,0.917647,0.917647,0.847826,78,0.857143,0.923077,0.923077,0.857143,89,0.858696,0.923977,0.872928,0.858696,0.728103,0.835443,0.728261,0.691006,0.751592,0.717391,0.544092,0.645756,0.769231,0.652174,0.643762,26.79863167,512,16,10356.30617,0.008883476,0.982,13.27762679
simvarmass_c7150cc2,3601,500,3302,0.349604,0.125159,5;3,3191,0.885841,0.938559,0.937868,0.885865,3191,0.924613,0.959916,0.959193,0.924638,3413,0.914191,0.955172,0.938694,0.914191,0.840367,0.912302,0.841711,0.575747,0.692197,0.599833,0.643762,0.932047,0.955267,0.933352,0.697117,18.88994405,512,16,10356.30617,0.347710848,5.604,16.02956488
simvarmass_c7d08b62,3240,500,3732,0.096579,0.36847,5;3,297,0.877477,0.934604,0.167939,0.877778,297,0.999657,0.999649,0.189112,1,2962,0.905247,0.950267,0.945824,0.905247,0.830095,0.907102,0.83179,0.703385,0.74197,0.745062,0.697117,0.698299,0.811963,0.699691,0.687986,77.28388159,512,16,10356.30617,0.312852859,6.464,66.9296638
simvarmass_c812c142,4306,500,2422,0.136649,0.613656,5;3,1620,0.848811,0.918111,0.546743,0.848816,1620,0.999995,0.999863,0.614218,1,3766,0.861588,0.925649,0.919227,0.861588,0.804921,0.891802,0.805852,0.551688,0.669269,0.577334,0.687986,0.526513,0.680851,0.527636,0.550212,35.4484848,512,16,10356.30617,0.415785313,3.844,28.13046565
simvarmass_c8f362b2,877,500,2035,0.319404,0.16636,5;3,822,0.940545,0.967059,0.966451,0.941847,822,0.971564,0.983254,0.982645,0.972909,963,0.950209,0.974771,0.923913,0.969213,0.839292,0.913473,0.851767,0.626523,0.725428,0.652223,0.550212,0.950713,0.962275,0.95553,0.615489,12.74248287,512,16,10356.30617,0.084682703,3.07,9.611651701
simvarmass_c8f52af5,3850,500,878,0.180167,0.170309,5;3,3395,0.882557,0.936663,0.93637,0.883117,3395,0.921075,0.957945,0.957651,0.921659,21251,0.895733,0.945587,0.278316,0.907273,0.829089,0.905403,0.845714,0.244659,0.393765,0.249351,0.615489,0.868533,0.914286,0.870909,0.682341,9.746512957,512,16,10356.30617,0.371754169,0.756,4.196106945
simvarmass_c92b8fb3,3708,500,2049,0.101173,0.650111,5;3,2895,0.858654,0.92388,0.876571,0.859223,2895,0.898642,0.946524,0.899037,0.899238,3307,0.878101,0.935095,0.928297,0.878101,0.805748,0.891606,0.808522,0.594917,0.697995,0.62891,0.682341,0.535093,0.690493,0.536677,0.599013,40.50487778,512,16,10356.30617,0.358042717,3.098,30.62081781
simvarmass_c98035bc,4058,500,1214,0.31011,0.739437,5;3,3319,0.842245,0.898768,0.892504,0.847955,3319,0.881338,0.920966,0.914826,0.887313,21058,0.676131,0.820971,0.278548,0.862001,0.784064,0.847349,0.841055,0.202237,0.336598,0.207491,0.599013,0.462457,0.626727,0.464022,0.556411,7.829479862,512,16,10356.30617,0.391838551,1.428,4.604817645
simvarmass_c9d6bfa6,3684,500,811,0.409409,0.569834,5;3,2625,0.84459,0.873687,0.817879,0.869164,2625,0.881686,0.893896,0.838479,0.907339,21655,0.129081,0.253285,0.253285,0.871064,0.760517,0.78875,0.873507,0.011672,0.023075,0.011672,0.556411,0.449738,0.614591,0.452769,0.567443,3.961808363,512,16,10356.30617,0.355725288,0.622,1.519263133
simvarmass_c9f6e910,3312,500,1125,0.428424,0.175597,5;3,2952,0.890706,0.937799,0.93742,0.895531,2952,0.926222,0.957187,0.956819,0.93124,21489,0.428764,0.618888,0.245474,0.919082,0.829683,0.899273,0.870773,0.023388,0.045977,0.023551,0.567443,0.752585,0.846115,0.75785,0.601325,5.251806621,512,16,10356.30617,0.319805145,1.25,2.917670345
simvarmass_ca1004cd,2178,500,4150,0.497043,0.45513,5;3,1967,0.905216,0.948866,0.948613,0.905418,1967,0.946955,0.971358,0.971104,0.947166,2147,0.930689,0.964243,0.941503,0.934803,0.839455,0.911538,0.853994,0.614606,0.712532,0.639578,0.601325,0.65381,0.778867,0.656566,0.629481,16.69875645,512,16,10356.30617,0.210306644,7.3,14.68685808
simvarmass_ca611d34,3139,500,2093,0.236701,0.715001,5;3,2740,0.874437,0.931474,0.931111,0.874801,2740,0.912519,0.952696,0.952331,0.912899,21643,0.89519,0.944697,0.226777,0.89519,0.821139,0.900995,0.833705,0.49579,0.629759,0.516406,0.629481,0.506987,0.665693,0.508124,0.533227,17.68475841,512,16,10356.30617,0.303100348,3.186,13.46001918
simvarmass_ca6ca1ee,1093,500,833,0.340299,0.057578,5;3,1022,0.927589,0.957055,0.955083,0.941446,1022,0.96374,0.975938,0.973963,0.978137,23225,0.090839,0.170702,0.08726,0.970723,0.847914,0.908374,0.886551,0.010064,0.019928,0.010064,0.533227,0.916689,0.936069,0.923147,0.640669,4.895694669,512,16,10356.30617,0.10553956,0.666,1.957102431
simvarmass_cb60fb8f,3620,500,3607,0.41424,0.458579,5;3,3163,0.874016,0.932311,0.932036,0.874033,3163,0.915491,0.955418,0.955129,0.915509,20594,0.901105,0.94798,0.269431,0.901105,0.816019,0.898313,0.824309,0.509076,0.647779,0.533702,0.640669,0.618751,0.753818,0.620442,0.605584,17.41502511,512,16,10356.30617,0.349545479,6.214,15.00096562
simvarmass_cb9efa31,1175,500,4996,0.175259,0.445731,5;3,1079,0.918298,0.957409,0.957409,0.918298,1079,0.959964,0.979573,0.979573,0.959964,1130,0.953191,0.976035,0.9718,0.953191,0.842553,0.91455,0.842553,0.844364,0.835742,0.879149,0.605584,0.687693,0.794547,0.694468,0.557743,57.01276397,512,16,10356.30617,0.113457441,8.992,51.3069229
simvarmass_cc4375a8,2045,500,893,0.28779,0.286222,5;3,1851,0.908439,0.947935,0.947125,0.912958,1851,0.942546,0.966275,0.965463,0.947235,23108,0.658548,0.80284,0.152825,0.939853,0.824436,0.899839,0.860147,0.081156,0.155786,0.084597,0.557743,0.735756,0.834068,0.739853,0.686868,6.205914035,512,16,10356.30617,0.197464228,0.786,2.731158136
simvarmass_ccc0c5d5,4766,500,869,0.061131,0.277863,5;3,468,0.855017,0.921755,0.178831,0.855225,468,0.894428,0.944174,0.186306,0.894644,4270,0.874528,0.933065,0.922532,0.874528,0.812596,0.896241,0.816618,0.520965,0.655485,0.545321,0.686868,0.732598,0.833333,0.734368,0.683139,28.43074708,512,16,10356.30617,0.460202694,0.738,12.07243461
simvarmass_cd13e995,3844,500,2682,0.153536,0.190707,5;3,3299,0.878103,0.934921,0.923142,0.878252,3299,0.915494,0.955697,0.943888,0.91565,19689,0.905567,0.950444,0.29584,0.905567,0.831142,0.907284,0.831946,0.647045,0.724899,0.67898,0.683139,0.894716,0.931514,0.896462,0.677571,34.93643185,512,16,10356.30617,0.371174812,4.364,28.42330138
simvarmass_cd3977da,3944,500,3376,0.196163,0.654143,5;3,2491,0.851103,0.919474,0.774204,0.851166,2491,0.891094,0.942316,0.796101,0.89116,3486,0.865619,0.92797,0.918977,0.865619,0.798391,0.887667,0.798428,0.565974,0.678825,0.594574,0.677571,0.514763,0.671942,0.516734,0.629352,34.4203545,512,16,10356.30617,0.380830765,5.752,29.32255318
simvarmass_cd7b8fa7,3640,500,1278,0.181906,0.564345,5;3,3124,0.862514,0.923645,0.922531,0.862912,3124,0.900617,0.945141,0.944024,0.901033,3308,0.878846,0.935517,0.920841,0.878846,0.804035,0.889499,0.818132,0.421951,0.576498,0.437363,0.629352,0.544601,0.695713,0.546154,0.664546,14.05121326,512,16,10356.30617,0.351476669,1.556,8.553868482
simvarmass_cdcf66fd,2811,500,3163,0.135003,0.854872,5;3,1923,0.869085,0.929781,0.812421,0.869086,1923,0.907503,0.951324,0.833369,0.907504,2535,0.885092,0.938645,0.930789,0.885094,0.81602,0.89863,0.817503,0.62696,0.701828,0.655639,0.664546,0.463814,0.627188,0.465315,0.571964,46.85821797,512,16,10356.30617,0.271428823,5.326,39.45097516
simvarmass_ce301f80,1724,500,2243,0.390637,0.522673,5;3,1553,0.904649,0.947208,0.947208,0.907773,1553,0.938396,0.965474,0.965474,0.941637,1763,0.868371,0.931864,0.921709,0.932135,0.838104,0.911097,0.854408,0.470897,0.618504,0.486659,0.571964,0.601242,0.739979,0.604988,0.573569,11.48380722,512,16,10356.30617,0.16646862,3.486,8.923885858
simvarmass_ce78f771,1188,500,2750,0.261913,0.751938,5;3,1080,0.912009,0.951961,0.951499,0.9133,1080,0.949576,0.972097,0.971634,0.95092,25573,0.939365,0.968302,0.083405,0.939394,0.826293,0.902899,0.8367,0.641815,0.725125,0.671717,0.573569,0.523925,0.673224,0.52862,0.642736,20.99933948,512,16,10356.30617,0.114712715,4.5,17.18127775
simvarmass_cf48b1ae,2303,500,3968,0.205018,0.216711,5;3,2105,0.914893,0.955319,0.955082,0.914894,2105,0.951241,0.974774,0.974537,0.951242,2222,0.945723,0.972104,0.962652,0.945723,0.837477,0.911022,0.838472,0.76142,0.775303,0.801997,0.642736,0.885801,0.926751,0.887972,0.629045,38.7087963,512,16,10356.30617,0.222376585,6.936,33.8311758
simvarmass_cfa1841c,1847,500,4521,0.205415,0.483911,5;3,1699,0.920411,0.958557,0.958263,0.920411,1699,0.950252,0.974491,0.974197,0.950252,1759,0.935571,0.966713,0.958403,0.935571,0.840039,0.91289,0.840282,0.780152,0.789613,0.818625,0.629045,0.637119,0.764841,0.638874,0.636496,44.01820704,512,16,10356.30617,0.178345442,8.042,39.15001339
simvarmass_cff078cd,4837,500,2724,0.467101,0.43786,5;3,4041,0.837233,0.910115,0.910115,0.837296,4041,0.878078,0.93378,0.93378,0.878144,19692,0.855076,0.921912,0.337397,0.855489,0.798797,0.886411,0.810833,0.314836,0.475556,0.324788,0.636496,0.588629,0.731227,0.590862,0.670698,11.66343039,512,16,10356.30617,0.46705842,4.448,9.522565783
simvarmass_d013d641,2817,500,3420,0.133923,0.640099,5;3,1422,0.878239,0.935173,0.670913,0.878239,1422,0.917996,0.957245,0.690794,0.917996,2578,0.900248,0.947506,0.94013,0.900248,0.828749,0.906377,0.830316,0.693189,0.738522,0.730919,0.670698,0.543085,0.696185,0.544196,0.674254,51.07412468,512,16,10356.30617,0.272008181,5.84,43.60714739
simvarmass_d053681a,4716,500,2228,0.19458,0.054082,5;3,993,0.863656,0.92684,0.347872,0.863656,993,0.908949,0.952303,0.362806,0.908949,19206,0.89207,0.942956,0.351726,0.89207,0.824767,0.902754,0.829304,0.518215,0.65476,0.540288,0.674254,0.938133,0.960571,0.938719,0.54608,22.90060643,512,16,10356.30617,0.455374718,3.456,17.7613321
simvarmass_d065c8b5,3698,500,682,0.425461,0.167989,5;3,3202,0.860483,0.893082,0.888696,0.886155,3202,0.900925,0.914788,0.910603,0.927803,20425,0.201446,0.35837,0.276002,0.900487,0.761828,0.792361,0.886696,0.001893,0.003779,0.001893,0.54608,0.532562,0.688367,0.543267,0.546397,3.205934269,512,16,10356.30617,0.357077122,0.364,0.855542576
simvarmass_d09ffdcc,280,500,1356,0.109936,0.10043,5;3,263,0.942178,0.968692,0.968692,0.942857,263,0.991766,0.994329,0.994329,0.992481,299,0.992857,0.996416,0.960276,0.992857,0.847068,0.917148,0.85,0.913556,0.871324,0.942857,0.546397,0.983452,0.982079,0.989286,0.53007,24.66889827,512,16,10356.30617,0.027036667,1.712,15.57269684
simvarmass_d174a7f0,588,500,1418,0.387835,0.467105,5;3,551,0.938913,0.963158,0.962248,0.942177,551,0.965176,0.976868,0.975957,0.968531,656,0.824664,0.906752,0.906752,0.959184,0.840782,0.906568,0.858844,0.23854,0.380577,0.246599,0.53007,0.724694,0.826772,0.727891,0.674422,7.312388,512,16,10356.30617,0.056777,1.836,4.733971921
simvarmass_d195f8ed,4451,500,3750,0.269561,0.855531,5;3,3419,0.825403,0.903924,0.868615,0.825432,3419,0.867502,0.928599,0.893128,0.867532,3872,0.842498,0.914014,0.900877,0.842507,0.792019,0.880752,0.799596,0.483382,0.61721,0.508425,0.674422,0.464575,0.629405,0.465513,0.544053,27.82301594,512,16,10356.30617,0.429786444,6.5,24.11328048
simvarmass_d2328572,865,500,1880,0.357371,0.566495,5;3,791,0.914815,0.95353,0.952899,0.915607,791,0.958009,0.976514,0.975881,0.958838,932,0.959543,0.9794,0.925988,0.96185,0.823313,0.903348,0.845087,0.481243,0.627365,0.498266,0.544053,0.617939,0.756063,0.619653,0.60497,10.52127901,512,16,10356.30617,0.083523989,2.76,7.723066505
simvarmass_d233262c,3328,500,1238,0.249706,0.18443,5;3,2960,0.891586,0.941494,0.941158,0.892728,2960,0.928119,0.96152,0.961182,0.929309,3260,0.916166,0.956263,0.925926,0.916466,0.813547,0.896643,0.834736,0.292623,0.449397,0.296875,0.60497,0.85942,0.911214,0.861178,0.716329,9.915660817,512,16,10356.30617,0.321350098,1.476,5.910951279
simvarmass_d2705cad,3360,500,4948,0.085723,0.816272,5;3,976,0.855632,0.922065,0.450185,0.855655,976,0.999973,0.999826,0.506881,1,2956,0.87619,0.93401,0.932236,0.87619,0.810979,0.895704,0.812798,0.645613,0.708582,0.689286,0.716329,NaN,NaN,NaN,0.598326,115.4415968,512,16,10356.30617,0.324440002,8.896,103.7761161
simvarmass_d276a605,2319,500,2010,0.28658,0.368097,5;3,2089,0.903281,0.947846,0.947822,0.903838,2089,0.947831,0.971867,0.971854,0.948416,2353,0.934887,0.966377,0.928938,0.935748,0.837151,0.910115,0.851229,0.5423,0.670259,0.563174,0.598326,0.718066,0.824198,0.719707,0.565041,14.02749669,512,16,10356.30617,0.223921537,3.02,10.53806965
simvarmass_d2845c5c,2620,500,1134,0.367962,0.722376,5;3,2108,0.880161,0.91299,0.886633,0.894275,2108,0.913276,0.931056,0.904813,0.927921,22916,0.206463,0.364377,0.185777,0.905344,0.791929,0.843884,0.86145,0.145568,0.255684,0.148092,0.565041,0.474184,0.635947,0.476718,0.539022,6.163679945,512,16,10356.30617,0.252985954,1.268,3.446008012
simvarmass_d2e1ee0e,148,500,2445,0.120106,0.283247,5;3,131,0.885135,0.939068,0.939068,0.885135,131,0.956204,0.977612,0.977612,0.956204,152,0.959459,0.97931,0.946667,0.959459,0.851351,0.919708,0.851351,0.906154,0.901024,0.925676,0.539022,0.932554,0.9375,0.939189,0.642079,40.71403593,512,16,10356.30617,0.01429081,3.89,32.38805722
simvarmass_d3b3e0e0,2873,500,2511,0.188885,0.615521,5;3,2547,0.887922,0.940634,0.939852,0.887922,2547,0.930004,0.963733,0.962949,0.930004,21795,0.914375,0.955273,0.212988,0.914375,0.80909,0.894524,0.81622,0.617478,0.707822,0.642534,0.642079,0.555892,0.707435,0.559694,0.592768,26.58760622,512,16,10356.30617,0.277415514,4.022,21.29337957
simvarmass_d3d3924d,1785,500,1719,0.209398,0.239765,5;3,1642,0.921134,0.957993,0.957689,0.921569,1642,0.958172,0.977672,0.977367,0.958625,1810,0.952941,0.975904,0.946314,0.952941,0.83453,0.910143,0.847619,0.666493,0.746828,0.692437,0.592768,0.87111,0.918409,0.873389,0.667547,16.41849492,512,16,10356.30617,0.172358751,2.438,11.64290012
simvarmass_d430e49c,4235,500,3648,0.310323,0.180968,5;3,74,0.881432,0.936763,0.034347,0.881464,74,0.999963,0.999732,0.035844,1,19587,0.904841,0.950043,0.321719,0.904841,0.82596,0.903968,0.828571,0.568856,0.686365,0.597875,0.667547,0.901948,0.935074,0.904604,0.543892,23.51098694,512,16,10356.30617,0.408929586,6.296,20.28853807
simvarmass_d48ff508,1101,500,1593,0.411212,0.365971,5;3,1018,0.92493,0.958491,0.957999,0.927339,1018,0.960705,0.977393,0.976901,0.963208,1196,0.883161,0.939651,0.915107,0.954587,0.819321,0.897206,0.852861,0.255102,0.405099,0.259764,0.543892,0.716733,0.825248,0.718438,0.733848,7.747828371,512,16,10356.30617,0.106312037,2.186,5.315992724
simvarmass_d4a68a15,4753,500,2863,0.052893,0.705327,5;3,292,0.83442,0.909529,0.115758,0.83442,292,0.873952,0.932518,0.120911,0.873953,4049,0.846623,0.916942,0.914338,0.846623,0.80135,0.889407,0.802651,0.55684,0.667532,0.595413,0.733848,NaN,NaN,NaN,0.661286,108.256291,512,16,10356.30617,0.45894742,4.726,89.35019757
simvarmass_d4f54e99,2757,500,4946,0.228679,0.152317,5;3,1386,0.899829,0.947328,0.668598,0.900254,1386,0.940063,0.969153,0.688199,0.940508,2595,0.930722,0.964118,0.958894,0.930722,0.824575,0.903277,0.82481,0.741289,0.759748,0.783823,0.661286,0.937112,0.957275,0.939064,0.529005,43.25714211,512,16,10356.30617,0.266214609,8.892,38.88420012
simvarmass_d50d1294,2659,500,565,0.491971,0.183244,5;3,1996,0.836087,0.830302,0.799141,0.918766,1996,0.872852,0.849315,0.818842,0.959168,21199,0.107446,0.206304,0.206304,0.925536,0.601005,0.611902,0.911245,NaN,NaN,NaN,0.529005,0.149528,0.260046,0.14968,0.547408,2.296883353,512,16,10356.30617,0.256751776,0.13,0.264243218
simvarmass_d59a2975,992,500,1661,0.339569,0.133311,5;3,928,0.941137,0.966667,0.966667,0.946573,928,0.972508,0.983051,0.983051,0.978125,25014,0.222831,0.370101,0.074444,0.975806,0.858616,0.923077,0.88004,0.47794,0.627982,0.490927,0.547408,0.962166,0.972807,0.964718,0.672657,9.782989613,512,16,10356.30617,0.095787048,2.322,6.838080037
simvarmass_d652ed10,4976,500,4550,0.417086,0.278201,5;3,229,0.851373,0.919687,0.087992,0.851487,229,0.894894,0.944494,0.092283,0.895015,4502,0.873191,0.932303,0.91686,0.873191,0.806053,0.891657,0.809285,0.505642,0.644867,0.525121,0.672657,0.722102,0.826985,0.724277,0.683216,21.81804232,512,16,10356.30617,0.480480194,8.1,19.42045525
simvarmass_d7365209,3920,500,3555,0.182568,0.69924,5;3,530,0.854847,0.921744,0.238202,0.854847,530,1,1,0.273125,1,3451,0.87398,0.932753,0.929589,0.87398,0.797779,0.887156,0.798724,0.577575,0.683018,0.607398,0.683216,0.510388,0.668109,0.51199,0.53088,38.94439332,512,16,10356.30617,0.378513336,6.11,33.46698217
simvarmass_d7890311,1633,500,811,0.486395,0.38059,5;3,2315,0.903467,0.91008,0.756839,0.935701,2315,0.931415,0.924577,0.76635,0.964646,22963,0.064152,0.126118,0.126118,0.949786,0.74889,0.781101,0.885487,0.004899,0.00975,0.004899,0.53088,0.55395,0.695849,0.564605,0.545054,3.334738227,512,16,10356.30617,0.157681704,0.622,1.27879604
simvarmass_d78e020e,213,500,2723,0.113824,0.126381,5;3,185,0.868545,0.929648,0.929648,0.868545,185,0.885167,0.939086,0.939086,0.885167,194,0.887324,0.940299,0.928747,0.887324,0.798122,0.887728,0.798122,0.827294,0.852217,0.849765,0.545054,0.91914,0.929782,0.924883,0.679028,47.84579702,512,16,10356.30617,0.020567179,4.446,39.06030363
simvarmass_d80351b1,3128,500,3796,0.149897,0.393209,5;3,1219,0.881074,0.936778,0.560847,0.881074,1219,1,1,0.613333,1,2890,0.906969,0.951215,0.942838,0.906969,0.816952,0.899034,0.818734,0.691754,0.743377,0.731138,0.679028,0.685767,0.801641,0.68734,0.633186,50.6481117,512,16,10356.30617,0.302038193,6.592,43.97686411
simvarmass_d82c18aa,2103,500,2136,0.122086,0.468224,5;3,1904,0.907272,0.950885,0.950337,0.907275,1904,0.944084,0.97073,0.970191,0.944087,1991,0.930575,0.964039,0.956033,0.930575,0.828406,0.905258,0.829767,0.738148,0.772979,0.768902,0.633186,0.629978,0.762123,0.632905,0.544637,34.99172714,512,16,10356.30617,0.20306468,3.272,26.80077978
simvarmass_d836cd73,1160,500,636,0.207001,0.299189,5;3,1062,0.921921,0.952082,0.948695,0.932759,1062,0.959129,0.971664,0.968305,0.970404,24396,0.176585,0.307904,0.087494,0.963793,0.834913,0.906191,0.884483,0.091793,0.168107,0.092241,0.544637,0.799939,0.869031,0.80431,0.623822,6.144897851,512,16,10356.30617,0.112009048,0.272,1.314003314
simvarmass_d845be36,3265,500,3008,0.364154,0.82618,5;3,2778,0.85868,0.919934,0.917425,0.858806,2778,0.89543,0.940701,0.93823,0.895561,2916,0.871647,0.930408,0.920563,0.871669,0.81112,0.888587,0.82634,0.469678,0.612557,0.490046,0.623822,0.46413,0.628017,0.466156,0.516705,16.52048309,512,16,10356.30617,0.315266848,5.016,13.77439215
simvarmass_d8654c95,54,500,3038,0.347822,0.540554,5;3,39,0.722222,0.83871,0.83871,0.722222,39,0.795918,0.886364,0.886364,0.795918,54,0.759259,0.863158,0.759259,0.759259,0.694455,0.813187,0.703704,0.625777,0.752688,0.648148,0.516705,0.740741,0.851064,0.740741,0.521106,17.46870526,512,16,10356.30617,0.005214214,5.076,14.59367148
simvarmass_d874cbbf,490,500,686,0.36298,0.671608,5;3,354,0.835126,0.836571,0.812796,0.930612,354,0.881922,0.862191,0.838631,0.982759,24736,0.018772,0.037818,0.037818,0.973469,0.703061,0.734118,0.895918,0.025755,0.051587,0.026531,0.521106,0.530191,0.681234,0.540816,0.546323,3.77982258,512,16,10356.30617,0.047314167,0.372,1.024849854
simvarmass_d88b2079,1830,500,1297,0.486174,0.829742,5;3,1486,0.865762,0.883303,0.880579,0.918579,1486,0.895616,0.899726,0.897081,0.950254,24151,0.077671,0.153257,0.131019,0.930055,0.757807,0.805769,0.888525,0.135308,0.240229,0.137705,0.546323,0.468372,0.631463,0.470492,0.61482,5.335538305,512,16,10356.30617,0.17670393,1.594,3.278661549
simvarmass_d8c2ef0a,1958,500,4537,0.293805,0.882859,5;3,1751,0.896771,0.943742,0.943111,0.896834,1751,0.932489,0.963187,0.962576,0.932554,1825,0.91417,0.954642,0.94581,0.914198,0.824463,0.900785,0.827375,0.650393,0.718676,0.679775,0.61482,0.465499,0.625855,0.467314,0.540161,30.88443015,512,16,10356.30617,0.189063549,8.074,27.4808121
simvarmass_d8cb7e20,288,500,4882,0.217658,0.273932,5;3,262,0.909722,0.952727,0.952727,0.909722,262,0.952727,0.975791,0.975791,0.952727,279,0.951389,0.975089,0.96649,0.951389,0.809061,0.894837,0.8125,0.88741,0.864111,0.920139,0.540161,0.895882,0.91833,0.902778,0.586126,44.85936653,512,16,10356.30617,0.027809143,8.764,40.26500289
simvarmass_d95c32cd,1065,500,3155,0.162481,0.898661,5;3,958,0.902344,0.947628,0.947108,0.902347,958,0.962922,0.980072,0.97955,0.962926,1033,0.952112,0.975,0.966635,0.952113,0.848018,0.915565,0.851643,0.723092,0.769879,0.755869,0.586126,0.474729,0.631579,0.478873,0.628822,38.83530997,512,16,10356.30617,0.102835894,5.31,32.68074421
simvarmass_d96de116,3399,500,2768,0.351235,0.544393,5;3,2960,0.87139,0.930379,0.93002,0.871433,2960,0.91078,0.952381,0.952028,0.910824,21325,0.89291,0.943426,0.24551,0.89291,0.814713,0.896596,0.822006,0.496108,0.637283,0.518976,0.628822,0.575022,0.722192,0.577817,0.595981,15.76152718,512,16,10356.30617,0.328205824,4.536,12.91443051
simvarmass_d97954b4,1156,500,2249,0.117964,0.684035,5;3,1051,0.910035,0.952899,0.952424,0.910035,1051,0.951175,0.974977,0.974502,0.951175,1106,0.942042,0.970156,0.962865,0.942042,0.83349,0.908919,0.83391,0.767693,0.792793,0.798443,0.595981,0.56266,0.705059,0.566609,0.521084,38.13027703,512,16,10356.30617,0.11162281,3.498,29.65311451
simvarmass_d9947da0,435,500,991,0.42873,0.475435,5;3,394,0.895929,0.919048,0.914355,0.914943,394,0.939106,0.941463,0.936959,0.959036,25141,0.032347,0.065192,0.032609,0.958621,0.80738,0.841969,0.887356,0.05681,0.10846,0.057471,0.521084,0.653699,0.77551,0.664368,0.59292,4.622956173,512,16,10356.30617,0.042003393,0.982,2.290485854
simvarmass_d9fdb7af,3293,500,1838,0.416274,0.686941,5;3,2798,0.863709,0.91891,0.914464,0.866383,2798,0.901202,0.93992,0.935506,0.903992,3198,0.870908,0.9312,0.897242,0.885211,0.806497,0.875358,0.84543,0.283531,0.437186,0.290616,0.59292,0.486626,0.647973,0.487701,0.606196,8.830722072,512,16,10356.30617,0.317970514,2.676,6.428458179
simvarmass_da05d504,2545,500,1249,0.187056,0.463926,5;3,2298,0.90566,0.948607,0.948173,0.907662,2298,0.941546,0.967987,0.967552,0.943627,22645,0.92263,0.959984,0.187614,0.928487,0.832472,0.907649,0.84558,0.483121,0.628332,0.500196,0.606196,0.623179,0.758752,0.625933,0.552712,13.35428962,512,16,10356.30617,0.24574399,1.498,8.008296981
simvarmass_da378e15,343,500,819,0.079373,0.783479,5;3,308,0.899358,0.943338,0.940092,0.900875,308,0.946257,0.968553,0.9653,0.947853,337,0.947522,0.973054,0.955882,0.947522,0.850808,0.909375,0.851312,0.681798,0.765751,0.699708,0.552712,0.567689,0.71161,0.568513,0.636034,20.63674045,512,16,10356.30617,0.033119917,0.638,8.037997808
simvarmass_daacaf19,2842,500,3576,0.286651,0.609561,5;3,2513,0.884232,0.938189,0.938189,0.884236,2513,0.916145,0.95586,0.95586,0.91615,2615,0.900422,0.947602,0.937878,0.900422,0.809278,0.894205,0.810697,0.598271,0.697802,0.625616,0.636034,0.547563,0.70018,0.548909,0.52466,24.95020077,512,16,10356.30617,0.274422169,6.152,21.46163802
simvarmass_db2ba867,443,500,1310,0.413472,0.417708,5;3,422,0.959831,0.975723,0.975723,0.961625,422,0.991154,0.991774,0.991774,0.993007,26424,0.016795,0.033327,0.032679,0.990971,0.859375,0.915049,0.896163,0.167387,0.28626,0.1693,0.52466,0.839845,0.896806,0.846501,0.587042,6.336583856,512,16,10356.30617,0.042775869,1.62,3.918040399
simvarmass_db56d1d4,3138,500,1514,0.364542,0.681666,5;3,2679,0.86347,0.919446,0.916968,0.865838,2679,0.904697,0.942496,0.940078,0.907179,3128,0.798323,0.893359,0.893074,0.891969,0.800632,0.873445,0.840982,0.253815,0.404639,0.261313,0.587042,0.493112,0.652512,0.494583,0.541726,8.306313127,512,16,10356.30617,0.303003788,2.028,5.563144987
simvarmass_dbcabce0,516,500,3334,0.319852,0.568005,5;3,483,0.934109,0.965932,0.964965,0.934109,483,0.967871,0.983673,0.982671,0.967871,527,0.963178,0.981244,0.95302,0.963178,0.851562,0.91841,0.858527,0.761611,0.789189,0.790698,0.541726,0.61323,0.741339,0.622093,0.545234,20.8471418,512,16,10356.30617,0.049824715,5.668,17.72069582
simvarmass_dc3c980d,620,500,3707,0.420241,0.204758,5;3,590,0.933544,0.964942,0.955372,0.935484,590,0.963057,0.980492,0.970613,0.965058,630,0.96129,0.980263,0.9536,0.96129,0.822898,0.903795,0.830645,0.790505,0.811101,0.819355,0.545234,0.907488,0.932994,0.91129,0.606681,17.64225766,512,16,10356.30617,0.059866905,6.414,15.26267071
simvarmass_dc583fb6,1591,500,3715,0.234345,0.341221,5;3,1454,0.913891,0.955008,0.955008,0.913891,1454,0.945999,0.97225,0.97225,0.945999,1537,0.937775,0.967888,0.953964,0.937775,0.846637,0.91695,0.846637,0.776825,0.792491,0.816468,0.606681,0.724722,0.823142,0.726587,0.565502,31.70539162,512,16,10356.30617,0.153626204,6.43,27.43817875
simvarmass_dcde65ef,5014,500,674,0.356385,0.459502,5;3,3831,0.839958,0.881163,0.844319,0.859992,3831,0.876129,0.901244,0.864552,0.897025,20166,0.220134,0.396005,0.340111,0.854009,0.76707,0.805043,0.868568,0.006183,0.012289,0.006183,0.565502,0.450399,0.618236,0.455724,0.6183,3.782426309,512,16,10356.30617,0.484149456,0.348,0.976472074
simvarmass_dd399522,2267,500,4753,0.408723,0.359409,5;3,2050,0.902776,0.947832,0.946954,0.902955,2050,0.940963,0.968491,0.967574,0.941149,2196,0.931628,0.964604,0.946449,0.931628,0.839336,0.912054,0.843405,0.699315,0.750172,0.733127,0.6183,0.725337,0.828227,0.727393,0.687196,23.25780541,512,16,10356.30617,0.218900442,8.506,20.81116061
simvarmass_dd6742a1,2655,500,3156,0.074361,0.437778,5;3,1822,0.894539,0.944334,0.813938,0.894539,1822,0.936514,0.967216,0.836163,0.936514,2468,0.921281,0.959028,0.954909,0.921281,0.829495,0.90625,0.830132,0.734814,0.764059,0.776271,0.687196,0.649035,0.777053,0.650471,0.533542,84.88320491,512,16,10356.30617,0.256365538,5.312,71.43529538
simvarmass_dded9e36,353,500,3359,0.35256,0.235329,5;3,327,0.930571,0.961765,0.961765,0.932011,327,0.960501,0.977578,0.977578,0.961988,385,0.957515,0.978355,0.918699,0.96034,0.862725,0.925419,0.869688,0.793998,0.807069,0.830028,0.533542,NaN,NaN,NaN,0.577582,19.05491264,512,16,10356.30617,0.034085512,5.718,16.218516
simvarmass_de3181ba,396,500,4886,0.0701,0.529501,5;3,356,0.89899,0.946809,0.946809,0.89899,356,0.941799,0.970027,0.970027,0.941799,374,0.939394,0.96875,0.966234,0.939394,0.810606,0.895397,0.810606,0.867728,0.86911,0.896465,0.577582,0.700623,0.796562,0.707071,0.584478,139.4008559,512,16,10356.30617,0.038237572,8.772,125.1355207
simvarmass_de9f2dc4,1945,500,2434,0.355429,0.590543,5;3,1754,0.903868,0.948364,0.948364,0.904884,1754,0.945174,0.97067,0.97067,0.946237,24020,0.932648,0.96515,0.139727,0.932648,0.830036,0.904802,0.844216,0.513357,0.649562,0.533676,0.584478,0.574716,0.722635,0.57635,0.656895,13.69612496,512,16,10356.30617,0.187808275,3.868,10.88262353
simvarmass_deaf7c95,1602,500,4216,0.065381,0.783152,5;3,286,0.910737,0.953283,0.302966,0.910737,286,1,1,0.327794,1,1513,0.938826,0.968448,0.96565,0.938826,0.834245,0.910817,0.838327,0.776961,0.788267,0.818976,0.656895,0.501498,0.658497,0.503745,0.63084,128.9671311,512,16,10356.30617,0.154688358,7.432,113.6721678
simvarmass_decc66e0,1596,500,3202,0.102552,0.856133,5;3,1440,0.899681,0.945982,0.945982,0.899749,1440,0.933609,0.964406,0.964406,0.93368,1510,0.926063,0.961276,0.951706,0.926065,0.823622,0.903292,0.825188,0.725015,0.775269,0.760652,0.63084,0.45841,0.623244,0.4599,0.699307,62.44636867,512,16,10356.30617,0.154109001,5.404,52.69521804
simvarmass_ded2d912,4838,500,2527,0.132773,0.091369,5;3,3987,0.86458,0.927202,0.90289,0.86482,3987,0.905768,0.950369,0.925973,0.90602,18392,0.892724,0.943322,0.371847,0.892724,0.82056,0.900692,0.821,0.578717,0.687434,0.606656,0.699307,0.933748,0.955718,0.93489,0.65586,38.06496803,512,16,10356.30617,0.46715498,4.054,30.53331626
simvarmass_def0b7ad,3999,500,2612,0.246477,0.643111,5;3,3074,0.859965,0.924587,0.869221,0.859965,3074,0.897443,0.94582,0.89024,0.897443,20079,0.872718,0.932034,0.289891,0.872718,0.807513,0.892669,0.811953,0.501276,0.638337,0.522131,0.65586,NaN,NaN,NaN,0.689265,21.19467537,512,16,10356.30617,0.386141539,4.224,17.13750167
simvarmass_df06413e,2713,500,3984,0.085307,0.827273,5;3,722,0.886833,0.939844,0.420378,0.886841,722,0.92183,0.959139,0.433373,0.921839,2461,0.90564,0.950484,0.949749,0.90564,0.82703,0.905242,0.827497,0.671218,0.725638,0.707335,0.689265,0.471988,0.631915,0.473645,0.603328,93.40382384,512,16,10356.30617,0.26196599,6.968,81.68145639
simvarmass_df609ec6,2710,500,2078,0.329907,0.573834,5;3,2405,0.889723,0.940579,0.940371,0.890406,2405,0.929152,0.962208,0.962,0.929865,2661,0.89695,0.946422,0.920871,0.912546,0.823533,0.902262,0.839114,0.444744,0.591851,0.458303,0.603328,0.576408,0.723708,0.578967,0.614229,12.5974896,512,16,10356.30617,0.261676311,3.156,9.56633233
simvarmass_df6d009d,3813,500,2380,0.430324,0.699453,5;3,3255,0.85751,0.919966,0.919355,0.858117,3255,0.897033,0.942352,0.941739,0.897668,3548,0.864702,0.927682,0.901236,0.869919,0.808937,0.889597,0.837398,0.336396,0.493516,0.349331,0.614229,0.478121,0.640603,0.47915,0.664804,11.06143278,512,16,10356.30617,0.368181467,3.76,8.737602365
simvarmass_df6de312,4872,500,2433,0.254332,0.619327,5;3,2899,0.831683,0.907909,0.746107,0.831691,2899,0.871014,0.930852,0.767845,0.871023,4233,0.84688,0.917093,0.906315,0.84688,0.798624,0.887165,0.80275,0.43192,0.5837,0.449097,0.664804,NaN,NaN,NaN,0.726137,19.13247252,512,16,10356.30617,0.470438004,3.866,15.20060394
simvarmass_df8b24be,4108,500,4430,0.084125,0.40876,5;3,1384,0.864654,0.927415,0.504006,0.864654,1384,0.904738,0.949987,0.521281,0.904738,3656,0.884372,0.938638,0.935858,0.884372,0.815135,0.897669,0.815969,0.648682,0.722836,0.685005,0.726137,NaN,NaN,NaN,0.554669,105.3194651,512,16,10356.30617,0.396666527,7.86,93.43239227
simvarmass_dfd9f0cb,4744,500,717,0.440848,0.155626,5;3,3922,0.849706,0.892384,0.87676,0.871417,3922,0.881865,0.91007,0.894619,0.904397,19410,0.187036,0.343628,0.343628,0.874789,0.76447,0.801871,0.865936,0.001476,0.002947,0.001476,0.554669,0.524575,0.681277,0.530776,0.713917,3.252821834,512,16,10356.30617,0.458078384,0.434,0.984466301
simvarmass_dfed5afd,3971,500,3195,0.081875,0.821911,5;3,547,0.850154,0.918764,0.242143,0.850164,547,0.888411,0.940652,0.251668,0.888421,3463,0.866029,0.928205,0.925209,0.866029,0.799574,0.888765,0.801058,0.588347,0.685175,0.621506,0.713917,NaN,NaN,NaN,0.584297,78.04580153,512,16,10356.30617,0.383437872,5.39,65.83206107
simvarmass_e018a46b,2188,500,2525,0.430173,0.620485,5;3,1985,0.908806,0.949689,0.949437,0.911335,1985,0.945089,0.969193,0.968941,0.947719,23349,0.7995,0.893365,0.159768,0.932358,0.824243,0.901578,0.84415,0.448437,0.596306,0.464808,0.584297,0.550457,0.704784,0.552102,0.687173,11.73946296,512,16,10356.30617,0.21127224,4.05,9.41481683
simvarmass_e05133fd,2814,500,2274,0.060787,0.711363,5;3,1126,0.88486,0.938737,0.571574,0.884861,1126,0.923589,0.960093,0.58922,0.923591,2580,0.904762,0.95,0.944012,0.904762,0.820475,0.900624,0.821962,0.674949,0.726257,0.716063,0.687173,0.506862,0.665121,0.509595,0.703708,74.81862898,512,16,10356.30617,0.271718502,3.548,58.3677431
simvarmass_e0c5c6fe,4783,500,3525,0.161255,0.508288,5;3,3636,0.836997,0.911263,0.863285,0.837341,3636,0.87486,0.93324,0.885046,0.875219,4148,0.855321,0.922019,0.916135,0.855321,0.79807,0.887132,0.798662,0.555005,0.673137,0.587288,0.703708,NaN,NaN,NaN,0.575596,43.71957459,512,16,10356.30617,0.461844206,6.05,37.51821649
simvarmass_e0d59209,650,500,3475,0.12317,0.801075,5;3,605,0.928493,0.96255,0.96255,0.929231,605,0.96718,0.982913,0.982913,0.967949,642,0.969231,0.984375,0.975232,0.969231,0.841063,0.912427,0.843077,0.844959,0.832258,0.88,0.575596,NaN,NaN,NaN,0.522971,56.42607778,512,16,10356.30617,0.062763691,5.95,48.30721767
simvarmass_e1374a5a,346,500,1585,0.443375,0.325426,5;3,324,0.940915,0.967164,0.967164,0.947977,324,0.971811,0.983308,0.983308,0.979104,26126,0.05389,0.104434,0.025536,0.976879,0.869848,0.927803,0.901734,0.225597,0.37037,0.231214,0.522971,0.894525,0.933333,0.898844,0.644662,7.149703975,512,16,10356.30617,0.033409595,2.17,4.894276854
simvarmass_e1427067,2924,500,2111,0.158184,0.72225,5;3,2548,0.871747,0.931116,0.930921,0.871751,2548,0.911004,0.953058,0.952862,0.911008,2660,0.891245,0.942495,0.933381,0.891245,0.809833,0.894886,0.811902,0.589051,0.689391,0.615595,0.644662,0.518138,0.675862,0.519494,0.681258,26.69043645,512,16,10356.30617,0.28234005,3.222,20.36868457
simvarmass_e14878ff,4837,500,3425,0.269215,0.479941,5;3,446,0.837296,0.911444,0.168843,0.837296,446,1,1,0.198399,1,4248,0.861278,0.925469,0.917116,0.861278,0.786783,0.880176,0.788505,0.519941,0.652276,0.543519,0.681258,0.575977,0.722552,0.578251,0.538327,25.44434745,512,16,10356.30617,0.46705842,5.85,21.72984418
simvarmass_e165459e,1655,500,933,0.426581,0.479693,5;3,1375,0.895608,0.919176,0.89835,0.912387,1375,0.9411,0.943089,0.922712,0.95873,23853,0.074228,0.144804,0.122863,0.946828,0.783693,0.829987,0.870695,0.022356,0.043735,0.022356,0.538327,0.590293,0.731816,0.592749,0.655954,4.374315781,512,16,10356.30617,0.159806013,0.866,2.030095105
simvarmass_e18c1ab4,2568,500,1624,0.08491,0.255751,5;3,2307,0.899533,0.947109,0.946462,0.899533,2307,0.93712,0.967539,0.96689,0.93712,21850,0.929128,0.963262,0.19543,0.929128,0.822547,0.902262,0.823988,0.72778,0.75747,0.770249,0.655954,0.825998,0.892153,0.827882,0.666916,38.25226711,512,16,10356.30617,0.247964859,2.248,26.47509127
simvarmass_e1a008cd,2705,500,3285,0.135951,0.572302,5;3,1496,0.88936,0.941315,0.712211,0.889464,1496,0.928132,0.962593,0.731898,0.928241,2486,0.90573,0.950533,0.943941,0.90573,0.826655,0.905195,0.828096,0.704251,0.745675,0.748983,0.666916,0.573953,0.721258,0.57634,0.6537,48.32623519,512,16,10356.30617,0.261193514,5.57,40.97064383
simvarmass_e1db6151,2921,500,3121,0.198292,0.482944,5;3,2546,0.896268,0.945297,0.931407,0.896268,2546,0.933666,0.965695,0.951776,0.933666,2712,0.916467,0.956413,0.95047,0.916467,0.829153,0.906063,0.830537,0.675981,0.740767,0.714824,0.6537,0.625812,0.760108,0.627525,0.653577,31.4788292,512,16,10356.30617,0.282050371,5.242,26.4357614
simvarmass_e22b6a44,3076,500,4844,0.331183,0.201929,5;3,2772,0.901482,0.94789,0.94699,0.901821,2772,0.933028,0.965037,0.964136,0.933378,21184,0.922627,0.959757,0.233965,0.922627,0.834213,0.909123,0.83485,0.677118,0.743158,0.710663,0.653577,0.892217,0.926663,0.894343,0.519086,29.25270923,512,16,10356.30617,0.297017097,8.688,26.23323057
simvarmass_e23ab5dd,34,500,2116,0.250377,0.299401,5;3,24,0.676471,0.807018,0.793103,0.676471,24,0.676471,0.807018,0.793103,0.676471,28054,0.676471,0.807018,0.001638,0.676471,0.661769,0.785714,0.676471,0.716279,0.793651,0.735294,0.519086,0.705882,0.827586,0.705882,0.66843,16.90251101,512,16,10356.30617,0.003283024,3.232,12.90853393
simvarmass_e287be37,3552,500,790,0.054748,0.462718,5;3,3105,0.876169,0.934013,0.932252,0.876689,3105,0.912655,0.954337,0.952571,0.913196,20629,0.891329,0.942542,0.261858,0.891329,0.816749,0.898092,0.818975,0.569963,0.684482,0.598536,0.66843,0.617537,0.754245,0.619088,0.633853,28.85950172,512,16,10356.30617,0.342979431,0.58,10.5939943
simvarmass_e2a72306,3095,500,2249,0.212329,0.868517,5;3,2627,0.857288,0.919088,0.915065,0.857512,2627,0.892468,0.939022,0.935,0.892701,2779,0.873015,0.931195,0.919986,0.873021,0.796662,0.879453,0.809047,0.526992,0.650104,0.553796,0.633853,0.458904,0.622786,0.460097,0.59163,21.1841058,512,16,10356.30617,0.298851728,3.498,16.47443354
simvarmass_e2a8d5e2,1761,500,4372,0.499275,0.106289,5;3,1635,0.927171,0.961981,0.961131,0.927314,1635,0.961006,0.979886,0.979004,0.961154,1767,0.956843,0.977945,0.955215,0.956843,0.847631,0.917459,0.858035,0.720167,0.768032,0.755821,0.59163,0.967337,0.976115,0.969336,0.583254,17.51339442,512,16,10356.30617,0.170041323,7.744,15.51049021
simvarmass_e2aad6e7,2821,500,1530,0.363392,0.735147,5;3,2423,0.878012,0.922727,0.91762,0.884084,2423,0.91736,0.944369,0.939293,0.923704,22563,0.89916,0.940738,0.200441,0.901808,0.801918,0.867022,0.851826,0.265814,0.419614,0.277561,0.583254,0.503603,0.662491,0.506203,0.650765,8.420658683,512,16,10356.30617,0.272394419,2.06,5.66880944
simvarmass_e32a48a8,2827,500,4966,0.286567,0.699383,5;3,2269,0.879731,0.935842,0.890502,0.879731,2269,0.923505,0.960046,0.914551,0.923505,2590,0.897771,0.946132,0.93705,0.897771,0.822884,0.902751,0.824549,0.642635,0.722212,0.674567,0.650765,0.513368,0.670504,0.515034,0.584635,34.65856152,512,16,10356.30617,0.272973776,8.932,31.16897619
simvarmass_e356d4a7,3279,500,1537,0.43253,0.433998,5;3,2898,0.885619,0.93564,0.935406,0.888381,2898,0.923059,0.956206,0.955989,0.925938,21734,0.454332,0.645399,0.237796,0.906984,0.817997,0.894126,0.846905,0.149019,0.261462,0.152181,0.584635,0.615551,0.752648,0.617566,0.609664,7.107021478,512,16,10356.30617,0.316618681,2.074,4.795043118
simvarmass_e381c60b,929,500,4380,0.094889,0.246152,5;3,876,0.942949,0.970637,0.970637,0.942949,876,0.983165,0.991511,0.991511,0.983165,25304,0.979548,0.989668,0.069378,0.979548,0.857981,0.923611,0.858988,0.869583,0.851974,0.903122,0.609664,0.911595,0.932061,0.917115,0.555285,92.31839307,512,16,10356.30617,0.089703798,7.76,81.77976372
simvarmass_e3c941c3,1086,500,1760,0.290281,0.634424,5;3,997,0.920991,0.956355,0.955353,0.924494,997,0.962652,0.97841,0.977407,0.966314,25478,0.313939,0.489593,0.077925,0.953039,0.861742,0.922925,0.876611,0.505294,0.635694,0.523941,0.555285,0.582108,0.72654,0.584715,0.603987,12.12618118,512,16,10356.30617,0.104863644,2.52,8.681243347
simvarmass_e3fc6056,4572,500,1322,0.342625,0.725655,5;3,3728,0.835391,0.892999,0.891807,0.840551,3728,0.874807,0.915651,0.914505,0.880211,20150,0.589158,0.763093,0.314619,0.850612,0.788606,0.854741,0.842301,0.192019,0.322616,0.195319,0.603987,0.459249,0.624038,0.461067,0.678758,7.716891645,512,16,10356.30617,0.441470146,1.644,4.798248814
simvarmass_e426384c,4343,500,3124,0.212381,0.479035,5;3,1140,0.853557,0.920994,0.415831,0.853557,1140,1,1,0.470394,1,3878,0.867373,0.928977,0.916434,0.867373,0.810559,0.894877,0.813723,0.562215,0.677466,0.592217,0.678758,0.592217,0.733921,0.593829,0.686265,29.41882748,512,16,10356.30617,0.419358015,5.248,24.71030836
simvarmass_e4790b66,2327,500,4685,0.083487,0.414927,5;3,455,0.90116,0.948011,0.327103,0.90116,455,1,1,0.356583,1,2166,0.927804,0.96255,0.961051,0.927804,0.8287,0.905554,0.830254,0.77738,0.792886,0.816932,0.686265,0.679999,0.797685,0.683283,0.644372,112.2330423,512,16,10356.30617,0.224694014,8.37,100.2551295
simvarmass_e4c0b05b,3080,500,677,0.063063,0.603002,5;3,2693,0.879915,0.934692,0.932617,0.880519,2693,0.918691,0.956168,0.954102,0.919322,2849,0.89513,0.944663,0.930005,0.89513,0.816465,0.897711,0.825325,0.513093,0.641115,0.537662,0.644372,0.528995,0.68453,0.530844,0.703868,21.4705929,512,16,10356.30617,0.297403336,0.354,5.613434185
simvarmass_e6269848,3363,500,4980,0.117816,0.407865,5;3,914,0.869759,0.930344,0.427402,0.869759,914,1,1,0.476166,1,3044,0.900387,0.947583,0.945216,0.900387,0.81582,0.898233,0.816236,0.705391,0.747347,0.742789,0.703868,NaN,NaN,NaN,0.71696,84.53860257,512,16,10356.30617,0.324729681,8.96,76.05079106
simvarmass_e63a952e,4358,500,3943,0.106782,0.750895,5;3,2724,0.839291,0.912447,0.768992,0.839376,2724,0.881144,0.936628,0.792145,0.881233,3751,0.853603,0.92102,0.917499,0.853603,0.79534,0.886082,0.796925,0.576198,0.67889,0.611749,0.71696,NaN,NaN,NaN,0.577436,73.85139818,512,16,10356.30617,0.420806408,6.886,64.48652395
simvarmass_e64faa7a,1081,500,2726,0.223199,0.141092,5;3,1006,0.931544,0.964063,0.964063,0.931545,1006,0.973887,0.986275,0.986275,0.973888,1090,0.965772,0.982588,0.961769,0.965772,0.856441,0.922465,0.86124,0.80417,0.813814,0.839963,0.577436,0.964978,0.97259,0.966698,0.661896,24.42663274,512,16,10356.30617,0.104380846,4.452,19.94632592
simvarmass_e6ae5632,4184,500,3167,0.294417,0.198021,5;3,3608,0.86281,0.926216,0.926078,0.862811,3608,0.9025,0.948613,0.948475,0.9025,19675,0.892686,0.943301,0.313089,0.892686,0.811324,0.894959,0.815249,0.548573,0.676512,0.569312,0.661896,0.844869,0.905085,0.846797,0.586131,21.51370335,512,16,10356.30617,0.404005051,5.334,18.11716035
simvarmass_e6d07cd9,4002,500,1470,0.466072,0.377726,5;3,3429,0.862923,0.921155,0.91993,0.865567,3429,0.903326,0.943848,0.942637,0.906095,20633,0.390283,0.588372,0.287964,0.886307,0.819388,0.894202,0.857821,0.075977,0.143056,0.077211,0.586131,0.610256,0.7492,0.613943,0.61266,6.308038243,512,16,10356.30617,0.386431217,1.94,4.162447004
simvarmass_e6e0008a,1987,500,4464,0.344924,0.118256,5;3,1832,0.922492,0.959413,0.959413,0.922496,1832,0.955678,0.977067,0.977067,0.955683,1951,0.949673,0.974187,0.958354,0.949673,0.837313,0.910734,0.83845,0.737937,0.766592,0.776044,0.61266,0.959873,0.972515,0.961248,0.565149,25.88396284,512,16,10356.30617,0.191863775,7.928,22.98477346
simvarmass_e6f0924e,2129,500,1130,0.305105,0.159711,5;3,1909,0.900316,0.945104,0.944032,0.906059,1909,0.944223,0.968821,0.967758,0.950246,23300,0.259184,0.426066,0.157615,0.941287,0.834945,0.908905,0.861907,0.157259,0.274006,0.160169,0.565149,0.892041,0.928232,0.895256,0.623065,7.407286016,512,16,10356.30617,0.205575228,1.26,4.129725832
simvarmass_e71cd64f,2868,500,3071,0.334342,0.590335,5;3,2536,0.885952,0.938436,0.937824,0.886332,2536,0.928695,0.96191,0.961305,0.929094,2726,0.906904,0.951197,0.930282,0.907252,0.824281,0.90235,0.833333,0.547815,0.665994,0.575662,0.623065,0.575293,0.722392,0.577057,0.576305,18.37041114,512,16,10356.30617,0.276932716,5.142,15.37946175
simvarmass_e7217135,623,500,3415,0.118646,0.121617,5;3,575,0.922953,0.959933,0.959933,0.922953,575,0.951987,0.975403,0.975403,0.951987,601,0.953451,0.976171,0.970588,0.953451,0.824461,0.903339,0.82504,0.864127,0.861204,0.889246,0.576305,0.948879,0.950123,0.958266,0.545638,57.56620535,512,16,10356.30617,0.060156584,5.83,49.13777118
simvarmass_e7415e3e,221,500,4075,0.129074,0.484403,5;3,204,0.927602,0.962441,0.96,0.927602,204,0.980861,0.990338,0.987893,0.980861,216,0.977376,0.988558,0.988558,0.977376,0.84091,0.911765,0.841629,0.896171,0.861472,0.932127,0.545638,0.776457,0.838554,0.78733,0.637271,63.14207354,512,16,10356.30617,0.021339655,7.15,55.39457985
simvarmass_e74193a0,1854,500,4003,0.153899,0.129097,5;3,1658,0.916936,0.956669,0.944191,0.916936,1658,1,1,0.987493,1,1776,0.949838,0.974274,0.970248,0.949838,0.835659,0.909891,0.83657,0.789452,0.789747,0.835491,0.637271,0.954602,0.966224,0.956311,0.596715,52.02113074,512,16,10356.30617,0.179021358,7.006,45.52336272
simvarmass_e7425106,3785,500,1865,0.463747,0.718679,5;3,3189,0.857318,0.91305,0.910525,0.861559,3189,0.897386,0.935616,0.933137,0.901825,21421,0.667652,0.815052,0.263033,0.875826,0.810313,0.873932,0.857332,0.228118,0.370277,0.233025,0.596715,0.488767,0.648601,0.490092,0.700079,8.043178716,512,16,10356.30617,0.3654778,2.73,5.886830535
simvarmass_e76e8e1d,3373,500,4262,0.118089,0.282995,5;3,776,0.888823,0.94114,0.374066,0.888823,776,0.926166,0.961668,0.386743,0.926166,3098,0.90928,0.952484,0.947921,0.90928,0.819372,0.900455,0.821227,0.708586,0.744807,0.746813,0.700079,NaN,NaN,NaN,0.607354,72.18284514,512,16,10356.30617,0.325695276,7.524,63.7146559
simvarmass_e7d86f55,4572,500,1231,0.311924,0.607704,5;3,3778,0.830184,0.900072,0.898922,0.833333,3778,0.870152,0.923247,0.922113,0.873453,4208,0.791242,0.888199,0.88041,0.845801,0.790052,0.869501,0.827647,0.179606,0.307046,0.183946,0.607354,0.484428,0.646726,0.487095,0.541556,7.892948282,512,16,10356.30617,0.441470146,1.462,4.687039151
simvarmass_e805a6ea,2882,500,603,0.366299,0.225962,5;3,2215,0.875525,0.90393,0.847165,0.900416,2215,0.905369,0.91983,0.863255,0.931109,21922,0.11065,0.214499,0.211498,0.910132,0.772572,0.808306,0.884455,0.001388,0.002772,0.001388,0.541556,0.554291,0.702996,0.561763,0.692967,3.292392281,512,16,10356.30617,0.27828455,0.206,0.562382098
simvarmass_e8772445,4395,500,3407,0.172635,0.058571,5;3,664,0.873948,0.932734,0.262502,0.873948,664,1,1,0.294784,1,4064,0.903072,0.949067,0.938409,0.903072,0.823126,0.901697,0.824118,0.616748,0.712084,0.65165,0.692967,0.940205,0.962284,0.940842,0.576095,39.47055927,512,16,10356.30617,0.42437911,5.814,33.67799114
simvarmass_e88de22b,844,500,3773,0.184239,0.625448,5;3,787,0.932464,0.965052,0.965052,0.932464,787,0.975217,0.987453,0.987453,0.975217,827,0.959716,0.979444,0.969479,0.959716,0.850711,0.919334,0.850711,0.835335,0.844389,0.862559,0.576095,0.600597,0.734513,0.603081,0.62298,40.95766911,512,16,10356.30617,0.081496239,6.546,35.52993666
simvarmass_e8d201d7,2845,500,3753,0.406073,0.69268,5;3,2504,0.882593,0.937068,0.93625,0.882601,2504,0.921459,0.958548,0.957736,0.921468,22077,0.902988,0.949021,0.206163,0.902988,0.825161,0.903176,0.835149,0.540441,0.656128,0.561687,0.62298,NaN,NaN,NaN,0.725078,18.48436119,512,16,10356.30617,0.274711847,6.506,16.02174978
simvarmass_e8e16044,3506,500,4305,0.060724,0.201542,5;3,1810,0.875071,0.933374,0.680963,0.875071,1810,0.914456,0.955317,0.700871,0.914456,3183,0.903594,0.949356,0.947227,0.903594,0.81043,0.895076,0.811466,0.70126,0.74275,0.744153,0.725078,NaN,NaN,NaN,0.601553,141.7890785,512,16,10356.30617,0.338537693,7.61,125.3211251
simvarmass_e9c01814,2685,500,1404,0.219344,0.86149,5;3,2251,0.866673,0.913402,0.908023,0.869274,2251,0.905454,0.935006,0.929683,0.908171,22731,0.880223,0.931404,0.186969,0.884916,0.800312,0.870954,0.843203,0.425868,0.575036,0.440968,0.601553,0.471847,0.634952,0.472253,0.616654,12.80180903,512,16,10356.30617,0.259262323,1.808,8.242760231
simvarmass_ea197f0a,1379,500,4267,0.147958,0.775281,5;3,1259,0.912975,0.953753,0.953753,0.91298,1259,0.949466,0.973308,0.973308,0.949472,1307,0.936911,0.967428,0.962025,0.936911,0.849108,0.918071,0.849166,0.787697,0.79414,0.828861,0.616654,0.513671,0.663866,0.516316,0.652848,57.67853039,512,16,10356.30617,0.133155584,7.534,50.91985563
simvarmass_ea5cd2e0,4792,500,913,0.125134,0.594193,5;3,3967,0.831619,0.906812,0.905126,0.831803,3967,0.876043,0.93263,0.930953,0.876237,4378,0.852462,0.920374,0.891167,0.852671,0.795429,0.88458,0.809265,0.361656,0.524681,0.377087,0.652848,0.525743,0.681505,0.527129,0.654075,14.59235699,512,16,10356.30617,0.462713242,0.826,6.60092381
simvarmass_eab08179,4401,500,4414,0.481106,0.700479,5;3,3713,0.839107,0.911943,0.910032,0.839127,3713,0.880942,0.936105,0.934092,0.880964,3830,0.849352,0.91854,0.908274,0.849352,0.805292,0.890009,0.809134,0.446919,0.596159,0.465576,0.654075,0.486462,0.646528,0.488753,0.660012,18.34938662,512,16,10356.30617,0.424958467,7.828,16.2708426
simvarmass_ead1808a,4525,500,1167,0.128723,0.559686,5;3,3838,0.84759,0.917155,0.916896,0.847956,3838,0.879464,0.935496,0.935236,0.879844,4059,0.858785,0.924028,0.905405,0.858785,0.802987,0.888862,0.809724,0.448283,0.597874,0.466077,0.660012,0.540703,0.694582,0.542541,0.619521,18.13195777,512,16,10356.30617,0.436931849,1.334,10.36333833
simvarmass_eb091d20,2273,500,1745,0.165608,0.200083,5;3,2052,0.901663,0.947514,0.947514,0.902772,2052,0.945333,0.97109,0.97109,0.946494,22858,0.937088,0.967522,0.169512,0.937088,0.832721,0.908307,0.839859,0.699303,0.758237,0.728553,0.619521,0.898398,0.932407,0.901892,0.533871,21.07386117,512,16,10356.30617,0.219479799,2.49,15.03550553
simvarmass_eb0a5746,622,500,2030,0.44802,0.154152,5;3,586,0.937402,0.965919,0.961921,0.940514,586,0.975024,0.985581,0.981419,0.978261,726,0.815925,0.900593,0.900593,0.975884,0.824089,0.902203,0.839228,0.437401,0.596791,0.448553,0.533871,0.94648,0.967901,0.948553,0.580592,9.062095442,512,16,10356.30617,0.060060024,3.06,6.83005223
simvarmass_eb38558e,517,500,2502,0.064806,0.702413,5;3,471,0.912959,0.954499,0.953441,0.912959,471,0.95935,0.979253,0.978193,0.95935,502,0.959381,0.979269,0.973503,0.959381,0.82205,0.902335,0.82205,0.8501,0.847458,0.878143,0.580592,0.596707,0.730905,0.601547,0.559828,77.21507268,512,16,10356.30617,0.049921274,4.004,61.78440268
simvarmass_eb67dbde,796,500,4338,0.334479,0.612662,5;3,732,0.919507,0.957433,0.956806,0.919598,732,0.964331,0.981208,0.98055,0.964427,792,0.963568,0.981446,0.965995,0.963568,0.848097,0.917007,0.849246,0.781799,0.792403,0.822864,0.559828,0.614955,0.738484,0.624372,0.692548,25.93884818,512,16,10356.30617,0.076861382,7.676,22.94912386
simvarmass_eb7e930c,4533,500,4212,0.238767,0.460293,5;3,1712,0.843368,0.915181,0.547958,0.843812,1712,0.884746,0.938996,0.567214,0.885212,18693,0.863005,0.926465,0.336864,0.863005,0.79265,0.883647,0.794617,0.577005,0.688574,0.605559,0.692548,0.584661,0.726278,0.585925,0.677499,35.28125746,512,16,10356.30617,0.437704325,7.424,31.093074
simvarmass_eb99d8ff,2871,500,4956,0.163618,0.655401,5;3,781,0.883664,0.93824,0.427711,0.883664,781,1,1,0.470766,1,2626,0.902821,0.948929,0.94306,0.902821,0.840497,0.913389,0.841519,0.665832,0.720255,0.708464,0.677499,0.541214,0.69476,0.542668,0.691413,60.58013177,512,16,10356.30617,0.277222395,8.912,54.46833478
simvarmass_eba86414,3499,500,1365,0.052202,0.573994,5;3,2357,0.867099,0.928539,0.804986,0.867105,2357,0.906748,0.950799,0.826583,0.906754,3124,0.881109,0.936797,0.930998,0.881109,0.815322,0.898254,0.816233,0.646733,0.724059,0.679051,0.691413,0.565225,0.71516,0.567591,0.522703,52.29684686,512,16,10356.30617,0.337861776,1.73,33.1404927
simvarmass_ebb67b3a,184,500,1351,0.268924,0.796286,5;3,142,0.816846,0.891566,0.871166,0.826087,142,0.84915,0.910769,0.890282,0.858757,189,0.818457,0.890208,0.815013,0.842391,0.716955,0.801282,0.788043,0.377556,0.528571,0.402174,0.522703,0.569113,0.724138,0.570652,0.555593,10.04744835,512,16,10356.30617,0.017766953,1.702,6.328925644
simvarmass_ec107c19,2074,500,1328,0.439441,0.290837,5;3,1885,0.910359,0.95,0.949735,0.914176,1885,0.95406,0.973351,0.973085,0.95806,22528,0.09936,0.189303,0.159255,0.944552,0.828333,0.902105,0.864995,0.075883,0.143366,0.077628,0.555593,0.746973,0.841253,0.751205,0.601637,6.044042317,512,16,10356.30617,0.200264454,1.656,3.768423975
simvarmass_ec95a07e,3579,500,1168,0.261385,0.489082,5;3,3095,0.869349,0.927224,0.926581,0.871472,3095,0.908173,0.948966,0.948321,0.910391,21243,0.862105,0.927709,0.256949,0.891031,0.812923,0.893374,0.841576,0.260304,0.41151,0.265717,0.601637,0.591568,0.734243,0.594021,0.539556,8.937008627,512,16,10356.30617,0.345586538,1.336,5.111234386
simvarmass_ecf4b772,209,500,3483,0.160094,0.254211,5;3,191,0.913876,0.955,0.955,0.913876,191,0.969543,0.984536,0.984536,0.969543,208,0.961722,0.980488,0.964029,0.961722,0.849306,0.917098,0.851675,0.8552,0.834606,0.889952,0.539556,0.935312,0.92233,0.952153,0.536069,43.51193674,512,16,10356.30617,0.020180941,5.966,37.26560646
simvarmass_ecf95783,2752,500,579,0.406781,0.789357,5;3,1533,0.777213,0.780042,0.699183,0.912064,1533,0.804094,0.795252,0.714524,0.943609,22158,0.099873,0.197832,0.197832,0.898256,0.634004,0.668452,0.90843,0.0031,0.006515,0.00327,0.536069,0.387002,0.550628,0.390262,0.642314,2.846740629,512,16,10356.30617,0.265731812,0.158,0.388415388
simvarmass_edff7110,3193,500,4987,0.443519,0.339032,5;3,2839,0.889131,0.940981,0.940981,0.889132,2839,0.92808,0.96236,0.96236,0.928081,3015,0.911995,0.953972,0.938144,0.911995,0.825395,0.902706,0.83182,0.616287,0.712338,0.646414,0.642314,0.722778,0.824011,0.724397,0.611338,22.48832632,512,16,10356.30617,0.308314562,8.974,20.23363148
simvarmass_ee037e89,2475,500,4072,0.411958,0.863887,5;3,2167,0.879802,0.932817,0.932357,0.88,2167,0.919945,0.955026,0.954566,0.920152,2266,0.89805,0.945083,0.936933,0.898182,0.798875,0.876415,0.811313,0.553493,0.664491,0.575758,0.611338,0.452274,0.617623,0.454545,0.652506,19.76900558,512,16,10356.30617,0.238984823,7.144,17.34157366
simvarmass_ee0b04b9,1850,500,2613,0.079168,0.168367,5;3,204,0.914054,0.955097,0.198637,0.914054,204,0.954828,0.976892,0.206582,0.954828,1783,0.947027,0.972793,0.964492,0.947027,0.849397,0.91786,0.85027,0.813537,0.802289,0.857297,0.652506,0.938989,0.958171,0.94,0.591664,66.01151981,512,16,10356.30617,0.17863512,4.226,53.3801536
simvarmass_ee758b42,3992,500,1648,0.468017,0.608045,5;3,3352,0.84902,0.909807,0.908224,0.853206,3352,0.888411,0.93222,0.930654,0.892792,21178,0.787746,0.887201,0.273739,0.862976,0.792574,0.86377,0.839178,0.158628,0.273738,0.160321,0.591664,0.499929,0.659319,0.502004,0.586159,7.042479226,512,16,10356.30617,0.385465622,2.296,4.905804704
simvarmass_ef76d16c,1829,500,2642,0.353013,0.407834,5;3,1678,0.917653,0.955803,0.955803,0.917988,1678,0.956891,0.97669,0.97669,0.957241,1821,0.945325,0.971894,0.947397,0.945325,0.849619,0.917849,0.857299,0.593723,0.705518,0.622198,0.586159,0.689151,0.80279,0.692182,0.719547,14.96828729,512,16,10356.30617,0.17660737,4.284,12.13553042
simvarmass_efa9c49e,3088,500,4869,0.060862,0.773956,5;3,1607,0.868847,0.929822,0.684558,0.868847,1607,0.911345,0.953616,0.706218,0.911345,2741,0.884067,0.938467,0.936696,0.884067,0.814852,0.897349,0.81671,0.661408,0.71172,0.69851,0.719547,NaN,NaN,NaN,0.526216,160.0013144,512,16,10356.30617,0.298175812,8.738,143.5707009
simvarmass_f007f81e,160,500,4969,0.318915,0.660784,5;3,145,0.90625,0.95082,0.95082,0.90625,145,0.935484,0.966667,0.966667,0.935484,162,0.9375,0.967742,0.931677,0.9375,0.80625,0.892734,0.80625,0.827187,0.82623,0.8625,0.526216,0.659401,0.775665,0.6625,0.654277,31.16190835,512,16,10356.30617,0.015449524,8.938,28.02627659
simvarmass_f010b067,3390,500,4572,0.352302,0.213195,5;3,2972,0.887906,0.940625,0.934297,0.887906,2972,0.924163,0.960587,0.954246,0.924163,3166,0.912094,0.954027,0.943258,0.912094,0.82793,0.905131,0.831563,0.631259,0.717703,0.663717,0.654277,0.867051,0.914476,0.868732,0.570822,25.95500451,512,16,10356.30617,0.327336788,8.144,23.1165307
simvarmass_f05c0e48,1314,500,3798,0.497504,0.21805,5;3,1222,0.932241,0.963722,0.963722,0.932268,1222,0.968352,0.98271,0.98271,0.968379,1400,0.964992,0.982184,0.934414,0.964992,0.854663,0.921817,0.863775,0.713628,0.771372,0.738204,0.570822,0.912972,0.941409,0.915525,0.672276,15.26821895,512,16,10356.30617,0.126879215,6.596,13.25818486
simvarmass_f117aadd,4019,500,3052,0.199824,0.801091,5;3,2864,0.834917,0.909732,0.831614,0.835034,2864,0.878411,0.934949,0.856373,0.878534,3478,0.850709,0.919333,0.912098,0.850709,0.799403,0.887845,0.800946,0.525207,0.648625,0.55163,0.672276,0.459961,0.623254,0.460811,0.674953,30.54688126,512,16,10356.30617,0.388072729,5.104,25.54247738
simvarmass_f1184a43,4552,500,4181,0.305017,0.794712,5;3,696,0.817646,0.899251,0.265244,0.817663,696,0.857191,0.922657,0.2763,0.857209,3919,0.835237,0.910223,0.897651,0.835237,0.788201,0.879764,0.791081,0.487606,0.625956,0.512302,0.674953,0.463192,0.628401,0.464192,0.569162,27.4148654,512,16,10356.30617,0.439538956,7.362,24.13635961
simvarmass_f12c1da8,869,500,4359,0.283319,0.57736,5;3,800,0.921425,0.958658,0.958658,0.921749,800,0.96356,0.980993,0.980993,0.963899,858,0.964327,0.981839,0.970469,0.964327,0.847873,0.917237,0.848101,0.826283,0.840633,0.851554,0.569162,0.607849,0.739437,0.609896,0.579769,30.77096841,512,16,10356.30617,0.083910227,7.718,27.24137809
simvarmass_f15dc045,933,500,3295,0.178063,0.53564,5;3,862,0.925991,0.961024,0.960446,0.926045,862,0.963155,0.980682,0.980102,0.963211,916,0.951768,0.975288,0.960519,0.951768,0.835518,0.910047,0.836013,0.826061,0.813862,0.864952,0.579769,0.646028,0.764557,0.650589,0.648928,37.00937309,512,16,10356.30617,0.090090036,5.59,31.39338324
simvarmass_f15e1b2a,4546,500,1383,0.18742,0.468364,5;3,3855,0.847688,0.916488,0.916081,0.847778,3855,0.891003,0.941234,0.940831,0.891098,19824,0.866487,0.928697,0.324415,0.869556,0.80371,0.890189,0.814342,0.397483,0.555605,0.411571,0.648928,0.59615,0.738428,0.598328,0.551149,14.75829687,512,16,10356.30617,0.438959599,1.766,9.422687013
simvarmass_f1a37d16,778,500,2989,0.341349,0.702926,5;3,724,0.931218,0.962076,0.961385,0.931877,724,0.983022,0.989056,0.988364,0.983718,806,0.974293,0.986979,0.957071,0.974293,0.871175,0.930584,0.880463,0.660493,0.739161,0.68509,0.551149,0.549721,0.696774,0.55527,0.522662,17.51286806,512,16,10356.30617,0.07512331,4.978,14.58331502
simvarmass_f1a58a86,195,500,3590,0.454758,0.558979,5;3,187,0.919855,0.951613,0.931937,0.923077,187,0.974846,0.980609,0.959569,0.978261,27675,0.195488,0.331597,0.013706,0.979487,0.87443,0.931507,0.892308,0.709653,0.770449,0.748718,0.522662,0.785156,0.86533,0.789744,0.557849,15.78861724,512,16,10356.30617,0.018829107,6.18,13.58964548
simvarmass_f20eaa64,1726,500,1530,0.401746,0.151846,5;3,1568,0.910281,0.951138,0.95082,0.914253,1568,0.952209,0.973594,0.973275,0.956364,2018,0.774077,0.877137,0.877137,0.951333,0.851692,0.918597,0.8708,0.203854,0.340304,0.207416,0.557849,0.911904,0.941499,0.913673,0.67293,7.616752874,512,16,10356.30617,0.166661739,2.06,5.127617948
simvarmass_f21954be,4601,500,4541,0.380556,0.397426,5;3,2834,0.848185,0.917597,0.76234,0.848294,2834,0.890169,0.941616,0.785259,0.890283,18950,0.866551,0.928505,0.338584,0.866551,0.804343,0.890495,0.810476,0.523621,0.656262,0.548359,0.67293,0.625163,0.759284,0.626603,0.542983,23.86508162,512,16,10356.30617,0.444270372,8.082,21.23734746
simvarmass_f294b35b,618,500,3881,0.478904,0.52753,5;3,567,0.920523,0.957841,0.956962,0.920712,567,0.95933,0.978467,0.977586,0.959528,646,0.956311,0.977667,0.935127,0.956311,0.856884,0.922406,0.864078,0.706919,0.761506,0.736246,0.542983,0.635922,0.756547,0.640777,0.657597,16.20784124,512,16,10356.30617,0.059673786,6.762,14.11974007
simvarmass_f34e527c,4249,500,3927,0.387741,0.699735,5;3,3565,0.84159,0.913482,0.911953,0.84161,3565,0.877094,0.934013,0.932478,0.877116,3740,0.853377,0.920889,0.907748,0.853377,0.796794,0.885598,0.800188,0.483813,0.623891,0.504589,0.657597,0.489996,0.652908,0.49141,0.59644,20.2557893,512,16,10356.30617,0.41028142,6.854,17.67674814
simvarmass_f38ffa44,1988,500,4199,0.450519,0.775923,5;3,1798,0.905822,0.949036,0.948759,0.906942,1798,0.943308,0.969256,0.968978,0.944474,23768,0.927542,0.962151,0.14319,0.927565,0.84262,0.912319,0.853119,0.584085,0.685598,0.608652,0.59644,0.484247,0.644667,0.486419,0.641874,18.64072325,512,16,10356.30617,0.191960335,7.398,16.42106104
simvarmass_f46f4548,3419,500,4670,0.453439,0.665487,5;3,2970,0.86802,0.928929,0.928784,0.86809,2970,0.908128,0.951419,0.951266,0.908201,3119,0.885932,0.939516,0.926583,0.885932,0.810141,0.894277,0.816028,0.52972,0.649785,0.551623,0.641874,0.528478,0.682734,0.530272,0.568317,20.59813999,512,16,10356.30617,0.330137014,8.34,18.39277168
simvarmass_f4c0e856,630,500,4691,0.180074,0.503557,5;3,588,0.934796,0.965517,0.965517,0.934921,588,0.978275,0.988235,0.988235,0.978405,628,0.97619,0.987952,0.977742,0.97619,0.860317,0.924915,0.860317,0.863641,0.848631,0.895238,0.568317,0.682211,0.787273,0.692063,0.600397,52.100803,512,16,10356.30617,0.0608325,8.382,46.54753046
simvarmass_f5080c19,2593,500,2458,0.361728,0.730299,5;3,2300,0.890163,0.938725,0.938075,0.891631,2300,0.930723,0.960903,0.960251,0.932258,23010,0.907078,0.951097,0.184744,0.912071,0.819303,0.89661,0.841496,0.458261,0.60312,0.477054,0.600397,0.506044,0.663978,0.507906,0.577714,13.59032201,512,16,10356.30617,0.250378847,3.916,10.82581387
simvarmass_f5160ca2,4559,500,938,0.379716,0.447889,5;3,3868,0.857266,0.910184,0.906135,0.864225,3868,0.895777,0.931708,0.927712,0.903048,20521,0.193826,0.354225,0.317065,0.872121,0.804314,0.861415,0.864883,0.028624,0.05584,0.028734,0.577714,0.537903,0.690379,0.540689,0.627269,4.940534505,512,16,10356.30617,0.440214872,0.876,2.306987327
simvarmass_f54fb0ed,1549,500,4109,0.141226,0.438758,5;3,1411,0.91091,0.953378,0.953378,0.91091,1411,0.943182,0.97076,0.97076,0.943182,1474,0.938025,0.968021,0.961297,0.938025,0.838971,0.911321,0.839251,0.813212,0.820582,0.846998,0.627269,0.649395,0.771287,0.652034,0.604107,58.19041819,512,16,10356.30617,0.149570704,7.218,51.10956906
simvarmass_f6203b49,2683,500,900,0.143439,0.776543,5;3,2295,0.874296,0.926354,0.920048,0.877376,2295,0.914518,0.948634,0.942387,0.917739,22853,0.895135,0.942266,0.188205,0.895639,0.813405,0.883181,0.842341,0.413577,0.564544,0.427879,0.604107,0.486042,0.648139,0.486769,0.626408,12.54888838,512,16,10356.30617,0.259069204,0.8,5.577283723
simvarmass_f620bf30,2223,500,4706,0.281522,0.827422,5;3,1963,0.882575,0.936963,0.936933,0.882591,1963,0.917235,0.95614,0.956119,0.917251,22988,0.905533,0.950425,0.159692,0.905533,0.81517,0.897798,0.818713,0.625432,0.703106,0.653621,0.626408,0.478591,0.636499,0.480882,0.57744,33.43255589,512,16,10356.30617,0.214651823,8.412,29.88043563
simvarmass_f6405985,1188,500,4033,0.338298,0.71718,5;3,1091,0.916381,0.954346,0.953927,0.916667,1091,0.961715,0.978398,0.977958,0.962014,1186,0.948653,0.97365,0.949452,0.948653,0.843766,0.914077,0.846801,0.707361,0.758116,0.736532,0.57744,0.547276,0.696665,0.553872,0.666055,23.84288408,512,16,10356.30617,0.114712715,7.066,20.88691036
simvarmass_f6871db9,4412,500,4704,0.413687,0.112791,5;3,335,0.867634,0.929013,0.141142,0.867634,335,1,0.999869,0.160942,1,4162,0.898005,0.946262,0.924189,0.898005,0.817605,0.899377,0.820716,0.551022,0.676935,0.577743,0.666055,0.926478,0.950411,0.927697,0.593897,22.74183138,512,16,10356.30617,0.426020622,8.408,20.32454489
simvarmass_f767fb2a,2466,500,2536,0.400488,0.789893,5;3,2164,0.883913,0.933534,0.931749,0.88605,2164,0.929522,0.958481,0.956753,0.93177,22873,0.855383,0.924687,0.177908,0.914031,0.812123,0.886496,0.838605,0.436867,0.581245,0.456204,0.593897,0.479021,0.641081,0.481346,0.599157,12.66454925,512,16,10356.30617,0.238115788,4.072,10.16759553
simvarmass_f7a7b921,2394,500,2901,0.392444,0.690741,5;3,2124,0.89128,0.939903,0.938911,0.892648,2124,0.928513,0.960271,0.959294,0.929939,23062,0.919382,0.957998,0.172926,0.919382,0.829217,0.904773,0.83751,0.489047,0.628941,0.508354,0.599157,0.511817,0.668844,0.513367,0.630815,14.78427495,512,16,10356.30617,0.231163502,4.802,12.2361407
simvarmass_f7d7d223,2850,500,1650,0.162244,0.605476,5;3,2491,0.87787,0.934206,0.93241,0.877895,2491,0.91814,0.956555,0.954755,0.918165,2648,0.903158,0.949115,0.93634,0.903158,0.837789,0.910861,0.844912,0.56317,0.679433,0.597544,0.630815,0.536313,0.689454,0.537895,0.650752,20.33973521,512,16,10356.30617,0.275194645,2.3,14.17617909
simvarmass_f7da6ac3,3976,500,1132,0.129149,0.173162,5;3,3461,0.86945,0.929551,0.929407,0.870473,3461,0.908762,0.951555,0.951411,0.909832,20607,0.894618,0.944378,0.289387,0.894618,0.815417,0.89745,0.822938,0.510205,0.652511,0.529427,0.650752,0.872386,0.919724,0.873491,0.610553,17.53013961,512,16,10356.30617,0.38392067,1.264,9.78714508
simvarmass_f86b8d6a,2544,500,3637,0.451845,0.159329,5;3,2302,0.905265,0.949845,0.949649,0.905267,2302,0.942691,0.970067,0.969863,0.942693,2522,0.940645,0.969415,0.94473,0.940645,0.834985,0.909208,0.83805,0.613541,0.713625,0.637186,0.610553,0.929604,0.952556,0.93239,0.565367,16.09844084,512,16,10356.30617,0.24564743,6.274,13.88529252
simvarmass_f86bc8cd,4582,500,506,0.260873,0.095022,5;3,3771,0.851146,0.905559,0.882318,0.86447,3771,0.892233,0.928341,0.905183,0.9062,19922,0.280053,0.46848,0.327538,0.875818,0.786247,0.847482,0.863815,0.003055,0.006092,0.003055,0.565367,0.618886,0.75504,0.625273,0.651148,3.879282256,512,16,10356.30617,0.442435741,0.012,0.045999394
simvarmass_f8c8f68e,4050,500,3698,0.383508,0.659286,5;3,3484,0.860696,0.924648,0.924343,0.860741,3484,0.89887,0.946239,0.945939,0.898917,3613,0.86963,0.930269,0.919222,0.86963,0.805517,0.890409,0.816296,0.482239,0.620532,0.503704,0.651148,0.525338,0.680926,0.526667,0.604189,19.28512573,512,16,10356.30617,0.391066074,6.396,16.6776182
simvarmass_f8d14033,3505,500,2137,0.430173,0.7459,5;3,3008,0.870666,0.923642,0.921849,0.872183,3008,0.904203,0.942389,0.940624,0.905778,3295,0.826631,0.908235,0.908235,0.882168,0.805749,0.875965,0.837946,0.330384,0.489035,0.340371,0.604189,0.486124,0.647237,0.487874,0.615035,9.935537563,512,16,10356.30617,0.338441133,3.274,7.610891432
simvarmass_f8f49276,919,500,4653,0.07779,0.50075,5;3,580,0.943417,0.970885,0.773849,0.943417,580,1,1,0.801659,1,891,0.96518,0.982281,0.98011,0.96518,0.830662,0.906603,0.831338,0.858988,0.846196,0.89445,0.615035,0.669064,0.784925,0.673558,0.651466,119.6297725,512,16,10356.30617,0.088738203,8.306,106.7746497
simvarmass_f9124705,2991,500,3435,0.220867,0.717269,5;3,818,0.877298,0.934473,0.429509,0.877299,818,0.920378,0.958364,0.445898,0.920379,2749,0.897359,0.945903,0.935192,0.897359,0.814417,0.896996,0.815446,0.613924,0.701474,0.6446,0.651466,0.506336,0.666082,0.507523,0.606473,31.10469196,512,16,10356.30617,0.288809538,5.87,26.57708032
simvarmass_f96456a7,1846,500,1426,0.135616,0.470524,5;3,1692,0.917965,0.956767,0.956473,0.918202,1692,0.953072,0.975511,0.975216,0.953318,23872,0.941495,0.969866,0.135158,0.941495,0.838512,0.912033,0.843987,0.665959,0.734033,0.700433,0.606473,0.648971,0.777633,0.651138,0.58332,21.02996697,512,16,10356.30617,0.178248882,1.852,13.65620576
simvarmass_f9908f84,2768,500,1205,0.293991,0.201354,5;3,2461,0.891237,0.940727,0.940524,0.892702,2461,0.931978,0.963006,0.962803,0.93351,22456,0.835732,0.914122,0.202981,0.924855,0.829609,0.904602,0.849711,0.204257,0.338953,0.207009,0.58332,0.827584,0.893227,0.828757,0.68299,8.197529856,512,16,10356.30617,0.267276764,1.41,4.796065186
simvarmass_fa2d5fb3,1948,500,4534,0.058534,0.648783,5;3,1198,0.910678,0.953251,0.761602,0.910678,1198,0.950697,0.974725,0.781984,0.950697,1828,0.934805,0.966304,0.964513,0.934805,0.836894,0.911322,0.838809,0.786558,0.797576,0.827002,0.68299,0.554698,0.703932,0.555955,0.727747,154.9185089,512,16,10356.30617,0.188097954,8.068,137.834421
simvarmass_fa4623eb,4441,500,3633,0.068652,0.854005,5;3,2945,0.821437,0.901966,0.797455,0.821437,2945,0.8618,0.925771,0.820563,0.8618,3744,0.839225,0.912586,0.91069,0.839225,0.79278,0.884991,0.795316,0.549049,0.659455,0.583427,0.727747,NaN,NaN,NaN,0.578935,105.8381402,512,16,10356.30617,0.428820848,6.266,91.27192216
simvarmass_fa538008,3384,500,747,0.241286,0.667544,5;3,2756,0.868439,0.910904,0.889577,0.879728,2756,0.90536,0.931241,0.91003,0.917129,21897,0.557541,0.734972,0.238915,0.892435,0.795881,0.849455,0.859338,0.123284,0.222569,0.126478,0.578935,0.481541,0.643927,0.482565,0.535282,6.191822153,512,16,10356.30617,0.326757431,0.494,2.047362881
simvarmass_fa94dee8,537,500,2297,0.379007,0.59916,5;3,505,0.937025,0.96432,0.961612,0.945996,505,0.965801,0.979432,0.976608,0.975048,576,0.939788,0.969416,0.939802,0.973929,0.854217,0.919517,0.867784,0.569179,0.678723,0.594041,0.535282,0.621071,0.750846,0.627561,0.623779,12.12114816,512,16,10356.30617,0.051852465,3.594,9.482674462
simvarmass_fad5bda7,3145,500,4071,0.497323,0.670134,5;3,2829,0.879036,0.934485,0.924339,0.879173,2829,0.922445,0.9585,0.94782,0.922589,3009,0.901431,0.948161,0.921352,0.901431,0.825649,0.902945,0.83434,0.497502,0.635007,0.520827,0.623779,0.518803,0.674222,0.520191,0.703232,16.37165383,512,16,10356.30617,0.303679705,7.142,14.3608882
simvarmass_faec5751,3816,500,2345,0.071325,0.819016,5;3,1111,0.850889,0.919179,0.450984,0.850891,1111,0.888613,0.94075,0.466317,0.888615,3303,0.858484,0.923706,0.920073,0.858491,0.799984,0.888566,0.802411,0.582403,0.68195,0.615828,0.703232,NaN,NaN,NaN,0.542835,65.75534525,512,16,10356.30617,0.368471146,3.69,51.73501577
simvarmass_faff5b6e,719,500,2417,0.369067,0.738625,5;3,646,0.904623,0.945375,0.945055,0.905424,646,0.952305,0.97083,0.970655,0.953148,739,0.94854,0.97359,0.935528,0.94854,0.823926,0.89771,0.844228,0.576648,0.678179,0.600834,0.542835,0.547117,0.698214,0.552156,0.634912,13.09789279,512,16,10356.30617,0.069426298,3.834,10.38835767
simvarmass_fb0d8e36,3929,500,3579,0.498763,0.406459,5;3,3415,0.868905,0.92826,0.927832,0.868923,3415,0.906272,0.949233,0.948761,0.906291,20638,0.887249,0.940256,0.283795,0.887249,0.823703,0.902929,0.834564,0.441487,0.597804,0.457368,0.634912,0.63469,0.765632,0.637312,0.677649,14.35150562,512,16,10356.30617,0.379382372,6.158,12.34654535
simvarmass_fb3188b3,3694,500,4940,0.263721,0.349855,5;3,1497,0.874662,0.933141,0.576767,0.874662,1497,0.911939,0.953942,0.594048,0.911939,3341,0.896318,0.945325,0.941294,0.896318,0.810376,0.8948,0.811316,0.654667,0.731463,0.691662,0.677649,0.692767,0.806097,0.694369,0.665051,37.46383489,512,16,10356.30617,0.356690884,8.88,33.67194876
simvarmass_fb4a4559,3735,500,3981,0.287035,0.368058,5;3,1171,0.874699,0.933162,0.477375,0.874699,1171,1,1,0.527715,1,3462,0.894244,0.94417,0.928165,0.894244,0.822709,0.902335,0.824364,0.613033,0.705709,0.642035,0.665051,0.666166,0.78944,0.668541,0.64629,27.7387775,512,16,10356.30617,0.360649824,6.962,24.25488181
simvarmass_fb7d4150,3143,500,1686,0.151131,0.48177,5;3,2779,0.885664,0.938417,0.937859,0.885778,2779,0.923877,0.959462,0.958909,0.923996,2931,0.903277,0.949181,0.934804,0.903277,0.831502,0.907388,0.838689,0.598963,0.699893,0.625517,0.64629,0.613551,0.750388,0.615972,0.594128,22.31176926,512,16,10356.30617,0.303486586,2.372,15.69499309
simvarmass_fbfaa1cf,2618,500,2785,0.499293,0.661719,5;3,2344,0.898035,0.942385,0.941959,0.89916,2344,0.931849,0.960772,0.960345,0.933016,2605,0.901951,0.948749,0.9148,0.912529,0.829075,0.90328,0.850649,0.406329,0.561975,0.421696,0.594128,0.531275,0.683744,0.533231,0.518634,11.15577426,512,16,10356.30617,0.252792835,4.57,9.15294226
simvarmass_fc3a9d18,91,500,4305,0.443515,0.269929,5;3,88,0.934066,0.965909,0.949721,0.934066,88,1,1,0.982659,1,28009,0.053814,0.102132,0.006477,1,0.898871,0.935673,0.912088,0.782599,0.791667,0.835165,0.518634,1,1,1,0.599711,19.41309764,512,16,10356.30617,0.008786917,7.61,17.15838247
simvarmass_fcb0bd6f,1036,500,1686,0.075789,0.854327,5;3,956,0.925242,0.960361,0.959839,0.925676,956,0.961435,0.979529,0.979007,0.961886,999,0.947876,0.973241,0.965111,0.947876,0.844209,0.915272,0.844595,0.76353,0.776668,0.804054,0.599711,0.506429,0.657271,0.508687,0.649673,44.49194474,512,16,10356.30617,0.100035667,2.372,31.29741783
simvarmass_fe115fac,1540,500,4312,0.076708,0.520738,5;3,270,0.917532,0.956993,0.298343,0.917532,270,0.955375,0.977178,0.308748,0.955375,1487,0.947403,0.972991,0.963991,0.947403,0.81651,0.898892,0.816883,0.81767,0.819863,0.853247,0.649673,0.617021,0.74902,0.62013,0.535828,112.4263441,512,16,10356.30617,0.148701668,7.624,99.38989414
simvarmass_fe214e9f,424,500,4070,0.405957,0.592075,5;3,388,0.915094,0.955665,0.955665,0.915094,388,0.960396,0.979798,0.979798,0.960396,454,0.962264,0.980769,0.929385,0.962264,0.820755,0.901554,0.820755,0.740573,0.782082,0.761792,0.535828,0.616025,0.73743,0.627358,0.593768,20.05138475,512,16,10356.30617,0.040941238,7.14,17.58806967
simvarmass_fe39eea6,2344,500,2936,0.42304,0.773595,5;3,2041,0.873294,0.929597,0.929076,0.874573,2041,0.918349,0.954609,0.954098,0.919695,2233,0.903582,0.948666,0.925497,0.903584,0.81539,0.892714,0.837457,0.475952,0.616285,0.494027,0.593768,0.484968,0.646154,0.485922,0.612834,13.88048411,512,16,10356.30617,0.226335526,4.872,11.51664145
simvarmass_fe535e59,2543,500,1196,0.155878,0.306056,5;3,2304,0.912031,0.950752,0.950279,0.912702,2304,0.95092,0.971573,0.971115,0.95162,2541,0.939049,0.968579,0.939811,0.939442,0.829584,0.906042,0.839953,0.564364,0.693023,0.585922,0.612834,0.782841,0.866261,0.784506,0.578211,15.34533417,512,16,10356.30617,0.245550871,1.392,8.930060688
simvarmass_fe619ce4,1220,500,4202,0.358832,0.291227,5;3,1122,0.920491,0.958155,0.958155,0.920492,1122,0.966436,0.982487,0.982487,0.966437,1228,0.963934,0.981636,0.960784,0.963934,0.841066,0.913218,0.843443,0.80162,0.802962,0.844262,0.578211,0.827427,0.884599,0.834426,0.548875,23.42043073,512,16,10356.30617,0.11780262,7.404,20.63361127
simvarmass_fe677c52,3296,500,882,0.492587,0.306437,5;3,2986,0.858918,0.899006,0.897485,0.881068,2986,0.902453,0.92252,0.92079,0.925725,21051,0.172462,0.315862,0.243808,0.900485,0.769803,0.812383,0.87591,0.006371,0.012662,0.006371,0.548875,0.55064,0.698933,0.556432,0.702094,3.581093289,512,16,10356.30617,0.318260193,0.764,1.550995053
simvarmass_fe7a8fb0,3534,500,1827,0.053145,0.351474,5;3,1936,0.879174,0.935702,0.707861,0.879174,1936,0.918687,0.957621,0.728093,0.918687,3235,0.904641,0.949933,0.9446,0.904641,0.815969,0.898334,0.816638,0.677994,0.735115,0.716186,0.702094,NaN,NaN,NaN,0.595971,68.75529213,512,16,10356.30617,0.34124136,2.654,49.93884655
simvarmass_feb6f796,3705,500,1712,0.43143,0.47737,5;3,3228,0.872847,0.927716,0.927448,0.875034,3228,0.907379,0.946981,0.946702,0.909652,21172,0.874216,0.933825,0.264903,0.889339,0.827698,0.901096,0.854521,0.192756,0.324456,0.197301,0.595971,0.575734,0.721483,0.577868,0.669743,7.936397562,512,16,10356.30617,0.357753038,2.424,5.618524442
simvarmass_febefd1f,3922,500,4559,0.302937,0.657982,5;3,2199,0.855941,0.922379,0.71851,0.855941,2199,0.894246,0.944171,0.738787,0.894246,19708,0.865375,0.927829,0.287262,0.865375,0.806176,0.892121,0.807241,0.54591,0.661208,0.576492,0.669743,0.505424,0.662771,0.506119,0.543663,30.09866738,512,16,10356.30617,0.378706455,8.118,26.797651
simvarmass_fedb75d7,2008,500,732,0.333327,0.246617,5;3,1803,0.905703,0.941268,0.933613,0.917829,1803,0.936002,0.957441,0.949813,0.948533,22138,0.181106,0.320293,0.155968,0.937749,0.819039,0.874391,0.876992,0.008964,0.017769,0.008964,0.543663,0.723535,0.821619,0.730578,0.669391,4.39208345,512,16,10356.30617,0.193891525,0.464,1.392026449
simvarmass_ff505f61,4020,500,2049,0.165669,0.119514,5;3,106,0.879104,0.935539,0.051381,0.879104,106,0.920312,0.958373,0.053725,0.920312,3818,0.912935,0.954486,0.936463,0.912935,0.823887,0.903314,0.827363,0.593835,0.702205,0.625871,0.669391,0.922391,0.949341,0.923881,0.68142,24.73607012,512,16,10356.30617,0.388169289,3.098,18.69993783
simvarmass_ffa14762,4575,500,1001,0.06962,0.833866,5;3,3379,0.828582,0.905205,0.849635,0.828634,3379,0.867054,0.927689,0.871887,0.867109,3954,0.839562,0.912527,0.900692,0.839563,0.791075,0.880351,0.798907,0.468531,0.608002,0.491585,0.68142,0.458768,0.623116,0.460765,0.723191,28.75610457,512,16,10356.30617,0.441759825,1.002,14.39241597
simvarmass_CY5L_0187fc2d,1885,186,1542,0.062611,0.641635,3;6,943,0.891187,0.942232,0.666902,0.891247,943,0.93535,0.96635,0.688572,0.935412,1751,0.920424,0.958564,0.954345,0.920424,0.787932,0.882678,0.804244,0.80145,0.792697,0.854111,0.723191,NaN,NaN,NaN,0.673252,132.4100011,512,16,10356.30617,0.182014704,7.290322581,116.4383668
simvarmass_CY5L_03be411c,995,157,1634,0.122412,0.719611,3;6,585,0.927631,0.960917,0.740506,0.927638,585,0.965474,0.980851,0.759247,0.965481,965,0.953769,0.976337,0.968367,0.953769,0.791474,0.884532,0.81608,0.861762,0.831643,0.906533,0.673252,0.576908,0.723135,0.578894,0.609245,85.02143019,512,16,10356.30617,0.096076727,9.407643312,76.85229644
simvarmass_CY5L_041707a3,620,204,1557,0.158274,0.730153,3;6,564,0.912142,0.953586,0.952703,0.912903,564,0.950467,0.974138,0.973253,0.951261,598,0.940323,0.969244,0.957307,0.940323,0.821046,0.902098,0.832258,0.848334,0.829537,0.895161,0.609245,NaN,NaN,NaN,0.690904,48.22240508,512,16,10356.30617,0.059866905,6.632352941,41.90424796
simvarmass_CY5L_04cdf185,1968,161,1617,0.149579,0.558991,3;6,1736,0.890752,0.94222,0.937365,0.890752,1736,0.933937,0.96584,0.960974,0.933937,1840,0.922256,0.959556,0.953256,0.922256,0.796417,0.887518,0.80437,0.800731,0.799894,0.849593,0.690904,0.613381,0.7521,0.616362,0.647634,67.1449753,512,16,10356.30617,0.190029144,9.043478261,60.45954486
simvarmass_CY5L_06ba1502,1120,189,1655,0.181903,0.514683,3;6,1032,0.922292,0.958701,0.957249,0.922321,1032,0.958226,0.977757,0.976303,0.958256,1074,0.945536,0.972006,0.96536,0.945536,0.790776,0.877859,0.80625,0.868543,0.841187,0.909821,0.647634,NaN,NaN,NaN,0.690733,48.13891886,512,16,10356.30617,0.108146667,7.756613757,42.64148341
simvarmass_CY5L_07960359,2521,196,1503,0.144473,0.714961,3;6,1725,0.880008,0.935695,0.812058,0.880206,1725,0.918633,0.957084,0.83285,0.918841,2271,0.893296,0.943641,0.9399,0.893296,0.813941,0.898331,0.821896,0.705166,0.732352,0.754859,0.690733,0.513586,0.671669,0.515272,0.697175,53.07820386,512,16,10356.30617,0.243426561,6.668367347,46.15649531
simvarmass_CY5L_07ecb936,2038,153,1526,0.178653,0.667905,3;6,291,0.876507,0.933751,0.249034,0.878312,291,0.916062,0.955686,0.258813,0.917949,1851,0.89843,0.946498,0.94163,0.89843,0.77709,0.874022,0.795388,0.783795,0.790419,0.831698,0.697175,NaN,NaN,NaN,0.648228,55.8280925,512,16,10356.30617,0.196788311,8.973856209,50.23064941
simvarmass_CY5L_088d2413,986,184,1661,0.102284,0.620002,3;6,908,0.927849,0.962145,0.957761,0.927992,908,0.968105,0.983342,0.978953,0.968254,969,0.965517,0.982456,0.973913,0.965517,0.827806,0.906681,0.832657,0.832305,0.822382,0.87931,0.648228,0.587869,0.727612,0.593306,0.693858,88.25597271,512,16,10356.30617,0.095207691,8.027173913,78.47927255
simvarmass_CY5L_08a8e0d5,1434,201,1529,0.093953,0.709315,3;6,1019,0.898866,0.945708,0.830819,0.898884,1019,0.936755,0.966267,0.850939,0.936773,1340,0.92887,0.963124,0.960346,0.92887,0.789732,0.882737,0.801255,0.816938,0.811024,0.868201,0.693858,NaN,NaN,NaN,0.648726,80.96564425,512,16,10356.30617,0.138466358,6.606965174,70.32202457
simvarmass_CY5L_08c1fcc9,736,199,1699,0.095827,0.519212,3;6,681,0.925272,0.961186,0.961186,0.925272,681,0.968706,0.984104,0.984104,0.968706,716,0.961957,0.980609,0.975207,0.961957,0.801582,0.895742,0.828804,0.862296,0.807505,0.927989,0.648726,0.692009,0.801865,0.701087,0.647063,89.09481088,512,16,10356.30617,0.07106781,7.537688442,78.65933862
simvarmass_CY5L_08f3289c,1631,208,1565,0.16147,0.644506,3;6,1482,0.908645,0.952136,0.952136,0.908645,1482,0.954897,0.976928,0.976928,0.954897,1567,0.940527,0.969352,0.95935,0.940527,0.832888,0.908849,0.837523,0.788427,0.795958,0.832005,0.647063,NaN,NaN,NaN,0.673884,46.59712926,512,16,10356.30617,0.157488585,6.524038462,40.40402837
simvarmass_CY5L_093ec882,1384,163,1601,0.138711,0.605573,3;6,879,0.888707,0.940727,0.776845,0.888728,879,0.938192,0.967742,0.80274,0.938215,1284,0.919075,0.957831,0.953523,0.919075,0.807684,0.892137,0.815751,0.833844,0.822416,0.879335,0.673884,0.582566,0.725886,0.584538,0.629846,70.80971148,512,16,10356.30617,0.133638382,8.82208589,63.6004779
simvarmass_CY5L_0a302ca1,41,162,1551,0.112186,0.744674,3;6,22,0.536585,0.698413,0.698413,0.536585,22,0.578947,0.733333,0.733333,0.578947,25,0.609756,0.757576,0.757576,0.609756,0.570322,0.727273,0.585366,0.554813,0.666667,0.609756,0.629846,NaN,NaN,NaN,0.660466,85.34107709,512,16,10356.30617,0.003958941,8.574074074,76.42730888
simvarmass_CY5L_0ad43798,1349,169,1664,0.165125,0.650456,3;6,968,0.920674,0.958333,0.835563,0.920682,968,0.950259,0.974118,0.850989,0.950268,1267,0.930319,0.963902,0.95948,0.930319,0.808747,0.895994,0.820608,0.818751,0.807736,0.868792,0.660466,0.578281,0.720663,0.58043,0.620185,59.62848658,512,16,10356.30617,0.130258799,8.846153846,53.57246841
simvarmass_CY5L_0b18a890,1119,204,1503,0.166613,0.523192,3;6,1015,0.909739,0.952247,0.951265,0.909741,1015,0.950512,0.974138,0.973154,0.950514,1072,0.9437,0.971034,0.963943,0.9437,0.81958,0.900196,0.823056,0.816079,0.803704,0.865058,0.620185,NaN,NaN,NaN,0.679395,44.22012123,512,16,10356.30617,0.108050108,6.367647059,38.21818861
simvarmass_CY5L_0d37d952,1261,156,1686,0.121028,0.577119,3;6,539,0.92387,0.960429,0.598889,0.92387,539,0.958059,0.97858,0.614245,0.958059,1201,0.940523,0.96935,0.963444,0.940523,0.799749,0.888889,0.812054,0.854126,0.8226,0.904837,0.679395,0.623357,0.755024,0.628073,0.692547,89.29910688,512,16,10356.30617,0.12176156,9.807692308,81.03655607
simvarmass_CY5L_10670cf2,1113,204,1669,0.068819,0.603524,3;6,323,0.909742,0.952515,0.449861,0.910153,323,0.943656,0.970771,0.462751,0.944082,1052,0.937107,0.967532,0.96351,0.937107,0.821612,0.901695,0.836478,0.845521,0.802759,0.910153,0.692547,NaN,NaN,NaN,0.694543,118.8824678,512,16,10356.30617,0.107470751,7.181372549,104.3515969
simvarmass_CY5L_107b9d3d,1058,202,1631,0.051432,0.66977,3;6,842,0.909263,0.952475,0.886316,0.909263,842,0.957214,0.978139,0.911749,0.957214,1011,0.950851,0.974806,0.97245,0.950851,0.794701,0.886705,0.810019,0.862081,0.833488,0.909263,0.694543,0.585969,0.725444,0.587902,0.651152,156.988984,512,16,10356.30617,0.102159977,7.074257426,137.5458358
simvarmass_CY5L_10eeafd5,1466,187,1738,0.191914,0.564188,3;6,1335,0.912002,0.953638,0.952517,0.912005,1335,0.94621,0.97201,0.970888,0.946214,1391,0.935198,0.966514,0.959748,0.935198,0.806152,0.890462,0.816508,0.82068,0.812391,0.875853,0.651152,NaN,NaN,NaN,0.645984,48.4285547,512,16,10356.30617,0.141556263,8.294117647,43.21788742
simvarmass_CY5L_10f3bb0a,1030,198,1534,0.137705,0.660599,3;6,951,0.929126,0.962777,0.960121,0.929126,951,0.968623,0.983556,0.980918,0.968623,1016,0.957282,0.978175,0.963832,0.957282,0.819777,0.904339,0.839806,0.857938,0.823194,0.912621,0.645984,0.603216,0.743163,0.606796,0.64814,56.26139027,512,16,10356.30617,0.09945631,6.747474747,48.99948983
simvarmass_CY5L_11169287,738,209,1551,0.125772,0.508574,3;6,678,0.922531,0.958421,0.956215,0.922764,678,0.975398,0.986222,0.984012,0.975645,728,0.95664,0.977839,0.963165,0.95664,0.795097,0.887251,0.815718,0.860713,0.808973,0.929539,0.64814,NaN,NaN,NaN,0.694489,59.00401227,512,16,10356.30617,0.071260929,6.421052632,51.053117
simvarmass_CY5L_1134940f,1885,157,1718,0.142844,0.591685,3;6,1246,0.897064,0.945485,0.795912,0.897082,1246,0.941518,0.96961,0.819198,0.941537,1750,0.924668,0.96086,0.95901,0.924668,0.79483,0.888049,0.81008,0.802739,0.788546,0.85252,0.694489,0.579956,0.72332,0.582493,0.676774,76.60577385,512,16,10356.30617,0.182014704,9.942675159,69.60512979
simvarmass_CY5L_12ac335e,1250,175,1585,0.140362,0.702481,3;6,362,0.907999,0.951342,0.449132,0.908,362,0.945044,0.971306,0.463212,0.945046,1179,0.9384,0.968221,0.96583,0.9384,0.797844,0.885714,0.8192,0.822902,0.805578,0.8768,0.676774,NaN,NaN,NaN,0.685611,64.52702909,512,16,10356.30617,0.120699406,8.057142857,57.4025937
simvarmass_CY5L_13e08ce8,1868,175,1709,0.196356,0.701512,3;6,540,0.875633,0.932764,0.448505,0.876338,540,0.913278,0.953685,0.46332,0.914015,1684,0.895075,0.944633,0.941441,0.895075,0.756807,0.856221,0.781049,0.780288,0.786435,0.828694,0.685611,0.575317,0.719492,0.577623,0.646064,49.73473836,512,16,10356.30617,0.180373192,8.765714286,44.64194772
simvarmass_CY5L_14bcf616,642,209,1655,0.108683,0.568626,3;6,590,0.91682,0.954619,0.954545,0.917445,590,0.949352,0.971947,0.971901,0.95,616,0.948598,0.973621,0.968203,0.948598,0.785147,0.87809,0.802181,0.858982,0.81952,0.922118,0.646064,NaN,NaN,NaN,0.614048,72.86015556,512,16,10356.30617,0.061991215,6.918660287,63.65908456
simvarmass_CY5L_14dede87,193,157,1617,0.11946,0.695443,3;6,167,0.865285,0.927778,0.927778,0.865285,167,0.893048,0.943503,0.943503,0.893048,171,0.88601,0.93956,0.93956,0.88601,0.795062,0.885714,0.803109,0.811505,0.784211,0.865285,0.614048,0.593422,0.732484,0.595855,0.65588,86.21599747,512,16,10356.30617,0.018635988,9.299363057,77.84499462
simvarmass_CY5L_150a2128,1617,206,1505,0.185393,0.612693,3;6,1455,0.899414,0.946307,0.945964,0.899814,1455,0.935876,0.966113,0.965769,0.936293,1509,0.918986,0.957783,0.950736,0.918986,0.805215,0.888739,0.816945,0.807776,0.806616,0.856524,0.65588,NaN,NaN,NaN,0.720037,39.40723351,512,16,10356.30617,0.156136751,6.305825243,34.0132866
simvarmass_CY5L_1562ae4c,1874,184,1542,0.083966,0.692542,3;6,344,0.894715,0.943195,0.310189,0.894877,344,0.930464,0.962687,0.320596,0.930633,1719,0.912487,0.954241,0.951851,0.912487,0.78373,0.879089,0.803095,0.787035,0.788216,0.835646,0.720037,NaN,NaN,NaN,0.648434,99.80747901,512,16,10356.30617,0.180952549,7.380434783,87.89789656
simvarmass_CY5L_167c7182,327,173,1656,0.107847,0.534918,3;6,308,0.937238,0.966929,0.966929,0.938838,308,0.982297,0.990323,0.990323,0.983974,332,0.984709,0.992296,0.977238,0.984709,0.791118,0.882255,0.813456,0.900331,0.824261,0.966361,0.648434,0.753074,0.841216,0.761468,0.621397,88.7577247,512,16,10356.30617,0.031574965,8.572254335,79.48532954
simvarmass_CY5L_16a81823,670,172,1588,0.132016,0.551837,3;6,611,0.91194,0.953942,0.953942,0.91194,611,0.941448,0.969841,0.969841,0.941448,637,0.937313,0.967643,0.960979,0.937313,0.814969,0.899919,0.825373,0.851538,0.831668,0.89403,0.621397,NaN,NaN,NaN,0.639477,69.93514528,512,16,10356.30617,0.064694881,8.23255814,62.36030587
simvarmass_CY5L_190a4024,1316,188,1616,0.164643,0.696769,3;6,1208,0.918195,0.956832,0.956418,0.918693,1208,0.954459,0.976162,0.975748,0.954976,1255,0.943769,0.971071,0.966161,0.943769,0.827649,0.905863,0.833587,0.81383,0.803628,0.860182,0.639477,0.533826,0.683978,0.536474,0.704936,52.20838226,512,16,10356.30617,0.127072334,7.595744681,46.13463482
simvarmass_CY5L_1a06e206,1127,155,1554,0.082518,0.50667,3;6,237,0.905057,0.949721,0.347507,0.905058,237,0.944444,0.970966,0.359909,0.944444,1052,0.93079,0.964154,0.962827,0.93079,0.774365,0.872798,0.791482,0.833178,0.811715,0.887311,0.704936,NaN,NaN,NaN,0.699743,121.4984179,512,16,10356.30617,0.108822584,9.025806452,109.3798499
simvarmass_CY5L_1ac1b13a,1515,184,1510,0.104052,0.597161,3;6,443,0.893502,0.943225,0.452503,0.893729,443,0.934199,0.965419,0.468288,0.934438,1392,0.914851,0.955533,0.95356,0.914851,0.772366,0.870709,0.786799,0.8128,0.797639,0.869307,0.699743,NaN,NaN,NaN,0.747288,78.86942816,512,16,10356.30617,0.14628768,7.206521739,69.25884884
simvarmass_CY5L_1c94f091,1790,156,1549,0.068496,0.617844,3;6,150,0.907555,0.949796,0.154639,0.908939,150,0.950014,0.972504,0.16129,0.951462,1674,0.926816,0.962018,0.957852,0.926816,0.785198,0.880438,0.80838,0.823307,0.80779,0.874302,0.747288,NaN,NaN,NaN,0.689711,144.9644823,512,16,10356.30617,0.172841549,8.929487179,130.3650896
simvarmass_CY5L_1c9c6a5f,706,203,1561,0.052115,0.545183,3;6,654,0.933427,0.964861,0.961765,0.933428,654,0.962043,0.979926,0.976848,0.962044,681,0.956088,0.976812,0.973324,0.956091,0.776124,0.87703,0.803116,0.868765,0.81984,0.929178,0.689711,0.669822,0.788382,0.674221,0.675802,147.5516679,512,16,10356.30617,0.068171024,6.689655172,128.3633344
simvarmass_CY5L_1d398611,1100,164,1502,0.109747,0.501443,3;6,957,0.919091,0.95784,0.930481,0.919091,957,0.952875,0.975869,0.948464,0.952875,1053,0.95,0.974359,0.970739,0.95,0.803015,0.890656,0.815455,0.864165,0.834239,0.914545,0.675802,NaN,NaN,NaN,0.621174,83.45136164,512,16,10356.30617,0.106215477,8.158536585,74.33949525
simvarmass_CY5L_1dc6dcaa,367,184,1571,0.081097,0.738572,3;6,327,0.891008,0.942363,0.942363,0.891008,327,0.942363,0.970326,0.970326,0.942363,349,0.940054,0.969101,0.963687,0.940054,0.814606,0.900741,0.828338,0.84034,0.835007,0.874659,0.621174,0.615079,0.74958,0.618529,0.578017,105.2818659,512,16,10356.30617,0.035437346,7.538043478,92.95095353
simvarmass_CY5L_1e495a5d,77,179,1721,0.125023,0.524728,3;6,67,0.87013,0.930556,0.930556,0.87013,67,0.881579,0.937063,0.937063,0.881579,70,0.883117,0.937931,0.92517,0.883117,0.805195,0.892086,0.805195,0.794496,0.845638,0.831169,0.578017,NaN,NaN,NaN,0.606457,76.90205114,512,16,10356.30617,0.007435083,8.61452514,68.90352287
simvarmass_CY5L_1f0383ed,643,160,1637,0.171313,0.717579,3;6,583,0.911489,0.95114,0.95106,0.912908,583,0.960799,0.977406,0.977368,0.962295,617,0.944012,0.9712,0.963492,0.944012,0.813945,0.896082,0.81804,0.836748,0.808847,0.892691,0.606457,0.581813,0.714829,0.584759,0.67501,59.72255462,512,16,10356.30617,0.062087774,9.23125,53.885286
simvarmass_CY5L_1f2b45f8,1357,201,1579,0.075924,0.635238,3;6,325,0.88283,0.937769,0.386445,0.88283,325,0.930124,0.963797,0.402976,0.930124,1251,0.917465,0.956956,0.954755,0.917465,0.813999,0.896803,0.817244,0.824643,0.822861,0.86367,0.67501,NaN,NaN,NaN,0.664363,103.4682234,512,16,10356.30617,0.131031275,6.855721393,90.29715759
simvarmass_CY5L_1f939cf0,1747,166,1546,0.167687,0.631648,3;6,1518,0.903835,0.949489,0.929862,0.903835,1518,0.947779,0.97319,0.953518,0.947779,1640,0.930738,0.964127,0.960142,0.930738,0.820529,0.902279,0.827705,0.783198,0.78003,0.835718,0.664363,0.561645,0.709143,0.563824,0.619039,55.53950522,512,16,10356.30617,0.168689489,8.313253012,49.57601372
simvarmass_CY5L_201f7a2d,422,178,1600,0.097457,0.588157,3;6,399,0.945498,0.971985,0.971985,0.945498,399,0.970803,0.985185,0.985185,0.970803,414,0.971564,0.985577,0.980861,0.971564,0.842466,0.913265,0.848341,0.880764,0.859206,0.912322,0.619039,NaN,NaN,NaN,0.671612,92.23312892,512,16,10356.30617,0.040748119,7.988764045,81.97219333
simvarmass_CY5L_22977c18,716,199,1663,0.091126,0.591528,3;6,671,0.939939,0.9683,0.967556,0.939944,671,0.962799,0.980306,0.979562,0.962804,685,0.952514,0.97568,0.97359,0.952514,0.806216,0.888048,0.819832,0.855943,0.815083,0.917598,0.671612,0.667497,0.788235,0.668994,0.654007,91.70581305,512,16,10356.30617,0.06913662,7.35678392,80.73199657
simvarmass_CY5L_22d33ae7,1592,203,1690,0.16836,0.672614,3;6,145,0.914484,0.954754,0.166955,0.914573,145,0.95092,0.974239,0.173031,0.951012,1503,0.935302,0.966569,0.962197,0.935302,0.819724,0.900445,0.826633,0.801318,0.794476,0.851759,0.654007,NaN,NaN,NaN,0.749829,49.44834374,512,16,10356.30617,0.153722763,7.325123153,43.50869062
simvarmass_CY5L_237f4c72,2510,169,1625,0.059236,0.651353,3;6,640,0.8844,0.938491,0.406349,0.884462,640,0.929193,0.963124,0.422582,0.929259,2283,0.904781,0.95001,0.947632,0.904781,0.794013,0.885827,0.807171,0.775587,0.780301,0.826693,0.749829,NaN,NaN,NaN,0.65974,162.3233273,512,16,10356.30617,0.242364407,8.615384615,145.4417013
simvarmass_CY5L_2554166f,363,176,1533,0.090636,0.661585,3;6,324,0.894928,0.943231,0.943231,0.895317,324,0.922894,0.95858,0.95858,0.923295,337,0.92562,0.961373,0.96,0.92562,0.767898,0.86758,0.785124,0.828519,0.775811,0.900826,0.65974,0.65927,0.777419,0.663912,0.728221,96.10118797,512,16,10356.30617,0.035051107,7.710227273,85.06804441
simvarmass_CY5L_258ca893,2390,208,1528,0.083175,0.722025,3;6,2059,0.872222,0.930388,0.923354,0.872385,2059,0.907931,0.950319,0.943284,0.908101,2128,0.884519,0.938485,0.935812,0.884519,0.763317,0.864877,0.782427,0.760742,0.767315,0.809205,0.728221,NaN,NaN,NaN,0.717797,88.3216573,512,16,10356.30617,0.230777264,6.346153846,76.2988139
simvarmass_CY5L_25a36c92,1200,190,1667,0.051198,0.730114,3;6,1009,0.915112,0.954407,0.91263,0.915833,1009,0.952414,0.974291,0.93247,0.953166,1126,0.936667,0.967298,0.966466,0.936667,0.805417,0.894618,0.824167,0.830319,0.807658,0.885833,0.717797,NaN,NaN,NaN,0.575628,171.3677138,512,16,10356.30617,0.115871429,7.773684211,151.8357008
simvarmass_CY5L_26f50e87,85,182,1589,0.15254,0.628809,3;6,80,0.941176,0.969697,0.969697,0.941176,80,0.97561,0.987654,0.987654,0.97561,87,0.976471,0.988095,0.965116,0.976471,0.74657,0.862745,0.776471,0.895311,0.828729,0.952941,0.575628,NaN,NaN,NaN,0.670503,57.23593307,512,16,10356.30617,0.00820756,7.730769231,50.68027554
simvarmass_CY5L_28d950c6,2052,191,1740,0.165214,0.738989,3;6,1105,0.900585,0.947692,0.700032,0.900585,1105,0.93475,0.966275,0.717067,0.93475,1890,0.91423,0.955193,0.951801,0.91423,0.822064,0.902023,0.826511,0.753281,0.765263,0.798733,0.670503,0.525185,0.678922,0.526803,0.679981,55.14028862,512,16,10356.30617,0.198140144,8.109947644,49.0875328
simvarmass_CY5L_2c4ec817,2084,186,1613,0.198705,0.618026,3;6,153,0.886755,0.939502,0.13679,0.886756,153,0.923076,0.959502,0.141995,0.923077,1906,0.90499,0.950126,0.945363,0.90499,0.766507,0.865569,0.783109,0.767518,0.778599,0.818138,0.679981,NaN,NaN,NaN,0.608398,43.6428022,512,16,10356.30617,0.201230049,7.672043011,38.6102162
simvarmass_CY5L_2cbc3d23,206,203,1685,0.08939,0.521489,3;6,200,0.970874,0.985222,0.985222,0.970874,200,1,1,1,1,215,0.995146,0.997567,0.973872,0.995146,0.85264,0.919481,0.864078,0.908663,0.829384,0.980583,0.608398,0.7739,0.851648,0.776699,0.627523,92.8570602,512,16,10356.30617,0.019891262,7.300492611,81.67012653
simvarmass_CY5L_2ee74e9f,455,203,1603,0.11199,0.737143,3;6,414,0.91133,0.952819,0.952819,0.912088,414,0.975659,0.986889,0.986889,0.976471,449,0.973626,0.986637,0.980088,0.973626,0.788399,0.886525,0.828571,0.870118,0.822989,0.927473,0.627523,NaN,NaN,NaN,0.688769,70.51122175,512,16,10356.30617,0.043934584,6.896551724,61.58185306
simvarmass_CY5L_30cb6637,2077,195,1692,0.114699,0.521667,3;6,1856,0.897448,0.945953,0.943809,0.897448,1856,0.940939,0.969571,0.967422,0.940939,1937,0.92441,0.960721,0.956652,0.92441,0.822589,0.903564,0.830043,0.784105,0.785751,0.835821,0.688769,0.61326,0.75251,0.614829,0.704232,75.64950938,512,16,10356.30617,0.200554132,7.676923077,66.93103756
simvarmass_CY5L_32a3aeb6,2161,181,1672,0.146721,0.658507,3;6,581,0.887432,0.939505,0.423778,0.887552,581,0.921105,0.958042,0.43635,0.92123,1983,0.90236,0.948674,0.94112,0.90236,0.775943,0.873089,0.793151,0.780069,0.791214,0.826006,0.704232,NaN,NaN,NaN,0.734106,62.96010156,512,16,10356.30617,0.208665133,8.237569061,56.14444463
simvarmass_CY5L_33842744,2381,173,1618,0.063676,0.588916,3;6,772,0.890718,0.942039,0.489692,0.890802,772,0.930175,0.963653,0.505898,0.930263,2186,0.913902,0.955014,0.952923,0.913902,0.819236,0.898856,0.824864,0.77807,0.784093,0.826963,0.734106,NaN,NaN,NaN,0.720292,146.8779628,512,16,10356.30617,0.229908228,8.352601156,131.1734587
simvarmass_CY5L_340e180a,2205,196,1633,0.068512,0.677314,3;6,427,0.887075,0.940159,0.324468,0.887075,427,0.92526,0.961179,0.336088,0.92526,17005,0.905669,0.9505,0.207913,0.905669,0.808985,0.893204,0.813605,0.779603,0.778553,0.829932,0.720292,NaN,NaN,NaN,0.683476,121.6083701,512,16,10356.30617,0.212913752,7.331632653,107.0123869
simvarmass_CY5L_3411b650,1251,166,1567,0.075008,0.507157,3;6,1125,0.922462,0.959667,0.94697,0.922462,1125,0.950577,0.974662,0.96195,0.950577,1187,0.942446,0.97037,0.967186,0.942446,0.811967,0.898513,0.820943,0.847503,0.825994,0.889688,0.683476,NaN,NaN,NaN,0.696531,125.8500298,512,16,10356.30617,0.120795965,8.439759036,112.5181185
simvarmass_CY5L_3417dfb5,1726,157,1553,0.123655,0.696507,3;6,1539,0.903803,0.949194,0.942113,0.903824,1539,0.939738,0.968643,0.96155,0.939759,1602,0.919467,0.958044,0.953726,0.919467,0.811995,0.895268,0.822711,0.795089,0.796903,0.847045,0.696531,0.559273,0.708517,0.560834,0.70904,79.99449877,512,16,10356.30617,0.166661739,8.891719745,71.90748247
simvarmass_CY5L_34ee1647,2272,165,1715,0.111328,0.532045,3;6,418,0.877877,0.934645,0.310781,0.878081,418,0.920839,0.958443,0.323529,0.921053,2075,0.90757,0.951546,0.9487,0.90757,0.787887,0.882482,0.794894,0.781898,0.78986,0.822183,0.70904,NaN,NaN,NaN,0.653866,93.36320956,512,16,10356.30617,0.21938324,9.393939394,84.38074333
simvarmass_CY5L_35a74d8f,1070,183,1513,0.157742,0.697424,3;6,977,0.915864,0.955588,0.954568,0.915888,977,0.954211,0.976072,0.97505,0.954236,1012,0.942991,0.970659,0.96926,0.942991,0.806194,0.889001,0.824299,0.826806,0.807459,0.883178,0.653866,NaN,NaN,NaN,0.719344,52.41317825,512,16,10356.30617,0.103318691,7.267759563,46.07371254
simvarmass_CY5L_3ac13591,2264,169,1611,0.078726,0.577753,3;6,409,0.896643,0.945505,0.306023,0.896643,409,0.941122,0.969668,0.318784,0.941122,18025,0.921378,0.95908,0.205629,0.921378,0.831665,0.909178,0.837898,0.785138,0.782321,0.835247,0.719344,NaN,NaN,NaN,0.618629,121.0850847,512,16,10356.30617,0.218610764,8.532544379,108.3828008
simvarmass_CY5L_3baeb3a0,566,184,1720,0.142755,0.643562,3;6,535,0.946992,0.971844,0.971844,0.946996,535,0.979885,0.988909,0.988909,0.97989,558,0.977032,0.988382,0.983986,0.977032,0.848548,0.916981,0.858657,0.878526,0.834275,0.924028,0.618629,0.635774,0.755274,0.64311,0.630102,65.48160195,512,16,10356.30617,0.054652691,8.347826087,58.47659337
simvarmass_CY5L_3c3d0b00,47,187,1637,0.058273,0.71967,3;6,39,0.829787,0.906977,0.906977,0.829787,39,0.866667,0.928571,0.928571,0.866667,41,0.87234,0.931818,0.931818,0.87234,0.765957,0.86747,0.765957,0.817915,0.847826,0.893617,0.630102,0.723404,0.839506,0.723404,0.663011,150.2241294,512,16,10356.30617,0.004538298,7.754010695,133.0635233
simvarmass_CY5L_3ce660ee,1288,176,1705,0.126732,0.677295,3;6,952,0.935212,0.966319,0.849107,0.935559,952,0.969069,0.984075,0.866515,0.969429,1241,0.951087,0.97493,0.968762,0.951087,0.838068,0.911987,0.845497,0.847729,0.827476,0.898292,0.663011,0.55711,0.705591,0.561335,0.735444,76.44083578,512,16,10356.30617,0.124368668,8.6875,68.55016886
simvarmass_CY5L_3f293d0a,2034,193,1585,0.054172,0.569118,3;6,1487,0.891555,0.941848,0.844078,0.891839,1487,0.926634,0.96106,0.86295,0.926929,1861,0.908063,0.951817,0.948395,0.908063,0.772495,0.871739,0.788594,0.790308,0.7909,0.8412,0.735444,NaN,NaN,NaN,0.720453,151.5992622,512,16,10356.30617,0.196402073,7.212435233,133.1395413
simvarmass_CY5L_3fbeb461,957,173,1581,0.054242,0.668527,3;6,402,0.899658,0.946674,0.591611,0.899687,402,0.944049,0.970688,0.611872,0.944079,895,0.9279,0.962602,0.958963,0.9279,0.777742,0.875143,0.798328,0.846682,0.816086,0.901776,0.720453,NaN,NaN,NaN,0.665695,168.4806667,512,16,10356.30617,0.092407465,8.138728324,150.0447683
simvarmass_CY5L_404f03b0,2080,206,1647,0.18057,0.666934,3;6,1514,0.882004,0.937484,0.841959,0.883173,1514,0.922357,0.95977,0.863831,0.92358,1905,0.907692,0.951613,0.947553,0.907692,0.813666,0.896788,0.819712,0.755945,0.767911,0.806731,0.665695,0.547408,0.700246,0.55,0.696255,44.27726439,512,16,10356.30617,0.200843811,6.995145631,38.73924589
simvarmass_CY5L_432f525a,1011,193,1661,0.083662,0.513369,3;6,214,0.915899,0.955624,0.349388,0.915925,214,0.95363,0.975764,0.361181,0.953656,967,0.948566,0.973604,0.969666,0.948566,0.797538,0.885211,0.81998,0.849945,0.8147,0.907023,0.696255,0.71873,0.820803,0.723046,0.654225,102.8688965,512,16,10356.30617,0.097621679,7.606217617,90.91603854
simvarmass_CY5L_433b52eb,607,151,1573,0.158053,0.52904,3;6,572,0.940675,0.967797,0.966921,0.940692,572,0.969422,0.982788,0.981912,0.96944,593,0.963756,0.981544,0.975,0.963756,0.825925,0.903795,0.84514,0.877915,0.80897,0.948929,0.654225,0.739989,0.834897,0.742998,0.678865,65.909654,512,16,10356.30617,0.058611631,9.417218543,59.58266242
simvarmass_CY5L_445780d7,1928,161,1525,0.18201,0.602125,3;6,599,0.882774,0.937483,0.47408,0.88278,599,0.922487,0.959414,0.49018,0.922493,1779,0.907158,0.951319,0.94362,0.907158,0.792778,0.884528,0.806535,0.796812,0.796296,0.845436,0.678865,0.571349,0.719316,0.573651,0.696527,52.04136965,512,16,10356.30617,0.186166763,8.472049689,46.54716603
simvarmass_CY5L_463f3d0e,1455,174,1592,0.068906,0.620316,3;6,613,0.904314,0.949495,0.592843,0.904467,613,0.941185,0.969429,0.609647,0.941345,1364,0.932646,0.965149,0.962753,0.932646,0.828986,0.906985,0.834364,0.819019,0.810289,0.861168,0.696527,0.579194,0.72172,0.580069,0.691292,132.7812569,512,16,10356.30617,0.140494108,8.149425287,118.2687326
simvarmass_CY5L_481edd78,2236,175,1641,0.198991,0.68902,3;6,1370,0.883713,0.937189,0.75929,0.884168,1370,0.925519,0.960175,0.78117,0.925995,2032,0.898927,0.946773,0.941893,0.898927,0.762443,0.863189,0.785331,0.758312,0.779394,0.809481,0.691292,0.582682,0.726619,0.587209,0.687378,47.1234521,512,16,10356.30617,0.215907097,8.377142857,42.0980992
simvarmass_CY5L_4824bda2,1733,201,1719,0.085662,0.500739,3;6,715,0.913379,0.954477,0.58415,0.913445,715,0.947269,0.972657,0.599329,0.947337,1641,0.940565,0.969373,0.966212,0.940565,0.819464,0.900126,0.822274,0.818955,0.820235,0.864397,0.687378,0.642163,0.76828,0.645701,0.610326,99.83701999,512,16,10356.30617,0.167337656,7.552238806,88.16323231
simvarmass_CY5L_4952c9ea,332,166,1736,0.146903,0.699641,3;6,312,0.939759,0.968944,0.968944,0.939759,312,0.962963,0.981132,0.981132,0.962963,326,0.966867,0.983155,0.975684,0.966867,0.807425,0.893268,0.819277,0.877739,0.840237,0.939759,0.610326,0.604968,0.73823,0.608434,0.640387,71.18868454,512,16,10356.30617,0.032057762,9.457831325,64.38147162
simvarmass_CY5L_4af3b5c2,1010,208,1744,0.112207,0.504881,3;6,954,0.944554,0.971487,0.971487,0.944554,954,0.97546,0.987578,0.987578,0.97546,982,0.963366,0.981341,0.976908,0.963366,0.849452,0.917998,0.854455,0.863576,0.835973,0.911881,0.640387,0.629431,0.755451,0.634653,0.623289,74.72453042,512,16,10356.30617,0.09752512,7.384615385,65.81243046
simvarmass_CY5L_4b06e1a1,714,196,1561,0.155712,0.714918,3;6,651,0.914543,0.954612,0.953846,0.914566,651,0.954655,0.976048,0.975281,0.954678,686,0.942577,0.97044,0.961429,0.942577,0.804764,0.893974,0.820728,0.842787,0.807558,0.903361,0.623289,0.563865,0.709447,0.565826,0.578111,51.14753978,512,16,10356.30617,0.068943501,6.964285714,44.72542716
simvarmass_CY5L_4b8f9368,213,208,1741,0.140377,0.520785,3;6,192,0.901408,0.948148,0.948148,0.901408,192,0.914286,0.955224,0.955224,0.914286,208,0.915493,0.955882,0.926366,0.915493,0.776864,0.877285,0.788732,0.804911,0.800959,0.84507,0.578111,0.700453,0.801061,0.70892,0.745038,59.62652221,512,16,10356.30617,0.020567179,7.370192308,52.5028481
simvarmass_CY5L_4ba4183d,2241,207,1670,0.05038,0.701302,3;6,465,0.877891,0.934251,0.343681,0.878179,465,0.914623,0.954645,0.355505,0.914923,2018,0.89826,0.946403,0.945292,0.89826,0.784756,0.879764,0.798304,0.768814,0.779325,0.817938,0.745038,NaN,NaN,NaN,0.61183,160.1356262,512,16,10356.30617,0.216389894,7.06763285,140.2864798
simvarmass_CY5L_4e1231de,168,160,1533,0.08179,0.6265,3;6,139,0.827381,0.905537,0.905537,0.827381,139,0.896774,0.945578,0.945578,0.896774,147,0.875,0.933333,0.933333,0.875,0.772033,0.873333,0.779762,0.826553,0.83125,0.857143,0.61183,0.645959,0.77305,0.64881,0.747373,117.1445164,512,16,10356.30617,0.016222,8.58125,104.9180829
simvarmass_CY5L_500608c2,2515,197,1550,0.064147,0.612966,3;6,2189,0.875177,0.931866,0.927721,0.875547,2189,0.911039,0.951805,0.947666,0.911424,2248,0.889861,0.941721,0.939744,0.889861,0.767824,0.869317,0.786879,0.766601,0.778203,0.820278,0.747373,NaN,NaN,NaN,0.713691,122.6560915,512,16,10356.30617,0.242847204,6.868020305,107.066898
simvarmass_CY5L_5090057d,1938,164,1606,0.118822,0.613022,3;6,1611,0.896777,0.945079,0.907861,0.896801,1611,0.92889,0.962614,0.92533,0.928915,1769,0.909185,0.952432,0.950634,0.909185,0.781051,0.875425,0.798246,0.792752,0.788293,0.844169,0.713691,NaN,NaN,NaN,0.683373,82.41472898,512,16,10356.30617,0.187132359,8.792682927,73.99877907
simvarmass_CY5L_525c29df,1447,208,1671,0.094311,0.731956,3;6,1102,0.921905,0.959022,0.864653,0.921907,1102,0.95971,0.979083,0.88443,0.959712,1386,0.946786,0.972666,0.967173,0.946786,0.808367,0.895747,0.822391,0.824587,0.801936,0.888044,0.683373,0.578769,0.722653,0.580511,0.614984,85.18257516,512,16,10356.30617,0.139721632,7.033653846,74.57935815
simvarmass_CY5L_539f9527,403,206,1653,0.095974,0.715089,3;6,379,0.945409,0.971939,0.969309,0.945409,379,0.967005,0.983226,0.980595,0.967005,395,0.970223,0.984887,0.97995,0.970223,0.799261,0.889796,0.811414,0.862934,0.819712,0.925558,0.614984,0.613086,0.740181,0.620347,0.682615,83.6088091,512,16,10356.30617,0.038913488,7.024271845,73.18932049
simvarmass_CY5L_53d5d0cc,2003,210,1513,0.166439,0.546594,3;6,521,0.889121,0.940369,0.412837,0.889666,521,0.92611,0.960647,0.42635,0.926677,1852,0.907139,0.951309,0.942672,0.907139,0.770326,0.868637,0.792811,0.797908,0.79844,0.84673,0.682615,0.666296,0.78444,0.669496,0.67996,43.28770243,512,16,10356.30617,0.193408728,6.204761905,37.27949522
simvarmass_CY5L_5587e50e,1397,151,1720,0.17395,0.706168,3;6,1228,0.912377,0.953271,0.934095,0.91267,1228,0.948356,0.97254,0.953344,0.948661,1294,0.921976,0.959404,0.957265,0.921976,0.786641,0.879937,0.805297,0.821956,0.798694,0.874016,0.67996,0.570961,0.720289,0.572656,0.587416,65.48277365,512,16,10356.30617,0.134893656,10.39072848,59.73399527
simvarmass_CY5L_56136743,137,168,1660,0.188021,0.67852,3;6,129,0.941606,0.969925,0.969925,0.941606,129,0.977273,0.988506,0.988506,0.977273,140,0.978102,0.98893,0.967509,0.978102,0.732553,0.865079,0.79562,0.89077,0.81457,0.963504,0.587416,0.687867,0.815126,0.708029,0.706564,52.55238713,512,16,10356.30617,0.013228655,8.880952381,47.23383229
simvarmass_CY5L_56916148,1618,207,1566,0.054312,0.534916,3;6,860,0.913473,0.954472,0.694108,0.913473,860,0.953548,0.9759,0.713693,0.953548,1529,0.936959,0.967454,0.963457,0.936959,0.824277,0.903053,0.831891,0.819485,0.795766,0.873918,0.706564,NaN,NaN,NaN,0.618157,139.2918212,512,16,10356.30617,0.156233311,6.565217391,120.8796839
simvarmass_CY5L_56d1e161,736,161,1500,0.1906,0.686085,3;6,677,0.921196,0.958982,0.958245,0.921196,677,0.957627,0.978355,0.977617,0.957627,709,0.947011,0.972784,0.964706,0.947011,0.799903,0.889219,0.8125,0.842169,0.807692,0.900815,0.618157,0.556648,0.697046,0.561141,0.612593,48.88127065,512,16,10356.30617,0.07106781,8.316770186,43.63468094
simvarmass_CY5L_57c005f7,189,184,1648,0.097016,0.548952,3;6,183,0.968254,0.983871,0.983871,0.968254,183,1,1,1,1,194,1,1,0.986945,1,0.862416,0.926554,0.867725,0.926399,0.860759,0.968254,0.612593,0.7702,0.83965,0.78836,0.743588,92.32004761,512,16,10356.30617,0.01824975,7.956521739,82.01246948
simvarmass_CY5L_592532aa,2181,163,1686,0.093836,0.7349,3;6,988,0.880667,0.935248,0.623541,0.880789,988,0.921658,0.957866,0.643229,0.921785,1965,0.897295,0.945868,0.944042,0.897295,0.765588,0.866345,0.783586,0.774566,0.776947,0.830812,0.743588,NaN,NaN,NaN,0.64331,110.2301705,512,16,10356.30617,0.210596323,9.343558282,99.57327979
simvarmass_CY5L_595bdded,802,201,1608,0.075712,0.736248,3;6,731,0.918948,0.957143,0.953686,0.918953,731,0.962137,0.980053,0.97662,0.962141,757,0.941397,0.969814,0.96857,0.941397,0.817759,0.899932,0.82419,0.848336,0.822713,0.899002,0.64331,0.518579,0.66988,0.522444,0.583014,105.6635672,512,16,10356.30617,0.077440739,7,92.4556213
simvarmass_CY5L_5a0cca46,299,186,1608,0.171149,0.721112,3;6,284,0.949833,0.974271,0.974271,0.949833,284,0.97931,0.989547,0.989547,0.97931,298,0.9699,0.98472,0.971524,0.9699,0.809551,0.89781,0.822742,0.874454,0.840136,0.909699,0.583014,0.655098,0.778226,0.658863,0.61996,50.51248497,512,16,10356.30617,0.028871298,7.64516129,44.6696229
simvarmass_CY5L_5ae7e106,889,183,1695,0.192857,0.681681,3;6,811,0.914247,0.954118,0.954118,0.915636,811,0.952831,0.97476,0.97476,0.954279,859,0.950506,0.974625,0.966819,0.950506,0.819405,0.899574,0.831271,0.843974,0.807115,0.905512,0.61996,0.567636,0.713189,0.574803,0.725511,48.02675082,512,16,10356.30617,0.085841417,8.262295082,42.84156179
simvarmass_CY5L_5ca999d3,2098,175,1706,0.105294,0.610686,3;6,319,0.895438,0.944458,0.263964,0.895615,319,0.929094,0.962849,0.272533,0.929278,1942,0.916587,0.956478,0.95198,0.916587,0.773956,0.873203,0.795996,0.804298,0.798213,0.854623,0.725511,NaN,NaN,NaN,0.646466,92.58430137,512,16,10356.30617,0.202581882,8.748571429,83.08708406
simvarmass_CY5L_5cdea545,1144,178,1749,0.192499,0.664769,3;6,1047,0.916882,0.955768,0.954815,0.916958,1047,0.948384,0.972622,0.971667,0.948463,1086,0.935315,0.966576,0.959641,0.935315,0.808865,0.896258,0.826923,0.837898,0.816123,0.888112,0.646466,0.61848,0.752381,0.621503,0.70813,51.04360385,512,16,10356.30617,0.110464096,8.825842697,45.84877166
simvarmass_CY5L_5d7bbad5,1716,157,1686,0.107073,0.672585,3;6,155,0.893906,0.943419,0.165687,0.893939,155,0.932488,0.964477,0.172222,0.932523,1588,0.918415,0.957473,0.953995,0.918415,0.796852,0.885979,0.808275,0.794136,0.796407,0.847902,0.70813,NaN,NaN,NaN,0.685596,100.2946915,512,16,10356.30617,0.165696144,9.738853503,90.95526887
simvarmass_CY5L_5df9ec3e,1856,179,1553,0.147959,0.614565,3;6,613,0.897091,0.945754,0.496557,0.897091,613,0.928611,0.962984,0.509559,0.928611,1723,0.911099,0.953482,0.944957,0.911099,0.782925,0.879336,0.799569,0.787717,0.781788,0.843211,0.685596,0.592716,0.735333,0.595905,0.620618,58.63771486,512,16,10356.30617,0.179214478,7.675977654,51.87908578
simvarmass_CY5L_5f692ce6,777,199,1663,0.190462,0.667113,3;6,720,0.925211,0.960588,0.960588,0.925354,720,0.962368,0.980232,0.980232,0.962517,755,0.957529,0.978304,0.971279,0.957529,0.813569,0.89338,0.827542,0.858466,0.823678,0.916345,0.620618,0.630923,0.763407,0.633205,0.672201,43.87638437,512,16,10356.30617,0.075026751,7.35678392,38.62599321
simvarmass_CY5L_6133f4b1,944,189,1549,0.071725,0.569163,3;6,136,0.914909,0.955801,0.251852,0.916314,136,0.95645,0.977954,0.26179,0.957918,906,0.952331,0.975583,0.971892,0.952331,0.82494,0.903448,0.832627,0.858354,0.821798,0.909958,0.672201,0.627099,0.759949,0.629237,0.690904,114.2665346,512,16,10356.30617,0.091152191,7.195767196,100.3243945
simvarmass_CY5L_626c8c6a,1667,185,1730,0.100296,0.696568,3;6,600,0.897415,0.945638,0.529334,0.897421,600,0.938514,0.967972,0.546946,0.938519,1557,0.925015,0.961047,0.956576,0.925015,0.818702,0.899575,0.825435,0.792247,0.793383,0.84883,0.690904,0.542148,0.688376,0.545291,0.582508,93.23753042,512,16,10356.30617,0.160964727,8.351351351,83.26704307
simvarmass_CY5L_629fcaa9,154,152,1671,0.185119,0.565601,3;6,120,0.779221,0.875912,0.875912,0.779221,120,0.863309,0.926641,0.926641,0.863309,140,0.844156,0.915493,0.884354,0.844156,0.738916,0.847584,0.74026,0.749561,0.766667,0.811688,0.582508,0.636204,0.750929,0.655844,0.664169,59.38569813,512,16,10356.30617,0.014870167,9.993421053,53.98376748
simvarmass_CY5L_63a09921,1749,195,1539,0.150001,0.501746,3;6,220,0.907837,0.951782,0.223464,0.908519,220,0.943439,0.970975,0.231214,0.944147,1642,0.928531,0.962941,0.95783,0.928531,0.814428,0.897476,0.823328,0.800551,0.800602,0.842767,0.664169,0.614957,0.751832,0.618639,0.676873,52.61503385,512,16,10356.30617,0.168882608,6.892307692,45.94841163
simvarmass_CY5L_6421c005,849,160,1565,0.105238,0.630453,3;6,588,0.910476,0.952498,0.818372,0.910483,588,0.935828,0.966208,0.831683,0.935835,795,0.931684,0.964634,0.962287,0.931684,0.781758,0.878866,0.803298,0.854109,0.82218,0.903416,0.676873,0.602062,0.73624,0.606596,0.645964,92.94408864,512,16,10356.30617,0.081979036,8.78125,83.44181759
simvarmass_CY5L_6464c463,1122,197,1694,0.184499,0.730967,3;6,1025,0.917042,0.955793,0.954821,0.917112,1025,0.950066,0.97346,0.972486,0.950139,1069,0.942956,0.969725,0.965769,0.942959,0.803941,0.887167,0.819073,0.826726,0.80742,0.882353,0.645964,0.605521,0.744287,0.609626,0.612207,46.60721615,512,16,10356.30617,0.108339787,7.598984772,41.18713257
simvarmass_CY5L_65b58cd3,7,205,1593,0.09994,0.691397,3;6,2,0.285714,0.444444,0.444444,0.285714,2,0.285714,0.444444,0.444444,0.285714,11,0.285714,0.444444,0.222222,0.285714,0.285714,0.444444,0.285714,0.285714,0.444444,0.285714,0.612207,0.125956,0.315789,0.571429,0.668496,77.75396945,512,16,10356.30617,0.000675917,6.770731707,67.74796585
simvarmass_CY5L_66024d2b,1841,157,1610,0.194488,0.506384,3;6,784,0.901684,0.9483,0.597333,0.901684,784,0.94051,0.969343,0.615143,0.94051,1732,0.9283,0.962817,0.956619,0.9283,0.801572,0.889949,0.810429,0.798395,0.794234,0.852254,0.668496,0.624141,0.760331,0.625747,0.694489,52.72704265,512,16,10356.30617,0.177766085,9.25477707,47.58533724
simvarmass_CY5L_69b6847f,1740,161,1632,0.156688,0.507846,3;6,855,0.894649,0.943922,0.65896,0.894828,855,0.933266,0.964983,0.677765,0.933453,1607,0.917816,0.957147,0.954287,0.917816,0.802585,0.887771,0.811494,0.8063,0.798429,0.858621,0.694489,0.657744,0.782668,0.659195,0.658426,64.69318622,512,16,10356.30617,0.168013573,9.136645963,58.31107655
simvarmass_CY5L_6b04b8c7,1281,207,1645,0.109846,0.536464,3;6,996,0.900859,0.947844,0.874835,0.900859,996,0.940505,0.969341,0.896086,0.940505,1204,0.928181,0.962753,0.956942,0.928181,0.797734,0.886022,0.80484,0.830023,0.812141,0.879001,0.658426,0.589514,0.729017,0.593286,0.672823,72.34546459,512,16,10356.30617,0.123692751,6.946859903,63.24181038
simvarmass_CY5L_6c359100,859,184,1632,0.080352,0.674788,3;6,157,0.920832,0.958207,0.309055,0.920838,157,0.961111,0.979567,0.320408,0.961118,826,0.953434,0.976162,0.972107,0.953434,0.791913,0.886205,0.811409,0.846618,0.808587,0.908033,0.672823,0.600634,0.739161,0.605355,0.584077,110.3838762,512,16,10356.30617,0.082944632,7.869565217,97.93863522
simvarmass_CY5L_6ce031d4,236,199,1534,0.169938,0.708406,3;6,202,0.853638,0.917808,0.917808,0.855932,202,0.88359,0.934884,0.934884,0.885965,212,0.885593,0.939326,0.933036,0.885593,0.762265,0.861905,0.766949,0.825981,0.817352,0.864407,0.584077,0.563603,0.702128,0.567797,0.709674,45.36091229,512,16,10356.30617,0.022788048,6.708542714,39.47641324
simvarmass_CY5L_6dab5181,1821,210,1699,0.089483,0.7423,3;6,480,0.893605,0.943495,0.41721,0.894014,480,0.933059,0.965027,0.431655,0.933486,1675,0.913234,0.95465,0.951373,0.913234,0.794544,0.886425,0.81274,0.788957,0.790658,0.844042,0.709674,NaN,NaN,NaN,0.717098,90.41355554,512,16,10356.30617,0.175834894,7.09047619,79.2382485
simvarmass_CY5L_707ed63b,1472,188,1548,0.050413,0.748611,3;6,438,0.90625,0.95082,0.458639,0.90625,438,0.945429,0.971949,0.47377,0.945429,1396,0.936141,0.967018,0.960948,0.936141,0.807485,0.892923,0.818614,0.831219,0.820124,0.877717,0.717098,NaN,NaN,NaN,0.57601,163.331731,512,16,10356.30617,0.14213562,7.234042553,143.4955776
simvarmass_CY5L_71057227,89,203,1696,0.134806,0.704279,3;6,63,0.707865,0.828947,0.828947,0.707865,63,0.75,0.857143,0.857143,0.75,64,0.719101,0.836601,0.836601,0.719101,0.619019,0.767123,0.629213,0.67493,0.72619,0.707865,0.57601,0.505496,0.666667,0.505618,0.662035,61.97557826,512,16,10356.30617,0.008593798,7.354679803,54.55751082
simvarmass_CY5L_750c4c5e,1580,167,1522,0.151459,0.749208,3;6,598,0.907581,0.951244,0.549128,0.907595,598,0.948398,0.973193,0.566825,0.948413,1502,0.936709,0.96732,0.960415,0.936709,0.826403,0.904581,0.831646,0.792991,0.78195,0.840506,0.662035,0.516972,0.673511,0.518987,0.685379,60.17319839,512,16,10356.30617,0.152564049,8.113772455,53.57075152
simvarmass_CY5L_75f255b1,1073,159,1623,0.121129,0.740548,3;6,125,0.923476,0.959806,0.208681,0.923579,125,0.956457,0.977318,0.215332,0.956564,1018,0.941286,0.969755,0.966045,0.941286,0.817987,0.897346,0.836906,0.854655,0.818357,0.911463,0.685379,0.570683,0.714369,0.575955,0.706025,84.27005234,512,16,10356.30617,0.10360837,9.20754717,76.01439102
simvarmass_CY5L_76f02db6,2279,156,1651,0.181968,0.579299,3;6,558,0.889392,0.94104,0.393373,0.889425,558,0.923007,0.959527,0.405229,0.923042,2071,0.906977,0.95122,0.950345,0.906977,0.774318,0.870531,0.791136,0.778447,0.791474,0.827556,0.706025,NaN,NaN,NaN,0.668722,58.16040916,512,16,10356.30617,0.220059156,9.583333333,52.66493742
simvarmass_CY5L_77874ae6,653,153,1718,0.083035,0.618501,3;6,428,0.892802,0.943366,0.791859,0.892802,428,0.925397,0.961253,0.809074,0.925397,607,0.926493,0.961844,0.960317,0.926493,0.784131,0.879325,0.797856,0.836021,0.815308,0.882083,0.668722,0.590777,0.730337,0.597243,0.612859,135.2292186,512,16,10356.30617,0.06305337,10.22875817,123.1861043
simvarmass_CY5L_78e70971,673,198,1739,0.193024,0.540161,3;6,628,0.93462,0.965464,0.965411,0.934621,628,0.972178,0.985121,0.985098,0.972179,658,0.965825,0.982615,0.976709,0.965825,0.798373,0.885621,0.806835,0.871963,0.821352,0.933135,0.612859,0.670247,0.790036,0.673105,0.589056,45.50122411,512,16,10356.30617,0.06498456,7.782828283,40.32052119
simvarmass_CY5L_7b75f26c,111,204,1508,0.148561,0.549416,3;6,91,0.81982,0.90099,0.90099,0.81982,91,0.858491,0.923858,0.923858,0.858491,99,0.855856,0.92233,0.904762,0.855856,0.701866,0.818653,0.711712,0.752451,0.77533,0.837838,0.589056,0.697554,0.804124,0.702703,0.676958,49.75839462,512,16,10356.30617,0.010718107,6.392156863,43.02715291
simvarmass_CY5L_7b9b6f0f,1677,194,1671,0.15336,0.55342,3;6,501,0.875373,0.933545,0.460055,0.875373,501,0.915783,0.95604,0.476236,0.915783,1532,0.906977,0.95122,0.947959,0.906977,0.772419,0.871457,0.788312,0.796075,0.797538,0.84198,0.676958,0.609477,0.747453,0.612403,0.682353,56.16459352,512,16,10356.30617,0.161930323,7.613402062,49.64398841
simvarmass_CY5L_7c070caf,1055,154,1578,0.071717,0.6358,3;6,393,0.913744,0.954928,0.542818,0.913744,393,0.948819,0.973737,0.557842,0.948819,997,0.94218,0.970229,0.968811,0.94218,0.825241,0.904124,0.83128,0.856704,0.834214,0.899526,0.682353,0.574947,0.713095,0.578199,0.682541,142.8776057,512,16,10356.30617,0.101870298,9.246753247,128.9339103
simvarmass_CY5L_7d1a3c5b,1691,166,1554,0.160003,0.653685,3;6,514,0.90358,0.949068,0.466213,0.903607,514,0.9426,0.970159,0.481499,0.942628,16538,0.93081,0.964165,0.172692,0.93081,0.81128,0.894669,0.824364,0.80919,0.789762,0.866943,0.682541,0.59737,0.738798,0.599645,0.675909,58.50793912,512,16,10356.30617,0.163282156,8.361445783,52.25805631
simvarmass_CY5L_80c68fc4,1541,178,1705,0.182666,0.58523,3;6,415,0.889501,0.941056,0.423313,0.89098,415,0.92429,0.96014,0.436249,0.925826,1414,0.910448,0.953125,0.949577,0.910448,0.745859,0.854989,0.774173,0.807476,0.800657,0.865672,0.675909,0.609447,0.745576,0.615185,0.6945,52.43806557,512,16,10356.30617,0.148798227,8.578651685,46.96359304
simvarmass_CY5L_80ee7cfe,1791,167,1747,0.145537,0.692251,3;6,826,0.892794,0.943085,0.631257,0.892797,826,0.928029,0.962383,0.648097,0.928033,1656,0.912339,0.954161,0.948071,0.912339,0.786152,0.880122,0.80402,0.797877,0.792995,0.85483,0.6945,0.561009,0.707078,0.563372,0.610201,71.87916368,512,16,10356.30617,0.172938108,9.461077844,65.00805874
simvarmass_CY5L_82f91e7d,6,191,1523,0.080223,0.746583,3;6,2,0.333333,0.5,0.5,0.333333,2,0.333333,0.5,0.5,0.333333,16,0.333333,0.5,0.181818,0.333333,0.166667,0.285714,0.166667,0.305556,0.444444,0.333333,0.610201,0.030303,0.142857,0.333333,0.712613,99.39570933,512,16,10356.30617,0.000579357,6.97382199,86.93045622
simvarmass_CY5L_83a9584a,1735,154,1654,0.122896,0.56284,3;6,588,0.902592,0.948229,0.506242,0.902594,588,0.93941,0.968161,0.521508,0.939412,1614,0.926801,0.96201,0.960287,0.926801,0.80642,0.890561,0.81902,0.805253,0.790509,0.860519,0.712613,NaN,NaN,NaN,0.611494,87.39307821,512,16,10356.30617,0.167530775,9.74025974,79.25611688
simvarmass_CY5L_83bd0ca8,503,188,1594,0.139783,0.690121,3;6,456,0.906561,0.950991,0.950991,0.906561,456,0.932515,0.965079,0.965079,0.932515,470,0.928429,0.962887,0.959918,0.928429,0.805107,0.891803,0.811133,0.816606,0.795635,0.872763,0.611494,0.556748,0.702233,0.562624,0.583925,60.65632734,512,16,10356.30617,0.048569441,7.478723404,53.50238158
simvarmass_CY5L_8410b31a,462,203,1671,0.190914,0.659009,3;6,431,0.935065,0.966443,0.965286,0.935065,431,0.970787,0.985177,0.984018,0.970787,451,0.961039,0.980132,0.972618,0.961039,0.844533,0.916859,0.859307,0.841179,0.810401,0.891775,0.583925,0.638386,0.759162,0.640693,0.697773,43.11641416,512,16,10356.30617,0.0446105,7.231527094,37.87845362
simvarmass_CY5L_897bba36,2228,195,1592,0.144935,0.593053,3;6,1821,0.890036,0.941819,0.899481,0.890036,1821,0.932738,0.965198,0.922726,0.932738,2048,0.90395,0.949552,0.942002,0.90395,0.803912,0.889434,0.814632,0.777937,0.777988,0.837074,0.697773,0.605491,0.7427,0.607271,0.668081,56.32940673,512,16,10356.30617,0.215134621,7.164102564,49.42976206
simvarmass_CY5L_8bf7b484,1219,181,1654,0.085564,0.602523,3;6,527,0.908121,0.951849,0.603666,0.908121,527,0.946963,0.972759,0.621462,0.946963,1143,0.932732,0.965195,0.962743,0.932732,0.829091,0.907548,0.83347,0.833419,0.82154,0.878589,0.668081,0.589202,0.730594,0.590648,0.708183,106.7986717,512,16,10356.30617,0.11770606,8.138121547,95.11151357
simvarmass_CY5L_8d5d518f,1978,182,1713,0.088957,0.660934,3;6,360,0.893302,0.943406,0.307956,0.893327,360,0.930464,0.963731,0.318725,0.93049,1822,0.916077,0.956201,0.953684,0.916077,0.809243,0.892333,0.81547,0.782983,0.790997,0.831143,0.708183,NaN,NaN,NaN,0.643011,105.804916,512,16,10356.30617,0.19099474,8.412087912,94.56352971
simvarmass_CY5L_8e259b70,700,183,1544,0.144905,0.509496,3;6,654,0.936879,0.966027,0.966027,0.937143,654,0.975915,0.986425,0.986425,0.97619,685,0.96,0.979592,0.970397,0.96,0.813487,0.895062,0.828571,0.874433,0.819742,0.934286,0.643011,0.735146,0.830718,0.737143,0.577601,58.2254475,512,16,10356.30617,0.067591667,7.43715847,51.32437438
simvarmass_CY5L_8f539d95,55,169,1682,0.196525,0.632103,3;6,35,0.636364,0.777778,0.777778,0.636364,35,0.648148,0.786517,0.786517,0.648148,38,0.654545,0.791209,0.774194,0.654545,0.636364,0.777778,0.636364,0.582158,0.708333,0.618182,0.577601,0.522639,0.674419,0.527273,0.646617,50.6432399,512,16,10356.30617,0.005310774,8.952662722,45.55482876
simvarmass_CY5L_8fe797af,1252,186,1632,0.176774,0.504803,3;6,1153,0.924913,0.960133,0.958836,0.92492,1153,0.962586,0.980076,0.978778,0.962594,1220,0.959265,0.979209,0.971683,0.959265,0.816673,0.896849,0.829872,0.848218,0.821344,0.899361,0.646617,0.665301,0.783746,0.670128,0.669177,49.63509084,512,16,10356.30617,0.120892525,7.774193548,43.97815034
simvarmass_CY5L_903c8326,1730,210,1614,0.179538,0.658781,3;6,131,0.889245,0.938588,0.140785,0.889595,131,0.932925,0.962406,0.147191,0.933293,1609,0.915029,0.955629,0.948188,0.915029,0.770956,0.869399,0.794798,0.802288,0.798692,0.856647,0.669177,0.628632,0.761074,0.631792,0.716889,42.8082873,512,16,10356.30617,0.167047977,6.685714286,37.23843579
simvarmass_CY5L_9094ab2c,2361,153,1556,0.143585,0.556195,3;6,674,0.876154,0.933243,0.444152,0.876324,674,0.914905,0.954776,0.459284,0.915082,2124,0.892418,0.943151,0.939576,0.892418,0.767511,0.868791,0.78526,0.782391,0.787603,0.829733,0.716889,NaN,NaN,NaN,0.66524,70.82867041,512,16,10356.30617,0.227977037,9.169934641,63.86415462
simvarmass_CY5L_917b35e1,1077,167,1533,0.124064,0.66526,3;6,980,0.908935,0.951409,0.950899,0.909006,980,0.945819,0.97123,0.97072,0.945894,1004,0.928505,0.962927,0.961076,0.928505,0.786867,0.880536,0.793872,0.82441,0.808342,0.872795,0.66524,0.562868,0.708698,0.564531,0.617695,73.99117164,512,16,10356.30617,0.103994608,8.179640719,65.9308157
simvarmass_CY5L_96198ad4,525,204,1573,0.101023,0.567264,3;6,490,0.933333,0.965517,0.965517,0.933333,490,0.955166,0.977069,0.977069,0.955166,512,0.954286,0.976608,0.966249,0.954286,0.841796,0.913223,0.841905,0.884782,0.853053,0.92,0.617695,0.643497,0.77081,0.645714,0.69341,76.32701775,512,16,10356.30617,0.05069375,6.710784314,66.42828181
simvarmass_CY5L_96c4c192,565,168,1694,0.056242,0.564686,3;6,513,0.932743,0.965201,0.951763,0.932743,513,0.96875,0.984127,0.970672,0.96875,547,0.962832,0.981064,0.978417,0.962832,0.802313,0.892514,0.823009,0.865689,0.807993,0.936283,0.69341,0.682902,0.793068,0.688496,0.710087,179.2847575,512,16,10356.30617,0.054556131,9.083333333,161.504451
simvarmass_CY5L_98343be9,2023,206,1731,0.102746,0.533358,3;6,118,0.887606,0.940068,0.110229,0.88779,118,0.929895,0.963261,0.115178,0.930088,1875,0.914978,0.955601,0.949718,0.914978,0.793482,0.88497,0.806228,0.794706,0.794983,0.847257,0.710087,NaN,NaN,NaN,0.579325,81.78335528,512,16,10356.30617,0.195339918,7.402912621,72.05061629
simvarmass_CY5L_9877a8d3,9,173,1572,0.16158,0.540006,3;6,4,0.222222,0.363636,0.307692,0.222222,4,0.222222,0.363636,0.307692,0.222222,33,0.222222,0.363636,0.095238,0.222222,0.222222,0.363636,0.222222,0.222222,0.363636,0.222222,0.579325,0.026316,0.12766,0.333333,0.736675,56.23657137,512,16,10356.30617,0.000869036,8.086705202,50.04768661
simvarmass_CY5L_99a8eb4f,2219,157,1699,0.068709,0.671186,3;6,1095,0.878592,0.935028,0.660833,0.878774,1095,0.915303,0.955414,0.67907,0.915493,2008,0.899504,0.947094,0.944405,0.899504,0.77974,0.875971,0.787742,0.764391,0.777886,0.811176,0.736675,NaN,NaN,NaN,0.669454,157.4998334,512,16,10356.30617,0.214265585,9.821656051,142.9456993
simvarmass_CY5L_9a373e9b,357,151,1701,0.054002,0.595166,3;6,317,0.893557,0.943787,0.940653,0.893557,317,0.935484,0.966667,0.963526,0.935484,330,0.921569,0.959184,0.957787,0.921569,0.781128,0.876161,0.792717,0.841193,0.808446,0.896359,0.669454,0.63373,0.761269,0.638655,0.624623,208.6015455,512,16,10356.30617,0.03447175,10.26490066,190.0837129
simvarmass_CY5L_9ca8bccd,351,170,1577,0.16261,0.548873,3;6,333,0.953848,0.975182,0.973684,0.954416,333,0.993474,0.995529,0.99403,0.994065,354,0.991453,0.995708,0.987234,0.991453,0.793152,0.884498,0.82906,0.913567,0.843666,0.974359,0.624623,0.739269,0.8438,0.746439,0.691004,57.04735618,512,16,10356.30617,0.033892393,8.276470588,50.89767289
simvarmass_CY5L_9d179fa5,1097,157,1539,0.115413,0.595526,3;6,255,0.889911,0.941687,0.377219,0.890611,255,0.930632,0.963986,0.391104,0.931363,1016,0.917958,0.957224,0.953147,0.917958,0.791557,0.881592,0.810392,0.821983,0.800378,0.877849,0.691004,0.636266,0.762431,0.640839,0.661774,84.93452012,512,16,10356.30617,0.105925798,8.802547771,76.26998493
simvarmass_CY5L_9d99e333,965,152,1682,0.105692,0.511605,3;6,795,0.899482,0.947081,0.903409,0.899482,795,0.935345,0.966592,0.922809,0.935345,903,0.925389,0.961249,0.956103,0.925389,0.772657,0.874568,0.787565,0.835149,0.8198,0.875648,0.661774,0.617961,0.751899,0.620725,0.707522,104.6984585,512,16,10356.30617,0.093179941,10.06578947,95.23700444
simvarmass_CY5L_9f809585,2044,204,1531,0.062915,0.659252,3;6,685,0.89726,0.945848,0.502015,0.89726,685,0.938107,0.968065,0.518939,0.938107,1894,0.921722,0.959267,0.956831,0.921722,0.806802,0.891398,0.811155,0.780202,0.785061,0.827789,0.707522,NaN,NaN,NaN,0.754117,119.2863699,512,16,10356.30617,0.197367668,6.504901961,103.3919091
simvarmass_CY5L_9f9145d3,2537,157,1628,0.059032,0.52966,3;6,614,0.872684,0.932014,0.389718,0.872684,614,0.915633,0.955959,0.405013,0.915633,2269,0.891604,0.942696,0.941323,0.891604,0.792078,0.884699,0.804888,0.775082,0.786076,0.821443,0.754117,NaN,NaN,NaN,0.68185,175.6577238,512,16,10356.30617,0.244971514,9.369426752,158.717759
simvarmass_CY5L_9fd2384a,1710,203,1661,0.161623,0.707398,3;6,472,0.890208,0.940414,0.432631,0.890643,472,0.928771,0.96149,0.447181,0.929225,1580,0.908187,0.951885,0.944073,0.908187,0.75416,0.86094,0.779532,0.808133,0.80543,0.85614,0.68185,0.578041,0.722707,0.580702,0.633789,50.62562884,512,16,10356.30617,0.165116787,7.18226601,44.43839064
simvarmass_CY5L_a1312b66,362,161,1646,0.129737,0.537738,3;6,337,0.930822,0.961373,0.961373,0.930939,337,0.965494,0.979592,0.979592,0.965616,367,0.961326,0.980282,0.954733,0.961326,0.812654,0.896552,0.825967,0.877094,0.823358,0.930939,0.633789,0.697785,0.8128,0.71547,0.614034,78.80251959,512,16,10356.30617,0.034954548,9.223602484,71.09461822
simvarmass_CY5L_a430d118,434,157,1702,0.177736,0.565359,3;6,392,0.9032,0.947879,0.946731,0.903226,392,0.928883,0.96187,0.960688,0.92891,413,0.930876,0.9642,0.953955,0.930876,0.792513,0.884664,0.804147,0.847583,0.826542,0.898618,0.614034,0.655038,0.766304,0.66129,0.630192,60.99363287,512,16,10356.30617,0.041906834,9.840764331,55.36731068
simvarmass_CY5L_a4d6d0bb,705,173,1632,0.174806,0.664528,3;6,655,0.928739,0.961821,0.961765,0.929078,655,0.974347,0.985704,0.985682,0.974702,689,0.960284,0.97974,0.971306,0.960284,0.795624,0.883398,0.812766,0.873538,0.836565,0.921986,0.630192,0.633058,0.75969,0.641135,0.700051,53.96568774,512,16,10356.30617,0.068074465,8.433526012,48.2450603
simvarmass_CY5L_a6e00e93,2531,197,1695,0.124147,0.711693,3;6,2039,0.883445,0.938116,0.892341,0.883445,2039,0.922823,0.959863,0.91394,0.922823,2297,0.904781,0.95001,0.948633,0.904781,0.810196,0.895011,0.815093,0.729415,0.758649,0.774793,0.700051,NaN,NaN,NaN,0.628221,69.30542755,512,16,10356.30617,0.244392157,7.604060914,61.25046045
simvarmass_CY5L_a8047020,699,201,1507,0.167444,0.571095,3;6,662,0.945565,0.971345,0.971345,0.945637,662,0.971985,0.985097,0.985097,0.972059,687,0.965665,0.982533,0.974026,0.965665,0.812795,0.89375,0.821173,0.880203,0.851389,0.925608,0.628221,0.719836,0.82314,0.728183,0.627937,44.77623825,512,16,10356.30617,0.067495108,6.497512438,38.80409234
simvarmass_CY5L_a96389e6,346,159,1567,0.105379,0.568378,3;6,320,0.926336,0.960961,0.960961,0.927746,320,0.968315,0.983103,0.983103,0.969789,339,0.971098,0.985337,0.981022,0.971098,0.852106,0.920684,0.855491,0.894942,0.840491,0.945087,0.627937,0.647468,0.770578,0.650289,0.639517,93.52286425,512,16,10356.30617,0.033409595,8.855345912,84.03330751
simvarmass_CY5L_aa2d1ead,1099,199,1621,0.194819,0.679551,3;6,988,0.901329,0.946915,0.945855,0.901729,988,0.93892,0.967269,0.966226,0.939336,1041,0.926297,0.961738,0.951402,0.926297,0.743644,0.856999,0.7798,0.817856,0.801279,0.88444,0.639517,0.580638,0.729131,0.584167,0.63219,41.81177731,512,16,10356.30617,0.106118917,7.145728643,36.67880773
simvarmass_CY5L_ab31cf1e,326,162,1677,0.069673,0.554276,3;6,295,0.904908,0.950081,0.950081,0.904908,295,0.933544,0.96563,0.96563,0.933544,308,0.932515,0.965079,0.958991,0.932515,0.766485,0.869416,0.776074,0.873578,0.851735,0.907975,0.63219,0.664467,0.772487,0.671779,0.700508,148.5776678,512,16,10356.30617,0.031478405,9.351851852,134.2249057
simvarmass_CY5L_ab88b7cd,1723,206,1702,0.100434,0.673135,3;6,640,0.905594,0.949544,0.540838,0.906558,640,0.937703,0.966883,0.554688,0.938702,1591,0.917005,0.956706,0.95353,0.917005,0.771374,0.870483,0.791062,0.81288,0.807498,0.860708,0.700508,NaN,NaN,NaN,0.695214,82.26433202,512,16,10356.30617,0.166372061,7.262135922,72.30754448
simvarmass_CY5L_abd7139e,2059,155,1522,0.170859,0.665823,3;6,662,0.888609,0.940663,0.485851,0.889267,662,0.927813,0.962165,0.501898,0.928499,1894,0.907722,0.951629,0.945611,0.907722,0.809174,0.893696,0.822729,0.786852,0.780986,0.843128,0.695214,0.574542,0.719251,0.57795,0.598993,57.47051568,512,16,10356.30617,0.198816061,8.819354839,51.61773649
simvarmass_CY5L_ad5b63fc,101,165,1530,0.134475,0.55671,3;6,78,0.772277,0.871508,0.871508,0.772277,78,0.787879,0.881356,0.881356,0.787879,80,0.792079,0.883978,0.883978,0.792079,0.608648,0.766467,0.633663,0.729015,0.752577,0.782178,0.598993,0.61145,0.756098,0.613861,0.707252,68.95502713,512,16,10356.30617,0.009752512,8.272727273,61.51870067
simvarmass_CY5L_addda019,741,152,1610,0.050871,0.702645,3;6,378,0.910795,0.952717,0.675603,0.910931,378,0.955947,0.976845,0.697417,0.956091,712,0.952767,0.975812,0.971783,0.952767,0.768972,0.869242,0.789474,0.85085,0.814607,0.91363,0.707252,NaN,NaN,NaN,0.728247,208.215,512,16,10356.30617,0.071550608,9.592105263,188.5574347
simvarmass_CY5L_ae0bc257,895,152,1518,0.060152,0.665612,3;6,141,0.899882,0.946565,0.272201,0.900559,141,0.941982,0.969333,0.283133,0.94269,842,0.935196,0.966513,0.963731,0.935196,0.801326,0.891859,0.820112,0.844806,0.795051,0.916201,0.728247,NaN,NaN,NaN,0.69427,166.0267673,512,16,10356.30617,0.086420774,8.986842105,149.4022161
simvarmass_CY5L_b001e10f,2078,175,1641,0.148662,0.544784,3;6,482,0.895444,0.944966,0.375781,0.896535,482,0.934572,0.966286,0.389001,0.935711,1929,0.915784,0.956041,0.949838,0.915784,0.797956,0.886598,0.807026,0.784751,0.79482,0.821944,0.69427,0.617197,0.754839,0.619346,0.643824,63.07693195,512,16,10356.30617,0.200650692,8.377142857,56.3502634
simvarmass_CY5L_b037e931,744,162,1747,0.132121,0.688997,3;6,692,0.934042,0.965229,0.963788,0.93414,692,0.969215,0.9837,0.982257,0.969317,724,0.96371,0.98152,0.976839,0.96371,0.822408,0.901163,0.834677,0.87162,0.834581,0.922043,0.643824,0.571612,0.714771,0.573925,0.679061,81.62177562,512,16,10356.30617,0.071840286,9.783950617,74.05295613
simvarmass_CY5L_b156f56a,2067,190,1663,0.14827,0.503077,3;6,977,0.88822,0.940574,0.641919,0.888244,977,0.933851,0.965554,0.663948,0.933876,1898,0.912917,0.954476,0.951828,0.912917,0.807725,0.893493,0.81374,0.775354,0.777116,0.823416,0.679061,0.601009,0.742704,0.60329,0.678292,59.03170958,512,16,10356.30617,0.199588537,7.752631579,52.28725689
simvarmass_CY5L_b1a1efeb,2364,178,1570,0.199284,0.651626,3;6,915,0.892508,0.943017,0.558097,0.892555,915,0.92824,0.962591,0.574028,0.928289,2184,0.910745,0.953288,0.94679,0.910745,0.791171,0.882984,0.801607,0.748901,0.768126,0.793993,0.678292,0.560063,0.708766,0.562606,0.631143,44.25957287,512,16,10356.30617,0.228266716,7.820224719,39.24160855
simvarmass_CY5L_b29fff8a,410,209,1632,0.05862,0.64315,3;6,365,0.891721,0.941935,0.941935,0.892683,365,0.949625,0.973333,0.973333,0.950649,386,0.939024,0.968553,0.967337,0.939024,0.780408,0.875339,0.787805,0.844656,0.814815,0.897561,0.631143,0.610028,0.749263,0.619512,0.71198,133.2073088,512,16,10356.30617,0.039589405,6.80861244,116.1482845
simvarmass_CY5L_b39363cd,2046,153,1575,0.119055,0.590325,3;6,572,0.899007,0.946557,0.436211,0.900293,572,0.93702,0.967183,0.450493,0.93836,1882,0.913978,0.955056,0.952138,0.913978,0.80168,0.892981,0.817693,0.80302,0.797263,0.850929,0.71198,NaN,NaN,NaN,0.624141,86.46522739,512,16,10356.30617,0.197560787,9.294117647,78.06574816
simvarmass_CY5L_b4603be1,207,200,1591,0.085478,0.564208,3;6,198,0.966184,0.982801,0.977778,0.966184,198,1,1,0.994975,1,212,1,1,0.988067,1,0.864137,0.921519,0.884058,0.895045,0.820896,0.956522,0.624141,0.770751,0.848958,0.78744,0.666441,93.06488219,512,16,10356.30617,0.019987822,6.955,81.36596551
simvarmass_CY5L_b4d3b176,1872,205,1551,0.189792,0.747963,3;6,267,0.898622,0.945771,0.249649,0.899038,267,0.936128,0.966131,0.258721,0.936561,1775,0.916132,0.955964,0.940499,0.916132,0.814273,0.893961,0.827991,0.767525,0.770459,0.824786,0.666441,0.550898,0.701624,0.553953,0.695493,39.86392292,512,16,10356.30617,0.18075943,6.565853659,34.59499694
simvarmass_CY5L_b5fe215d,2382,155,1572,0.198299,0.556511,3;6,1185,0.886434,0.939711,0.664424,0.88665,1185,0.922046,0.959346,0.682014,0.922271,2174,0.903442,0.949272,0.944688,0.903442,0.795946,0.886186,0.810663,0.759146,0.770626,0.816961,0.695493,0.614897,0.752694,0.615869,0.679671,51.14466278,512,16,10356.30617,0.230004787,9.141935484,46.101773
simvarmass_CY5L_b6e4ac56,1466,158,1560,0.152973,0.735178,3;6,595,0.904324,0.949177,0.57739,0.904502,595,0.952398,0.975,0.598893,0.952586,1383,0.930423,0.963958,0.957529,0.930423,0.790996,0.878867,0.804229,0.827736,0.809129,0.875171,0.679671,0.553447,0.705423,0.556617,0.643284,64.54353201,512,16,10356.30617,0.141556263,8.873417722,58.00643069
simvarmass_CY5L_b7717876,91,187,1647,0.057058,0.739199,3;6,65,0.714286,0.833333,0.833333,0.714286,65,0.730337,0.844156,0.844156,0.730337,67,0.736264,0.848101,0.848101,0.736264,0.593407,0.744828,0.593407,0.697921,0.735484,0.725275,0.643284,0.588157,0.72,0.593407,0.649206,154.360241,512,16,10356.30617,0.008786917,7.807486631,136.8342149
simvarmass_CY5L_b888945d,1125,208,1702,0.137033,0.746636,3;6,1032,0.922666,0.959297,0.956885,0.922667,1032,0.960221,0.979226,0.97681,0.960222,1076,0.947556,0.973072,0.968651,0.947556,0.810697,0.894686,0.824889,0.822294,0.812099,0.875556,0.649206,0.543762,0.697039,0.545778,0.634839,59.71329758,512,16,10356.30617,0.108629465,7.182692308,52.4157853
simvarmass_CY5L_b901537e,614,186,1709,0.133141,0.668737,3;6,579,0.944498,0.970662,0.970662,0.944625,579,0.977945,0.988055,0.988055,0.978078,613,0.97557,0.987634,0.976365,0.97557,0.810567,0.895944,0.827362,0.875941,0.822222,0.936482,0.634839,0.64045,0.7636,0.644951,0.630938,69.01083846,512,16,10356.30617,0.059287548,8.188172043,61.50000408
simvarmass_CY5L_b95234dd,981,206,1540,0.187438,0.713686,3;6,909,0.927549,0.959873,0.959788,0.927625,909,0.959838,0.976894,0.976844,0.959916,970,0.955148,0.977059,0.960533,0.955148,0.809283,0.893172,0.832824,0.836882,0.816658,0.889908,0.630938,0.608713,0.747362,0.614679,0.6847,39.88373838,512,16,10356.30617,0.094724894,6.475728155,34.54864091
simvarmass_CY5L_b9ca4f72,1441,171,1585,0.109894,0.658722,3;6,257,0.903522,0.94898,0.302709,0.903539,257,0.942778,0.970194,0.313797,0.942795,1349,0.927828,0.962563,0.958423,0.927828,0.809163,0.895094,0.82304,0.808272,0.788145,0.864677,0.6847,0.579672,0.724989,0.580847,0.627068,84.3449674,512,16,10356.30617,0.139142275,8.269005848,75.24528953
simvarmass_CY5L_bae90715,805,168,1620,0.193724,0.577228,3;6,711,0.883219,0.936759,0.936675,0.88323,711,0.92577,0.960162,0.960108,0.925781,748,0.918012,0.957254,0.951706,0.918012,0.770169,0.871478,0.787578,0.839592,0.817111,0.890683,0.627068,0.60788,0.746988,0.616149,0.670855,49.77626491,512,16,10356.30617,0.077730417,8.642857143,44.61428188
simvarmass_CY5L_bf680c47,584,156,1515,0.104205,0.513797,3;6,533,0.914014,0.954342,0.954342,0.914384,533,0.954891,0.97619,0.97619,0.955277,564,0.957192,0.978128,0.973868,0.957192,0.817386,0.899814,0.830479,0.882111,0.842857,0.92637,0.670855,0.693786,0.805474,0.705479,0.734778,93.19647293,512,16,10356.30617,0.056390762,8.711538462,83.60000443
simvarmass_CY5L_bfdb01fb,2142,161,1632,0.064614,0.584745,3;6,422,0.890289,0.941961,0.329173,0.890289,422,0.932518,0.965081,0.342116,0.932518,1979,0.914099,0.955122,0.950255,0.914099,0.80714,0.893443,0.814192,0.79522,0.790039,0.847339,0.734778,NaN,NaN,NaN,0.659954,156.8800254,512,16,10356.30617,0.206830502,9.136645963,141.4035033
simvarmass_CY5L_c008c7b4,277,169,1547,0.060678,0.5194,3;6,234,0.844765,0.915851,0.915851,0.844765,234,0.89313,0.943548,0.943548,0.89313,247,0.891697,0.942748,0.942748,0.891697,0.70247,0.830957,0.736462,0.823895,0.800759,0.880866,0.659954,0.683303,0.795789,0.689531,0.597149,150.8593914,512,16,10356.30617,0.026746988,8.153846154,134.3789537
simvarmass_CY5L_c10f2b46,166,187,1549,0.157837,0.595715,3;6,134,0.807229,0.893333,0.893333,0.807229,134,0.853503,0.920962,0.920962,0.853503,138,0.825301,0.90429,0.901316,0.825301,0.708689,0.832765,0.73494,0.809115,0.81761,0.843373,0.597149,0.603775,0.739927,0.608434,0.618683,52.48086608,512,16,10356.30617,0.016028881,7.28342246,46.14521601
simvarmass_CY5L_c17e08be,47,204,1747,0.093026,0.565284,3;6,23,0.489362,0.657143,0.657143,0.489362,23,0.5,0.666667,0.666667,0.5,31,0.510638,0.676056,0.615385,0.510638,0.398836,0.567164,0.404255,0.478852,0.615385,0.510638,0.618683,0.465205,0.628571,0.468085,0.652954,92.05733333,512,16,10356.30617,0.004538298,7.56372549,81.30765044
simvarmass_CY5L_c335275c,1196,164,1566,0.15181,0.588858,3;6,470,0.93311,0.965398,0.564226,0.93311,470,0.959587,0.979377,0.575628,0.959587,1164,0.953177,0.976027,0.966102,0.953177,0.820378,0.904222,0.833612,0.843839,0.821114,0.892977,0.652954,0.605847,0.747174,0.60786,0.720554,62.8995487,512,16,10356.30617,0.115485191,8.548780488,56.31236735
simvarmass_CY5L_c399cc8f,2080,192,1597,0.094204,0.636401,3;6,1204,0.878223,0.934288,0.733252,0.878365,1204,0.914724,0.954545,0.752265,0.914872,1886,0.900481,0.947635,0.944528,0.900481,0.787629,0.881392,0.804327,0.782201,0.780256,0.842788,0.720554,NaN,NaN,NaN,0.687859,88.29464071,512,16,10356.30617,0.200843811,7.317708333,77.67938021
simvarmass_CY5L_c39aeae8,1657,198,1517,0.127016,0.529593,3;6,1340,0.893183,0.942112,0.89356,0.893784,1340,0.934346,0.964507,0.915869,0.934975,1558,0.925166,0.961129,0.953655,0.925166,0.780171,0.872185,0.796017,0.818742,0.798992,0.873868,0.687859,0.676556,0.794097,0.681955,0.695105,60.32008693,512,16,10356.30617,0.159999132,6.661616162,52.44706306
simvarmass_CY5L_c611a3c6,1510,163,1725,0.113347,0.619743,3;6,813,0.909438,0.951853,0.699096,0.909934,813,0.942519,0.969654,0.715419,0.943034,1426,0.936424,0.967168,0.963215,0.936424,0.810946,0.896427,0.822517,0.815723,0.804821,0.869536,0.695105,0.583036,0.724887,0.58543,0.723744,93.36658302,512,16,10356.30617,0.145804882,9.582822086,84.5441175
simvarmass_CY5L_c618c353,2386,163,1568,0.142213,0.546689,3;6,1907,0.869821,0.928236,0.886094,0.870495,1907,0.910659,0.950985,0.908743,0.911365,2138,0.89145,0.94261,0.940318,0.89145,0.774982,0.872542,0.790444,0.774094,0.783528,0.823973,0.723744,NaN,NaN,NaN,0.632375,67.642423,512,16,10356.30617,0.230391026,8.619631902,60.61071704
simvarmass_CY5L_c761edd0,938,169,1534,0.177772,0.51389,3;6,836,0.893389,0.943163,0.942503,0.89339,836,0.934224,0.965438,0.964801,0.934225,882,0.933902,0.965821,0.962637,0.933902,0.801127,0.887324,0.80597,0.859062,0.832967,0.904051,0.632375,0.62177,0.748876,0.626866,0.610174,51.05935174,512,16,10356.30617,0.090572834,8.076923077,45.43416892
simvarmass_CY5L_c7c630f9,699,182,1574,0.168303,0.644611,3;6,648,0.925598,0.960653,0.960653,0.925608,648,0.967105,0.982536,0.982536,0.967115,675,0.95422,0.976574,0.970888,0.95422,0.821542,0.900312,0.828326,0.853722,0.827233,0.896996,0.610174,0.588953,0.721254,0.592275,0.635485,51.38560601,512,16,10356.30617,0.067495108,7.648351648,45.44394127
simvarmass_CY5L_ca22dc6d,369,184,1593,0.119226,0.607463,3;6,338,0.917594,0.956153,0.956153,0.918699,338,0.951102,0.974063,0.974063,0.952247,355,0.95122,0.975,0.969613,0.95122,0.755052,0.865103,0.799458,0.895954,0.83834,0.940379,0.635485,0.670929,0.7808,0.674797,0.721728,72.61510657,512,16,10356.30617,0.035630465,7.657608696,64.2276743
simvarmass_CY5L_cad0905c,1968,178,1551,0.052267,0.657892,3;6,1365,0.90697,0.950532,0.818482,0.908028,1365,0.938442,0.967515,0.835017,0.939537,1821,0.92124,0.959006,0.956981,0.92124,0.79059,0.885163,0.804878,0.788461,0.792676,0.83435,0.721728,NaN,NaN,NaN,0.656737,166.7109868,512,16,10356.30617,0.190029144,7.713483146,147.5784557
simvarmass_CY5L_cafb1423,325,165,1507,0.088573,0.629517,3;6,281,0.867692,0.92916,0.927393,0.867692,281,0.930693,0.964103,0.962329,0.930693,292,0.895385,0.944805,0.943274,0.895385,0.776725,0.869712,0.790769,0.819814,0.791738,0.876923,0.656737,0.628233,0.754098,0.636923,0.647021,103.1164501,512,16,10356.30617,0.031381845,8.133333333,91.82632781
simvarmass_CY5L_cbaf43a3,663,159,1576,0.173532,0.634388,3;6,618,0.929807,0.961749,0.961749,0.930618,618,0.957239,0.976228,0.976228,0.958075,635,0.953243,0.976062,0.973806,0.953243,0.816428,0.898858,0.831071,0.866746,0.818909,0.92911,0.647021,0.660172,0.778464,0.668175,0.61696,57.11885811,512,16,10356.30617,0.064018965,8.911949686,51.3562322
simvarmass_CY5L_cc3478bc,347,184,1530,0.152509,0.502484,3;6,327,0.945245,0.971852,0.970326,0.945245,327,0.984985,0.992436,0.990909,0.984985,347,0.979827,0.989811,0.979827,0.979827,0.748657,0.862992,0.789625,0.884742,0.821138,0.959654,0.61696,0.777619,0.850467,0.786744,0.725217,54.52279794,512,16,10356.30617,0.033506155,7.315217391,47.96580786
simvarmass_CY5L_ccdde8b6,2414,166,1564,0.095606,0.648204,3;6,230,0.897571,0.945875,0.173979,0.89768,230,0.935955,0.966763,0.180747,0.936069,2224,0.913836,0.954978,0.951272,0.913836,0.805013,0.891561,0.814002,0.77312,0.782973,0.826015,0.725217,NaN,NaN,NaN,0.659531,98.54702369,512,16,10356.30617,0.233094692,8.421686747,88.0874291
simvarmass_CY5L_cd845f0f,1327,170,1682,0.139848,0.601651,3;6,787,0.932926,0.964926,0.74456,0.932931,787,0.955979,0.977111,0.756004,0.955985,1267,0.946496,0.972513,0.968389,0.946496,0.833736,0.909091,0.836473,0.829894,0.811797,0.883195,0.659531,0.599989,0.736502,0.601356,0.578341,70.7490822,512,16,10356.30617,0.128134489,8.894117647,63.59846152
simvarmass_CY5L_ceaa7951,134,170,1530,0.161071,0.710987,3;6,127,0.947761,0.97318,0.97318,0.947761,127,0.969466,0.984496,0.984496,0.969466,133,0.970149,0.984848,0.973783,0.970149,0.828358,0.906122,0.828358,0.888537,0.846975,0.932836,0.578341,0.671483,0.798206,0.671642,0.682912,55.87598016,512,16,10356.30617,0.012938976,8,49.66753792
simvarmass_CY5L_ced48015,2405,185,1542,0.192746,0.588103,3;6,968,0.885815,0.939207,0.573377,0.886486,968,0.923044,0.959712,0.590354,0.923744,2227,0.906861,0.951156,0.94171,0.906861,0.806932,0.890913,0.813721,0.755423,0.7772,0.804574,0.682912,0.593335,0.734119,0.595842,0.659391,43.24414066,512,16,10356.30617,0.232225657,7.335135135,38.05596555
simvarmass_CY5L_d0884605,1254,163,1723,0.166808,0.648761,3;6,481,0.917972,0.957208,0.553314,0.919458,481,0.95214,0.975445,0.568047,0.953681,1190,0.935407,0.966625,0.959902,0.935407,0.806502,0.892857,0.818182,0.840496,0.823341,0.889155,0.659391,0.567056,0.709514,0.568581,0.644055,63.36957548,512,16,10356.30617,0.121085644,9.570552147,57.37465917
simvarmass_CY5L_d0f3ce7f,870,163,1604,0.157847,0.582602,3;6,805,0.92527,0.960667,0.96,0.926437,805,0.957176,0.977562,0.976914,0.958383,834,0.950575,0.974661,0.970657,0.950575,0.807865,0.89556,0.822989,0.858753,0.830189,0.906897,0.644055,0.621239,0.752762,0.626437,0.712416,62.34195644,512,16,10356.30617,0.084006786,8.840490798,56.00670775
simvarmass_CY5L_d20eccaf,657,154,1741,0.055163,0.516046,3;6,165,0.929288,0.962264,0.399027,0.931507,165,0.970655,0.983923,0.413098,0.972973,640,0.968037,0.983759,0.980725,0.968037,0.830913,0.905844,0.849315,0.893598,0.848773,0.943683,0.712416,NaN,NaN,NaN,0.644575,204.941624,512,16,10356.30617,0.063439608,10.30519481,186.8135309
simvarmass_CY5L_d2a6c082,1101,154,1632,0.162091,0.695413,3;6,987,0.896458,0.945402,0.945402,0.896458,987,0.940896,0.969548,0.969548,0.940896,1029,0.93188,0.964739,0.96338,0.93188,0.828324,0.906034,0.831971,0.82622,0.815606,0.876476,0.644575,0.538945,0.691773,0.542234,0.644565,65.37933998,512,16,10356.30617,0.106312037,9.597402597,59.20996599
simvarmass_CY5L_d477463f,887,190,1537,0.129329,0.508141,3;6,817,0.926479,0.959531,0.95892,0.926719,817,0.954457,0.97439,0.973778,0.954704,855,0.952649,0.975751,0.970149,0.952649,0.823149,0.901818,0.838782,0.853857,0.826281,0.900789,0.644565,0.649371,0.779273,0.652762,0.745974,62.54957267,512,16,10356.30617,0.085648298,7.089473684,54.81735484
simvarmass_CY5L_d4f5fc46,2430,168,1621,0.096593,0.64224,3;6,1640,0.855464,0.920186,0.804423,0.856379,1640,0.891032,0.940352,0.824062,0.891985,2143,0.87572,0.933743,0.93068,0.87572,0.760851,0.86347,0.778601,0.771649,0.786094,0.816461,0.745974,NaN,NaN,NaN,0.705608,99.89139507,512,16,10356.30617,0.234639645,8.648809524,89.538678
simvarmass_CY5L_d52169a1,2059,201,1529,0.066289,0.639485,3;6,1349,0.899542,0.946857,0.79108,0.899951,1349,0.934489,0.965859,0.809367,0.934914,1898,0.914522,0.955353,0.951731,0.914522,0.805414,0.892513,0.811073,0.778748,0.774392,0.838757,0.705608,NaN,NaN,NaN,0.692004,114.7545622,512,16,10356.30617,0.198816061,6.606965174,99.66910308
simvarmass_CY5L_d67250cf,1540,172,1563,0.146656,0.526972,3;6,801,0.918933,0.957727,0.683469,0.919481,801,0.95361,0.976215,0.700219,0.954178,1466,0.943506,0.970932,0.966733,0.943506,0.784275,0.878359,0.807143,0.836948,0.822157,0.891558,0.692004,0.706069,0.81055,0.71039,0.603335,61.96275163,512,16,10356.30617,0.148701668,8.087209302,55.1440739
simvarmass_CY5L_d7fd035a,524,208,1644,0.186197,0.645926,3;6,487,0.930375,0.963403,0.963403,0.931298,487,0.980919,0.989837,0.989837,0.981891,512,0.965649,0.982524,0.976834,0.965649,0.836988,0.910217,0.843511,0.870039,0.826087,0.937023,0.603335,0.636254,0.766292,0.652672,0.690306,42.44883727,512,16,10356.30617,0.050597191,6.903846154,37.07818146
simvarmass_CY5L_d8102e43,1210,187,1617,0.086342,0.52022,3;6,821,0.919008,0.957795,0.808469,0.919008,821,0.964441,0.981898,0.831814,0.964441,1165,0.954545,0.976744,0.972632,0.954545,0.801227,0.891169,0.82562,0.837245,0.808236,0.890909,0.690306,0.667042,0.791769,0.670248,0.672681,100.148929,512,16,10356.30617,0.116837025,7.647058824,88.56708003
simvarmass_CY5L_d96fa1fa,699,189,1550,0.093079,0.716891,3;6,641,0.918447,0.956781,0.955224,0.918455,641,0.949696,0.973465,0.971906,0.949704,664,0.944206,0.971302,0.968452,0.944206,0.793508,0.889404,0.822604,0.850427,0.820122,0.901288,0.672681,0.628228,0.762887,0.638054,0.66685,88.1085766,512,16,10356.30617,0.067495108,7.201058201,77.36501468
simvarmass_CY5L_d9d7d7f1,1372,156,1597,0.194963,0.506952,3;6,1249,0.91061,0.952018,0.950019,0.911808,1249,0.947919,0.972006,0.970004,0.949165,1298,0.93586,0.966867,0.961798,0.93586,0.776797,0.8736,0.795918,0.844368,0.827767,0.891399,0.66685,0.693989,0.804909,0.698251,0.712957,52.50831946,512,16,10356.30617,0.132479668,9.237179487,47.3791411
simvarmass_CY5L_d9fc6491,2133,160,1531,0.080236,0.674577,3;6,666,0.892163,0.942779,0.475884,0.892171,666,0.935127,0.966235,0.493151,0.935135,1977,0.921707,0.959258,0.956691,0.921707,0.809628,0.89563,0.81669,0.782262,0.787494,0.829817,0.712957,NaN,NaN,NaN,0.732131,119.2575652,512,16,10356.30617,0.205961466,8.56875,106.7943317
simvarmass_CY5L_daa12408,2079,166,1733,0.101097,0.668664,3;6,1152,0.882883,0.936974,0.713092,0.883117,1152,0.926559,0.961005,0.735397,0.926805,1905,0.906205,0.950795,0.945783,0.906205,0.754892,0.862745,0.783069,0.788111,0.7875,0.843194,0.732131,NaN,NaN,NaN,0.678665,103.2647758,512,16,10356.30617,0.200747252,9.439759036,93.37328542
simvarmass_CY5L_dcbae292,1614,161,1522,0.170769,0.567291,3;6,1002,0.903346,0.949219,0.766055,0.903346,1002,0.945525,0.972,0.787736,0.945525,1530,0.935564,0.966709,0.96056,0.935564,0.797608,0.886333,0.811648,0.81593,0.797821,0.876084,0.678665,0.6325,0.763158,0.635068,0.651444,55.35791712,512,16,10356.30617,0.155847073,8.453416149,49.50205335
simvarmass_CY5L_dcd5f12f,1392,202,1575,0.156712,0.536127,3;6,1063,0.931034,0.9639,0.865988,0.931034,1063,0.959999,0.979206,0.881061,0.96,1343,0.948994,0.97383,0.965996,0.948994,0.797382,0.887407,0.813218,0.837612,0.821494,0.887213,0.651444,0.638454,0.768166,0.641523,0.633534,49.75387783,512,16,10356.30617,0.134410858,6.797029703,43.37274556
simvarmass_CY5L_dd038fa8,835,160,1515,0.135483,0.53845,3;6,759,0.908982,0.952321,0.952321,0.908982,759,0.954717,0.976834,0.976834,0.954717,792,0.94491,0.971675,0.969883,0.94491,0.819927,0.899804,0.823952,0.854651,0.843175,0.88503,0.633534,0.630862,0.75389,0.638323,0.638494,69.88884214,512,16,10356.30617,0.080627203,8.46875,62.50784231
simvarmass_CY5L_df41bc25,1359,189,1517,0.195284,0.687827,3;6,1238,0.912385,0.953811,0.953408,0.912436,1238,0.95306,0.975591,0.975187,0.953113,1307,0.941133,0.969674,0.95949,0.941133,0.810471,0.895116,0.8234,0.811565,0.792281,0.868286,0.638494,0.564785,0.714286,0.570272,0.650424,41.10144726,512,16,10356.30617,0.131224394,7.026455026,35.98070004
simvarmass_CY5L_e158d5e9,1562,196,1522,0.163243,0.643038,3;6,1382,0.885403,0.939219,0.938859,0.885403,1382,0.924465,0.96075,0.960389,0.924465,1434,0.910371,0.953083,0.949266,0.910371,0.805565,0.891702,0.81178,0.778941,0.78516,0.830346,0.650424,0.539033,0.690554,0.542894,0.637621,47.56899911,512,16,10356.30617,0.150825977,6.765306122,41.44316217
simvarmass_CY5L_e2d3c3ee,1126,172,1707,0.152732,0.571086,3;6,1047,0.930728,0.964121,0.963645,0.930728,1047,0.965009,0.982193,0.981716,0.965009,1081,0.954707,0.976829,0.974173,0.954707,0.828493,0.90566,0.831261,0.837446,0.818354,0.885435,0.637621,0.586885,0.724891,0.589698,0.624165,64.97930103,512,16,10356.30617,0.108726025,8.924418605,58.43188464
simvarmass_CY5L_e310b86e,651,171,1691,0.190816,0.643847,3;6,597,0.91839,0.9552,0.953526,0.918587,597,0.97215,0.983526,0.981848,0.972358,648,0.969278,0.984399,0.971517,0.969278,0.793357,0.880872,0.806452,0.872607,0.835526,0.920123,0.624165,0.602991,0.746965,0.615975,0.624768,51.82421227,512,16,10356.30617,0.06286025,8.888888889,46.58356159
simvarmass_CY5L_e327cde7,856,205,1560,0.171418,0.616088,3;6,786,0.921291,0.957369,0.957369,0.924065,786,0.960567,0.97822,0.97822,0.963459,833,0.957944,0.97852,0.970989,0.957944,0.815411,0.898606,0.829439,0.865538,0.83305,0.918224,0.624768,0.639261,0.767296,0.641355,0.607438,44.39298147,512,16,10356.30617,0.082654953,6.609756098,38.55928839
simvarmass_CY5L_e3dfe44b,660,181,1640,0.182498,0.673484,3;6,613,0.928788,0.963079,0.963079,0.928788,613,0.968404,0.983949,0.983949,0.968404,644,0.965152,0.982267,0.976994,0.965152,0.816189,0.899098,0.830303,0.852606,0.827941,0.910606,0.607438,0.589331,0.724745,0.595455,0.726224,49.64861796,512,16,10356.30617,0.063729286,8.060773481,44.16910586
simvarmass_CY5L_e4216685,2422,190,1578,0.087431,0.54839,3;6,712,0.869519,0.930007,0.454371,0.869529,712,0.904628,0.949718,0.468421,0.904639,2159,0.888935,0.941202,0.939969,0.888935,0.783451,0.879365,0.800578,0.768333,0.772317,0.821635,0.726224,NaN,NaN,NaN,0.719081,94.99220137,512,16,10356.30617,0.233867168,7.305263158,83.55461058
simvarmass_CY5L_e5434f9d,2197,171,1637,0.079057,0.689999,3;6,738,0.901227,0.947822,0.502896,0.901229,738,0.935726,0.966561,0.517169,0.935728,2026,0.915339,0.955798,0.952404,0.915339,0.819035,0.90005,0.823851,0.764108,0.777914,0.814747,0.719081,NaN,NaN,NaN,0.689256,121.0911041,512,16,10356.30617,0.212141275,8.573099415,108.4420028
simvarmass_CY5L_e7479ac8,1290,182,1710,0.059642,0.701287,3;6,416,0.92093,0.958451,0.487691,0.92093,416,0.958837,0.978583,0.502719,0.958838,1228,0.944186,0.971292,0.967434,0.944186,0.828987,0.906026,0.833333,0.811527,0.802678,0.863566,0.689256,0.566025,0.710896,0.568992,0.605595,157.5333556,512,16,10356.30617,0.124561787,8.395604396,140.7666476
simvarmass_CY5L_e74aa8b1,72,197,1717,0.115023,0.576546,3;6,63,0.875,0.933333,0.933333,0.875,63,0.913043,0.954545,0.954545,0.913043,65,0.902778,0.948905,0.948905,0.902778,0.803098,0.893939,0.819444,0.877317,0.875,0.902778,0.605595,0.760608,0.861538,0.777778,0.664653,75.77385428,512,16,10356.30617,0.006952286,7.715736041,67.07994089
simvarmass_CY5L_e89f6af0,1479,190,1621,0.130011,0.708468,3;6,1060,0.910751,0.953291,0.834974,0.910751,1060,0.946592,0.972563,0.853806,0.946592,1383,0.927654,0.962469,0.95877,0.927654,0.805774,0.891539,0.808654,0.81198,0.795819,0.870183,0.664653,0.532357,0.688181,0.533469,0.659624,65.62197774,512,16,10356.30617,0.142811537,7.531578947,57.93032088
simvarmass_CY5L_e9a827f8,553,194,1744,0.077649,0.573078,3;6,516,0.933092,0.965388,0.965388,0.933092,516,0.971751,0.985673,0.985673,0.971751,537,0.96745,0.983456,0.981651,0.96745,0.787659,0.885602,0.811935,0.869313,0.817857,0.933092,0.659624,0.674309,0.796137,0.679928,0.642049,115.7734256,512,16,10356.30617,0.053397417,7.989690722,102.8949596
simvarmass_CY5L_e9b710b2,793,204,1504,0.091876,0.747539,3;6,725,0.915423,0.954575,0.953887,0.915511,725,0.951416,0.973808,0.973118,0.951507,751,0.941992,0.97013,0.967617,0.941992,0.824051,0.900753,0.82976,0.830962,0.811215,0.881463,0.642049,0.538402,0.690106,0.540984,0.715758,80.2445581,512,16,10356.30617,0.076571703,6.37254902,69.36032282
simvarmass_CY5L_ea8843b2,1510,164,1690,0.103431,0.586,3;6,836,0.892032,0.942288,0.712702,0.892053,836,0.932158,0.964209,0.733012,0.93218,1394,0.919868,0.958261,0.956612,0.919868,0.772516,0.872263,0.791391,0.820121,0.796839,0.880132,0.715758,NaN,NaN,NaN,0.667689,99.63045942,512,16,10356.30617,0.145804882,9.304878049,89.96217816
simvarmass_CY5L_ec34d5b0,1340,166,1746,0.121443,0.699506,3;6,168,0.919844,0.958042,0.222812,0.920149,168,0.954018,0.976247,0.230137,0.954334,1275,0.942537,0.970419,0.965966,0.942537,0.834588,0.911372,0.840299,0.833764,0.812785,0.887313,0.667689,0.523606,0.674952,0.526866,0.628618,86.60912765,512,16,10356.30617,0.129389763,9.518072289,78.37481196
simvarmass_CY5L_ec47a6ad,361,160,1732,0.119905,0.641859,3;6,321,0.889197,0.941349,0.941349,0.889197,321,0.917143,0.956781,0.956781,0.917143,333,0.922438,0.959654,0.959654,0.922438,0.746422,0.853621,0.767313,0.848342,0.820896,0.891967,0.628618,0.637628,0.754472,0.642659,0.688044,90.27980485,512,16,10356.30617,0.034857988,9.825,81.93986906
simvarmass_CY5L_ec97f39a,2042,186,1706,0.119173,0.579433,3;6,641,0.900938,0.947721,0.477823,0.901077,641,0.937196,0.967403,0.49232,0.937341,1903,0.925073,0.961079,0.957668,0.925073,0.820509,0.90134,0.823213,0.787987,0.790526,0.834476,0.688044,0.576604,0.719538,0.579824,0.696095,76.9641027,512,16,10356.30617,0.197174549,8.172043011,68.57294027
simvarmass_CY5L_ef9dfecd,2261,188,1693,0.184012,0.701475,3;6,487,0.870977,0.929245,0.35444,0.871296,487,0.91637,0.954457,0.369499,0.916705,2043,0.896948,0.945675,0.942379,0.896948,0.760664,0.862372,0.784609,0.771669,0.772482,0.823972,0.696095,0.592497,0.730383,0.59487,0.637706,48.93876024,512,16,10356.30617,0.218321085,8.005319149,43.50433205
simvarmass_CY5L_efb30c9a,562,190,1562,0.107304,0.708793,3;6,526,0.937722,0.96786,0.966912,0.937722,526,0.970534,0.985047,0.984097,0.970534,552,0.964413,0.981884,0.97307,0.964413,0.810502,0.890385,0.823843,0.871732,0.82945,0.927046,0.637706,0.651739,0.77234,0.660142,0.634512,76.61459621,512,16,10356.30617,0.054266453,7.221052632,67.29527913
simvarmass_CY5L_f09f925c,924,185,1648,0.125771,0.745754,3;6,840,0.909091,0.952381,0.952381,0.909091,840,0.962199,0.980736,0.980736,0.962199,886,0.952381,0.97561,0.972376,0.952381,0.824613,0.903721,0.827922,0.83189,0.808879,0.882035,0.634512,0.528786,0.674897,0.532468,0.69621,70.82799777,512,16,10356.30617,0.089221001,7.908108108,62.87703929
simvarmass_CY5L_f16c4f04,969,161,1604,0.071516,0.613292,3;6,284,0.908153,0.951866,0.453312,0.908153,284,0.942184,0.970232,0.466338,0.942184,909,0.933953,0.965848,0.963791,0.933953,0.817648,0.89899,0.826625,0.837493,0.805435,0.888545,0.69621,0.61665,0.746584,0.620227,0.703477,139.3077482,512,16,10356.30617,0.093566179,8.962732919,125.3248632
simvarmass_CY5L_f3ca3027,918,163,1633,0.084828,0.537656,3;6,503,0.912846,0.953899,0.707952,0.912854,503,0.955521,0.97669,0.728986,0.95553,880,0.948802,0.973728,0.968854,0.948802,0.765896,0.867499,0.795207,0.863587,0.825305,0.910675,0.703477,NaN,NaN,NaN,0.670475,118.1025712,512,16,10356.30617,0.088641644,9.018404908,106.3140108
simvarmass_CY5L_f4101ca1,1003,189,1592,0.063401,0.600329,3;6,271,0.912263,0.954119,0.425432,0.912263,271,0.966209,0.982814,0.444992,0.966209,959,0.952144,0.975485,0.973496,0.952144,0.847864,0.918138,0.855434,0.843149,0.816306,0.898305,0.670475,0.605738,0.737546,0.615155,0.666032,132.8572171,512,16,10356.30617,0.096849203,7.423280423,117.0845952
simvarmass_CY5L_f57370ec,1764,206,1564,0.157208,0.552738,3;6,1487,0.898268,0.945704,0.91418,0.898526,1487,0.935939,0.966169,0.934591,0.936208,1649,0.924603,0.960825,0.955757,0.924603,0.768529,0.86932,0.786281,0.820153,0.811173,0.865646,0.666032,0.604867,0.74343,0.60941,0.709433,48.29418992,512,16,10356.30617,0.170331001,6.59223301,41.93319048
simvarmass_CY5L_f597b922,2216,187,1539,0.089438,0.585097,3;6,1535,0.897112,0.945766,0.818448,0.897112,1535,0.939509,0.968811,0.840866,0.939509,2071,0.928249,0.96279,0.959645,0.928249,0.830148,0.907892,0.838448,0.780819,0.787763,0.830325,0.709433,NaN,NaN,NaN,0.630984,92.01845439,512,16,10356.30617,0.213975906,7.229946524,80.83752459
simvarmass_CY5L_f687367f,263,168,1719,0.070377,0.532589,3;6,221,0.840304,0.913223,0.913223,0.840304,221,0.880478,0.936441,0.936441,0.880478,233,0.878327,0.935223,0.931452,0.878327,0.763875,0.865096,0.768061,0.802137,0.807302,0.836502,0.630984,0.622136,0.738824,0.627376,0.574553,145.390438,512,16,10356.30617,0.025395155,9.232142857,131.1812504
simvarmass_CY5L_f71f2ae3,264,188,1641,0.187982,0.739578,3;6,242,0.920439,0.956522,0.956522,0.920455,242,0.975887,0.985743,0.985743,0.975904,263,0.958333,0.978723,0.960152,0.958333,0.79193,0.880503,0.795455,0.852895,0.80083,0.909091,0.574553,0.605678,0.74023,0.609848,0.722688,46.4338256,512,16,10356.30617,0.025491714,7.728723404,41.11416734
simvarmass_CY5L_fa5eacdd,1683,189,1545,0.080051,0.612507,3;6,1130,0.884513,0.936773,0.803413,0.88473,1130,0.923471,0.958172,0.824216,0.923697,1540,0.910873,0.953358,0.951288,0.910873,0.77473,0.873856,0.795009,0.801226,0.795406,0.856209,0.722688,NaN,NaN,NaN,0.702374,102.1174398,512,16,10356.30617,0.16250968,7.174603175,89.62540349
simvarmass_CY5L_fa6ac544,2158,201,1568,0.11317,0.665394,3;6,1263,0.873795,0.931392,0.737796,0.874421,1263,0.910942,0.952069,0.757276,0.911594,1955,0.8962,0.945259,0.940433,0.8962,0.78022,0.875703,0.793327,0.775564,0.778891,0.828082,0.702374,NaN,NaN,NaN,0.629281,68.93165172,512,16,10356.30617,0.208375454,6.800995025,60.09538769
simvarmass_CY5L_fd058bc6,739,191,1568,0.116436,0.558126,3;6,674,0.914428,0.954738,0.953999,0.91475,674,0.943802,0.970525,0.969784,0.944134,696,0.937754,0.967877,0.965854,0.937754,0.830235,0.90776,0.838972,0.856922,0.821803,0.903924,0.629281,0.612065,0.748154,0.61705,0.671356,70.50589237,512,16,10356.30617,0.071357489,7.209424084,61.91748328
simvarmass_CY5L_fe7b94ae,1459,196,1707,0.128447,0.568085,3;6,438,0.919093,0.957515,0.461782,0.919123,438,0.955779,0.977049,0.475828,0.955809,1381,0.943112,0.970723,0.969014,0.943112,0.82111,0.901408,0.833448,0.833289,0.808088,0.885538,0.671356,0.598997,0.738215,0.601097,0.643704,67.80371417,512,16,10356.30617,0.140880346,7.709183673,60.01840194
simvarmass_CY5L_fe9feef3,674,156,1540,0.169096,0.504066,3;6,613,0.910489,0.952603,0.952603,0.910979,613,0.949953,0.973789,0.973789,0.950464,642,0.940653,0.969419,0.963526,0.940653,0.785588,0.878128,0.807122,0.861847,0.826312,0.91543,0.643704,0.681733,0.793162,0.688427,0.691845,58.3798249,512,16,10356.30617,0.06508112,8.871794872,52.46602446
simvarmass_CY5L_feb64b1c,1412,152,1575,0.13955,0.549698,3;6,502,0.905788,0.949517,0.524556,0.905807,502,0.944588,0.97041,0.540948,0.944609,1333,0.935552,0.966703,0.962477,0.935552,0.778305,0.877138,0.798867,0.833326,0.810025,0.885977,0.691845,0.65562,0.778108,0.657224,0.551844,74.25182447,512,16,10356.30617,0.136342049,9.361842105,67.08593411
simvarmass_TMRL_00a36523,486,1460,3142,0.117532,0.617928,3;6,447,0.937414,0.96162,0.958199,0.942387,447,0.977647,0.982571,0.979189,0.982833,498,0.968916,0.980188,0.957317,0.971193,0.776282,0.857143,0.82716,0.858631,0.844037,0.911523,0.551844,0.703858,0.808203,0.707819,0.587955,18.3103733,512,16,10356.30617,0.046927929,1.152054795,9.80205216
simvarmass_TMRL_035bbb91,1023,1383,3330,0.070064,0.728033,3;6,949,0.927664,0.962475,0.962475,0.927664,949,0.95569,0.977343,0.977343,0.95569,1009,0.949169,0.973922,0.955709,0.949169,0.828186,0.905218,0.83089,0.800093,0.793313,0.849462,0.587955,NaN,NaN,NaN,0.630887,34.3658528,512,16,10356.30617,0.098780394,1.407809111,20.09318781
simvarmass_TMRL_03e9ae6e,2418,1501,3326,0.086532,0.672368,3;6,2111,0.875501,0.932921,0.932215,0.875517,2111,0.916037,0.95548,0.954772,0.916054,2209,0.895368,0.944796,0.935812,0.895368,0.804539,0.892329,0.812242,0.665534,0.729127,0.709677,0.630887,0.521818,0.677558,0.52316,0.590181,25.60736024,512,16,10356.30617,0.23348093,1.215856096,14.0509418
simvarmass_TMRL_0442bcde,1626,1384,3093,0.131151,0.686365,3;6,1459,0.9016,0.946313,0.945219,0.902214,1459,0.933759,0.963768,0.962694,0.934395,1559,0.921894,0.95936,0.941287,0.921894,0.807078,0.88956,0.825338,0.689477,0.743312,0.726322,0.590181,NaN,NaN,NaN,0.626218,17.04010331,512,16,10356.30617,0.157005787,1.23482659,9.415304417
simvarmass_TMRL_051f2b11,1476,1426,3293,0.067797,0.586923,3;6,1359,0.920794,0.957012,0.955908,0.921409,1359,0.950413,0.972779,0.971674,0.951049,1403,0.930217,0.963847,0.953803,0.930217,0.797434,0.883978,0.818428,0.811004,0.79792,0.870596,0.626218,0.669266,0.793283,0.672764,0.512935,34.06133991,512,16,10356.30617,0.142521858,1.309256662,19.31142472
simvarmass_TMRL_0618c3c0,7,1540,3149,0.172563,0.605779,3;6,1080,0.142857,0.25,0.00184,0.142857,1080,0.142857,0.25,0.00184,0.142857,8073,0.142857,0.25,0.000248,0.142857,0.214289,0.25,0.285714,0.142857,0.25,0.142857,0.512935,NaN,NaN,NaN,0.628232,11.84961547,512,16,10356.30617,0.000675917,1.044805195,6.054630453
simvarmass_TMRL_065cc51d,2180,1695,3223,0.088026,0.519309,3;6,1935,0.891032,0.940005,0.93949,0.891284,1935,0.928513,0.960536,0.96002,0.928776,2088,0.907798,0.951671,0.927366,0.907798,0.799576,0.881715,0.810092,0.742226,0.771072,0.786239,0.628232,0.620025,0.754089,0.623853,0.583917,21.60128742,512,16,10356.30617,0.210499763,0.901474926,10.2410075
simvarmass_TMRL_070849ff,859,1545,3377,0.050008,0.606252,3;6,781,0.909197,0.952439,0.952439,0.909197,781,0.955936,0.977472,0.977472,0.955936,820,0.940629,0.969406,0.962478,0.940629,0.820676,0.902857,0.827707,0.837569,0.815172,0.885914,0.583917,NaN,NaN,NaN,0.609199,43.70821704,512,16,10356.30617,0.082944632,1.185760518,23.71141653
simvarmass_TMRL_072b5701,1335,1374,3113,0.083784,0.528817,3;6,1218,0.91448,0.954207,0.953388,0.914607,1218,0.942726,0.969384,0.968563,0.942857,1285,0.928839,0.963107,0.946565,0.928839,0.769485,0.866612,0.8,0.829169,0.820714,0.875655,0.609199,0.694773,0.802756,0.698127,0.5838,27.04153232,512,16,10356.30617,0.128906965,1.265647744,15.10607925
simvarmass_TMRL_091ea053,1523,1538,2978,0.140618,0.574772,3;6,1388,0.919417,0.953457,0.952937,0.921865,1388,0.953864,0.971747,0.971289,0.956403,17552,0.915763,0.955474,0.150039,0.939593,0.804359,0.876211,0.839133,0.719944,0.762254,0.762311,0.5838,NaN,NaN,NaN,0.577419,13.76979394,512,16,10356.30617,0.147060156,0.936280884,6.658328836
simvarmass_TMRL_0c7f7779,877,1629,2959,0.083987,0.626974,3;6,792,0.910425,0.950389,0.947873,0.912201,792,0.950527,0.971883,0.969363,0.952381,841,0.936061,0.965802,0.954598,0.936146,0.783261,0.865445,0.806157,0.807428,0.804921,0.86203,0.577419,0.63454,0.767944,0.63854,0.56041,21.62777348,512,16,10356.30617,0.084682703,0.816451811,9.721168882
simvarmass_TMRL_0d35ae2d,917,1317,3418,0.181971,0.675679,3;6,819,0.907251,0.943613,0.943548,0.912759,819,0.935825,0.959064,0.959016,0.941507,18529,0.93112,0.956867,0.087936,0.932388,0.766462,0.846341,0.806979,0.748592,0.778149,0.78626,0.56041,NaN,NaN,NaN,0.57536,14.26212051,512,16,10356.30617,0.088545084,1.595292331,8.766739376
simvarmass_TMRL_0d8365fd,1125,1395,3028,0.144041,0.512907,3;6,1024,0.932539,0.961219,0.953001,0.933333,1024,0.9616,0.976548,0.968322,0.96242,1158,0.873087,0.933859,0.933859,0.948444,0.778684,0.855206,0.823111,0.782671,0.803605,0.824889,0.57536,0.701141,0.813176,0.704,0.664369,15.06938524,512,16,10356.30617,0.108629465,1.170609319,8.126917468
simvarmass_TMRL_0efde4f6,2482,1347,3185,0.059516,0.545955,3;6,410,0.883047,0.937553,0.283541,0.883159,410,0.926733,0.961614,0.295495,0.92685,2288,0.907736,0.951637,0.944654,0.907736,0.789655,0.880196,0.797744,0.752054,0.773456,0.800161,0.664369,NaN,NaN,NaN,0.549787,39.72904319,512,16,10356.30617,0.23966074,1.364513734,22.92683874
simvarmass_TMRL_0f8520f7,621,1587,3276,0.140567,0.726098,3;6,533,0.891917,0.930946,0.92201,0.898551,533,0.938781,0.956217,0.947462,0.945763,603,0.93807,0.959933,0.944444,0.943639,0.763384,0.838884,0.822866,0.767587,0.799317,0.821256,0.549787,0.585415,0.726378,0.594203,0.559188,14.68532594,512,16,10356.30617,0.059963465,1.064272212,7.571280683
simvarmass_TMRL_11be5298,1093,1682,3122,0.150179,0.698137,3;6,997,0.918368,0.950334,0.948325,0.923147,997,0.949646,0.966958,0.964946,0.954588,1078,0.946452,0.967955,0.949793,0.946935,0.818653,0.878467,0.840805,0.691496,0.754413,0.729186,0.559188,NaN,NaN,NaN,0.594757,12.35940885,512,16,10356.30617,0.10553956,0.856123662,5.700688261
simvarmass_TMRL_12d1c501,1585,1358,3307,0.167816,0.55383,3;6,1418,0.909414,0.945274,0.943723,0.912303,1418,0.943956,0.963815,0.962309,0.946955,15698,0.931747,0.962067,0.170919,0.931861,0.752486,0.82675,0.796845,0.770018,0.79668,0.80694,0.594757,0.700696,0.808882,0.702839,0.635315,14.51112422,512,16,10356.30617,0.153046846,1.435198822,8.552216843
simvarmass_TMRL_132b0e1d,2193,1442,3305,0.080319,0.514393,3;6,1932,0.882341,0.937016,0.936727,0.882353,1932,0.92054,0.958137,0.957858,0.920552,2039,0.906521,0.950969,0.939509,0.906521,0.788327,0.880405,0.79389,0.757248,0.770443,0.804378,0.635315,NaN,NaN,NaN,0.521325,28.53565927,512,16,10356.30617,0.211755037,1.291955617,16.08530506
simvarmass_TMRL_13951781,169,1503,3376,0.167302,0.62702,3;6,153,0.804734,0.891803,0.84472,0.804734,153,0.85,0.918919,0.86901,0.85,157,0.857988,0.923567,0.889571,0.857988,0.698176,0.815068,0.739645,0.695024,0.765957,0.745562,0.521325,0.660841,0.791667,0.674556,0.606798,13.42586651,512,16,10356.30617,0.01631856,1.246174318,7.448651648
simvarmass_TMRL_144094e6,2370,1309,2907,0.18754,0.528455,3;6,2057,0.882575,0.927452,0.925232,0.886076,2057,0.924306,0.950218,0.948148,0.927972,15187,0.902373,0.942406,0.243777,0.902954,0.766478,0.83874,0.805063,0.690796,0.756188,0.72827,0.606798,NaN,NaN,NaN,0.562854,11.84162963,512,16,10356.30617,0.228846073,1.220779221,6.509433832
simvarmass_TMRL_154fc139,1311,1353,2923,0.180505,0.565967,3;6,1202,0.920821,0.95628,0.95583,0.92296,1202,0.953551,0.973695,0.973258,0.955766,1335,0.942033,0.969863,0.937264,0.945843,0.837162,0.908413,0.84897,0.614956,0.72402,0.64836,0.562854,0.605643,0.746954,0.609458,0.563793,11.96855672,512,16,10356.30617,0.126589537,1.160384331,6.42854398
simvarmass_TMRL_169f172d,1326,1425,3450,0.197584,0.729153,3;6,1192,0.908386,0.946203,0.943606,0.912519,1192,0.945463,0.966074,0.963504,0.949765,1319,0.939558,0.964926,0.940643,0.940422,0.805988,0.878699,0.837104,0.635652,0.722655,0.665158,0.563793,NaN,NaN,NaN,0.536666,12.25328281,512,16,10356.30617,0.12803793,1.421052632,7.192144261
simvarmass_TMRL_17945961,225,1488,3093,0.066991,0.673436,3;6,204,0.906667,0.951049,0.951049,0.906667,204,0.93578,0.966825,0.966825,0.93578,225,0.937778,0.96789,0.937778,0.937778,0.817766,0.897561,0.817778,0.849439,0.836782,0.884444,0.536666,0.65342,0.774869,0.657778,0.58348,31.02848192,512,16,10356.30617,0.021725893,1.078629032,16.10110361
simvarmass_TMRL_17fcfcf4,2016,1647,3393,0.165726,0.615673,3;6,1756,0.875766,0.931071,0.931071,0.876488,1756,0.919075,0.955126,0.955126,0.919833,1894,0.895814,0.944255,0.923785,0.895833,0.811409,0.890167,0.824901,0.556966,0.675185,0.589782,0.58348,NaN,NaN,NaN,0.606977,12.43081526,512,16,10356.30617,0.194664001,1.06010929,6.396759046
simvarmass_TMRL_19c9fe8a,2323,1695,3107,0.154054,0.670238,3;6,1887,0.868191,0.909427,0.893587,0.876453,1887,0.900361,0.927208,0.911558,0.908929,14864,0.883925,0.923007,0.240531,0.889798,0.724424,0.804406,0.779595,0.661543,0.740301,0.698235,0.606977,0.594998,0.734271,0.597073,0.608015,11.89867415,512,16,10356.30617,0.224307775,0.833038348,5.407443806
simvarmass_TMRL_1f6e6208,1883,1612,3222,0.082011,0.747453,3;6,1686,0.895006,0.943417,0.943121,0.89538,1686,0.935236,0.96532,0.965023,0.935627,1778,0.92597,0.96139,0.952199,0.926182,0.809767,0.893034,0.815189,0.688852,0.741186,0.729687,0.608015,NaN,NaN,NaN,0.627078,24.37184408,512,16,10356.30617,0.181821585,0.998759305,12.17835784
simvarmass_TMRL_1fe9cbf5,1642,1653,3485,0.053233,0.558698,3;6,1475,0.900716,0.947098,0.946423,0.900731,1475,0.934287,0.965359,0.964683,0.934302,1535,0.923264,0.960101,0.954359,0.923264,0.800027,0.887183,0.809988,0.780369,0.787899,0.831912,0.627078,0.619936,0.756577,0.621803,0.541689,39.604906,512,16,10356.30617,0.158550739,1.108287961,20.81956608
simvarmass_TMRL_20610138,413,1317,2980,0.113409,0.686301,3;6,368,0.891041,0.942382,0.942382,0.891041,368,0.929293,0.963351,0.963351,0.929293,397,0.927361,0.962312,0.945679,0.927361,0.777751,0.875168,0.79661,0.785732,0.805556,0.849879,0.541689,NaN,NaN,NaN,0.610193,19.95184068,512,16,10356.30617,0.039879084,1.262718299,11.13419834
simvarmass_TMRL_217a84bc,2345,1555,3023,0.115206,0.69594,3;6,2061,0.877077,0.931849,0.931457,0.877186,2061,0.916553,0.953732,0.95331,0.916667,2212,0.897654,0.945831,0.923853,0.897655,0.81637,0.894145,0.830704,0.631767,0.715529,0.666098,0.610193,0.529644,0.687397,0.532623,0.597201,16.8745677,512,16,10356.30617,0.226432085,0.944051447,8.194464237
simvarmass_TMRL_217b8a01,1941,1595,3052,0.115063,0.667295,3;6,1742,0.898334,0.945682,0.945425,0.899021,1742,0.932941,0.964543,0.964276,0.933654,1915,0.922205,0.959528,0.928423,0.922205,0.820043,0.897233,0.829985,0.653428,0.730263,0.686244,0.597201,NaN,NaN,NaN,0.608694,16.62984299,512,16,10356.30617,0.187422037,0.913479624,7.938951912
simvarmass_TMRL_21a3efda,2185,1610,3363,0.120135,0.693071,3;6,1965,0.903111,0.947064,0.946024,0.903432,1965,0.932119,0.962818,0.961783,0.932452,2081,0.914872,0.955295,0.937178,0.914874,0.816522,0.893233,0.824714,0.647539,0.723229,0.684668,0.608694,0.544331,0.697892,0.545538,0.571092,17.38727162,512,16,10356.30617,0.210982561,1.088819876,9.063302749
simvarmass_TMRL_2338f30b,507,1426,3485,0.060134,0.533335,3;6,447,0.88334,0.937107,0.937107,0.883629,447,0.927233,0.96129,0.96129,0.927536,485,0.927022,0.962129,0.947581,0.927022,0.730055,0.844542,0.755424,0.848797,0.82088,0.895464,0.571092,NaN,NaN,NaN,0.55779,40.64088566,512,16,10356.30617,0.048955679,1.443899018,24.01135827
simvarmass_TMRL_235d3ca8,578,1450,3267,0.11893,0.690022,3;6,522,0.900241,0.941606,0.94,0.904844,522,0.94094,0.963585,0.96186,0.94575,568,0.946303,0.968889,0.954625,0.946367,0.743008,0.835419,0.787197,0.82777,0.808511,0.882353,0.55779,0.656557,0.781986,0.6609,0.566555,18.94478641,512,16,10356.30617,0.055811405,1.253103448,10.53647901
simvarmass_TMRL_23e19e42,978,1519,3487,0.14201,0.658378,3;6,867,0.904848,0.944474,0.939837,0.911043,867,0.944441,0.965821,0.961197,0.950907,956,0.938613,0.965735,0.949328,0.93865,0.786301,0.863456,0.815951,0.771612,0.782425,0.820041,0.566555,NaN,NaN,NaN,0.609857,16.16498277,512,16,10356.30617,0.094435215,1.295589203,9.123225149
simvarmass_TMRL_23e7c892,2476,1617,3002,0.138361,0.661869,3;6,2136,0.881365,0.930373,0.925412,0.882068,2136,0.919621,0.951499,0.946551,0.920354,16672,0.895005,0.941277,0.231878,0.896607,0.792993,0.870051,0.823506,0.621452,0.711313,0.662763,0.609857,0.564746,0.713665,0.567044,0.536437,13.41797492,512,16,10356.30617,0.239081383,0.856524428,6.190504752
simvarmass_TMRL_24124f4a,669,1667,3081,0.198248,0.521991,3;6,2213,0.928147,0.9613,0.430951,0.928251,2213,0.959707,0.977953,0.434266,0.959815,21025,0.955157,0.977064,0.05891,0.955157,0.815019,0.885572,0.838565,0.632758,0.733114,0.665172,0.536437,NaN,NaN,NaN,0.618061,9.32281967,512,16,10356.30617,0.064598322,0.848230354,4.278632591
simvarmass_TMRL_248aabc0,2198,1584,3204,0.104825,0.685764,3;6,1933,0.880562,0.934656,0.934398,0.881256,1933,0.923414,0.958313,0.958054,0.924141,2025,0.898997,0.946134,0.935828,0.898999,0.794294,0.878183,0.813012,0.707945,0.751934,0.751592,0.618061,0.545355,0.697014,0.546861,0.536613,19.29622965,512,16,10356.30617,0.212237835,1.022727273,9.756520608
simvarmass_TMRL_25a8a99e,503,1639,3470,0.183645,0.625273,3;6,439,0.882997,0.921941,0.921444,0.894632,439,0.931127,0.948295,0.947598,0.943396,18988,0.555355,0.722433,0.049048,0.950298,0.771526,0.846325,0.821074,0.734678,0.774336,0.777336,0.536613,NaN,NaN,NaN,0.587879,11.52846307,512,16,10356.30617,0.048569441,1.1171446,6.083174605
simvarmass_TMRL_266202bc,1782,1378,3129,0.188405,0.584004,3;6,1532,0.875855,0.922476,0.920941,0.87991,1532,0.909542,0.94114,0.939655,0.913753,1706,0.900753,0.941905,0.918578,0.901796,0.742597,0.821961,0.789562,0.676239,0.743961,0.714927,0.587879,0.603093,0.743448,0.605499,0.606469,12.05213316,512,16,10356.30617,0.172069073,1.270682148,6.744418397
simvarmass_TMRL_273c5723,1795,1650,3374,0.088759,0.507974,3;6,1600,0.891922,0.942874,0.942563,0.891922,1600,0.927578,0.962429,0.962117,0.927578,1681,0.918106,0.957305,0.948216,0.918106,0.805402,0.892617,0.816156,0.739457,0.767793,0.778273,0.606469,NaN,NaN,NaN,0.532333,23.03821004,512,16,10356.30617,0.173324347,1.044848485,11.77174692
simvarmass_TMRL_27986836,154,1301,3177,0.121317,0.745187,3;6,145,0.947715,0.96,0.956522,0.961039,145,0.960185,0.966443,0.962963,0.973684,160,0.964071,0.9701,0.942675,0.974026,0.732926,0.833948,0.772727,0.873741,0.849673,0.935065,0.532333,0.717716,0.820896,0.720779,0.571595,20.12881721,512,16,10356.30617,0.014870167,1.441967717,11.88594935
simvarmass_TMRL_28dc6f47,1431,1587,3191,0.141392,0.601125,3;6,1294,0.905646,0.947098,0.946055,0.907757,1294,0.947353,0.969537,0.968445,0.949561,1393,0.936408,0.96716,0.949008,0.936408,0.825646,0.902809,0.839972,0.646861,0.730383,0.686233,0.571595,NaN,NaN,NaN,0.523495,14.22083311,512,16,10356.30617,0.13817668,1.010712035,7.148297183
simvarmass_TMRL_2c8705eb,127,1586,3212,0.149229,0.503016,3;6,106,0.842447,0.909871,0.909871,0.84252,106,0.862829,0.921739,0.921739,0.862903,133,0.866142,0.92827,0.846154,0.866142,0.716775,0.816514,0.779528,0.760752,0.794872,0.787402,0.523495,0.820459,0.892704,0.834646,0.578535,13.57122731,512,16,10356.30617,0.01226306,1.025220681,6.870116941
simvarmass_TMRL_2c8cbd79,628,1618,3259,0.06101,0.509688,3;6,587,0.935983,0.966255,0.966255,0.936306,587,0.973174,0.985726,0.985726,0.97351,630,0.966561,0.982996,0.965024,0.966561,0.79726,0.887372,0.829618,0.886417,0.843703,0.936306,0.578535,NaN,NaN,NaN,0.564842,33.01450714,512,16,10356.30617,0.060639381,1.01421508,16.62375152
simvarmass_TMRL_2db7b5fd,1385,1651,3145,0.192517,0.694488,3;6,1243,0.90208,0.931402,0.930746,0.916968,1243,0.945068,0.954315,0.953606,0.960666,17295,0.662113,0.803952,0.140364,0.94657,0.763246,0.822483,0.835379,0.63747,0.73146,0.676534,0.564842,0.595036,0.738876,0.59639,0.534712,9.894742373,512,16,10356.30617,0.133734941,0.904906118,4.7003959
simvarmass_TMRL_2e3f28f3,351,1674,3455,0.143729,0.697159,3;6,928,0.888103,0.92378,0.489445,0.894587,928,0.922261,0.942457,0.494471,0.928994,387,0.923269,0.950673,0.875339,0.928775,0.762539,0.845295,0.811966,0.754226,0.786014,0.811966,0.534712,NaN,NaN,NaN,0.549298,14.35979348,512,16,10356.30617,0.033892393,1.063918757,7.402255338
simvarmass_TMRL_2ebdbaf0,780,1337,3474,0.194,0.726177,3;6,703,0.911424,0.943166,0.939987,0.915385,703,0.942852,0.960055,0.95676,0.94695,772,0.938178,0.964191,0.940722,0.938462,0.776069,0.8543,0.814103,0.703956,0.762771,0.74359,0.549298,0.549861,0.700813,0.552564,0.556957,13.39358003,512,16,10356.30617,0.075316429,1.598354525,8.238940851
simvarmass_TMRL_2ef76c51,365,1421,3089,0.057281,0.567627,3;6,338,0.928767,0.963068,0.961593,0.928767,338,0.982609,0.991228,0.989751,0.982609,373,0.975342,0.987517,0.96477,0.975342,0.803471,0.886228,0.810959,0.878906,0.82953,0.936986,0.556957,NaN,NaN,NaN,0.600383,37.95012749,512,16,10356.30617,0.035244226,1.173821253,20.49233171
simvarmass_TMRL_32388b80,1696,1587,3326,0.099695,0.621018,3;6,1529,0.904163,0.948575,0.947597,0.905071,1529,0.943668,0.969908,0.968928,0.944615,19736,0.930425,0.963958,0.147256,0.930425,0.830598,0.908222,0.84316,0.734616,0.765222,0.776533,0.600383,0.565051,0.713757,0.568986,0.580414,21.02189877,512,16,10356.30617,0.163764954,1.095778198,10.99130546
simvarmass_TMRL_3374d92b,1373,1428,3325,0.122813,0.683285,3;6,1245,0.91174,0.951508,0.951108,0.9126,1245,0.951954,0.973057,0.972656,0.952852,1329,0.927895,0.962599,0.943005,0.927895,0.833127,0.907589,0.844865,0.689975,0.744238,0.72906,0.580414,NaN,NaN,NaN,0.56338,18.95916045,512,16,10356.30617,0.132576227,1.328431373,10.81669996
simvarmass_TMRL_35c8d048,718,1555,3377,0.111081,0.569077,3;6,646,0.900216,0.945668,0.944282,0.902507,646,0.940837,0.967693,0.966242,0.943231,711,0.935726,0.966163,0.939118,0.935933,0.784836,0.865399,0.82312,0.824239,0.822285,0.862117,0.56338,0.67087,0.788274,0.678273,0.5247,19.55063584,512,16,10356.30617,0.069329739,1.17170418,10.54819618
simvarmass_TMRL_3bb5d83a,127,1424,3495,0.102739,0.553811,3;6,99,0.779528,0.876106,0.876106,0.779528,99,0.804878,0.891892,0.891892,0.804878,115,0.811024,0.895652,0.85124,0.811024,0.66428,0.798122,0.669291,0.743355,0.77533,0.771654,0.5247,0.611211,0.757282,0.614173,0.633129,23.88921376,512,16,10356.30617,0.01226306,1.454353933,14.15581164
simvarmass_TMRL_3c29f86e,2334,1501,2990,0.088546,0.669943,3;6,2011,0.864185,0.923573,0.92336,0.86461,2011,0.912673,0.950711,0.950486,0.913122,2116,0.888172,0.940536,0.931685,0.888175,0.763298,0.858173,0.775921,0.719662,0.758506,0.762211,0.633129,0.549828,0.7012,0.550985,0.63287,22.49684153,512,16,10356.30617,0.22536993,0.99200533,11.2032766
simvarmass_TMRL_3d5487ce,2457,1559,3323,0.116086,0.695116,3;6,2104,0.866389,0.920385,0.919535,0.867725,2104,0.905452,0.94223,0.941414,0.906848,2293,0.886114,0.935065,0.915368,0.886447,0.757,0.841676,0.78836,0.693989,0.745493,0.740334,0.63287,0.591883,0.73,0.594221,0.57809,18.36134028,512,16,10356.30617,0.237246752,1.131494548,9.747037091
simvarmass_TMRL_3dab40da,1301,1637,3218,0.132071,0.536296,3;6,1200,0.923568,0.958816,0.958816,0.925442,1200,0.952865,0.974401,0.974401,0.954798,1376,0.944656,0.971135,0.918192,0.944658,0.794111,0.873786,0.813989,0.757289,0.788533,0.799385,0.57809,0.637114,0.77095,0.639508,0.556918,14.8843507,512,16,10356.30617,0.125623941,0.965791081,7.312665773
simvarmass_TMRL_40da6748,452,1348,3038,0.06175,0.549989,3;6,415,0.918142,0.957324,0.957324,0.918142,415,0.947489,0.973036,0.973036,0.947489,440,0.942478,0.970387,0.955157,0.942478,0.81831,0.900726,0.823009,0.859522,0.837778,0.900442,0.556918,0.659436,0.773196,0.663717,0.560206,36.49731496,512,16,10356.30617,0.043644905,1.253709199,20.30298298
simvarmass_TMRL_4179b643,1165,1595,3046,0.150304,0.606706,3;6,1053,0.90436,0.949504,0.949504,0.904721,1053,0.951743,0.975,0.975,0.952123,1133,0.937339,0.967228,0.950392,0.937339,0.815047,0.889308,0.830043,0.65125,0.735579,0.68412,0.560206,0.565182,0.714751,0.567382,0.581601,12.70570223,512,16,10356.30617,0.112491846,0.909717868,6.05251935
simvarmass_TMRL_418898bd,1020,1568,3452,0.109031,0.633048,3;6,926,0.915857,0.951745,0.950668,0.920588,926,0.956166,0.973228,0.972149,0.961105,1003,0.948622,0.970766,0.955017,0.94902,0.783638,0.862808,0.819608,0.8137,0.817444,0.861765,0.581601,0.649015,0.773619,0.652941,0.626128,20.19178593,512,16,10356.30617,0.098490715,1.201530612,11.02008247
simvarmass_TMRL_4415117e,1523,1645,3248,0.051401,0.565979,3;6,1363,0.898173,0.945656,0.94456,0.898227,1363,0.938215,0.967422,0.966324,0.938272,1439,0.923835,0.96041,0.950034,0.923835,0.783518,0.878119,0.797768,0.809299,0.802128,0.859488,0.626128,0.610878,0.745614,0.61392,0.560488,38.41302864,512,16,10356.30617,0.147060156,0.974468085,18.95815422
simvarmass_TMRL_44d95a97,828,1444,3365,0.127733,0.57366,3;6,755,0.91602,0.953943,0.953885,0.916667,755,0.950457,0.972347,0.972312,0.951128,806,0.940821,0.969508,0.953488,0.940821,0.842597,0.912281,0.853865,0.807899,0.821406,0.847826,0.560488,0.625844,0.759644,0.626812,0.560151,18.24377733,512,16,10356.30617,0.079951286,1.33033241,10.41494688
simvarmass_TMRL_4552f372,634,1415,3025,0.075479,0.674245,3;6,577,0.913212,0.952931,0.952931,0.913249,577,0.94604,0.970563,0.970563,0.946078,611,0.930599,0.964052,0.947791,0.930599,0.820822,0.90267,0.826498,0.796341,0.799339,0.847003,0.560151,0.556435,0.69186,0.563091,0.564066,28.32323146,512,16,10356.30617,0.061218739,1.137809187,15.07451327
simvarmass_TMRL_456b410c,1348,1504,3459,0.195173,0.596529,3;6,1240,0.919912,0.95632,0.955951,0.922107,1240,0.960528,0.977866,0.977479,0.96282,21270,0.952525,0.975721,0.113715,0.954006,0.835411,0.906325,0.857567,0.608914,0.706268,0.644659,0.564066,0.595163,0.736264,0.597181,0.532903,11.78373556,512,16,10356.30617,0.130162239,1.299867021,6.660076042
simvarmass_TMRL_45b2c534,62,1476,3373,0.05338,0.564941,3;6,54,0.870968,0.931034,0.931034,0.870968,54,0.931034,0.964286,0.964286,0.931034,58,0.903226,0.949153,0.933333,0.903226,0.765868,0.867257,0.790323,0.819599,0.791367,0.887097,0.532903,0.803552,0.884956,0.806452,0.53337,42.81060982,512,16,10356.30617,0.005986691,1.285230352,24.07700173
simvarmass_TMRL_46c8a8cf,423,1334,2962,0.195271,0.563605,3;6,384,0.913557,0.951673,0.951673,0.914894,384,0.94023,0.966038,0.966038,0.941606,19684,0.935972,0.964591,0.039389,0.93617,0.765488,0.84,0.801418,0.699607,0.780735,0.749409,0.53337,0.627642,0.756303,0.638298,0.640082,11.37081187,512,16,10356.30617,0.040844679,1.220389805,6.249723743
simvarmass_TMRL_487e5f1d,2362,1408,2970,0.095084,0.738184,3;6,1985,0.862117,0.920657,0.912353,0.862828,1985,0.90023,0.942137,0.933836,0.900973,2118,0.875297,0.930086,0.921429,0.875529,0.739136,0.832698,0.769687,0.709817,0.752788,0.747671,0.640082,0.575331,0.718232,0.5779,0.56661,22.18433175,512,16,10356.30617,0.228073597,1.109375,11.66731522
simvarmass_TMRL_492fc7d6,1340,1566,3046,0.148045,0.593113,3;6,1213,0.907519,0.94906,0.948688,0.908955,1213,0.955283,0.974648,0.974256,0.956795,1337,0.949254,0.973966,0.950318,0.949254,0.83438,0.907099,0.847761,0.642186,0.726911,0.681343,0.56661,0.600313,0.740165,0.603731,0.63057,13.138458,512,16,10356.30617,0.129389763,0.945083014,6.383755034
simvarmass_TMRL_49455a7c,2360,1552,3026,0.088577,0.71758,3;6,2065,0.878231,0.932942,0.932429,0.87839,2065,0.915875,0.953832,0.953327,0.916041,2168,0.895763,0.944804,0.933746,0.895763,0.795889,0.87972,0.808475,0.678899,0.73959,0.726271,0.63057,0.539823,0.693645,0.541102,0.558801,22.01183454,512,16,10356.30617,0.227880478,0.949742268,10.72222211
simvarmass_TMRL_4a02cbce,386,1358,3265,0.056188,0.70114,3;6,351,0.911917,0.95393,0.95251,0.911917,351,0.946237,0.972376,0.970954,0.946237,380,0.948187,0.973404,0.955614,0.948187,0.814461,0.898017,0.826425,0.85305,0.81761,0.906736,0.558801,0.581487,0.719745,0.585492,0.614259,42.78975914,512,16,10356.30617,0.037271976,1.404270987,24.99236468
simvarmass_TMRL_4aff60bf,1503,1484,3090,0.055222,0.500378,3;6,1379,0.918829,0.957366,0.956974,0.918829,1379,0.957697,0.978045,0.977667,0.957698,1448,0.944777,0.971605,0.962386,0.944777,0.840281,0.912887,0.844977,0.817662,0.812176,0.862275,0.614259,0.640498,0.767525,0.644711,0.535832,37.70617222,512,16,10356.30617,0.145128965,1.082210243,19.59744744
simvarmass_TMRL_4b89c98e,404,1625,3025,0.116406,0.616229,3;6,375,0.928218,0.962773,0.962773,0.928218,375,0.966495,0.982962,0.982962,0.966495,417,0.965347,0.982368,0.950061,0.965347,0.791072,0.876374,0.799505,0.791466,0.822335,0.834158,0.535832,0.589384,0.734059,0.59901,0.545194,15.99177415,512,16,10356.30617,0.039010048,0.861538462,7.401151672
simvarmass_TMRL_4ca7c1f8,417,1349,3186,0.100747,0.645296,3;6,380,0.914897,0.954887,0.953576,0.916067,380,0.956171,0.976923,0.97561,0.957393,416,0.959233,0.979192,0.960384,0.959233,0.812205,0.898065,0.83693,0.837857,0.832918,0.8753,0.545194,0.592405,0.728341,0.59952,0.643342,23.44237986,512,16,10356.30617,0.040265322,1.361749444,13.51652599
simvarmass_TMRL_4d299943,2425,1333,3287,0.091007,0.603621,3;6,2118,0.876277,0.933392,0.932424,0.876289,2118,0.920698,0.958032,0.957072,0.920711,2228,0.905567,0.950216,0.943907,0.905567,0.778636,0.8752,0.793814,0.728367,0.751832,0.78268,0.643342,0.578575,0.724705,0.581856,0.580747,27.09534944,512,16,10356.30617,0.234156847,1.465866467,16.1071837
simvarmass_TMRL_4db68b26,1346,1679,2939,0.105091,0.740033,3;6,1193,0.904059,0.941729,0.938165,0.907132,1193,0.945504,0.963971,0.960484,0.948718,1289,0.929518,0.959042,0.945731,0.930163,0.78098,0.857619,0.803863,0.716107,0.76238,0.756315,0.580747,0.527716,0.682297,0.529718,0.575668,16.65648528,512,16,10356.30617,0.12996912,0.750446694,7.140922576
simvarmass_TMRL_4e01ce8f,1332,1693,3288,0.148757,0.594168,3;6,1183,0.896818,0.937575,0.937575,0.901652,1183,0.927454,0.95427,0.95427,0.932453,1311,0.907424,0.948518,0.92395,0.91967,0.765117,0.825866,0.814565,0.731196,0.774856,0.773273,0.575668,0.629654,0.760271,0.632132,0.606182,13.05561815,512,16,10356.30617,0.128617287,0.942114589,6.333245424
simvarmass_TMRL_4ee7b39c,1543,1389,3242,0.085712,0.704501,3;6,1381,0.90011,0.945715,0.944596,0.900194,1381,0.939695,0.967179,0.966072,0.939783,1476,0.92547,0.961292,0.946009,0.92547,0.798416,0.886913,0.808166,0.757895,0.774081,0.802333,0.606182,0.549112,0.698765,0.552171,0.547185,27.23134772,512,16,10356.30617,0.148991346,1.334053276,15.56436993
simvarmass_TMRL_4fa41ff4,363,1362,3329,0.086518,0.550682,3;6,335,0.922865,0.959885,0.959885,0.922865,335,0.965418,0.982405,0.982405,0.965418,360,0.961433,0.980337,0.965422,0.961433,0.818604,0.89808,0.84022,0.878057,0.831395,0.933884,0.547185,0.657036,0.776316,0.663912,0.55248,28.25076523,512,16,10356.30617,0.035051107,1.444199706,16.69247678
simvarmass_TMRL_5050c5eb,402,1397,3358,0.098209,0.652086,3;6,374,0.939739,0.966581,0.963918,0.940299,374,0.96126,0.977893,0.975228,0.961832,416,0.965174,0.982278,0.948655,0.965174,0.763543,0.850069,0.781095,0.865462,0.842784,0.910448,0.55248,0.64828,0.775758,0.654229,0.566542,24.47558026,512,16,10356.30617,0.038816929,1.403722262,14.29321408
simvarmass_TMRL_51aca410,848,1329,2922,0.126312,0.611554,3;6,749,0.898047,0.940736,0.938009,0.899764,749,0.934409,0.96051,0.957801,0.936196,824,0.932588,0.962691,0.94378,0.932783,0.778932,0.861893,0.816038,0.796633,0.813367,0.833726,0.566542,0.626234,0.760823,0.632075,0.516334,17.40646651,512,16,10356.30617,0.081882477,1.198645598,9.489562339
simvarmass_TMRL_531f2826,27,1649,3287,0.112097,0.599767,3;6,1258,0.222222,0.363636,0.009339,0.222222,1258,0.222222,0.363636,0.009339,0.222222,33,0.222222,0.363636,0.2,0.222222,0.259259,0.411765,0.259259,0.222222,0.363636,0.222222,0.516334,0.036335,0.176471,0.333333,0.606801,17.78218231,512,16,10356.30617,0.002607107,0.99332929,8.861336971
simvarmass_TMRL_54048b1d,2167,1410,3248,0.162273,0.577674,3;6,1881,0.879987,0.930747,0.927866,0.881403,1881,0.921224,0.953459,0.950645,0.922705,2022,0.901142,0.946064,0.931487,0.901246,0.78569,0.86183,0.806645,0.681565,0.750121,0.718966,0.606801,0.603792,0.744265,0.606368,0.571668,14.19549832,512,16,10356.30617,0.20924449,1.303546099,8.033043694
simvarmass_TMRL_54a4ef33,545,1398,3112,0.056601,0.700644,3;6,498,0.913761,0.954938,0.954938,0.913761,498,0.959538,0.979351,0.979351,0.959538,534,0.950459,0.9746,0.960148,0.950459,0.766555,0.870091,0.798165,0.850761,0.824798,0.902752,0.571668,0.580814,0.713647,0.585321,0.584964,39.32858423,512,16,10356.30617,0.052624941,1.226037196,21.66105185
simvarmass_TMRL_54df1a75,1612,1366,2917,0.167003,0.636773,3;6,1439,0.904015,0.943015,0.940675,0.908189,1439,0.945667,0.965333,0.963087,0.950032,16811,0.923807,0.957665,0.163166,0.932382,0.786719,0.854707,0.829404,0.699817,0.753141,0.743797,0.584964,0.601001,0.740769,0.603598,0.603397,12.78678777,512,16,10356.30617,0.155653954,1.135431918,6.798871386
simvarmass_TMRL_55394eb0,2437,1645,3298,0.14582,0.684774,3;6,2126,0.873392,0.927961,0.92746,0.874436,2126,0.912717,0.949798,0.949305,0.913808,18312,0.89657,0.944565,0.210613,0.896594,0.802313,0.882246,0.81986,0.598512,0.703186,0.629462,0.603397,0.535362,0.6902,0.537546,0.598343,13.74889056,512,16,10356.30617,0.235315561,1.004863222,6.89112071
simvarmass_TMRL_577ce5ca,2329,1356,2928,0.199514,0.667516,3;6,1907,0.869104,0.911731,0.897073,0.875054,1907,0.905252,0.9317,0.91721,0.911449,2191,0.88295,0.923641,0.902655,0.887076,0.728451,0.802126,0.790468,0.636238,0.728845,0.669386,0.598343,0.566989,0.711564,0.569343,0.537041,10.82275948,512,16,10356.30617,0.224887133,1.159292035,5.810579886
simvarmass_TMRL_58abd6b5,630,1670,3036,0.171913,0.700569,3;6,551,0.873413,0.920851,0.916173,0.884127,551,0.929476,0.951627,0.946632,0.940878,20086,0.922417,0.947456,0.056478,0.928571,0.754681,0.829358,0.798413,0.635126,0.723906,0.68254,0.537041,0.529699,0.685832,0.538095,0.581965,10.57490749,512,16,10356.30617,0.0608325,0.817964072,4.758011738
simvarmass_TMRL_59ada9e0,1232,1307,3381,0.159173,0.656632,3;6,1096,0.902241,0.943041,0.940722,0.906656,1096,0.936446,0.961572,0.959264,0.941028,1213,0.929263,0.960338,0.934151,0.930195,0.760317,0.842773,0.799513,0.769081,0.792651,0.814935,0.581965,0.624714,0.760816,0.626623,0.574791,16.25175182,512,16,10356.30617,0.118961334,1.586840092,9.969279286
simvarmass_TMRL_5bb3b255,1844,1680,3074,0.180493,0.525786,3;6,1675,0.907825,0.948594,0.948565,0.909436,1675,0.942054,0.966995,0.966976,0.943725,1864,0.933837,0.965208,0.928803,0.933839,0.812292,0.886167,0.831345,0.58224,0.688984,0.613883,0.574791,0.614589,0.750991,0.616594,0.635832,10.13757822,512,16,10356.30617,0.178055763,0.829761905,4.597197148
simvarmass_TMRL_5d617c83,2367,1625,3251,0.08284,0.657653,3;6,2082,0.877367,0.931982,0.930546,0.877482,2082,0.913651,0.95214,0.950631,0.91377,2174,0.893536,0.943775,0.931513,0.893536,0.788231,0.877095,0.801014,0.700687,0.741578,0.748627,0.635832,0.557279,0.706606,0.558513,0.58676,24.15035472,512,16,10356.30617,0.228556395,1.000615385,12.07889165
simvarmass_TMRL_5fefc118,1828,1672,3438,0.167152,0.694217,3;6,1571,0.888219,0.926088,0.922036,0.893326,1571,0.928338,0.947967,0.943976,0.933676,1743,0.907555,0.940736,0.923551,0.90919,0.764939,0.837322,0.807987,0.657034,0.732582,0.693107,0.58676,0.55776,0.707266,0.561269,0.549284,12.30149861,512,16,10356.30617,0.176510811,1.056220096,6.318919879
simvarmass_TMRL_600a446c,736,1497,2982,0.134359,0.527488,3;6,666,0.904891,0.950071,0.950071,0.904891,666,0.938028,0.968023,0.968023,0.938028,714,0.933424,0.965566,0.947586,0.933424,0.83434,0.904515,0.84375,0.720499,0.771313,0.774457,0.549284,0.604362,0.738843,0.607337,0.572374,14.82583205,512,16,10356.30617,0.07106781,0.991983968,7.383085375
simvarmass_TMRL_6040aa37,1019,1368,3173,0.124214,0.526981,3;6,922,0.906314,0.950077,0.950026,0.906771,922,0.943344,0.970047,0.970016,0.94382,1002,0.933267,0.964992,0.941118,0.933268,0.80571,0.892324,0.824338,0.793975,0.801005,0.834151,0.572374,0.619363,0.759115,0.62316,0.572532,18.6729712,512,16,10356.30617,0.098394156,1.319444444,10.62234889
simvarmass_TMRL_604ef355,1816,1588,3427,0.195144,0.748239,3;6,1603,0.892053,0.936133,0.935361,0.894824,1603,0.925696,0.954505,0.953773,0.928571,1741,0.911608,0.950014,0.929435,0.911894,0.815498,0.880611,0.840308,0.520341,0.651959,0.545154,0.572532,0.50262,0.660656,0.504405,0.604074,11.05881018,512,16,10356.30617,0.175352097,1.158060453,5.934389238
simvarmass_TMRL_617d8a56,2286,1414,3336,0.192975,0.631906,3;6,1974,0.878889,0.923149,0.922066,0.88364,1974,0.916996,0.944231,0.943097,0.921953,15410,0.892777,0.936298,0.232256,0.89895,0.740283,0.820475,0.793088,0.649813,0.728284,0.687664,0.604074,0.608183,0.744273,0.611111,0.565308,12.22575203,512,16,10356.30617,0.220735073,1.359264498,7.043733633
simvarmass_TMRL_633d3698,1153,1467,3309,0.168462,0.576107,3;6,1024,0.900148,0.943707,0.940744,0.901127,1024,0.932499,0.961305,0.958353,0.933513,1104,0.921914,0.956679,0.941958,0.921943,0.801205,0.874343,0.827407,0.723222,0.775187,0.75889,0.565308,0.574942,0.721436,0.579358,0.61452,13.38951052,512,16,10356.30617,0.111333132,1.255623722,7.453453728
simvarmass_TMRL_64f6c0b0,2035,1657,2912,0.098054,0.625427,3;6,1783,0.881844,0.934555,0.933997,0.883047,1783,0.92646,0.959162,0.958602,0.927723,1914,0.913982,0.953996,0.941504,0.914005,0.773426,0.856754,0.79656,0.734608,0.765571,0.775921,0.61452,0.593405,0.734384,0.595086,0.64292,17.92270462,512,16,10356.30617,0.196498632,0.757392879,7.724242547
simvarmass_TMRL_6676fd5c,2476,1623,3051,0.071044,0.727497,3;6,2193,0.886057,0.9375,0.937246,0.886107,2193,0.925296,0.959054,0.958808,0.925348,2273,0.905493,0.950403,0.944199,0.905493,0.798259,0.881974,0.808966,0.694613,0.741838,0.733441,0.64292,0.530715,0.683774,0.532714,0.541191,26.46039251,512,16,10356.30617,0.239081383,0.879852126,12.38460849
simvarmass_TMRL_66b77acd,417,1410,3058,0.12685,0.740792,3;6,384,0.909477,0.948298,0.94382,0.911271,384,0.945766,0.967825,0.963057,0.947631,402,0.946636,0.970443,0.962149,0.947242,0.804605,0.869677,0.817746,0.766098,0.775819,0.827338,0.541191,0.569502,0.714286,0.57554,0.60638,17.09731436,512,16,10356.30617,0.040265322,1.168794326,9.213987594
simvarmass_TMRL_6984e828,2425,1311,3165,0.198828,0.51696,3;6,2117,0.882712,0.932661,0.931308,0.884948,2117,0.917128,0.951656,0.950348,0.919452,2296,0.899191,0.944215,0.92311,0.899381,0.766903,0.844353,0.794227,0.66892,0.745593,0.706392,0.60638,0.625441,0.757132,0.629278,0.521478,12.14209087,512,16,10356.30617,0.234156847,1.414187643,7.112618158
simvarmass_TMRL_6c313417,50,1464,2969,0.152233,0.639372,3;6,43,0.829637,0.88172,0.88172,0.84,43,0.864205,0.901099,0.901099,0.875,56,0.869616,0.913043,0.811321,0.88,0.656369,0.740741,0.78,0.775821,0.816327,0.8,0.521478,0.850596,0.905263,0.88,0.638867,13.32172042,512,16,10356.30617,0.004827976,1.028005464,6.752842449
simvarmass_TMRL_6c6e2c30,2350,1632,2937,0.072157,0.579927,3;6,2105,0.8978,0.944606,0.944108,0.897872,2105,0.934794,0.964727,0.964237,0.934869,2226,0.919149,0.957871,0.944056,0.919149,0.790185,0.878151,0.804681,0.741926,0.770419,0.786383,0.638867,0.602089,0.742842,0.603404,0.534692,24.94050962,512,16,10356.30617,0.226914883,0.799632353,11.08184033
simvarmass_TMRL_6dc88c32,120,1686,3076,0.053712,0.529869,3;6,93,0.783333,0.878505,0.873239,0.783333,93,0.817391,0.899522,0.894231,0.817391,103,0.825,0.90411,0.887892,0.825,0.687633,0.809756,0.691667,0.741965,0.77551,0.816667,0.534692,0.616384,0.758974,0.616667,0.649369,33.96701922,512,16,10356.30617,0.011587143,0.824436536,15.34920569
simvarmass_TMRL_6e8cb638,2280,1359,3165,0.070328,0.596901,3;6,370,0.88371,0.937209,0.279245,0.883772,370,0.92171,0.958155,0.289515,0.921775,2132,0.904825,0.950035,0.935177,0.904825,0.781911,0.876057,0.796491,0.751198,0.770335,0.8,0.649369,0.588747,0.732133,0.590789,0.519952,33.11509388,512,16,10356.30617,0.220155716,1.328918322,18.89600618
simvarmass_TMRL_6ef7c896,28,1496,3305,0.13952,0.602931,3;6,96,0.285714,0.444444,0.129032,0.285714,96,0.285714,0.444444,0.129032,0.285714,17653,0.285714,0.444444,0.000905,0.285714,0.357143,0.526316,0.357143,0.288026,0.4,0.357143,0.519952,0.373319,0.473684,0.642857,0.553285,15.8344653,512,16,10356.30617,0.002703667,1.209224599,8.667034109
simvarmass_TMRL_70a83343,1055,1660,3002,0.176421,0.745498,3;6,914,0.88306,0.918398,0.918233,0.898578,914,0.920581,0.93886,0.938733,0.936759,18457,0.905131,0.938308,0.100349,0.927962,0.754963,0.821873,0.82654,0.624886,0.717078,0.660664,0.553285,0.519502,0.68179,0.527014,0.549003,10.2506716,512,16,10356.30617,0.101870298,0.808433735,4.582412156
simvarmass_TMRL_721e1aef,605,1654,3351,0.103902,0.698541,3;6,557,0.922182,0.957795,0.956971,0.923967,557,0.956981,0.976295,0.975439,0.958834,598,0.947107,0.972835,0.952618,0.947107,0.844388,0.915103,0.849587,0.751999,0.786771,0.793388,0.549003,0.562936,0.707692,0.570248,0.586261,19.49912015,512,16,10356.30617,0.058418512,1.025997582,9.874666336
simvarmass_TMRL_72d333b8,2309,1596,3347,0.191611,0.500176,3;6,2063,0.895126,0.941365,0.940988,0.896925,2063,0.933957,0.962529,0.962114,0.935834,2248,0.917713,0.957091,0.929998,0.917713,0.832913,0.906309,0.843222,0.533514,0.662716,0.556951,0.586261,0.612074,0.750265,0.614119,0.53314,10.94466286,512,16,10356.30617,0.222955942,1.097117794,5.725755799
simvarmass_TMRL_79b3efaf,170,1688,2968,0.065565,0.577946,3;6,150,0.887938,0.9375,0.9375,0.888235,150,0.92607,0.958466,0.958466,0.92638,163,0.929412,0.963415,0.948949,0.929412,0.762483,0.870968,0.794118,0.819467,0.796562,0.864706,0.53314,0.67433,0.792982,0.676471,0.554209,26.81756789,512,16,10356.30617,0.016415119,0.758293839,11.56552793
simvarmass_TMRL_7a76b5a4,767,1497,3011,0.10986,0.595481,3;6,695,0.910221,0.95147,0.950752,0.911343,695,0.94985,0.972746,0.972028,0.95102,762,0.947849,0.973226,0.950948,0.947849,0.830968,0.907158,0.842243,0.775139,0.794822,0.821382,0.554209,0.598501,0.733547,0.602347,0.596371,18.3083565,512,16,10356.30617,0.074061155,1.011356045,9.20586242
simvarmass_TMRL_7c6cea1c,1124,1529,3369,0.084383,0.658942,3;6,1007,0.899467,0.944314,0.943219,0.900356,1007,0.940466,0.966475,0.965418,0.941395,1077,0.933273,0.965009,0.953203,0.933274,0.760882,0.854054,0.794484,0.817483,0.822883,0.862989,0.596371,0.604941,0.740379,0.607651,0.556174,26.11190543,512,16,10356.30617,0.108532906,1.203400916,14.2611772
simvarmass_TMRL_7d35c0dc,869,1486,2954,0.147425,0.616147,3;6,777,0.905649,0.946093,0.944107,0.910242,777,0.942526,0.965986,0.96402,0.947305,19826,0.942441,0.969805,0.079246,0.943613,0.814988,0.885804,0.835443,0.753975,0.790932,0.794016,0.556174,0.619137,0.750521,0.622555,0.540549,13.48405593,512,16,10356.30617,0.083910227,0.987886945,6.70094587
simvarmass_TMRL_7d3e1a6f,554,1650,3302,0.155184,0.632798,3;6,490,0.903477,0.937143,0.936782,0.909747,490,0.935564,0.954413,0.954146,0.942056,573,0.936453,0.958801,0.91748,0.938628,0.738814,0.829659,0.797834,0.759793,0.787037,0.810469,0.540549,0.613192,0.750557,0.615523,0.584135,12.89573745,512,16,10356.30617,0.053493977,1.001212121,6.45177416
simvarmass_TMRL_7d4309e5,1547,1329,3485,0.184226,0.634252,3;6,1349,0.888912,0.937671,0.930939,0.89011,1349,0.930411,0.960365,0.953661,0.931664,17734,0.919158,0.955907,0.147503,0.919198,0.782008,0.863097,0.803491,0.70537,0.753715,0.751778,0.584135,0.583986,0.725819,0.586942,0.581041,14.23399729,512,16,10356.30617,0.149377584,1.622272385,8.805881826
simvarmass_TMRL_7e9c2032,1299,1376,3219,0.145264,0.559441,3;6,1186,0.916773,0.954106,0.953722,0.916859,1186,0.945149,0.969325,0.968929,0.945238,1262,0.929176,0.963288,0.942601,0.929176,0.792611,0.876793,0.813703,0.763793,0.789164,0.808314,0.581041,0.62256,0.756551,0.624326,0.57729,16.10439982,512,16,10356.30617,0.125430822,1.339389535,9.220381752
simvarmass_TMRL_7ed3b3eb,845,1424,3286,0.103579,0.585383,3;6,768,0.909387,0.949257,0.948543,0.910059,768,0.945181,0.968434,0.967742,0.945879,824,0.935712,0.964548,0.946675,0.936095,0.760461,0.847854,0.785799,0.849628,0.831707,0.892308,0.57729,0.692528,0.803041,0.699408,0.609402,22.27849535,512,16,10356.30617,0.081592798,1.30758427,12.62402871
simvarmass_TMRL_7fab4291,1343,1437,2972,0.073622,0.57426,3;6,1218,0.907872,0.95041,0.95041,0.908414,1218,0.949589,0.972822,0.972822,0.950156,1287,0.937453,0.967717,0.957414,0.937453,0.822974,0.898469,0.833209,0.82254,0.820259,0.869695,0.609402,0.631235,0.763276,0.632911,0.562512,28.09211423,512,16,10356.30617,0.129679441,1.068197634,14.50921781
simvarmass_TMRL_7fbc4fc0,725,1623,3442,0.106984,0.587839,3;6,679,0.933493,0.963649,0.962963,0.933793,679,0.966832,0.981132,0.980421,0.967143,18282,0.957241,0.978154,0.073026,0.957241,0.816032,0.886398,0.833103,0.834756,0.825175,0.877241,0.562512,0.66226,0.778405,0.666207,0.595561,19.82318868,512,16,10356.30617,0.070005655,1.120764017,10.47599657
simvarmass_TMRL_80fee400,2214,1563,3421,0.177603,0.566088,3;6,1967,0.893346,0.94067,0.940445,0.894761,1967,0.922513,0.956691,0.956458,0.923974,2132,0.892321,0.943884,0.924988,0.907859,0.814708,0.888615,0.836495,0.622076,0.720433,0.661698,0.595561,0.605994,0.743646,0.607949,0.628022,12.32377608,512,16,10356.30617,0.213782787,1.188739603,6.693240561
simvarmass_TMRL_8160d8bc,1629,1485,3347,0.0601,0.607891,3;6,1463,0.899412,0.947028,0.945666,0.899939,1463,0.936792,0.967338,0.965973,0.93734,1542,0.923266,0.960102,0.948597,0.923266,0.786778,0.880759,0.798649,0.792976,0.785417,0.853284,0.628022,0.588899,0.733126,0.589932,0.577011,37.50203085,512,16,10356.30617,0.157295465,1.253872054,20.86309574
simvarmass_TMRL_81924417,1841,1652,3269,0.183182,0.69497,3;6,1602,0.895686,0.934294,0.927098,0.899511,1602,0.932142,0.954091,0.9469,0.936122,18619,0.886937,0.939072,0.165103,0.917436,0.786008,0.862236,0.824552,0.588696,0.695122,0.619229,0.577011,0.543005,0.69505,0.545356,0.558277,10.80244543,512,16,10356.30617,0.177766085,0.978813559,5.34339378
simvarmass_TMRL_81c5ded7,693,1542,3290,0.086407,0.527844,3;6,621,0.897538,0.945205,0.945205,0.897547,621,0.945279,0.971071,0.971071,0.945289,683,0.943723,0.971047,0.950581,0.943723,0.806548,0.892942,0.81241,0.826769,0.81037,0.867244,0.558277,0.604682,0.733977,0.613276,0.589135,24.69235984,512,16,10356.30617,0.066915751,1.133592737,13.1192234
simvarmass_TMRL_833b30e6,906,1472,3060,0.072007,0.744002,3;6,795,0.885319,0.935446,0.933568,0.886313,795,0.928356,0.959085,0.957203,0.929398,856,0.926039,0.960504,0.952327,0.926049,0.745173,0.844578,0.781457,0.819352,0.815323,0.864238,0.589135,0.60129,0.739042,0.604857,0.615512,28.86947585,512,16,10356.30617,0.087482929,1.078804348,14.98193714
simvarmass_TMRL_83872c3e,1638,1648,2934,0.072718,0.545937,3;6,1469,0.89554,0.943784,0.943032,0.897436,1469,0.936715,0.96613,0.965404,0.938697,1553,0.926129,0.961343,0.950799,0.926129,0.79142,0.877789,0.807082,0.793415,0.8,0.838217,0.615512,0.660149,0.786337,0.661783,0.6156,24.48279389,512,16,10356.30617,0.158164501,0.780339806,10.73104054
simvarmass_TMRL_846117a2,2225,1401,3436,0.156808,0.663401,3;6,1997,0.882171,0.929032,0.923733,0.885393,1997,0.915073,0.947138,0.941574,0.918415,2095,0.902124,0.943879,0.926852,0.902472,0.764595,0.844534,0.794157,0.706666,0.760939,0.749213,0.6156,0.617864,0.750885,0.619775,0.593237,15.64036213,512,16,10356.30617,0.214844942,1.452533904,9.263136475
simvarmass_TMRL_853a3a38,2166,1500,2929,0.190596,0.613841,3;6,1800,0.863875,0.908909,0.903681,0.873038,1800,0.899161,0.928608,0.923473,0.908698,15512,0.885612,0.923798,0.218237,0.890582,0.717811,0.793975,0.779317,0.64717,0.7364,0.687442,0.593237,0.613055,0.747616,0.616805,0.574554,10.24505586,512,16,10356.30617,0.20914793,0.952666667,4.998356034
simvarmass_TMRL_87569aa8,974,1335,3352,0.128726,0.674428,3;6,863,0.905886,0.945553,0.937398,0.908624,863,0.941658,0.964796,0.956667,0.944504,983,0.942474,0.967742,0.938171,0.942505,0.762525,0.846774,0.794661,0.816271,0.829004,0.848049,0.574554,0.604947,0.742217,0.61191,0.6039,19.50547227,512,16,10356.30617,0.094048977,1.510861423,11.73703388
simvarmass_TMRL_879db323,1975,1460,3283,0.148681,0.673418,3;6,1727,0.885722,0.932866,0.931929,0.887595,1727,0.921169,0.952381,0.951462,0.923117,16236,0.905591,0.947789,0.196475,0.905823,0.761144,0.84828,0.801519,0.683454,0.743915,0.727595,0.6039,0.585389,0.726421,0.588861,0.532968,15.12385669,512,16,10356.30617,0.190705061,1.248630137,8.398047746
simvarmass_TMRL_87e73254,404,1627,3089,0.189695,0.554594,3;6,375,0.921218,0.942559,0.929397,0.943069,375,0.964177,0.965241,0.95138,0.987047,17574,0.139516,0.24781,0.044276,0.985149,0.716416,0.786611,0.824257,0.759301,0.801061,0.816832,0.532968,0.802582,0.879567,0.804455,0.599549,10.00862624,512,16,10356.30617,0.039010048,0.898586355,4.737006011
simvarmass_TMRL_898211e5,1355,1654,3441,0.079684,0.571043,3;6,1238,0.913761,0.954107,0.954107,0.914391,1238,0.942991,0.969816,0.969816,0.943641,1292,0.932841,0.965254,0.955043,0.932841,0.804727,0.889068,0.817712,0.797509,0.801391,0.842066,0.599549,0.61134,0.750225,0.614022,0.628113,26.10826671,512,16,10356.30617,0.130838156,1.080411125,13.55869591
simvarmass_TMRL_8c95d1ab,1346,1382,2983,0.050672,0.637233,3;6,1194,0.890045,0.941824,0.940157,0.890045,1194,0.92367,0.960321,0.958651,0.92367,1262,0.916048,0.956185,0.945552,0.916048,0.762912,0.865879,0.789747,0.815043,0.816018,0.863299,0.628113,0.605494,0.743696,0.607727,0.581839,42.59681858,512,16,10356.30617,0.12996912,1.158465991,22.86205382
simvarmass_TMRL_8d74bdc9,1382,1543,3148,0.143016,0.575547,3;6,1241,0.90104,0.941935,0.940145,0.904486,1241,0.932762,0.959042,0.957298,0.93633,1373,0.920372,0.956685,0.923412,0.920405,0.777563,0.855407,0.806078,0.76158,0.786331,0.804631,0.581839,0.643456,0.772294,0.648336,0.628114,14.26540712,512,16,10356.30617,0.133445263,1.040181465,7.273182474
simvarmass_TMRL_8e20de30,2319,1393,3403,0.097004,0.673231,3;6,2051,0.884839,0.938673,0.938673,0.884864,2051,0.92098,0.958635,0.958635,0.921005,18538,0.900819,0.947822,0.200316,0.900819,0.820392,0.900637,0.827081,0.692981,0.739732,0.732212,0.628114,0.522301,0.678013,0.523933,0.612771,25.18379583,512,16,10356.30617,0.223921537,1.44292893,14.87494258
simvarmass_TMRL_8ea5cf01,2540,1495,3378,0.170326,0.705217,3;6,2131,0.864507,0.917482,0.911154,0.866929,2131,0.897364,0.935995,0.929664,0.899877,2367,0.878546,0.928856,0.90809,0.879134,0.760007,0.834722,0.794882,0.625983,0.71853,0.661811,0.612771,0.549965,0.703666,0.551575,0.622184,13.26592401,512,16,10356.30617,0.245261192,1.259531773,7.394829753
simvarmass_TMRL_8f54885b,2421,1407,3492,0.14674,0.558471,3;6,2124,0.880455,0.934271,0.933333,0.880628,2124,0.920769,0.956561,0.955621,0.92095,2261,0.898383,0.946017,0.92909,0.898389,0.781656,0.869269,0.805039,0.698531,0.750576,0.74019,0.622184,0.625762,0.760401,0.626601,0.616028,16.91342737,512,16,10356.30617,0.233770609,1.481876333,10.09865294
simvarmass_TMRL_91852647,1923,1331,3072,0.121811,0.658822,3;6,1686,0.885347,0.935029,0.933222,0.886635,1686,0.919785,0.95402,0.952219,0.921124,1785,0.901188,0.946907,0.934736,0.901196,0.775523,0.856813,0.806032,0.731834,0.763198,0.779511,0.616028,0.581266,0.726801,0.582423,0.602265,18.94770643,512,16,10356.30617,0.185683966,1.308039068,10.73826722
simvarmass_TMRL_92519093,1509,1480,3054,0.07268,0.52277,3;6,1364,0.903869,0.9492,0.948834,0.90391,1364,0.952471,0.975331,0.974964,0.952514,1463,0.935719,0.966792,0.950202,0.935719,0.824489,0.902899,0.826375,0.78958,0.78882,0.836978,0.602265,0.613934,0.747777,0.616302,0.589574,28.39176546,512,16,10356.30617,0.145708323,1.063513514,14.63282215
simvarmass_TMRL_92f018f0,993,1382,3026,0.084472,0.601779,3;6,892,0.906716,0.949762,0.946419,0.907351,892,0.942795,0.969239,0.965891,0.943455,958,0.940584,0.96888,0.957458,0.940584,0.774101,0.863066,0.799597,0.813564,0.805541,0.866062,0.589574,0.631683,0.764883,0.640483,0.566391,25.92078225,512,16,10356.30617,0.095883608,1.189580318,14.08253999
simvarmass_TMRL_94722e72,643,1619,3302,0.066772,0.592444,3;6,596,0.932369,0.964573,0.962066,0.933126,596,0.963848,0.981163,0.978654,0.96463,635,0.96112,0.980174,0.967136,0.96112,0.838225,0.911839,0.846034,0.864155,0.842869,0.908243,0.566391,0.630957,0.763772,0.636081,0.518947,30.54469799,512,16,10356.30617,0.062087774,1.039530574,15.56836061
simvarmass_TMRL_97fa77e2,21,1518,3104,0.150984,0.721107,3;6,306,0.958691,0.95,0.12844,1,306,0.958691,0.95,0.12844,1,17544,0.015742,0.030996,0.002391,1,0.647085,0.777778,0.761905,0.898115,0.9,0.904762,0.518947,0.756714,0.829268,1,0.581318,13.54312897,512,16,10356.30617,0.00202775,1.044795784,6.919910613
simvarmass_TMRL_9a4dbf7c,1548,1618,3008,0.152346,0.576209,3;6,1377,0.901517,0.939415,0.937436,0.906977,1377,0.929746,0.954687,0.952745,0.935376,16408,0.927549,0.954791,0.160169,0.928941,0.750123,0.824466,0.796512,0.704491,0.763279,0.751938,0.581318,0.623871,0.759604,0.625969,0.574791,12.20304629,512,16,10356.30617,0.149474144,0.85908529,5.639040674
simvarmass_TMRL_9ab65de4,1179,1394,3145,0.15912,0.569412,3;6,1047,0.906304,0.945163,0.939802,0.910941,1047,0.944768,0.965831,0.960514,0.949602,1180,0.931987,0.960352,0.929207,0.933842,0.760536,0.835217,0.798134,0.780567,0.795876,0.82782,0.574791,0.679874,0.800198,0.684478,0.591078,14.17859201,512,16,10356.30617,0.113843679,1.256097561,7.894026904
simvarmass_TMRL_9b2e6352,1947,1386,3492,0.174987,0.569544,3;6,1770,0.909071,0.951587,0.951305,0.909091,1770,0.947517,0.972245,0.971963,0.947537,1877,0.93169,0.964381,0.948745,0.93169,0.825146,0.901708,0.835645,0.660466,0.734184,0.694402,0.591078,0.582338,0.72669,0.584489,0.564369,14.39810111,512,16,10356.30617,0.188001394,1.519480519,8.683390877
simvarmass_TMRL_9b8222e8,1198,1488,3262,0.193595,0.67751,3;6,1065,0.91337,0.940246,0.937693,0.920701,1065,0.957321,0.96353,0.961051,0.965004,1256,0.944139,0.96114,0.917685,0.949082,0.779985,0.84741,0.829716,0.711522,0.765107,0.75626,0.564369,0.599292,0.737379,0.603506,0.557319,11.32366177,512,16,10356.30617,0.11567831,1.192204301,6.158239113
simvarmass_TMRL_9be462c3,702,1558,3252,0.120649,0.623827,3;6,644,0.92594,0.956909,0.956909,0.92735,644,0.954493,0.972075,0.972075,0.955947,750,0.944025,0.969963,0.913223,0.945869,0.804489,0.876755,0.830484,0.794195,0.807636,0.837607,0.557319,0.629472,0.758681,0.633903,0.553625,17.30052797,512,16,10356.30617,0.067784786,1.087291399,9.012021643
simvarmass_TMRL_9d78b00c,467,1388,3172,0.071894,0.522785,3;6,444,0.952129,0.974753,0.974753,0.952891,444,0.983726,0.991071,0.991071,0.984513,474,0.985011,0.992449,0.977683,0.985011,0.825874,0.905923,0.835118,0.848361,0.827807,0.901499,0.553625,0.673659,0.781863,0.683084,0.589528,31.78711149,512,16,10356.30617,0.045093298,1.285302594,17.87774493
simvarmass_TMRL_9db466e8,1207,1464,3491,0.10221,0.733571,3;6,1088,0.9098,0.948328,0.947277,0.912179,1088,0.953237,0.97153,0.970536,0.955729,1180,0.936172,0.965724,0.946795,0.936205,0.79,0.876825,0.810273,0.77393,0.794182,0.819387,0.589528,0.545504,0.697674,0.548467,0.588449,23.33003465,512,16,10356.30617,0.116547346,1.384562842,13.54625615
simvarmass_TMRL_9e2ebb0b,1854,1600,3012,0.146277,0.551722,3;6,1676,0.90459,0.946206,0.945609,0.905609,1676,0.942197,0.966455,0.965856,0.943258,1818,0.923397,0.958252,0.932462,0.923409,0.798981,0.874707,0.830097,0.656858,0.734786,0.700108,0.588449,0.610787,0.746916,0.61219,0.614316,12.86941898,512,16,10356.30617,0.179021358,0.8825,6.033074236
simvarmass_TMRL_a25afbb5,2341,1500,3433,0.12659,0.743181,3;6,2048,0.877915,0.932454,0.931419,0.878257,2048,0.919552,0.955488,0.954471,0.919911,2171,0.896198,0.94502,0.929965,0.896198,0.807042,0.884868,0.818881,0.651062,0.732062,0.688595,0.614316,0.516751,0.672218,0.519436,0.564653,18.07936383,512,16,10356.30617,0.226045847,1.288666667,10.1798457
simvarmass_TMRL_a2e1fcdd,776,1567,3460,0.085924,0.598301,3;6,723,0.936466,0.964643,0.964643,0.936856,723,0.96893,0.98167,0.98167,0.969333,774,0.962629,0.980959,0.963871,0.962629,0.844924,0.91516,0.851804,0.828923,0.829599,0.860825,0.564653,0.593054,0.732283,0.599227,0.548661,25.69760303,512,16,10356.30617,0.074930191,1.208040842,14.05941114
simvarmass_TMRL_a566aba4,444,1550,3067,0.099655,0.540854,3;6,386,0.874561,0.930288,0.93012,0.878378,386,0.917979,0.954377,0.954265,0.921986,468,0.905394,0.949112,0.881579,0.905405,0.761327,0.853234,0.781532,0.814079,0.818079,0.853604,0.548661,0.646609,0.782034,0.666667,0.569386,19.85559859,512,16,10356.30617,0.042872429,0.978709677,9.820979152
simvarmass_TMRL_a62aa723,1150,1476,3029,0.137986,0.653951,3;6,1029,0.904265,0.944521,0.943552,0.907826,1029,0.940239,0.963968,0.962998,0.943942,18703,0.936406,0.964462,0.108497,0.936522,0.792709,0.866699,0.818261,0.699052,0.749671,0.753913,0.569386,0.546923,0.69829,0.550435,0.536421,14.87229155,512,16,10356.30617,0.111043453,1.052168022,7.625179523
simvarmass_TMRL_a66b9c69,536,1619,3022,0.154044,0.591531,3;6,496,0.933652,0.96124,0.96124,0.940299,496,0.964234,0.97734,0.97734,0.971098,22308,0.970149,0.984848,0.045526,0.970149,0.843317,0.904858,0.854478,0.686284,0.753196,0.718284,0.536421,0.621193,0.755906,0.626866,0.60627,12.11721528,512,16,10356.30617,0.051755905,0.866584311,5.625563549
simvarmass_TMRL_a72b8843,1286,1475,3058,0.080397,0.590117,3;6,1165,0.908092,0.951488,0.950632,0.908243,1165,0.941021,0.969269,0.968412,0.941176,1225,0.928883,0.962066,0.951016,0.929238,0.786569,0.876585,0.815708,0.794731,0.794913,0.852255,0.60627,0.657182,0.780533,0.660964,0.543661,25.78728484,512,16,10356.30617,0.124175549,1.073220339,13.34900978
simvarmass_TMRL_a72f8a37,618,1317,3126,0.180966,0.612783,3;6,594,0.955449,0.974359,0.971947,0.961165,594,0.980843,0.987427,0.98495,0.986711,20475,0.565936,0.726619,0.05746,0.980583,0.827916,0.894552,0.860841,0.749384,0.785886,0.79288,0.543661,0.647259,0.777559,0.653722,0.529699,13.11614508,512,16,10356.30617,0.059673786,1.37357631,7.590245183
simvarmass_TMRL_a8db5834,256,1612,2926,0.134635,0.713443,3;6,215,0.870992,0.917548,0.912951,0.882812,215,0.902728,0.935345,0.930736,0.91498,252,0.905566,0.940206,0.901575,0.917969,0.728031,0.815315,0.773438,0.736359,0.786151,0.769531,0.529699,0.641567,0.772834,0.644531,0.599572,13.48190646,512,16,10356.30617,0.024719238,0.815136476,6.054417324
simvarmass_TMRL_aa416f85,2037,1674,3499,0.157965,0.704959,3;6,1772,0.889173,0.92818,0.925177,0.895434,1772,0.917551,0.943707,0.940737,0.924012,1956,0.876693,0.929454,0.908089,0.899362,0.744938,0.816292,0.810015,0.659416,0.731695,0.701522,0.599572,0.567694,0.71433,0.571429,0.61948,13.23206474,512,16,10356.30617,0.196691751,1.090203106,6.901548484
simvarmass_TMRL_aa62ca2c,1866,1416,3270,0.108532,0.5453,3;6,1647,0.885916,0.937998,0.937091,0.886388,1647,0.928197,0.961236,0.960327,0.928692,1750,0.909427,0.952274,0.938606,0.909432,0.783772,0.869385,0.799571,0.762597,0.77797,0.812433,0.61948,0.669508,0.790918,0.672026,0.640401,21.27779857,512,16,10356.30617,0.180180073,1.309322034,12.06392616
simvarmass_TMRL_ac8b146d,2019,1425,3055,0.0756,0.704181,3;6,1780,0.883923,0.936662,0.936036,0.884101,1780,0.924684,0.959096,0.958491,0.92487,1874,0.901915,0.947615,0.935012,0.901932,0.770453,0.862713,0.789995,0.773886,0.784952,0.821694,0.640401,0.589973,0.730397,0.591877,0.570013,28.35793187,512,16,10356.30617,0.19495368,1.143859649,15.13041864
simvarmass_TMRL_ad3cc05c,1445,1446,3385,0.187129,0.543694,3;6,1297,0.899373,0.945295,0.945295,0.90173,1297,0.934959,0.964645,0.964645,0.93741,1393,0.924567,0.960805,0.941508,0.924567,0.82147,0.895296,0.83045,0.658229,0.736725,0.692042,0.570013,0.585911,0.729301,0.588235,0.583121,12.5097688,512,16,10356.30617,0.139528513,1.340940526,7.165861655
simvarmass_TMRL_ae6ab853,1826,1460,3272,0.185926,0.608759,3;6,1628,0.906315,0.945213,0.941517,0.908543,1628,0.940836,0.963834,0.960142,0.94315,18025,0.908287,0.949873,0.169966,0.923877,0.800763,0.872694,0.83023,0.653637,0.733115,0.688938,0.583121,0.570073,0.717736,0.572837,0.532889,12.05369819,512,16,10356.30617,0.176317692,1.24109589,6.675214281
simvarmass_TMRL_af462d76,420,1580,3065,0.138042,0.679283,3;6,349,0.829965,0.90625,0.905072,0.830952,349,0.852286,0.919419,0.918206,0.853301,399,0.859524,0.924456,0.881563,0.859524,0.762223,0.865952,0.77619,0.655622,0.74359,0.692857,0.532889,0.474372,0.63593,0.47619,0.567017,14.05277682,512,16,10356.30617,0.040555,0.939873418,6.808604756
simvarmass_TMRL_afc93458,1511,1579,3268,0.178694,0.599209,3;6,1364,0.904153,0.94821,0.947478,0.904699,1364,0.948075,0.971856,0.971123,0.948647,21391,0.76271,0.870761,0.124443,0.943084,0.845877,0.91188,0.857048,0.586291,0.694633,0.614163,0.567017,0.575535,0.720297,0.577763,0.636524,11.58217033,512,16,10356.30617,0.145901442,1.069664345,5.986011531
simvarmass_TMRL_afda365f,2256,1624,3422,0.072571,0.57901,3;6,1963,0.892275,0.942141,0.929604,0.89273,1963,0.930639,0.963123,0.950557,0.931114,2103,0.914007,0.955072,0.946089,0.914007,0.803931,0.891051,0.8125,0.74619,0.768523,0.791667,0.636524,0.583837,0.729282,0.585106,0.585533,29.03560454,512,16,10356.30617,0.217838287,1.107142857,15.25599561
simvarmass_TMRL_b07da363,1552,1561,3281,0.146687,0.579689,3;6,1416,0.92134,0.954973,0.953504,0.923325,1416,0.950744,0.970628,0.969178,0.952793,1547,0.941761,0.968792,0.942885,0.94201,0.787523,0.871002,0.820232,0.737706,0.771383,0.781572,0.585533,0.616751,0.752444,0.621134,0.588518,14.32886202,512,16,10356.30617,0.149860382,1.101857783,7.511625321
simvarmass_TMRL_b1062cd2,1120,1666,3264,0.075086,0.598187,3;6,1031,0.922613,0.958662,0.958624,0.925,1031,0.943677,0.969925,0.969897,0.946119,1076,0.939286,0.968692,0.958106,0.939286,0.813234,0.893741,0.825,0.791978,0.789878,0.846429,0.588518,0.585856,0.725771,0.588393,0.590282,26.09252955,512,16,10356.30617,0.108146667,0.959183673,12.77446759
simvarmass_TMRL_b1617b06,1273,1469,3490,0.122205,0.60588,3;6,1142,0.906356,0.946848,0.944099,0.908877,1142,0.934244,0.961909,0.959192,0.936842,1227,0.930872,0.964199,0.948,0.930872,0.797783,0.868118,0.820896,0.768034,0.782463,0.818539,0.590282,0.624211,0.755958,0.62608,0.587037,19.44082343,512,16,10356.30617,0.122920275,1.375765827,11.25785219
simvarmass_TMRL_b2a1181c,2027,1335,3395,0.193561,0.700042,3;6,1808,0.891818,0.939149,0.937679,0.894919,1808,0.927985,0.958933,0.957401,0.931211,1972,0.916126,0.955155,0.928732,0.916132,0.817226,0.889791,0.832264,0.573611,0.684489,0.606315,0.587037,0.519649,0.673899,0.520967,0.528776,13.13834482,512,16,10356.30617,0.195726156,1.543071161,7.972014822
simvarmass_TMRL_b53fd232,377,1610,3350,0.173814,0.711784,3;6,338,0.916001,0.949861,0.945455,0.920424,338,0.951329,0.96875,0.964337,0.955923,393,0.951985,0.971351,0.92987,0.954907,0.828797,0.888563,0.851459,0.717724,0.76506,0.742706,0.528776,0.582706,0.726678,0.588859,0.617832,11.97110326,512,16,10356.30617,0.036402941,1.080745342,6.217826767
simvarmass_TMRL_b58de1b6,1696,1451,3182,0.095518,0.670908,3;6,1521,0.914684,0.951911,0.945601,0.915094,1521,0.943042,0.967116,0.960834,0.943465,1620,0.926251,0.96022,0.946924,0.926297,0.780322,0.861129,0.808962,0.769006,0.783518,0.814269,0.617832,0.612598,0.747576,0.614976,0.62818,22.95871318,512,16,10356.30617,0.163764954,1.192970365,12.48948225
simvarmass_TMRL_b689c4d9,1831,1390,3200,0.070839,0.638789,3;6,1651,0.901676,0.947731,0.947731,0.901693,1651,0.946114,0.971731,0.971731,0.946132,1719,0.927908,0.962606,0.957183,0.927908,0.812554,0.894565,0.825232,0.765179,0.780858,0.808848,0.62818,0.569103,0.716838,0.572365,0.528724,32.4984581,512,16,10356.30617,0.176800489,1.302158273,18.38194036
simvarmass_TMRL_b8c4544d,293,1513,3346,0.149539,0.657497,3;6,264,0.899852,0.944345,0.944345,0.901024,264,0.925111,0.958106,0.958106,0.926316,292,0.928328,0.962832,0.929915,0.928328,0.767685,0.853282,0.788396,0.755744,0.800731,0.788396,0.528724,0.599591,0.743697,0.604096,0.537964,14.78878641,512,16,10356.30617,0.028291941,1.21150033,8.101567688
simvarmass_TMRL_ba74c496,448,1383,3430,0.15646,0.523344,3;6,396,0.888334,0.939645,0.938389,0.888393,396,0.919108,0.956627,0.955368,0.919169,437,0.919643,0.95814,0.931073,0.919643,0.74896,0.851385,0.770089,0.775482,0.816229,0.814732,0.537964,0.598876,0.735695,0.602679,0.551651,15.85143609,512,16,10356.30617,0.043258667,1.480115691,9.460026144
simvarmass_TMRL_bb5e8dac,891,1603,3296,0.194031,0.642694,3;6,856,0.946086,0.960465,0.95478,0.95174,856,0.968923,0.972337,0.966396,0.974713,18009,0.694436,0.823755,0.091323,0.968575,0.798701,0.855028,0.863075,0.736941,0.782338,0.780022,0.551651,0.644713,0.770667,0.648709,0.539237,10.59699083,512,16,10356.30617,0.086034536,1.056144729,5.443175207
simvarmass_TMRL_bbb2fa80,405,1480,3236,0.105201,0.660071,3;6,370,0.920289,0.952258,0.952258,0.923457,370,0.958141,0.972332,0.972332,0.96144,409,0.962963,0.981132,0.958231,0.962963,0.805182,0.894022,0.812346,0.815607,0.820253,0.849383,0.539237,0.601001,0.725637,0.607407,0.570572,20.78389451,512,16,10356.30617,0.039106607,1.186486486,11.27828145
simvarmass_TMRL_bc410f7e,1615,1630,2908,0.166642,0.625295,3;6,1446,0.908535,0.945384,0.941522,0.912693,1446,0.947858,0.966434,0.962592,0.952196,19350,0.871362,0.933457,0.144527,0.93808,0.819139,0.885069,0.843344,0.598992,0.709278,0.639009,0.570572,0.571645,0.720062,0.573375,0.604217,10.70587895,512,16,10356.30617,0.155943632,0.78404908,4.704990817
simvarmass_TMRL_bdd06456,2057,1450,3026,0.140884,0.697191,3;6,1758,0.877396,0.926474,0.920052,0.879922,1758,0.914287,0.946893,0.940514,0.91692,1932,0.901655,0.944103,0.927551,0.902285,0.766305,0.847791,0.794361,0.695743,0.748677,0.733593,0.604217,0.56577,0.714505,0.567817,0.533789,14.81287124,512,16,10356.30617,0.198622942,1.086896552,7.714833137
simvarmass_TMRL_be862ff3,363,1458,3171,0.184387,0.682237,3;6,13064,0.893139,0.926036,0.049006,0.909091,13064,0.937022,0.949924,0.049068,0.953757,369,0.94666,0.961484,0.928962,0.953168,0.751009,0.816327,0.823691,0.755405,0.796992,0.804408,0.533789,0.641618,0.774834,0.644628,0.611296,11.79528448,512,16,10356.30617,0.035051107,1.174897119,6.371908645
simvarmass_TMRL_beac175f,1991,1346,3451,0.150315,0.735186,3;6,1718,0.886107,0.928399,0.924778,0.889503,1718,0.924169,0.949273,0.945685,0.927711,15454,0.903353,0.942827,0.206707,0.905575,0.755499,0.837525,0.794576,0.709386,0.757965,0.754395,0.611296,0.586944,0.731981,0.589151,0.551411,17.05680083,512,16,10356.30617,0.192250013,1.563893016,10.40410482
simvarmass_TMRL_beb8d9ce,280,1633,2965,0.055378,0.535112,3;6,256,0.92216,0.955224,0.955224,0.925,256,0.952786,0.971537,0.971537,0.95572,288,0.953571,0.976234,0.940141,0.953571,0.763279,0.866667,0.792857,0.87915,0.849741,0.925,0.551411,0.733853,0.831967,0.739286,0.53937,32.78696718,512,16,10356.30617,0.027036667,0.815676669,14.72925473
simvarmass_TMRL_bebc9568,613,1672,3246,0.17921,0.542176,3;6,570,0.943271,0.963652,0.963652,0.946166,570,0.973443,0.979381,0.979381,0.976431,640,0.969533,0.981788,0.949721,0.973899,0.794335,0.867857,0.843393,0.749918,0.798157,0.784666,0.53937,0.695718,0.80831,0.698206,0.541258,10.83303141,512,16,10356.30617,0.059190989,0.94138756,5.252985658
simvarmass_TMRL_bf32f465,622,1561,3161,0.162961,0.6701,3;6,566,0.930704,0.957465,0.951178,0.934084,566,0.953703,0.969595,0.963342,0.957166,645,0.946513,0.968543,0.926598,0.946945,0.78312,0.859219,0.807074,0.705577,0.77473,0.749196,0.541258,0.559794,0.70922,0.562701,0.5785,12.42618777,512,16,10356.30617,0.060060024,1.024983985,6.289750214
simvarmass_TMRL_bfe94955,1318,1501,3208,0.133763,0.722117,3;6,1209,0.919283,0.954491,0.954491,0.921093,1209,0.953277,0.972581,0.972581,0.955153,1300,0.935292,0.964678,0.940413,0.935508,0.815788,0.883527,0.831563,0.718016,0.750373,0.764036,0.5785,0.551772,0.701463,0.553869,0.597361,15.97782525,512,16,10356.30617,0.127265453,1.137241839,8.501916365
simvarmass_TMRL_c0010e10,1701,1509,3417,0.138854,0.533302,3;6,1533,0.902984,0.947759,0.947434,0.904174,1533,0.937714,0.966583,0.966257,0.93895,17091,0.919473,0.958193,0.167092,0.922986,0.803747,0.880487,0.824221,0.757566,0.786292,0.798942,0.597361,0.671774,0.791783,0.674309,0.643242,16.30787387,512,16,10356.30617,0.164247751,1.264413519,9.106064779
simvarmass_TMRL_c0213033,2467,1327,3085,0.088812,0.654884,3;6,2145,0.871089,0.930646,0.930182,0.871099,2145,0.915237,0.955284,0.954819,0.915247,2274,0.898257,0.946402,0.934824,0.898257,0.779506,0.875056,0.797325,0.730958,0.764221,0.777057,0.643242,0.580306,0.726076,0.581273,0.608755,26.17656134,512,16,10356.30617,0.238212347,1.324792766,14.91682166
simvarmass_TMRL_c02b436f,1345,1376,3492,0.079251,0.703308,3;6,1210,0.902097,0.947986,0.947162,0.902602,1210,0.938376,0.967665,0.96684,0.938902,1273,0.93004,0.963391,0.954927,0.930112,0.784986,0.876623,0.808178,0.80142,0.804036,0.848327,0.608755,0.565202,0.714151,0.569517,0.59646,32.02219149,512,16,10356.30617,0.129872561,1.537790698,19.40405418
simvarmass_TMRL_c0f004c4,1704,1613,3052,0.131212,0.506296,3;6,1506,0.898614,0.939826,0.938318,0.900235,1506,0.939409,0.961905,0.960459,0.941104,1646,0.92461,0.957798,0.939104,0.924883,0.775421,0.848327,0.808099,0.732198,0.763797,0.784624,0.59646,0.675266,0.793814,0.677817,0.545962,14.42037674,512,16,10356.30617,0.16453743,0.892126472,6.799122583
simvarmass_TMRL_c1621bcc,554,1442,3277,0.114759,0.614141,3;6,506,0.912725,0.95373,0.95283,0.913357,506,0.94514,0.971154,0.970221,0.945794,559,0.942238,0.97026,0.938005,0.942238,0.823753,0.903543,0.82852,0.805014,0.813462,0.848375,0.545962,0.605493,0.739035,0.608303,0.594286,19.8027008,512,16,10356.30617,0.053493977,1.272538141,11.0887873
simvarmass_TMRL_c1dbffdc,1138,1629,3356,0.073769,0.653448,3;6,1027,0.905636,0.948777,0.94873,0.905975,1027,0.945517,0.970269,0.970241,0.945872,1091,0.934974,0.966394,0.954688,0.934974,0.799299,0.884634,0.816344,0.807312,0.799636,0.859402,0.594286,0.582319,0.722735,0.585237,0.598477,27.92717276,512,16,10356.30617,0.109884739,1.060159607,14.37134307
simvarmass_TMRL_c25f7281,1591,1547,3417,0.104521,0.619403,3;6,1440,0.906325,0.950528,0.950181,0.906348,1440,0.94991,0.973978,0.973631,0.949934,19094,0.933374,0.965203,0.143582,0.933375,0.803872,0.889731,0.820239,0.758683,0.782967,0.796354,0.598477,0.595343,0.736638,0.597737,0.551157,21.13251125,512,16,10356.30617,0.153626204,1.208791209,11.56505591
simvarmass_TMRL_c286e651,276,1447,2915,0.054678,0.646575,3;6,262,0.952892,0.974074,0.973978,0.952899,262,0.963363,0.979516,0.979439,0.96337,283,0.960145,0.979667,0.948122,0.960145,0.83897,0.906615,0.851449,0.869053,0.813067,0.92029,0.551157,0.667047,0.782051,0.67029,0.560591,36.8432054,512,16,10356.30617,0.026650429,1.014512785,18.55431408
simvarmass_TMRL_c37876a5,762,1578,3063,0.119334,0.61792,3;6,657,0.879352,0.93352,0.926004,0.88189,657,0.929357,0.961095,0.953556,0.932039,734,0.926714,0.959128,0.942513,0.929134,0.751551,0.837004,0.787402,0.78474,0.804164,0.828084,0.560591,0.621776,0.754925,0.628609,0.545985,16.26581392,512,16,10356.30617,0.073578358,0.941064639,7.88597247
simvarmass_TMRL_c403b364,301,1402,3230,0.08364,0.695273,3;6,261,0.874212,0.928826,0.928826,0.877076,261,0.943147,0.966667,0.966667,0.946237,295,0.936877,0.96741,0.946309,0.936877,0.78376,0.863469,0.807309,0.840164,0.839669,0.887043,0.545985,0.621902,0.75502,0.624585,0.598662,27.54485462,512,16,10356.30617,0.029064417,1.303851641,15.58885271
simvarmass_TMRL_c4241d45,1396,1300,3026,0.080528,0.736812,3;6,1279,0.921886,0.957106,0.956262,0.92192,1279,0.954713,0.974554,0.973734,0.954748,1338,0.94341,0.970881,0.963424,0.94341,0.832628,0.909374,0.837393,0.75622,0.774347,0.797278,0.598662,0.524303,0.676134,0.528653,0.602639,28.90537835,512,16,10356.30617,0.134797096,1.327692308,16.48733742
simvarmass_TMRL_c465b212,2531,1522,3244,0.198613,0.657832,3;6,2167,0.863676,0.909672,0.909323,0.869617,2167,0.892595,0.925846,0.925477,0.898734,15386,0.875846,0.920204,0.248591,0.879889,0.742424,0.813536,0.799289,0.617855,0.716678,0.651126,0.602639,0.581224,0.725668,0.584749,0.597553,10.73145285,512,16,10356.30617,0.244392157,1.131406045,5.696535698
simvarmass_TMRL_c724cf94,2075,1501,3111,0.174308,0.631081,3;6,1789,0.890956,0.92764,0.923395,0.896386,1789,0.933232,0.950485,0.946419,0.93892,15636,0.915747,0.946096,0.215008,0.91759,0.756137,0.829614,0.811084,0.663498,0.738648,0.705542,0.597553,0.626881,0.758942,0.628916,0.568066,11.89055152,512,16,10356.30617,0.200361013,1.072618254,6.153580183
simvarmass_TMRL_c773909b,887,1674,3085,0.091623,0.500702,3;6,827,0.934223,0.965598,0.964994,0.934611,827,0.978342,0.988657,0.988053,0.978749,925,0.971815,0.985706,0.951435,0.971815,0.845257,0.913386,0.850056,0.828742,0.814597,0.875986,0.568066,0.670106,0.787839,0.67531,0.601524,20.11385,512,16,10356.30617,0.085648298,0.842891278,9.199559918
simvarmass_TMRL_c8168f67,1552,1632,3404,0.110065,0.637142,3;6,1364,0.893137,0.938692,0.932785,0.894974,1364,0.9404,0.964311,0.958421,0.942334,1516,0.932087,0.96363,0.942634,0.932345,0.78349,0.85927,0.818943,0.761981,0.787837,0.807345,0.601524,0.636906,0.763552,0.63982,0.545193,18.95047757,512,16,10356.30617,0.149860382,1.085784314,9.864937207
simvarmass_TMRL_c845118f,476,1490,3236,0.089313,0.693215,3;6,425,0.897973,0.943522,0.943396,0.89916,425,0.919216,0.955157,0.955056,0.92043,447,0.915966,0.95614,0.944745,0.915966,0.774881,0.872216,0.785714,0.758933,0.781395,0.789916,0.545193,0.504777,0.653171,0.508403,0.524526,24.31686407,512,16,10356.30617,0.045962334,1.171812081,13.12028574
simvarmass_TMRL_c97de8d3,376,1631,2967,0.190239,0.688451,3;6,352,0.873488,0.926554,0.901099,0.87766,352,0.892477,0.937143,0.911111,0.896739,368,0.896241,0.942335,0.905914,0.896277,0.748237,0.840979,0.776596,0.560405,0.687598,0.582447,0.524526,0.558689,0.709459,0.56117,0.609686,9.562336684,512,16,10356.30617,0.036306381,0.819129368,4.305790971
simvarmass_TMRL_cc84932a,2255,1363,3084,0.149851,0.548532,3;6,1976,0.882638,0.93591,0.933113,0.88337,1976,0.920605,0.956878,0.954084,0.921369,2105,0.89844,0.946015,0.929358,0.898448,0.788061,0.87177,0.801774,0.686112,0.749431,0.72949,0.609686,0.599141,0.739024,0.600887,0.537557,15.09937142,512,16,10356.30617,0.217741728,1.262655906,8.426075943
simvarmass_TMRL_ce31054b,289,1375,3466,0.094567,0.689277,3;6,254,0.88232,0.935543,0.935543,0.882353,254,0.951457,0.97318,0.97318,0.951493,287,0.941176,0.969697,0.944444,0.941176,0.823858,0.901887,0.82699,0.867599,0.840722,0.906574,0.537557,0.612812,0.74569,0.615917,0.563377,26.65546409,512,16,10356.30617,0.027905703,1.520727273,16.08095078
simvarmass_TMRL_ce40b073,1139,1439,2980,0.160327,0.702092,3;6,1013,0.907454,0.946931,0.94052,0.912204,1013,0.949991,0.969754,0.963351,0.954963,1121,0.942922,0.969259,0.950442,0.942932,0.816952,0.876089,0.848112,0.676279,0.737589,0.713784,0.563377,0.548117,0.703867,0.559263,0.562469,12.91661765,512,16,10356.30617,0.109981298,1.070882557,6.679365031
simvarmass_TMRL_cff585d1,1053,1452,3007,0.139359,0.545196,3;6,950,0.901681,0.946,0.945582,0.902184,950,0.936361,0.964814,0.964358,0.936884,1035,0.927825,0.962088,0.935824,0.927825,0.801378,0.883794,0.821462,0.723487,0.777402,0.764482,0.562469,0.604014,0.743322,0.608737,0.576316,14.86044417,512,16,10356.30617,0.101677179,1.070936639,7.684732519
simvarmass_TMRL_d12eec9e,549,1450,3292,0.050772,0.685956,3;6,504,0.920769,0.957265,0.957265,0.921676,504,0.973992,0.985337,0.985337,0.974952,523,0.945355,0.97191,0.968284,0.945355,0.836409,0.908734,0.846995,0.868054,0.834688,0.91439,0.576316,0.622698,0.752252,0.630237,0.55774,44.71647419,512,16,10356.30617,0.053011179,1.270344828,25.02057881
simvarmass_TMRL_d2c8fb9a,475,1643,3013,0.051253,0.706398,3;6,453,0.954986,0.976293,0.976293,0.955789,453,0.979737,0.989083,0.989083,0.980562,483,0.976842,0.988285,0.968685,0.976842,0.863158,0.926554,0.863158,0.869862,0.856223,0.903158,0.55774,0.61873,0.752246,0.621053,0.578867,35.7801599,512,16,10356.30617,0.045865774,0.833840536,16.26910689
simvarmass_TMRL_d2d73305,1255,1535,3253,0.149302,0.677493,3;6,1038,0.889962,0.928632,0.905364,0.898805,1038,0.935429,0.953336,0.930108,0.944724,1236,0.932794,0.956882,0.932156,0.936255,0.748601,0.821007,0.807171,0.76762,0.796974,0.81753,0.578867,0.615923,0.75,0.620717,0.519638,14.19417182,512,16,10356.30617,0.121182203,1.119218241,7.496337899
simvarmass_TMRL_d311a735,135,1487,3401,0.197728,0.587065,3;6,426,0.820844,0.893443,0.395722,0.822222,426,0.872551,0.923729,0.401447,0.874016,20478,0.879435,0.932806,0.011546,0.881481,0.669937,0.784141,0.718519,0.724842,0.780669,0.777778,0.519638,0.792839,0.865079,0.807407,0.615236,11.5671799,512,16,10356.30617,0.013035536,1.287155346,6.509727233
simvarmass_TMRL_d3939da3,2504,1495,3280,0.133408,0.63394,3;6,2238,0.893947,0.942839,0.94264,0.894169,2238,0.930359,0.96274,0.962532,0.93059,2342,0.903754,0.949444,0.933966,0.903754,0.811431,0.892341,0.822684,0.627121,0.714899,0.664936,0.615236,0.551587,0.702035,0.552716,0.58377,16.44563994,512,16,10356.30617,0.241785049,1.193979933,8.949837589
simvarmass_TMRL_d497b2ec,1870,1489,3227,0.174836,0.719956,3;6,1614,0.88771,0.93216,0.925373,0.892513,1614,0.931548,0.956041,0.949352,0.936588,18334,0.904001,0.948247,0.169471,0.915508,0.808622,0.872428,0.842246,0.617202,0.709419,0.662567,0.58377,0.514815,0.670833,0.516578,0.558601,12.39576704,512,16,10356.30617,0.180566311,1.167226326,6.676121202
simvarmass_TMRL_d4d47896,1003,1646,3136,0.130866,0.521344,3;6,937,0.936272,0.965979,0.965979,0.938185,937,0.969123,0.983211,0.983211,0.971104,22250,0.942578,0.970825,0.083,0.962114,0.824841,0.903471,0.839482,0.731148,0.776376,0.7667,0.558601,0.625026,0.757049,0.629113,0.594847,14.55859266,512,16,10356.30617,0.096849203,0.905224787,6.917188478
simvarmass_TMRL_d5a7c403,1168,1677,3191,0.066173,0.519435,3;6,1075,0.922473,0.958111,0.957646,0.922945,1075,0.962867,0.979499,0.979034,0.96336,1141,0.954623,0.976785,0.965786,0.954623,0.82868,0.903944,0.835616,0.8125,0.802092,0.875,0.594847,0.634325,0.763335,0.639555,0.610388,28.75496991,512,16,10356.30617,0.112781525,0.902802624,13.64306626
simvarmass_TMRL_d7bbd0e2,2032,1321,3204,0.126886,0.630586,3;6,1811,0.893566,0.941697,0.941452,0.894193,1811,0.934978,0.964286,0.964029,0.935633,1922,0.918799,0.957681,0.94436,0.918799,0.808768,0.892943,0.822835,0.719143,0.757761,0.762795,0.610388,0.551028,0.702411,0.552165,0.537004,19.11507397,512,16,10356.30617,0.196208954,1.425435276,11.23398386
simvarmass_TMRL_d8b2080a,409,1482,3017,0.154381,0.665563,3;6,370,0.90774,0.94359,0.942234,0.91687,370,0.947106,0.964613,0.963255,0.956633,18953,0.947799,0.969925,0.040285,0.953545,0.76398,0.833787,0.823961,0.752053,0.777523,0.828851,0.537004,0.62298,0.755882,0.628362,0.606025,13.18661288,512,16,10356.30617,0.039492846,1.035762483,6.709131843
simvarmass_TMRL_d8f4a6ae,1958,1599,3484,0.113296,0.738977,3;6,1723,0.885331,0.936942,0.935072,0.886108,1723,0.927489,0.960067,0.958241,0.928304,18630,0.903984,0.949571,0.171945,0.903984,0.805799,0.885264,0.819714,0.658133,0.721483,0.705822,0.606025,0.514389,0.673565,0.515322,0.583213,19.23158619,512,16,10356.30617,0.189063549,1.178861789,10.40514924
simvarmass_TMRL_d9f4557f,1315,1527,3208,0.129037,0.696504,3;6,1138,0.888074,0.932306,0.927028,0.889734,1138,0.935751,0.958333,0.95306,0.9375,1268,0.925927,0.956453,0.937669,0.926996,0.770152,0.850171,0.806084,0.724872,0.761548,0.774144,0.583213,0.575639,0.721513,0.580228,0.656009,16.28099958,512,16,10356.30617,0.126975775,1.100851343,8.53128438
simvarmass_TMRL_db34801c,2242,1570,3363,0.064553,0.54668,3;6,1080,0.88158,0.935797,0.650211,0.881802,1080,0.916745,0.95526,0.667491,0.916976,2076,0.893845,0.943725,0.928208,0.893845,0.763987,0.863894,0.788582,0.77548,0.788793,0.823372,0.656009,0.656042,0.780127,0.658341,0.565186,33.18262848,512,16,10356.30617,0.216486454,1.142038217,17.69148167
simvarmass_TMRL_db5f4d7e,1287,1603,3342,0.172578,0.711171,3;6,1148,0.904674,0.942717,0.941273,0.909091,1148,0.936698,0.96,0.958595,0.941271,19561,0.933902,0.960516,0.115407,0.934732,0.816131,0.884058,0.842269,0.64796,0.728926,0.685315,0.565186,0.55992,0.706628,0.563326,0.606315,12.08057182,512,16,10356.30617,0.124272108,1.084840923,6.286090482
simvarmass_TMRL_dc02391f,2259,1358,3061,0.177358,0.651637,3;6,1921,0.883308,0.927981,0.917703,0.886676,1921,0.925507,0.951113,0.940888,0.929035,2229,0.908952,0.945132,0.911765,0.91058,0.770626,0.840708,0.810536,0.655324,0.732093,0.696768,0.606315,0.599608,0.739555,0.603364,0.587186,12.70904089,512,16,10356.30617,0.218127966,1.254050074,7.070727419
simvarmass_TMRL_dcd948ad,1031,1408,3329,0.10185,0.698037,3;6,940,0.924261,0.955466,0.953831,0.925315,940,0.954823,0.971693,0.970072,0.955912,1002,0.946195,0.968064,0.956222,0.946654,0.778887,0.863225,0.809893,0.822915,0.808765,0.872939,0.587186,0.604237,0.746286,0.609117,0.650564,23.21400678,512,16,10356.30617,0.09955287,1.364346591,13.39564645
simvarmass_TMRL_dd7166d2,2456,1433,3360,0.061508,0.634808,3;6,349,0.895765,0.945017,0.248841,0.895765,349,0.93102,0.964278,0.257375,0.93102,18586,0.914902,0.95556,0.213573,0.914902,0.808899,0.89356,0.814332,0.723863,0.755931,0.765879,0.650564,0.540804,0.691371,0.54316,0.593178,38.12075393,512,16,10356.30617,0.237150192,1.344731333,21.8627062
simvarmass_TMRL_de87cb98,1859,1650,3184,0.144187,0.699954,3;6,1594,0.880309,0.925691,0.922676,0.883271,1594,0.915777,0.945294,0.942325,0.918858,1774,0.898466,0.941076,0.918249,0.89887,0.756199,0.833384,0.796127,0.669278,0.733389,0.709521,0.593178,0.574921,0.720027,0.578268,0.560407,13.38329371,512,16,10356.30617,0.179504156,0.92969697,6.447855699
simvarmass_TMRL_e2d70a40,623,1566,3090,0.080858,0.639865,3;6,571,0.917373,0.955649,0.954774,0.918138,571,0.957326,0.976903,0.976027,0.958124,616,0.958266,0.978689,0.96368,0.958266,0.817097,0.896432,0.829856,0.829878,0.812141,0.88764,0.560407,0.58091,0.714844,0.58748,0.560082,24.40302848,512,16,10356.30617,0.060156584,0.973180077,12.03566841
simvarmass_TMRL_e587ecca,1166,1417,3290,0.18462,0.544464,3;6,1059,0.910234,0.949595,0.948315,0.913379,1059,0.943407,0.967446,0.966117,0.946667,1188,0.944254,0.971328,0.935429,0.944254,0.828579,0.900469,0.837907,0.686988,0.748895,0.726415,0.560082,0.60088,0.73913,0.604631,0.612393,12.5761382,512,16,10356.30617,0.112588406,1.321806634,7.159606943
simvarmass_TMRL_e6bb8457,1159,1589,3437,0.055216,0.686477,3;6,1060,0.917844,0.955856,0.955385,0.918033,1060,0.959226,0.97788,0.977409,0.959423,1112,0.949957,0.974336,0.969617,0.949957,0.776698,0.870056,0.80069,0.832016,0.812554,0.888697,0.612393,0.632649,0.766511,0.635893,0.589174,39.17334821,512,16,10356.30617,0.111912489,1.162995595,21.06265566
simvarmass_TMRL_e79f6619,1716,1386,3316,0.168853,0.7172,3;6,1502,0.898513,0.937059,0.931013,0.900932,1502,0.934454,0.95644,0.950508,0.93697,17078,0.899625,0.945986,0.169522,0.928322,0.758289,0.843067,0.798368,0.709843,0.755647,0.750583,0.589174,0.57148,0.717742,0.572844,0.535606,14.169108,512,16,10356.30617,0.165696144,1.392496392,8.246796874
simvarmass_TMRL_ea7ac772,41,1326,3354,0.067926,0.571381,3;6,33,0.195122,0.326531,0.216216,0.195122,33,0.205128,0.340426,0.222222,0.205128,10,0.195122,0.326531,0.313725,0.195122,0.170732,0.291667,0.170732,0.192683,0.313725,0.195122,0.535606,0.268293,0.423077,0.268293,0.62534,37.23775527,512,16,10356.30617,0.003958941,1.529411765,22.51585203
simvarmass_TMRL_eaeb7500,2381,1544,3366,0.126782,0.71782,3;6,1996,0.855902,0.912361,0.910669,0.858043,1996,0.897754,0.936011,0.934365,0.9,2135,0.8726,0.924153,0.915855,0.874003,0.732436,0.824703,0.772365,0.668827,0.736063,0.709786,0.62534,0.565435,0.710809,0.570349,0.619908,17.19527862,512,16,10356.30617,0.229908228,1.180051813,9.3077236
simvarmass_TMRL_ebd071e5,2555,1443,3457,0.164361,0.66027,3;6,2227,0.880241,0.930378,0.930155,0.881409,2227,0.918715,0.951668,0.951444,0.919935,15867,0.895827,0.943583,0.248724,0.896673,0.762987,0.849309,0.798826,0.652209,0.730467,0.691585,0.619908,0.576131,0.721544,0.578082,0.533219,14.57586286,512,16,10356.30617,0.246709585,1.395703396,8.491694476
simvarmass_TMRL_ec03aa6c,454,1560,3083,0.196847,0.588579,3;6,412,0.938399,0.954751,0.946882,0.944934,412,0.968258,0.970115,0.962441,0.975,502,0.857206,0.924686,0.924686,0.973568,0.758666,0.83293,0.839207,0.738341,0.797235,0.773128,0.533219,0.703079,0.815584,0.704846,0.565158,10.0396859,512,16,10356.30617,0.043838024,0.976282051,4.959598324
simvarmass_TMRL_ed5a8d2f,1062,1690,3200,0.154697,0.552457,3;6,957,0.899795,0.939711,0.935116,0.905838,957,0.93046,0.956389,0.951613,0.936709,1076,0.931945,0.957884,0.924228,0.934087,0.7556,0.832891,0.797552,0.74491,0.787671,0.798493,0.565158,0.648865,0.778403,0.651601,0.532832,12.23999899,512,16,10356.30617,0.102546215,0.893491124,5.775749525
simvarmass_TMRL_eddd606c,93,1480,3292,0.062369,0.562692,3;6,82,0.88172,0.937143,0.937143,0.88172,82,0.891304,0.942529,0.942529,0.891304,103,0.892473,0.943182,0.846939,0.892473,0.759629,0.860606,0.763441,0.806565,0.770833,0.870968,0.532832,0.634153,0.772152,0.655914,0.527801,35.66394081,512,16,10356.30617,0.008980036,1.224324324,19.63033437
simvarmass_TMRL_f023a4b4,101,1411,3081,0.115971,0.749175,3;6,92,0.890981,0.936842,0.932642,0.891089,92,0.927723,0.956989,0.952381,0.927835,118,0.930305,0.958763,0.858447,0.930693,0.697979,0.793103,0.752475,0.809491,0.820513,0.851485,0.527801,0.712612,0.811111,0.722772,0.633116,18.82848092,512,16,10356.30617,0.009752512,1.18355776,10.20563555
simvarmass_TMRL_f0f3a4a2,1362,1340,3422,0.052965,0.635069,3;6,1233,0.908952,0.951501,0.950289,0.908957,1233,0.945754,0.971316,0.970102,0.94576,1284,0.934655,0.966224,0.962207,0.934655,0.783644,0.876305,0.801762,0.82848,0.806516,0.877386,0.633116,0.613822,0.750224,0.615272,0.567848,48.21545064,512,16,10356.30617,0.131514072,1.553731343,29.33505793
simvarmass_TMRL_f24946d7,1217,1328,3054,0.184573,0.616533,3;6,1098,0.913647,0.949547,0.948596,0.917009,1098,0.953609,0.970899,0.969965,0.957118,1208,0.938654,0.964696,0.940206,0.939195,0.79427,0.863225,0.824979,0.706069,0.760695,0.74774,0.567848,0.606327,0.742629,0.610518,0.533422,12.45956232,512,16,10356.30617,0.117512941,1.299698795,7.041651786
simvarmass_TMRL_f4a57b9f,460,1386,3031,0.170622,0.616183,3;6,407,0.891003,0.93887,0.93887,0.897826,407,0.918971,0.954279,0.954279,0.926009,455,0.921739,0.959276,0.926776,0.921739,0.805493,0.889952,0.815217,0.659798,0.736721,0.693478,0.533422,0.541937,0.691563,0.543478,0.58949,12.81703817,512,16,10356.30617,0.044417381,1.186868687,6.956129262
simvarmass_TMRL_f5c16209,1638,1513,2942,0.110036,0.745249,3;6,1464,0.901155,0.944998,0.943907,0.90232,1464,0.944397,0.968359,0.967294,0.945617,1555,0.92674,0.961648,0.95083,0.92674,0.804203,0.884459,0.819292,0.686302,0.74111,0.725275,0.58949,0.515322,0.673023,0.517094,0.60272,17.67131814,512,16,10356.30617,0.158164501,0.944481163,8.583383286
simvarmass_TMRL_f7e45d35,1213,1477,3430,0.070864,0.543458,3;6,1111,0.918315,0.956559,0.95611,0.919209,1111,0.957796,0.977582,0.977133,0.958727,18354,0.944765,0.971598,0.117136,0.944765,0.804485,0.89228,0.822754,0.82537,0.815063,0.875515,0.60272,0.647837,0.771443,0.650453,0.6124,32.77086929,512,16,10356.30617,0.117126703,1.322274882,18.6593317
simvarmass_TMRL_f8a97aae,1588,1406,3358,0.073968,0.620873,3;6,1432,0.903008,0.948344,0.948344,0.903023,1432,0.946519,0.971836,0.971836,0.946535,1508,0.939547,0.968831,0.963824,0.939547,0.821237,0.90137,0.829345,0.770856,0.769477,0.826196,0.6124,0.569489,0.716147,0.571159,0.521474,32.28876952,512,16,10356.30617,0.153336525,1.388335704,18.7694098
simvarmass_TMRL_f9a98ebb,140,1448,2959,0.140283,0.554698,3;6,137,0.978328,0.985507,0.981949,0.978571,137,0.992507,0.992701,0.989091,0.992754,181,0.76247,0.866044,0.866044,0.992857,0.852883,0.915385,0.864286,0.758829,0.801444,0.807143,0.521474,0.888437,0.929368,0.892857,0.608298,14.56704153,512,16,10356.30617,0.013518333,1.043508287,7.438594037
simvarmass_TMRL_f9aea244,2358,1424,3122,0.171216,0.529405,3;6,2049,0.883031,0.932912,0.92943,0.884648,2049,0.918882,0.95271,0.949247,0.920565,15822,0.888089,0.940106,0.233773,0.901187,0.762921,0.846953,0.799406,0.67279,0.744425,0.707803,0.608298,0.649662,0.77624,0.653944,0.591001,12.80496992,512,16,10356.30617,0.227687359,1.19241573,6.964394276
simvarmass_TMRL_fa2aaf75,2270,1646,2917,0.179591,0.514796,3;6,1986,0.882891,0.929008,0.928571,0.885463,1986,0.920607,0.949772,0.949315,0.923289,16538,0.895596,0.942693,0.219162,0.90793,0.763015,0.834515,0.807489,0.618975,0.721175,0.648899,0.591001,0.646417,0.772993,0.648018,0.600311,9.86783842,512,16,10356.30617,0.219190121,0.77217497,4.299630659
simvarmass_TMRL_faf6135e,2066,1429,3347,0.151135,0.718927,3;6,1815,0.892387,0.937612,0.93378,0.893998,1815,0.933032,0.95979,0.955948,0.934717,1969,0.912845,0.952067,0.93482,0.912875,0.802074,0.882619,0.826718,0.643346,0.720307,0.682478,0.600311,0.530359,0.685376,0.531946,0.563743,15.49738539,512,16,10356.30617,0.199491978,1.342197341,8.880784337
simvarmass_TMRL_fbfb73de,1239,1529,3124,0.158123,0.50655,3;6,1096,0.888331,0.93881,0.937901,0.891041,1096,0.928029,0.960595,0.959684,0.93086,1193,0.923325,0.960134,0.940789,0.923325,0.820499,0.899602,0.833737,0.664439,0.732656,0.696529,0.563743,0.600522,0.740997,0.606134,0.602071,12.92136797,512,16,10356.30617,0.119637251,1.043165468,6.597177309
simvarmass_TMRL_fc1513a8,1861,1399,3065,0.149897,0.541252,3;6,1649,0.906524,0.944806,0.939601,0.909726,1649,0.939332,0.962514,0.957329,0.94265,1795,0.92177,0.955717,0.936543,0.922085,0.771503,0.846741,0.810317,0.727515,0.772727,0.770553,0.602071,0.650499,0.776396,0.653949,0.525318,14.61570684,512,16,10356.30617,0.179697275,1.190850608,7.944459246
simvarmass_TMRL_fc5b60a0,227,1449,2944,0.198416,0.638804,3;6,220,0.880372,0.919811,0.885906,0.903084,220,0.916718,0.939759,0.90411,0.940367,260,0.915344,0.946882,0.845996,0.933921,0.62931,0.717678,0.770925,0.757432,0.809639,0.792952,0.525318,0.774728,0.860636,0.784141,0.591149,10.23982961,512,16,10356.30617,0.021919012,1.031746032,5.199913473
simvarmass_TMRL_fc9ef2d1,1668,1554,3473,0.138155,0.598843,3;6,1487,0.894366,0.942667,0.942631,0.895084,1487,0.930052,0.962173,0.962148,0.930798,1614,0.915462,0.955542,0.93053,0.915468,0.791528,0.877888,0.811751,0.743037,0.783082,0.775779,0.591149,0.593682,0.73486,0.596523,0.562925,16.17659683,512,16,10356.30617,0.161061287,1.234877735,8.938349932
simvarmass_TMRL_fdb9a44a,1252,1441,3477,0.176174,0.729903,3;6,1114,0.895205,0.940828,0.940828,0.896166,1114,0.931669,0.960725,0.960725,0.932668,1205,0.922488,0.958836,0.939357,0.922524,0.830973,0.898828,0.845847,0.615867,0.702911,0.655751,0.562925,0.505807,0.661483,0.509585,0.61901,13.69616233,512,16,10356.30617,0.120892525,1.412907703,8.019955856
simvarmass_TMRL_fe259400,1383,1388,2967,0.063204,0.545221,3;6,1248,0.903246,0.947249,0.947168,0.903832,1248,0.942074,0.968192,0.968143,0.942685,1300,0.921186,0.958976,0.949683,0.921186,0.75556,0.857028,0.776573,0.814468,0.80298,0.869848,0.61901,0.672422,0.79119,0.675343,0.563027,33.82077193,512,16,10356.30617,0.133541822,1.137608069,17.9989885
simvarmass_TMRL_feb3ab2e,1258,1655,3185,0.153511,0.535825,3;6,1150,0.914572,0.953411,0.952658,0.914944,1150,0.963594,0.979487,0.978669,0.963987,20867,0.941209,0.96987,0.107661,0.946741,0.794047,0.881266,0.81558,0.679485,0.744205,0.714626,0.563027,0.615773,0.754607,0.618442,0.605688,12.53637393,512,16,10356.30617,0.121471882,0.924471299,6.022182769
simvarmass_TMRL_ff787d2e,2275,1471,3419,0.148255,0.521034,3;6,2023,0.890975,0.940163,0.939507,0.891429,2023,0.921768,0.957099,0.956419,0.922237,2217,0.908132,0.951854,0.919858,0.908132,0.793721,0.884195,0.807473,0.67535,0.743649,0.707692,0.605688,0.599678,0.741664,0.602637,0.582931,15.67750973,512,16,10356.30617,0.219672918,1.324269205,8.932374656
simvarmass_TMRL_ffeace8a,1248,1538,3161,0.127901,0.5749,3;6,1103,0.896872,0.939086,0.937473,0.899038,1103,0.935084,0.959792,0.958261,0.937343,1195,0.930874,0.961395,0.949652,0.93109,0.748833,0.834449,0.783654,0.77994,0.797971,0.826122,0.582931,0.650262,0.772749,0.653846,0.582931,16.06919868,512,16,10356.30617,0.120506287,1.05526658,8.250651519
