IMGNAME,SPOTS_ACTUAL,SPOTS_ACTUAL_XYTRIM,BKG_LVL,AMP_LVL,BKG_VAR,AMP_VAR,CLUSTERING,HB_SPOTS,PRAUC_HB,FSPEAK_HB,HB_FSCORE,HB_MAXREC,HBTr_SPOTS,PRAUC_HBTr,FSPEAK_HBTr,HBTr_FSCORE,HBTr_MAXREC,BF_SPOTS,PRAUC_BF,FSPEAK_BF,BF_FSCORE,BF_MAXREC,BFTr_SPOTS,PRAUC_BFTr,FSPEAK_BFTr,BFTr_FSCORE,BFTr_MAXREC,PRAUC_RS,FSPEAK_RS,RS_MAXREC,PRAUC_RSTr,FSPEAK_RSTr,RSTr_MAXREC,PRAUC_DB,FSPEAK_DB,DB_MAXREC,PRAUC_DBTr,FSPEAK_DBTr,DBTr_MAXREC,PRAUC_DBALT,FSPEAK_DBALT,DBALT_MAXREC,PRAUC_DBALTTr,FSPEAK_DBALTTr,DBALTTr_MAXREC,FILT_PROP_ZERO,BASE_SNR,ALVL_TO_BKGVAR_SNR,XY_DIM,Z_DIM,ADJ_FACTOR,ACTUAL_SPOTS_PER_VOXBOX,SNR_SUBBKG,SNR_SUBBKG_STDBKG
sim_mESC_histone_100x_1,9983,9860,1000,2500,0.1,0.55,<UNK>,9433,0.951965,0.973059,0.971673,0.95893,9433,0.960334,0.977431,0.976046,0.967361,9877,0.962569,0.979619,0.966566,0.966944,9698,0.96213,0.97941,0.968913,0.966531,0.908182,0.951537,0.919463,0.909344,0.952166,0.920588,0.672468,0.724643,0.704297,0.672521,0.725234,0.703955,0.74399,0.836394,0.746669,0.744211,0.836701,0.746805,0.522283,2.5,25,2048,81,838860.8,0.011900663,1.5,15
sim_mESC_histone_100x_2,9827,9685,1000,2500,0.1,0.55,<UNK>,9402,0.962362,0.978248,0.977378,0.967131,9402,0.972156,0.983302,0.982436,0.976974,9786,0.972872,0.985082,0.974252,0.975679,9584,0.972695,0.985237,0.977113,0.975426,0.921598,0.959395,0.93528,0.923762,0.960546,0.937539,0.681637,0.728987,0.715274,0.68085,0.728807,0.7143,0.758454,0.844152,0.76127,0.757716,0.844106,0.760488,0.52221,2.5,25,2048,81,838860.8,0.011714697,1.5,15
sim_mESC_histone_100x_3,9952,9829,1000,2500,0.1,0.55,<UNK>,9496,0.958736,0.976797,0.976142,0.963123,9496,0.967584,0.981381,0.98073,0.972011,9919,0.969616,0.982937,0.970359,0.971564,9747,0.969254,0.983037,0.972415,0.971208,0.91544,0.956418,0.928356,0.916729,0.957114,0.9298,0.673794,0.724722,0.706793,0.67332,0.724969,0.706205,0.756743,0.843943,0.759043,0.756421,0.844162,0.758652,0.522294,2.5,25,2048,81,838860.8,0.011863708,1.5,15
sim_mESC_RNA_100x_1,307,307,250,3000,0.05,0.5,<UNK>,159,0.519682,0.682403,0.682403,0.527687,159,0.519682,0.682403,0.682403,0.527687,156,0.514106,0.673866,0.673866,0.517915,156,0.514258,0.673866,0.673866,0.517915,0.499289,0.666667,0.514658,0.499289,0.666667,0.514658,0.42696,0.565875,0.452769,0.42696,0.565875,0.452769,0.573137,0.694215,0.602606,0.573137,0.694215,0.602606,0.573829,12,240,2048,69,714585.1259,0.00042962,11,220
sim_mESC_RNA_100x_2,290,288,250,3000,0.05,0.5,<UNK>,210,0.732759,0.844622,0.84,0.734483,210,0.735294,0.846307,0.841683,0.737024,211,0.729311,0.842315,0.842315,0.731034,209,0.727431,0.841046,0.841046,0.729167,0.65125,0.790323,0.675862,0.649031,0.788618,0.673611,0.587096,0.675522,0.662069,0.587678,0.67433,0.659722,0.792731,0.849624,0.824138,0.791309,0.848485,0.822917,0.573931,12,240,2048,69,714585.1259,0.00040583,11,220
sim_mESC_RNA_100x_3,274,271,250,3000,0.05,0.5,<UNK>,145,0.538322,0.698337,0.692124,0.540146,145,0.540294,0.7,0.69378,0.542125,146,0.531023,0.692124,0.690476,0.532847,142,0.525831,0.687651,0.687651,0.527675,0.482134,0.641509,0.49635,0.480234,0.639618,0.494465,0.434716,0.576832,0.478102,0.429606,0.574163,0.472325,0.612247,0.733624,0.649635,0.607829,0.730088,0.645756,0.573791,12,240,2048,69,714585.1259,0.000383439,11,220
sim_mESC_RNA_LE_100x_1,55,54,250,3000,0.05,0.5,<UNK>,37,0.672727,0.804348,0.804348,0.672727,37,0.685185,0.813187,0.813187,0.685185,39,0.690909,0.817204,0.808511,0.690909,37,0.685185,0.813187,0.813187,0.685185,0.587901,0.731183,0.618182,0.582245,0.725275,0.611111,0.587779,0.725275,0.636364,0.598664,0.733333,0.648148,0.690166,0.816327,0.745455,0.684449,0.8125,0.740741,0.573613,12,240,2048,69,714585.1259,7.69677E-05,11,220
sim_mESC_RNA_LE_100x_2,47,46,250,3000,0.05,0.5,<UNK>,33,0.702128,0.825,0.825,0.702128,33,0.717391,0.835443,0.835443,0.717391,35,0.723404,0.839506,0.829268,0.723404,33,0.717391,0.835443,0.835443,0.717391,0.615721,0.765432,0.659574,0.608659,0.759494,0.652174,0.550284,0.659091,0.659574,0.54176,0.658824,0.652174,0.707592,0.785714,0.829787,0.702241,0.780488,0.826087,0.573586,12,240,2048,69,714585.1259,6.57724E-05,11,220
sim_mESC_RNA_LE_100x_3,50,49,250,3000,0.05,0.5,<UNK>,47,0.950002,0.969072,0.969072,0.96,47,0.96939,0.979167,0.979167,0.979592,49,0.970001,0.979592,0.969697,0.98,48,0.969389,0.979167,0.969072,0.979592,0.717544,0.821053,0.8,0.714051,0.817204,0.795918,0.802549,0.845361,0.86,0.803631,0.863158,0.857143,0.778166,0.823529,0.98,0.77387,0.82,0.979592,0.573637,12,240,2048,69,714585.1259,6.99707E-05,11,220
sim_mESC_RNA_LEHB_100x_1,56,56,250,3000,0.15,0.5,<UNK>,47,0.821429,0.901961,0.893204,0.821429,47,0.821429,0.901961,0.893204,0.821429,80,0.821429,0.901961,0.676471,0.821429,70,0.821429,0.901961,0.730159,0.821429,0.790831,0.868687,0.803571,0.791076,0.868687,0.803571,0.637352,0.729167,0.678571,0.637352,0.729167,0.678571,0.829133,0.859813,0.875,0.829133,0.859813,0.875,0.511146,12,80,2048,69,714585.1259,7.83672E-05,11,73.33333333
sim_mESC_RNA_LEHB_100x_2,52,52,250,3000,0.15,0.5,<UNK>,34,0.653846,0.790698,0.790698,0.653846,34,0.653846,0.790698,0.790698,0.653846,49,0.653846,0.790698,0.673267,0.653846,44,0.653846,0.790698,0.708333,0.653846,0.591673,0.735632,0.615385,0.591673,0.735632,0.615385,0.561912,0.690476,0.576923,0.561912,0.690476,0.576923,0.662818,0.778947,0.730769,0.662818,0.778947,0.730769,0.511183,12,80,2048,69,714585.1259,7.27695E-05,11,73.33333333
sim_mESC_RNA_LEHB_100x_3,66,64,250,3000,0.15,0.5,<UNK>,210,0.000014,0.000036,NaN,0.924242,210,0.000015,0.000036,NaN,0.953125,37,0.000021,0.000101,NaN,0.742424,36,0.000022,0.000107,NaN,0.753846,0,NaN,0,0,NaN,0,0,NaN,0,0,NaN,0,0,NaN,0,0,NaN,0,0.511197,12,80,2048,69,714585.1259,9.23613E-05,11,73.33333333
sim_mESC_RNA_TMRLike_100x_1,500,498,1100,10000,0.05,0.5,<UNK>,360,0.728016,0.841251,0.837209,0.732,360,0.728016,0.841251,0.837209,0.732,364,0.727003,0.841251,0.840278,0.732,361,0.725907,0.840512,0.840512,0.730924,0.660631,0.787671,0.69,0.659124,0.786697,0.688755,0.543725,0.67063,0.628,0.542961,0.670644,0.627255,0.760229,0.837778,0.79,0.759083,0.836689,0.788732,0.525123,9.090909091,181.8181818,2048,69,714585.1259,0.000699707,8.090909091,161.8181818
sim_mESC_RNA_TMRLike_100x_2,478,472,1100,10000,0.05,0.5,<UNK>,387,0.823222,0.902411,0.894798,0.824268,387,0.831924,0.907621,0.9,0.832981,392,0.819038,0.899885,0.898851,0.820084,386,0.816738,0.898483,0.897436,0.817797,0.751074,0.856487,0.780335,0.755428,0.859139,0.78178,0.647824,0.732934,0.711297,0.644847,0.73301,0.708245,0.851404,0.901316,0.870293,0.849672,0.901826,0.868644,0.525134,9.090909091,181.8181818,2048,69,714585.1259,0.00066892,8.090909091,161.8181818
sim_mESC_RNA_TMRLike_100x_3,454,447,1100,10000,0.05,0.5,<UNK>,342,0.762993,0.860728,0.859296,0.764317,342,0.771489,0.866162,0.864728,0.772829,351,0.772263,0.870647,0.869565,0.773128,343,0.76872,0.868354,0.868354,0.769575,0.672398,0.805486,0.711454,0.669375,0.803549,0.709172,0.576366,0.672589,0.643172,0.572217,0.668387,0.639821,0.773869,0.854369,0.803965,0.76992,0.851485,0.800448,0.525089,9.090909091,181.8181818,2048,69,714585.1259,0.000635334,8.090909091,161.8181818
sim_yeast_proteinGFP_100x_1,4893,4773,1000,5000,0.05,0.8,<UNK>,2958,0.654026,0.767669,0.75328,0.717964,2958,0.669207,0.778498,0.764083,0.73463,3566,0.7402,0.834145,0.833195,0.813203,3486,0.742878,0.835988,0.83521,0.815839,0.600912,0.734321,0.626609,0.605218,0.737785,0.630685,0.028502,0.057517,0.029634,0.027302,0.055375,0.028494,0.276685,0.433642,0.277131,0.275959,0.432885,0.276404,0.539222,5,100,1024,13,33657.99506,0.145374078,4,80
sim_yeast_proteinGFP_100x_2,4935,4829,1000,5000,0.05,0.8,<UNK>,3116,0.681079,0.789397,0.772823,0.743668,3116,0.694878,0.798961,0.782346,0.758735,3755,0.766191,0.852023,0.849252,0.842351,3675,0.767172,0.852959,0.850323,0.843478,0.58381,0.726405,0.584802,0.586873,0.728731,0.58787,0.030009,0.058939,0.030395,0.02887,0.056695,0.029199,0.287497,0.446367,0.287538,0.287449,0.446302,0.28749,0.539383,5,100,1024,13,33657.99506,0.146621924,4,80
sim_yeast_proteinGFP_100x_1_blur,4893,4773,1000,5000,0.05,0.8,<UNK>,898,0.281465,0.401733,0.279399,0.348048,898,0.28836,0.408637,0.28516,0.356575,1271,0.281179,0.419873,0.348151,0.392602,1271,0.288013,0.427179,0.354828,0.402135,0.222132,0.347506,0.252197,0.227377,0.353919,0.25822,0.210275,0.345645,0.259146,0.215471,0.351367,0.26555,0.008245,0.017416,0.008788,0.008453,0.01785,0.009009,0.766844,5,100,1024,13,33657.99506,0.145374078,4,80
sim_yeast_proteinGFP_100x_2_blur,4935,4829,1000,5000,0.05,0.8,<UNK>,1109,0.290817,0.418413,0.326936,0.343465,1109,0.296955,0.424805,0.332548,0.350714,1384,0.300749,0.436516,0.382339,0.408308,1384,0.306848,0.442784,0.388362,0.416581,0.237485,0.367474,0.273354,0.242598,0.373502,0.279238,0.212583,0.355378,0.271125,0.217249,0.360453,0.277076,0.007974,0.018058,0.009119,0.008148,0.018446,0.009317,0.763089,5,100,1024,13,33657.99506,0.146621924,4,80
sim_yeast_RNA_CY5like_100x_1,4064,4012,1300,3000,0.05,0.5,<UNK>,3847,0.950254,0.973492,0.97257,0.95251,3847,0.959461,0.978308,0.977388,0.961739,3941,0.958137,0.978124,0.972392,0.9594,3878,0.957602,0.977834,0.973384,0.958873,0.834739,0.90607,0.856053,0.835778,0.90666,0.857428,0.771131,0.784134,0.810285,0.770896,0.783726,0.810117,0.74391,0.824498,0.747785,0.74244,0.824876,0.746257,0.532597,2.307692308,46.15384615,2048,25,258907.6543,0.015696716,1.307692308,26.15384615
sim_yeast_RNA_CY5like_100x_2,4049,3997,1300,3000,0.05,0.5,<UNK>,3832,0.949854,0.973507,0.972465,0.952828,3832,0.957421,0.977472,0.97643,0.960418,3927,0.95795,0.97817,0.972166,0.95999,3860,0.957657,0.978011,0.973909,0.95972,0.839572,0.909661,0.862929,0.84075,0.910294,0.864398,0.768215,0.782666,0.80736,0.768142,0.782948,0.807154,0.73144,0.816372,0.735243,0.730624,0.815808,0.734418,0.53278,2.307692308,46.15384615,2048,25,258907.6543,0.015638781,1.307692308,26.15384615
sim_yeast_RNA_LE_CY5like_100x_1,93,91,1300,3000,0.05,0.5,<UNK>,80,0.860215,0.924855,0.924855,0.860215,80,0.879121,0.935673,0.935673,0.879121,104,0.870968,0.931034,0.822335,0.870968,98,0.868132,0.929412,0.835979,0.868132,NaN,NaN,NaN,NaN,NaN,NaN,0.729028,0.780488,0.752688,0.725082,0.779874,0.747253,0.867003,0.882682,0.935484,0.86398,0.88,0.934066,0.521585,2.307692308,46.15384615,2048,25,258907.6543,0.000359201,1.307692308,26.15384615
sim_yeast_RNA_LE_CY5like_100x_2,107,106,1300,3000,0.05,0.5,<UNK>,97,0.915495,0.95098,0.95098,0.915888,97,0.924132,0.955665,0.955665,0.924528,102,0.925234,0.961165,0.947368,0.925234,100,0.924528,0.960784,0.951456,0.924528,0.845834,0.914573,0.859813,0.844482,0.913706,0.858491,0.679895,0.709091,0.728972,0.678852,0.706422,0.726415,0.901017,0.919431,0.953271,0.900035,0.91866,0.95283,0.521529,2.307692308,46.15384615,2048,25,258907.6543,0.000413275,1.307692308,26.15384615
sim_yeast_RNA_TMRlike_100x_1,3959,3907,180,1500,0.05,0.5,<UNK>,3552,0.95622,0.977141,0.945813,0.95706,3552,0.966226,0.982342,0.951004,0.967075,3841,0.965851,0.982262,0.980256,0.966658,3784,0.965399,0.982022,0.980627,0.966214,0.823301,0.901908,0.853498,0.823529,0.902231,0.853852,0.828764,0.81545,0.871432,0.827619,0.814528,0.870489,0.773998,0.840346,0.778479,0.772802,0.841031,0.776724,0.602993,8.333333333,166.6666667,2048,25,258907.6543,0.015291166,7.333333333,146.6666667
sim_yeast_RNA_TMRlike_100x_2,4071,4023,180,1500,0.05,0.5,<UNK>,3786,0.95544,0.976884,0.963727,0.957013,3786,0.964681,0.981694,0.968534,0.96627,3941,0.963436,0.981104,0.978532,0.964628,3888,0.963248,0.980998,0.979014,0.964446,0.818524,0.896399,0.846966,0.818165,0.896198,0.846842,0.820222,0.808739,0.862687,0.82012,0.808206,0.862326,0.773579,0.839476,0.777696,0.772461,0.840302,0.776368,0.603444,8.333333333,166.6666667,2048,25,258907.6543,0.015723753,7.333333333,146.6666667
rsfish_sim_bgs_30A,30,29,200,210,0.015,0.02,<UNK>,37,0.928122,0.878788,0.865672,1,37,0.928122,0.878788,0.865672,1,85,0.46875,0.638298,0.521739,1,64,0.617021,0.763158,0.623656,1,0.917005,0.847458,1,0.918733,0.852459,1,0.133333,0.235294,0.133333,0.137931,0.242424,0.137931,0.837225,0.865672,1,0.874684,0.875,1,0.560477,1.05,70,256,32,5178.153086,0.005793571,0.05,3.333333333
rsfish_sim_bgs_30B,30,29,200,210,0.015,0.02,<UNK>,36,0.845228,0.892308,0.878788,1,36,0.845228,0.892308,0.878788,1,9021,0.4,0.571429,0.006629,1,7865,0.47541,0.644444,0.007347,1,0.979898,0.966667,1,0.979078,0.965517,1,0.033333,0.064516,0.033333,NaN,NaN,0,0.914547,0.909091,1,0.909731,0.90625,1,0.558748,1.05,70,256,32,5178.153086,0.005793571,0.05,3.333333333
rsfish_sim_bgs_30C,30,29,200,210,0.015,0.02,<UNK>,40,0.849482,0.861538,0.828571,1,40,0.849482,0.861538,0.828571,1,9113,0.212766,0.350877,0.006562,1,7906,0.263636,0.417266,0.007309,1,0.990657,0.965517,1,0.990643,0.964286,1,0.121667,0.228571,0.133333,0.071429,0.133333,0.071429,0.989583,0.967742,1,0.988877,0.966667,1,0.555443,1.05,70,256,32,5178.153086,0.005793571,0.05,3.333333333
rsfish_sim_bgs_300A,300,289,200,210,0.015,0.02,<UNK>,403,0.877906,0.857143,0.819346,0.973333,403,0.886773,0.861111,0.822857,0.983165,8508,0.822945,0.905132,0.066076,0.97,7348,0.857383,0.924837,0.074093,0.972509,0.926585,0.907643,0.993333,0.935958,0.910891,0.99308,0.051007,0.100946,0.053333,0.045364,0.091803,0.048276,0.793014,0.829123,0.973333,0.793692,0.829721,0.975694,0.579187,1.05,70,256,32,5178.153086,0.057935715,0.05,3.333333333
rsfish_sim_bgs_300B,300,292,200,210,0.015,0.02,<UNK>,419,0.84402,0.854985,0.815021,0.983333,419,0.84402,0.854985,0.815021,0.983333,8607,0.956769,0.978078,0.065117,0.966667,7393,0.959369,0.979381,0.074142,0.966102,0.933147,0.928458,0.993333,0.931967,0.927302,0.99322,0.059029,0.11875,0.063333,0.050928,0.10356,0.054795,0.793315,0.81775,0.936667,0.789745,0.813008,0.934932,0.586904,1.05,70,256,32,5178.153086,0.057935715,0.05,3.333333333
rsfish_sim_bgs_300C,300,284,200,210,0.015,0.02,<UNK>,402,0.831933,0.839098,0.814815,0.973333,402,0.837517,0.841629,0.817143,0.979866,8646,0.96018,0.979866,0.065281,0.973333,7428,0.968544,0.984071,0.072077,0.972028,0.911076,0.920325,0.99,0.907171,0.918644,0.989583,0.05647,0.11838,0.063333,0.046732,0.09901,0.052448,0.813523,0.823713,0.966667,0.807308,0.818482,0.964789,0.58832,1.05,70,256,32,5178.153086,0.057935715,0.05,3.333333333
rsfish_sim_bgs_3000A,3000,2861,200,210,0.015,0.02,<UNK>,2129,0.664771,0.747013,0.688633,0.742,2129,0.682984,0.757355,0.699544,0.762329,6121,0.628667,0.772188,0.41399,0.629333,5098,0.623656,0.768311,0.450821,0.624003,0.833963,0.865615,0.894333,0.832471,0.864358,0.891696,0.017591,0.034709,0.017667,0.018241,0.035969,0.01832,0.292504,0.465636,0.326333,0.296206,0.469746,0.330783,0.639695,1.05,70,256,32,5178.153086,0.579357147,0.05,3.333333333
rsfish_sim_bgs_3000B,3000,2860,200,210,0.015,0.02,<UNK>,2894,0.693658,0.771293,0.771293,0.769333,2894,0.711931,0.781502,0.781502,0.7896,6156,0.652668,0.790089,0.428353,0.653667,5098,0.646856,0.785835,0.467461,0.647897,0.838699,0.868002,0.898667,0.837027,0.866417,0.896982,0.013667,0.026965,0.013667,0.01319,0.026036,0.01319,0.319861,0.502681,0.359333,0.322201,0.504987,0.361799,0.638385,1.05,70,256,32,5178.153086,0.579357147,0.05,3.333333333
rsfish_sim_bgs_3000C,3000,2838,200,210,0.015,0.02,<UNK>,2322,0.66522,0.746784,0.707253,0.752,2322,0.688633,0.759904,0.721073,0.778468,6089,0.640333,0.780736,0.422709,0.640333,5089,0.63847,0.779349,0.458302,0.63847,0.832278,0.868244,0.886,0.831041,0.867308,0.883754,0.019975,0.039203,0.02,0.018544,0.036451,0.01857,0.311218,0.488492,0.346667,0.310557,0.487793,0.346531,0.643756,1.05,70,256,32,5178.153086,0.579357147,0.05,3.333333333
rsfish_sim_bgl_30A,30,29,200,210,0.015,0.02,<UNK>,53,0.821085,0.788732,0.722892,1,53,0.821085,0.788732,0.722892,1,86,1,1,0.517241,1,63,1,1,0.645161,1,0.69515,0.721311,1,0.687175,0.711864,1,NaN,NaN,NaN,NaN,NaN,NaN,0.755484,0.782609,0.933333,0.769714,0.80597,0.931034,0.5507,1.05,70,256,32,5178.153086,0.005793571,0.05,3.333333333
rsfish_sim_bgl_30B,30,30,200,210,0.015,0.02,<UNK>,51,0.87559,0.852941,0.740741,1,51,0.87559,0.852941,0.740741,1,5795,0.966667,0.983051,0.009957,0.966667,4967,0.966667,0.983051,0.011607,0.966667,0.609943,0.710526,1,0.610157,0.710526,1,NaN,NaN,NaN,NaN,NaN,NaN,0.787581,0.779661,0.9,0.787581,0.779661,0.9,0.54773,1.05,70,256,32,5178.153086,0.005793571,0.05,3.333333333
rsfish_sim_bgl_30C,30,28,200,210,0.015,0.02,<UNK>,57,0.690783,0.734177,0.689655,1,57,0.690783,0.734177,0.689655,1,41,1,1,0.84507,1,33,1,1,0.918033,1,0.633809,0.588235,1,0.632513,0.59375,1,NaN,NaN,NaN,NaN,NaN,NaN,0.639322,0.727273,0.9,0.620938,0.709677,0.892857,0.550035,1.05,70,256,32,5178.153086,0.005793571,0.05,3.333333333
rsfish_sim_bgl_300A,300,295,200,210,0.015,0.02,<UNK>,480,0.778415,0.794603,0.748718,0.973333,480,0.778415,0.794603,0.748718,0.973333,317,0.933333,0.965517,0.907618,0.933333,303,0.93266,0.965157,0.923333,0.93266,0.615708,0.653899,0.996667,0.618043,0.658574,0.996633,NaN,NaN,NaN,NaN,NaN,NaN,0.736829,0.778947,0.913333,0.738156,0.780338,0.914676,0.571379,1.05,70,256,32,5178.153086,0.057935715,0.05,3.333333333
rsfish_sim_bgl_300B,300,293,200,210,0.015,0.02,<UNK>,529,0.77769,0.779911,0.694813,0.963333,529,0.780291,0.781065,0.695652,0.966555,5410,0.906667,0.951049,0.095271,0.906667,4591,0.908163,0.951872,0.109314,0.908163,0.686143,0.688722,1,0.687678,0.689127,1,NaN,NaN,NaN,NaN,NaN,NaN,0.717962,0.781204,0.916667,0.722789,0.77961,0.918089,0.57416,1.05,70,256,32,5178.153086,0.057935715,0.05,3.333333333
rsfish_sim_bgl_3000A,3000,2922,200,210,0.015,0.02,<UNK>,3506,0.660161,0.719199,0.708884,0.773667,3506,0.665485,0.722092,0.711509,0.779906,3781,0.482333,0.650776,0.426781,0.482333,3055,0.477389,0.64626,0.468312,0.477389,0.67802,0.679916,0.966667,0.680327,0.680258,0.966361,0.004333,0.008629,0.004333,0.004417,0.008796,0.004417,0.27425,0.44973,0.305667,0.276396,0.451983,0.307745,0.607876,1.05,70,256,32,5178.153086,0.579357147,0.05,3.333333333
rsfish_sim_bgl_3000B,3000,2937,200,210,0.015,0.02,<UNK>,3354,0.664548,0.722131,0.716084,0.774667,3354,0.668784,0.724381,0.718232,0.779604,3888,0.477615,0.646833,0.416667,0.478333,3117,0.475718,0.645102,0.463415,0.476449,0.684441,0.678266,0.973333,0.686778,0.678654,0.973238,0.005667,0.011269,0.005667,0.005763,0.011459,0.005763,0.268983,0.440476,0.296,0.270166,0.442322,0.2977,0.606886,1.05,70,256,32,5178.153086,0.579357147,0.05,3.333333333
rsfish_sim_bgl_3000C,3000,2922,200,210,0.015,0.02,<UNK>,2881,0.660231,0.716765,0.710083,0.772333,2881,0.66266,0.718058,0.711414,0.775176,1595,0.490931,0.658624,0.641567,0.491333,1520,0.488599,0.656527,0.645968,0.489009,0.688315,0.686217,0.973,0.690997,0.687578,0.972891,0.004,0.007968,0.004,0.004057,0.008081,0.004057,0.284938,0.463634,0.317667,0.286104,0.464841,0.31889,0.609529,1.05,70,256,32,5178.153086,0.579357147,0.05,3.333333333
rsfish_sim_snrs_1A,30,28,200,210,0.015,0.02,<UNK>,45,0.777664,0.767123,0.746667,0.933333,45,0.80448,0.777778,0.756757,0.965517,93,0.966667,0.983051,0.471545,0.966667,73,0.964286,0.981818,0.534653,0.964286,0.896098,0.933333,0.966667,0.890986,0.928571,0.964286,0.800767,0.821429,0.866667,0.800043,0.830189,0.857143,0.792374,0.754098,0.9,0.781755,0.745763,0.896552,0.582111,1.05,70,256,32,5178.153086,0.005793571,0.05,3.333333333
rsfish_sim_snrs_1B,30,28,200,210,0.015,0.02,<UNK>,37,0.906628,0.875,0.865672,1,37,0.906628,0.875,0.865672,1,76,1,1,0.566038,1,61,1,1,0.629213,1,0.957678,0.9375,1,0.955992,0.933333,1,0.762845,0.736842,0.933333,0.77117,0.753623,0.928571,0.90124,0.84375,1,0.926703,0.881356,1,0.585632,1.05,70,256,32,5178.153086,0.005793571,0.05,3.333333333
rsfish_sim_snrs_1C,30,29,200,210,0.015,0.02,<UNK>,42,0.916625,0.878788,0.833333,1,42,0.916625,0.878788,0.833333,1,51,1,1,0.740741,1,45,1,1,0.783784,1,0.977894,0.967742,1,0.979322,0.966667,1,0.645511,0.77193,0.866667,0.637947,0.763636,0.862069,0.884936,0.878788,1,0.891142,0.888889,1,0.585893,1.05,70,256,32,5178.153086,0.005793571,0.05,3.333333333
rsfish_sim_snrs_2A,30,28,200,215,0.02,0.02,<UNK>,41,0.970829,0.920635,0.84507,1,41,0.970829,0.920635,0.84507,1,143,0.26087,0.413793,0.346821,1,112,0.322222,0.487395,0.411348,1,0.935222,0.903226,1,0.930791,0.896552,1,NaN,NaN,NaN,NaN,NaN,NaN,0.899483,0.852941,1,0.894096,0.84375,1,0.557126,1.075,53.75,256,32,5178.153086,0.005793571,0.075,3.75
rsfish_sim_snrs_2B,30,30,200,215,0.02,0.02,<UNK>,44,0.930257,0.923077,0.810811,1,44,0.930257,0.923077,0.810811,1,9046,0.30303,0.465116,0.006611,1,7860,0.4,0.571429,0.007605,1,0.803403,0.9375,1,0.803403,0.9375,1,NaN,NaN,NaN,NaN,NaN,NaN,0.801984,0.857143,1,0.801984,0.857143,1,0.557267,1.075,53.75,256,32,5178.153086,0.005793571,0.075,3.75
rsfish_sim_snrs_2C,30,29,200,215,0.02,0.02,<UNK>,38,0.916307,0.892308,0.852941,1,38,0.916307,0.892308,0.852941,1,9214,0.222222,0.363636,0.006491,1,7998,0.261261,0.414286,0.007226,1,0.907323,0.885246,1,0.902029,0.881356,1,0.066667,0.125,0.066667,0.068966,0.129032,0.068966,0.847436,0.857143,1,0.838885,0.852459,1,0.55556,1.075,53.75,256,32,5178.153086,0.005793571,0.075,3.75
rsfish_sim_snrs_4A,30,29,200,215,0.04,0.02,<UNK>,57,0.929472,0.888889,0.666667,1,57,0.929472,0.888889,0.666667,1,7873,0.027726,0.053957,0.007592,1,6839,0.032658,0.06325,0.008445,1,0.718359,0.721311,1,0.757418,0.745763,1,NaN,NaN,NaN,NaN,NaN,NaN,0.618447,0.740741,0.666667,0.660782,0.769231,0.689655,0.544656,1.075,26.875,256,32,5178.153086,0.005793571,0.075,1.875
rsfish_sim_snrs_4B,30,28,200,215,0.04,0.02,<UNK>,47,0.682945,0.753247,0.753247,1,47,0.682945,0.753247,0.753247,1,8053,0.034443,0.066593,0.007423,1,6980,0.039161,0.07537,0.007991,1,0.657624,0.724138,1,0.641162,0.716981,1,NaN,NaN,NaN,NaN,NaN,NaN,0.320659,0.588235,0.5,0.288041,0.553191,0.464286,0.543876,1.075,26.875,256,32,5178.153086,0.005793571,0.075,1.875
rsfish_sim_snrs_4C,30,28,200,215,0.04,0.02,<UNK>,42,0.845603,0.8,0.777778,1,42,0.845603,0.8,0.777778,1,7951,0.019317,0.037903,0.007518,1,6887,0.021689,0.042456,0.008098,1,0.713162,0.678571,1,0.706871,0.679245,1,NaN,NaN,NaN,NaN,NaN,NaN,0.382977,0.583333,0.466667,0.382788,0.577778,0.464286,0.542573,1.075,26.875,256,32,5178.153086,0.005793571,0.075,1.875
rsfish_sim_snrl_1A,30,30,200,210,0.015,0.02,<UNK>,45,0.885284,0.869565,0.8,1,45,0.885284,0.869565,0.8,1,69,1,1,0.606061,1,52,1,1,0.731707,1,0.774015,0.80597,1,0.774877,0.80597,1,0.588298,0.716981,0.666667,0.588298,0.716981,0.666667,0.80087,0.779221,1,0.80087,0.779221,1,0.56618,1.05,70,256,32,5178.153086,0.005793571,0.05,3.333333333
rsfish_sim_snrl_1B,30,29,200,210,0.015,0.02,<UNK>,48,0.71349,0.769231,0.769231,1,48,0.71349,0.769231,0.769231,1,46,1,1,0.789474,1,43,1,1,0.821918,1,0.762241,0.709677,1,0.767839,0.721311,1,0.315684,0.596491,0.566667,0.315684,0.596491,0.566667,0.655475,0.735294,1,0.65143,0.727273,1,0.571563,1.05,70,256,32,5178.153086,0.005793571,0.05,3.333333333
rsfish_sim_snrl_1C,30,28,200,210,0.015,0.02,<UNK>,52,0.761956,0.828571,0.731707,1,52,0.761956,0.828571,0.731707,1,6124,1,1,0.00975,1,5251,1,1,0.010985,1,0.680395,0.716418,1,0.677019,0.71875,1,0.446434,0.627451,0.533333,0.443367,0.625,0.535714,0.781543,0.771429,1,0.769911,0.760563,1,0.567542,1.05,70,256,32,5178.153086,0.005793571,0.05,3.333333333
rsfish_sim_snrl_2A,30,30,200,215,0.02,0.02,<UNK>,48,0.839449,0.821918,0.769231,1,48,0.839449,0.821918,0.769231,1,108,1,1,0.434783,1,84,1,1,0.526316,1,0.559291,0.577778,1,0.561589,0.590909,1,NaN,NaN,NaN,NaN,NaN,NaN,0.789695,0.786885,0.9,0.789695,0.786885,0.9,0.548409,1.075,53.75,256,32,5178.153086,0.005793571,0.075,3.75
rsfish_sim_snrl_2B,30,29,200,215,0.02,0.02,<UNK>,50,0.773553,0.816901,0.725,1,50,0.773553,0.816901,0.725,1,5693,1,1,0.010484,1,4885,1,1,0.011803,1,0.546915,0.615385,1,0.555061,0.612903,1,NaN,NaN,NaN,NaN,NaN,NaN,0.683303,0.727273,0.9,0.686062,0.730159,0.896552,0.549351,1.075,53.75,256,32,5178.153086,0.005793571,0.075,3.75
rsfish_sim_snrl_2C,30,30,200,215,0.02,0.02,<UNK>,50,0.886237,0.818182,0.75,1,50,0.886237,0.818182,0.75,1,5590,1,1,0.010676,1,4789,1,1,0.012451,1,0.643153,0.676056,1,0.643652,0.676056,1,NaN,NaN,NaN,NaN,NaN,NaN,0.767589,0.760563,0.966667,0.767589,0.760563,0.966667,0.548537,1.075,53.75,256,32,5178.153086,0.005793571,0.075,3.75
rsfish_sim_snri_30A,30,29,200,400,0,0.9,<UNK>,33,0.960621,0.952381,0.952381,1,33,0.960621,0.952381,0.952381,1,29,1,1,0.983051,1,28,1,1,0.982456,1,1,1,1,1,1,1,0.929464,0.931034,0.933333,0.929935,0.931034,0.933333,0.810316,0.819672,0.966667,0.802052,0.813559,0.965517,0.993551,2,NaN,256,32,5178.153086,0.005793571,1,NaN
rsfish_sim_snri_30B,30,29,200,400,0,0.9,<UNK>,31,0.94561,0.95082,0.95082,0.966667,31,0.978217,0.966667,0.966667,1,29,1,1,0.983051,1,28,1,1,0.982456,1,1,1,1,1,1,1,0.912449,0.912281,0.966667,0.909036,0.909091,0.965517,0.882219,0.903226,0.966667,0.877573,0.9,0.965517,0.993889,2,NaN,256,32,5178.153086,0.005793571,1,NaN
rsfish_sim_snri_30C,30,29,200,400,0,0.9,<UNK>,30,1,1,1,1,30,1,1,1,1,29,1,1,0.983051,1,28,1,1,0.982456,1,1,1,1,1,1,1,0.96129,0.95082,0.966667,0.96129,0.95082,0.966667,0.661767,0.701299,0.9,0.689577,0.721311,0.931034,0.993638,2,NaN,256,32,5178.153086,0.005793571,1,NaN
rsfish_sim_snri_300A,300,283,200,400,0,0.9,<UNK>,299,0.945624,0.961603,0.961603,0.96,299,0.961651,0.969697,0.969697,0.976271,294,0.983333,0.991597,0.989899,0.983333,283,0.982699,0.991274,0.98951,0.982699,0.99,0.994975,0.99,0.989619,0.994783,0.989619,0.770389,0.80708,0.863333,0.762953,0.802947,0.858131,0.820061,0.866779,0.93,0.83426,0.875,0.933099,0.944381,2,NaN,256,32,5178.153086,0.057935715,1,NaN
rsfish_sim_snri_300B,300,291,200,400,0,0.9,<UNK>,300,0.931115,0.95,0.95,0.95,300,0.946897,0.957983,0.957983,0.966102,292,0.976667,0.988196,0.986486,0.976667,283,0.975945,0.987826,0.986063,0.975945,0.98,0.989899,0.98,0.979381,0.989583,0.979381,0.742211,0.796364,0.843333,0.74598,0.79702,0.843003,0.809535,0.88,0.946667,0.80632,0.879725,0.945017,0.943275,2,NaN,256,32,5178.153086,0.057935715,1,NaN
rsfish_sim_snri_300C,300,288,200,400,0,0.9,<UNK>,306,0.929834,0.940594,0.940594,0.95,306,0.945594,0.948419,0.948419,0.966102,289,0.966667,0.983051,0.981324,0.966667,279,0.965517,0.982456,0.980668,0.965517,0.983333,0.991597,0.983333,0.982759,0.991304,0.982759,0.743741,0.807829,0.833333,0.744479,0.80663,0.831034,0.838603,0.87011,0.946667,0.833266,0.870704,0.944444,0.943986,2,NaN,256,32,5178.153086,0.057935715,1,NaN
rsfish_sim_snri_3000A,3000,2849,200,400,0,0.9,<UNK>,2119,0.653862,0.78531,0.78531,0.67,2119,0.678515,0.802395,0.802395,0.695261,2010,0.691633,0.817949,0.801198,0.692667,1906,0.686484,0.814356,0.796734,0.687565,0.832667,0.908694,0.832667,0.830031,0.907123,0.830031,0.035005,0.175669,0.111667,0.033595,0.170307,0.107093,0.248628,0.449942,0.321333,0.250715,0.45177,0.322862,0.752493,2,NaN,256,32,5178.153086,0.579357147,1,NaN
rsfish_sim_snri_3000B,3000,2849,200,400,0,0.9,<UNK>,2119,0.652301,0.781793,0.781793,0.667,2119,0.677363,0.799121,0.799121,0.692627,2025,0.681659,0.810854,0.805174,0.682333,1930,0.680034,0.809712,0.804003,0.68074,0.833,0.908893,0.833,0.831363,0.907917,0.831363,0.042357,0.183413,0.115,0.037393,0.170056,0.105355,0.258752,0.458766,0.331,0.261356,0.46176,0.333797,0.752654,2,NaN,256,32,5178.153086,0.579357147,1,NaN
rsfish_sim_snri_3000C,3000,2839,200,400,0,0.9,<UNK>,2122,0.654055,0.78524,0.78524,0.670333,2122,0.680835,0.803757,0.803757,0.697779,1991,0.694984,0.82013,0.797435,0.695333,1883,0.689927,0.816605,0.792922,0.690293,0.830333,0.907303,0.830333,0.82695,0.905279,0.82695,0.039159,0.185137,0.118333,0.035116,0.171286,0.107778,0.249371,0.45269,0.325333,0.252694,0.455537,0.328327,0.751307,2,NaN,256,32,5178.153086,0.579357147,1,NaN
simvar_amplvar_var_pt2,257,244,500,2500,0.075,0.2,<UNK>,240,0.933852,0.965795,0.965795,0.933852,240,0.967742,0.983607,0.983607,0.967742,252,0.961089,0.980159,0.97053,0.961089,238,0.967213,0.983333,0.979253,0.967213,0.832345,0.90678,0.832685,0.852091,0.918322,0.852459,0.903372,0.873016,0.933852,0.914157,0.882353,0.942857,0.960528,0.940945,0.972763,0.959416,0.942149,0.971311,0.560089,5,66.66666667,512,16,10356.30617,0.024815798,4,53.33333333
simvar_amplvar_var_pt3,266,252,500,2500,0.075,0.3,<UNK>,248,0.932331,0.964981,0.964981,0.932331,248,0.964981,0.982178,0.982178,0.964981,261,0.966165,0.982792,0.975332,0.966165,245,0.964286,0.981818,0.977867,0.964286,0.860902,0.925253,0.860902,0.857143,0.923077,0.857143,0.885341,0.84739,0.924812,0.882128,0.846154,0.920635,0.904413,0.903346,0.917293,0.901714,0.906561,0.912351,0.560806,5,66.66666667,512,16,10356.30617,0.025684834,4,53.33333333
simvar_amplvar_var_pt4,238,231,500,2500,0.075,0.4,<UNK>,221,0.928571,0.962963,0.962963,0.928571,221,0.948498,0.973568,0.973568,0.948498,235,0.94958,0.974138,0.955603,0.94958,225,0.948052,0.973333,0.960526,0.948052,0.827731,0.905747,0.827731,0.831169,0.907801,0.831169,0.882859,0.854077,0.920168,0.878867,0.849558,0.917749,0.837066,0.87689,0.852941,0.837015,0.881432,0.852814,0.559572,5,66.66666667,512,16,10356.30617,0.022981167,4,53.33333333
simvar_amplvar_var_pt5,260,247,500,2500,0.075,0.5,<UNK>,237,0.911538,0.953722,0.953722,0.911538,237,0.948,0.973306,0.973306,0.948,250,0.946154,0.972332,0.964706,0.946154,234,0.94332,0.970833,0.968815,0.94332,0.803846,0.891258,0.803846,0.809717,0.894855,0.809717,0.861597,0.836066,0.9,0.862742,0.838013,0.898785,0.693217,0.803653,0.696154,0.68543,0.8,0.688259,0.55945,5,66.66666667,512,16,10356.30617,0.025105476,4,53.33333333
simvar_amplvar_var_pt6,251,228,500,2500,0.075,0.6,<UNK>,226,0.904382,0.949791,0.947589,0.904382,226,0.965957,0.982684,0.980477,0.965957,245,0.948207,0.973415,0.959677,0.948207,224,0.964912,0.982143,0.973451,0.964912,0.799591,0.883516,0.800797,0.827646,0.9,0.828947,0.860445,0.853119,0.896414,0.879359,0.862832,0.912281,0.753406,0.824561,0.760956,0.758604,0.828087,0.76652,0.559204,5,66.66666667,512,16,10356.30617,0.024236441,4,53.33333333
simvar_amplvar_var_pt7,271,257,500,2500,0.075,0.7,<UNK>,246,0.911439,0.953668,0.951644,0.911439,246,0.94636,0.972441,0.970414,0.94636,261,0.948339,0.973485,0.966165,0.948339,246,0.945525,0.972,0.966203,0.945525,0.848708,0.918164,0.848708,0.859922,0.924686,0.859922,0.852083,0.823308,0.896679,0.851944,0.820513,0.898833,0.603626,0.720174,0.612546,0.608916,0.726437,0.617188,0.560645,5,66.66666667,512,16,10356.30617,0.026167631,4,53.33333333
simvar_amplvar_var_pt8,246,231,500,2500,0.075,0.8,<UNK>,227,0.922764,0.959831,0.959831,0.922764,227,0.949791,0.974249,0.974249,0.949791,247,0.947154,0.97286,0.945233,0.947154,225,0.943723,0.971047,0.95614,0.943723,0.791851,0.881818,0.792683,0.791317,0.881356,0.792208,0.858761,0.847966,0.898374,0.854439,0.846682,0.891775,0.665268,0.762791,0.674797,0.668868,0.764268,0.678261,0.559894,5,66.66666667,512,16,10356.30617,0.023753643,4,53.33333333
simvar_bkgvar_var_pt05,233,225,500,2500,0.05,0.4,<UNK>,220,0.944206,0.971302,0.971302,0.944206,220,0.973451,0.986547,0.986547,0.973451,228,0.974249,0.986957,0.984816,0.974249,219,0.973333,0.986486,0.986486,0.973333,0.849785,0.918794,0.849785,0.857778,0.923445,0.857778,0.889474,0.873662,0.914163,0.89467,0.874725,0.920354,0.876042,0.896552,0.88412,0.876526,0.897375,0.884444,0.570171,5,100,512,16,10356.30617,0.022498369,4,80
simvar_bkgvar_var_pt10,252,238,500,2500,0.1,0.4,<UNK>,219,0.912664,0.952183,0.929936,0.912698,219,0.950378,0.972399,0.950108,0.950413,250,0.952381,0.97561,0.956175,0.952381,232,0.94958,0.974138,0.961702,0.94958,0.853175,0.920771,0.853175,0.857143,0.923077,0.857143,0.896481,0.879377,0.924603,0.892723,0.877339,0.920168,0.856369,0.887526,0.865079,0.847697,0.887417,0.855932,0.551722,5,50,512,16,10356.30617,0.024333,4,40
simvar_bkgvar_var_pt15,229,221,500,2500,0.15,0.4,<UNK>,204,0.89083,0.942263,0.942263,0.89083,204,0.914798,0.955504,0.955504,0.914798,216,0.917031,0.95672,0.94382,0.917031,205,0.914027,0.955083,0.948357,0.914027,0.732683,0.842105,0.733624,0.732202,0.841558,0.733032,0.816084,0.819512,0.847162,0.814874,0.818182,0.846154,0.727952,0.80303,0.742358,0.732308,0.809399,0.746606,0.540082,5,33.33333333,512,16,10356.30617,0.022112131,4,26.66666667
simvar_bkgvar_var_pt20,249,233,500,2500,0.2,0.4,<UNK>,214,0.883534,0.938166,0.924406,0.883534,214,0.92437,0.960699,0.946903,0.92437,240,0.923695,0.960334,0.940695,0.923695,219,0.918455,0.957494,0.946903,0.918455,0.807229,0.893333,0.807229,0.815451,0.898345,0.815451,0.830254,0.841202,0.859438,0.832,0.845977,0.858369,0.678414,0.780045,0.690763,0.671352,0.77561,0.682403,0.535669,5,25,512,16,10356.30617,0.024043322,4,20
simvar_bkgvar_var_pt25,249,228,500,2500,0.25,0.4,<UNK>,225,0.903614,0.949367,0.949367,0.903614,225,0.957447,0.978261,0.978261,0.957447,254,0.951807,0.975309,0.942346,0.951807,228,0.95614,0.977578,0.95614,0.95614,0.801288,0.888393,0.811245,0.800526,0.887805,0.811404,0.792961,0.794926,0.831325,0.793121,0.793503,0.833333,0.718268,0.809412,0.726908,0.704471,0.803109,0.710526,0.530955,5,20,512,16,10356.30617,0.024043322,4,16
simvar_bkgvar_var_pt30,262,244,500,2500,0.3,0.4,<UNK>,244,0.93744,0.966469,0.964427,0.946565,244,0.982437,0.989899,0.987854,0.992,291,0.992366,0.996169,0.940325,0.992366,264,0.991803,0.995885,0.952756,0.991803,0.83782,0.910603,0.843511,0.854544,0.920354,0.860656,0.749323,0.777358,0.78626,0.750883,0.780488,0.786885,0.771788,0.84058,0.782443,0.766571,0.838565,0.777778,0.528714,5,16.66666667,512,16,10356.30617,0.025298595,4,13.33333333
simvar_bkgvar_var_pt35,240,228,500,2500,0.35,0.4,<UNK>,221,0.912491,0.952174,0.950108,0.9125,221,0.948042,0.971175,0.969027,0.948052,286,0.945852,0.972281,0.86692,0.95,257,0.947368,0.972973,0.890722,0.947368,0.83544,0.909091,0.841667,0.831165,0.906475,0.837719,0.774165,0.809955,0.795833,0.774863,0.807601,0.79386,0.821911,0.881671,0.825,0.826035,0.885645,0.828947,0.526023,5,14.28571429,512,16,10356.30617,0.023174286,4,11.42857143
simvar_cluster_var_10_31,275,265,500,2500,0.075,0.4,<UNK>,173,0.636364,0.777778,0.772321,0.636364,173,0.652985,0.790068,0.78458,0.652985,181,0.647273,0.785872,0.780702,0.647273,169,0.633962,0.775982,0.774194,0.633962,0.611106,0.759551,0.614545,0.61166,0.759907,0.615094,0.548794,0.68046,0.56,0.538145,0.674699,0.54717,0.550312,0.682819,0.563636,0.544834,0.678899,0.558491,0.552633,5,66.66666667,512,16,10356.30617,0.026553869,4,53.33333333
simvar_cluster_var_12_38,288,264,500,2500,0.075,0.4,<UNK>,155,0.545106,0.704036,0.699774,0.545139,155,0.592417,0.742317,0.738095,0.592453,163,0.5625,0.72,0.718404,0.5625,153,0.575758,0.730769,0.729017,0.575758,0.555748,0.715556,0.559028,0.579641,0.735084,0.583333,0.467482,0.595556,0.482639,0.485501,0.609113,0.5,0.537542,0.676991,0.545139,0.541729,0.679518,0.549242,0.550078,5,66.66666667,512,16,10356.30617,0.027809143,4,53.33333333
simvar_cluster_var_14_45,239,232,500,2500,0.075,0.4,<UNK>,147,0.635983,0.777494,0.761658,0.635983,147,0.644068,0.783505,0.767624,0.644068,157,0.640167,0.780612,0.772727,0.640167,150,0.633621,0.775726,0.769634,0.633621,0.631799,0.774359,0.631799,0.62931,0.772487,0.62931,0.489418,0.617021,0.506276,0.482532,0.61157,0.5,0.545888,0.680307,0.556485,0.54117,0.677249,0.551724,0.551183,5,66.66666667,512,16,10356.30617,0.023077726,4,53.33333333
simvar_cluster_var_2_3,246,235,500,2500,0.075,0.4,<UNK>,232,0.943089,0.970711,0.970711,0.943089,232,0.97479,0.987234,0.987234,0.97479,240,0.97561,0.987654,0.987654,0.97561,229,0.974468,0.987069,0.987069,0.974468,0.878049,0.935065,0.878049,0.889362,0.941441,0.889362,0.887129,0.847107,0.926829,0.88646,0.844156,0.92766,0.838141,0.876068,0.841463,0.830445,0.869955,0.834043,0.559729,5,66.66666667,512,16,10356.30617,0.023753643,4,53.33333333
simvar_cluster_var_4_10,264,252,500,2500,0.075,0.4,<UNK>,214,0.829545,0.906832,0.895397,0.829545,214,0.858824,0.924051,0.91258,0.858824,229,0.859848,0.924644,0.920892,0.859848,216,0.853175,0.920771,0.918803,0.853175,0.761021,0.862661,0.761364,0.757569,0.86036,0.757937,0.795368,0.828,0.818182,0.788972,0.827004,0.809524,0.705195,0.808889,0.708333,0.691503,0.8,0.694444,0.559808,5,66.66666667,512,16,10356.30617,0.025491714,4,53.33333333
simvar_cluster_var_6_17,257,232,500,2500,0.075,0.4,<UNK>,160,0.63035,0.77327,0.767386,0.63035,160,0.683544,0.81203,0.806045,0.683544,170,0.661479,0.796253,0.796253,0.661479,154,0.663793,0.797927,0.797927,0.663793,0.607004,0.755448,0.607004,0.612069,0.759358,0.612069,0.597694,0.706444,0.610895,0.598808,0.71123,0.612069,0.610698,0.737089,0.614786,0.616026,0.743455,0.619048,0.553643,5,66.66666667,512,16,10356.30617,0.024815798,4,53.33333333
simvar_cluster_var_8_24,274,261,500,2500,0.075,0.4,<UNK>,173,0.777372,0.874743,0.774049,0.777372,173,0.812977,0.896842,0.795402,0.812977,224,0.817518,0.899598,0.899598,0.817518,211,0.808429,0.894068,0.894068,0.808429,0.751825,0.858333,0.751825,0.754789,0.860262,0.754789,0.731445,0.779381,0.759124,0.728641,0.779221,0.754789,0.67775,0.776181,0.689781,0.667686,0.771242,0.678161,0.557828,5,66.66666667,512,16,10356.30617,0.02645731,4,53.33333333
simvar_expr_var_1024,1076,1013,500,2500,0.075,0.4,<UNK>,1334,0.925651,0.96139,0.826556,0.925651,1334,0.968872,0.98419,0.843353,0.968872,1065,0.964684,0.982025,0.96964,0.964684,995,0.965449,0.982421,0.974104,0.965449,0.832629,0.908815,0.833643,0.837117,0.911338,0.837117,0.848,0.826251,0.887546,0.847192,0.825238,0.886364,0.72637,0.814278,0.731413,0.719801,0.813162,0.724652,0.617471,5,66.66666667,512,16,10356.30617,0.103898048,4,53.33333333
simvar_expr_var_16,15,15,500,2500,0.075,0.4,<UNK>,5,0.333333,0.5,0.5,0.333333,5,0.333333,0.5,0.5,0.333333,8,0.333333,0.5,0.434783,0.333333,7,0.333333,0.5,0.454545,0.333333,0.333333,0.5,0.333333,0.333333,0.5,0.333333,NaN,,,NaN,,,0.267778,0.47619,0.333333,0.267778,0.47619,0.333333,0.540067,5,66.66666667,512,16,10356.30617,0.001448393,4,53.33333333
simvar_expr_var_256,238,227,500,2500,0.075,0.4,<UNK>,204,0.932773,0.965217,0.923077,0.932773,204,0.965217,0.982301,0.940092,0.965217,230,0.962185,0.980728,0.978632,0.962185,220,0.964758,0.982063,0.979866,0.964758,0.815126,0.898148,0.815126,0.828194,0.906024,0.828194,0.870193,0.824268,0.92437,0.872282,0.820961,0.929515,0.858978,0.890411,0.865546,0.852843,0.886747,0.858407,0.559378,5,66.66666667,512,16,10356.30617,0.022981167,4,53.33333333
simvar_expr_var_4096,4098,3865,500,2500,0.075,0.4,<UNK>,3493,0.852367,0.9203,0.9203,0.852367,3493,0.894265,0.944182,0.944182,0.894265,3658,0.877745,0.934893,0.92754,0.877745,3432,0.876099,0.933958,0.9282,0.876099,0.811,0.895354,0.811127,0.817554,0.899317,0.817688,0.621284,0.699859,0.667155,0.621164,0.70098,0.666149,0.624755,0.754883,0.627135,0.618072,0.751884,0.620368,0.712254,5,66.66666667,512,16,10356.30617,0.395700932,4,53.33333333
simvar_expr_var_64,89,83,500,2500,0.075,0.4,<UNK>,75,0.842697,0.914634,0.914634,0.842697,75,0.892857,0.943396,0.943396,0.892857,82,0.88764,0.940476,0.923977,0.88764,75,0.891566,0.942675,0.936709,0.891566,0.820225,0.901235,0.820225,0.819277,0.900662,0.819277,0.86328,0.886228,0.876404,0.867508,0.890323,0.879518,0.762391,0.851613,0.764045,0.745377,0.839161,0.746988,0.54628,5,66.66666667,512,16,10356.30617,0.008593798,4,53.33333333
simvar_intensity_var_100,253,244,500,100,0.075,0.4,<UNK>,28,0.685442,0.691511,0.192171,0.916996,28,0.710725,0.704641,0.198529,0.95082,21800,0.01027,0.021584,0.021584,0.940711,20234,0.010622,0.022365,0.022365,0.938525,0.437607,0.488665,0.897233,0.440171,0.490862,0.897541,NaN,NaN,NaN,NaN,NaN,NaN,0.130435,0.230769,0.130435,0.122951,0.218978,0.122951,0.54113,0.2,2.666666667,512,16,10356.30617,0.02442956,-0.8,-10.66666667
simvar_intensity_var_200,248,231,500,200,0.075,0.4,<UNK>,214,0.901447,0.919918,0.891775,0.915323,214,0.95948,0.949153,0.9217,0.974249,24997,0.019393,0.039742,0.018776,0.955645,23254,0.019672,0.040259,0.018821,0.95671,0.777651,0.830022,0.870968,0.799792,0.841121,0.887446,0.044355,0.084942,0.044355,0.04329,0.082988,0.04329,0.76823,0.844444,0.778226,0.768457,0.852381,0.778261,0.543893,0.4,5.333333333,512,16,10356.30617,0.023946762,-0.6,-8
simvar_intensity_var_300,245,229,500,300,0.075,0.4,<UNK>,227,0.926595,0.955789,0.95339,0.938776,227,0.957872,0.972163,0.969828,0.970464,26221,0.021511,0.0433,0.017985,0.971429,24443,0.021785,0.043926,0.017996,0.969432,0.810833,0.887892,0.844898,0.815908,0.890476,0.843478,0.24527,0.396285,0.261224,0.244768,0.39604,0.262009,0.890112,0.922747,0.893878,0.887335,0.923434,0.89083,0.54586,0.6,8,512,16,10356.30617,0.023657084,-0.4,-5.333333333
simvar_intensity_var_400,261,246,500,400,0.075,0.4,<UNK>,243,0.92497,0.956349,0.956349,0.927203,243,0.973456,0.98167,0.98167,0.975806,26048,0.03593,0.070883,0.019385,0.977011,24229,0.036844,0.072716,0.019612,0.97561,0.829059,0.89916,0.854406,0.838931,0.904656,0.861789,0.414386,0.571429,0.436782,0.407838,0.567568,0.426829,0.881483,0.924,0.885057,0.873863,0.918803,0.877551,0.547714,0.8,10.66666667,512,16,10356.30617,0.025202036,-0.2,-2.666666667
simvar_intensity_var_500,263,251,500,500,0.075,0.4,<UNK>,238,0.923812,0.956693,0.946108,0.923954,238,0.952795,0.972,0.96146,0.952941,309,0.939224,0.968872,0.870629,0.946768,282,0.944223,0.971311,0.889306,0.944223,0.823276,0.901879,0.8327,0.834725,0.908696,0.840637,0.617827,0.719486,0.638783,0.620095,0.723596,0.641434,0.805079,0.876543,0.81749,0.803768,0.875,0.816733,0.549164,1,13.33333333,512,16,10356.30617,0.025395155,0,0
simvar_intensity_var_600,266,244,500,600,0.075,0.4,<UNK>,244,0.919183,0.956863,0.956863,0.921053,244,0.985898,0.99187,0.99187,0.987903,26769,0.955017,0.977186,0.019012,0.966165,24955,0.979508,0.989648,0.018969,0.979508,0.851742,0.923387,0.879699,0.879221,0.939394,0.909836,0.707555,0.75,0.736842,0.719499,0.762313,0.745902,0.838552,0.899598,0.842105,0.856407,0.914661,0.860082,0.550587,1.2,16,512,16,10356.30617,0.025684834,0.2,2.666666667
simvar_intensity_var_700,240,232,500,700,0.075,0.4,<UNK>,232,0.970833,0.985201,0.983051,0.970833,232,0.987288,0.993603,0.991453,0.987288,27115,0.780125,0.877778,0.017328,0.9875,25267,0.824959,0.905138,0.017961,0.987069,0.868792,0.928571,0.879167,0.877184,0.933333,0.883621,0.798694,0.818605,0.816667,0.800193,0.817308,0.818966,0.818404,0.885393,0.820833,0.81501,0.882629,0.817391,0.551609,1.4,18.66666667,512,16,10356.30617,0.023174286,0.4,5.333333333
simvarmass_0033af15,1991,1861,500,2157,0.127301,0.356934,5;3,1790,0.899526,0.946589,0.94631,0.899548,1790,0.942609,0.969927,0.969648,0.942632,1916,0.939729,0.968928,0.957768,0.939729,1777,0.93928,0.968689,0.960968,0.93928,0.818017,0.899503,0.819689,0.825189,0.903795,0.826975,0.761288,0.772727,0.803616,0.760709,0.772326,0.802794,0.72605,0.825803,0.729784,0.723416,0.826994,0.726685,0.628759,4.314,33.88818627,512,16,10356.30617,0.192250013,3.314,26.03278843
simvarmass_00368c8d,2312,2190,500,1566,0.213837,0.278416,5;3,2098,0.912208,0.951971,0.951474,0.913062,2098,0.948729,0.971561,0.971072,0.949618,23197,0.938581,0.968318,0.170136,0.938581,21551,0.938356,0.968198,0.173118,0.938356,0.836909,0.911696,0.846886,0.843298,0.915514,0.853425,0.595798,0.704059,0.618945,0.590057,0.702122,0.611593,NaN,NaN,NaN,NaN,NaN,NaN,0.602901,3.132,14.64667013,512,16,10356.30617,0.223245621,2.132,9.970210955
simvarmass_007da2e3,3846,3646,500,1999,0.236994,0.767522,5;3,3277,0.852651,0.91876,0.918433,0.853354,3277,0.890387,0.940264,0.939943,0.891121,3398,0.86129,0.924948,0.914136,0.861414,3193,0.858899,0.923554,0.915338,0.859024,0.806735,0.889241,0.817473,0.810431,0.891646,0.820949,0.450697,0.596606,0.475299,0.447068,0.593685,0.469281,0.474449,0.634755,0.475819,0.468554,0.630203,0.469539,0.639503,3.998,16.86962539,512,16,10356.30617,0.371367931,2.998,12.65010929
simvarmass_00872053,1795,1703,500,2243,0.24009,0.62458,5;3,1636,0.913616,0.95338,0.953075,0.914206,1636,0.95014,0.972941,0.972635,0.950753,1779,0.942061,0.970166,0.946279,0.942061,1663,0.941867,0.970064,0.95306,0.941867,0.831206,0.906934,0.836769,0.838537,0.911239,0.844392,0.632989,0.712337,0.669081,0.631596,0.713388,0.666471,NaN,NaN,NaN,NaN,NaN,NaN,0.594153,4.486,18.68465992,512,16,10356.30617,0.173324347,3.486,14.51955517
simvarmass_00a827ab,1385,1311,500,4519,0.175143,0.17095,5;3,1276,0.922022,0.959429,0.959038,0.922022,1276,0.962321,0.980799,0.980407,0.962321,1347,0.953791,0.976349,0.967057,0.953791,1271,0.953471,0.976181,0.968242,0.953471,0.82605,0.904066,0.826715,0.832263,0.907731,0.832952,0.842338,0.821388,0.879422,0.843798,0.821128,0.880335,0.944605,0.95436,0.948014,0.94413,0.956213,0.947126,0.613606,9.038,51.60354682,512,16,10356.30617,0.133734941,8.038,45.89392668
simvarmass_014c429a,445,419,500,4320,0.053455,0.559342,5;3,1732,0.923596,0.96028,0.377584,0.923596,1732,0.964789,0.982079,0.380908,0.964789,430,0.964045,0.981693,0.980571,0.964045,404,0.961814,0.980535,0.979344,0.961814,0.842697,0.914634,0.842697,0.849642,0.91871,0.849642,0.905497,0.875,0.937079,0.904008,0.873309,0.935561,NaN,NaN,NaN,NaN,NaN,NaN,0.588635,8.64,161.6312786,512,16,10356.30617,0.042968988,7.64,142.9239547
simvarmass_017294ed,3775,3584,500,3619,0.355572,0.48893,5;3,3265,0.864899,0.927404,0.927273,0.864901,3265,0.8992,0.946773,0.946636,0.899201,3422,0.882119,0.937368,0.925386,0.882119,3222,0.880859,0.936656,0.927711,0.880859,0.823891,0.902365,0.830464,0.826737,0.904181,0.83338,0.553811,0.674919,0.577748,0.551062,0.674095,0.57394,0.58565,0.726856,0.58755,0.580705,0.723042,0.582541,0.649907,7.238,20.35593354,512,16,10356.30617,0.364512205,6.238,17.54356361
simvarmass_017ff4a0,3945,3726,500,4162,0.305161,0.107807,5;3,332,0.871546,0.931347,0.155249,0.871736,332,0.912971,0.954482,0.16203,0.91317,3630,0.902408,0.948701,0.939934,0.902408,3411,0.901261,0.948067,0.94116,0.901261,0.818219,0.899415,0.818758,0.825308,0.903643,0.825865,0.638695,0.721579,0.671736,0.638182,0.722246,0.669439,NaN,NaN,NaN,NaN,NaN,NaN,0.669698,8.324,27.27740439,512,16,10356.30617,0.380927324,7.324,24.00044567
simvarmass_01dcaff7,797,739,500,4459,0.289302,0.466345,5;3,722,0.908288,0.951316,0.950625,0.908407,722,0.958815,0.978349,0.977657,0.95894,788,0.961104,0.980166,0.966562,0.961104,719,0.958051,0.978576,0.971193,0.958051,0.818555,0.899449,0.820577,0.820496,0.900593,0.822733,0.83001,0.819892,0.867001,0.828955,0.821818,0.863329,0.676615,0.781543,0.686324,0.663745,0.772763,0.671662,0.563833,8.918,30.82591894,512,16,10356.30617,0.076957941,7.918,27.36932341
simvarmass_024f78dd,3838,3642,500,2828,0.394956,0.61726,5;3,3278,0.85406,0.920202,0.92018,0.854612,3278,0.891456,0.941498,0.941481,0.892032,20733,0.865295,0.927803,0.2704,0.865555,19200,0.866008,0.928214,0.276246,0.866282,0.8051,0.890397,0.816571,0.81055,0.893675,0.822399,0.432092,0.585325,0.449974,0.429253,0.583813,0.445634,NaN,NaN,NaN,NaN,NaN,NaN,0.630564,5.656,14.32058255,512,16,10356.30617,0.370595455,4.656,11.78865494
simvarmass_02800722,4386,4130,500,4929,0.118993,0.378679,5;3,849,0.852713,0.920502,0.324355,0.852713,849,0.897313,0.945878,0.338449,0.897313,3868,0.875285,0.933495,0.930216,0.875285,3634,0.875061,0.933368,0.930963,0.875061,0.809066,0.894704,0.810762,0.817786,0.9,0.819569,0.648441,0.719428,0.688098,0.647311,0.720824,0.685942,NaN,NaN,NaN,NaN,NaN,NaN,0.722204,9.858,82.84520938,512,16,10356.30617,0.423510075,8.858,74.44135369
simvarmass_0290bbb2,3999,3797,500,2204,0.253491,0.828151,5;3,3368,0.850125,0.916532,0.91299,0.850213,3368,0.887173,0.937681,0.934167,0.887265,20467,0.859097,0.923449,0.28088,0.859465,18954,0.858753,0.923339,0.286656,0.858873,0.802289,0.886512,0.815704,0.805192,0.888305,0.818589,0.441603,0.589487,0.464116,0.438034,0.58703,0.459979,0.458962,0.622508,0.460615,0.45561,0.620344,0.457113,0.641589,4.408,17.38917753,512,16,10356.30617,0.386141539,3.408,13.44426429
simvarmass_02daa4b8,4448,4220,500,966,0.263829,0.853276,5;3,3414,0.826834,0.875825,0.861358,0.840603,3414,0.862919,0.896596,0.88223,0.877288,20719,0.771234,0.868858,0.300711,0.851169,19224,0.775243,0.870935,0.304739,0.84712,0.775485,0.831305,0.848696,0.779404,0.834142,0.850771,0.193951,0.32843,0.200764,0.192195,0.32443,0.197156,NaN,NaN,NaN,NaN,NaN,NaN,0.602597,1.932,7.322925076,512,16,10356.30617,0.429496765,0.932,3.532591186
simvarmass_02ef6f18,4003,3792,500,2561,0.280398,0.567541,5;3,3442,0.860105,0.924668,0.924647,0.860105,3442,0.898486,0.946399,0.946384,0.898486,20399,0.876842,0.93438,0.287681,0.876842,18919,0.875231,0.933465,0.292206,0.875231,0.809071,0.89367,0.814639,0.815501,0.897693,0.820364,0.481819,0.620362,0.505371,0.482471,0.621048,0.505144,0.543139,0.694118,0.545341,0.539576,0.69223,0.541634,0.64875,5.122,18.26689206,512,16,10356.30617,0.386527777,4.122,14.70053281
simvarmass_031f1884,1325,1241,500,3301,0.194254,0.064612,5;3,1238,0.935079,0.966055,0.966055,0.935094,1238,0.975574,0.987241,0.987241,0.975591,1322,0.969811,0.984674,0.97091,0.969811,1225,0.971797,0.985697,0.978102,0.971797,0.838383,0.911704,0.838491,0.845169,0.915684,0.845286,0.845112,0.825863,0.881509,0.846871,0.827029,0.882258,NaN,NaN,NaN,NaN,NaN,NaN,0.59831,6.602,33.98643014,512,16,10356.30617,0.12794137,5.602,28.838531
simvarmass_0324cc54,4054,3850,500,685,0.433749,0.872777,5;3,2688,0.766898,0.778015,0.764165,0.873212,2688,0.798409,0.796153,0.782741,0.909091,21788,0.143493,0.279651,0.2684,0.858658,20164,0.146224,0.284797,0.27339,0.855437,0.64905,0.680549,0.881598,0.654148,0.684185,0.884905,0.008088,0.016145,0.00814,0.006234,0.01239,0.006234,0.36361,0.529161,0.367045,0.363752,0.529456,0.366875,0.550437,1.37,3.158508723,512,16,10356.30617,0.391452312,0.37,0.853027903
simvarmass_033cdb19,1266,1199,500,4123,0.262657,0.69278,5;3,1172,0.92654,0.96187,0.961444,0.92654,1172,0.965432,0.982412,0.981986,0.965432,1221,0.950237,0.974484,0.967431,0.950237,1151,0.953294,0.976089,0.972766,0.953294,0.827362,0.906034,0.830964,0.842748,0.915162,0.846539,0.789748,0.792662,0.830964,0.797367,0.797095,0.838333,NaN,NaN,NaN,NaN,NaN,NaN,0.587969,8.246,31.3945564,512,16,10356.30617,0.122244358,7.246,27.58730969
simvarmass_035ebae1,2224,2100,500,4925,0.163768,0.401103,5;3,407,0.910522,0.953165,0.309388,0.910522,407,0.949367,0.974026,0.320472,0.949367,2107,0.940198,0.969177,0.965597,0.940198,1982,0.94,0.969072,0.967173,0.94,0.836913,0.910959,0.838129,0.846525,0.916731,0.847619,0.788373,0.792749,0.830486,0.789809,0.795325,0.831268,0.681558,0.79728,0.685252,0.675621,0.79475,0.678912,0.655087,9.85,60.14606028,512,16,10356.30617,0.214748383,8.85,54.03986127
simvarmass_036b8dab,1339,1265,500,3737,0.390671,0.567102,5;3,1230,0.922263,0.958382,0.957571,0.923077,1230,0.960272,0.978554,0.977742,0.96112,1341,0.951456,0.975124,0.950746,0.951456,1251,0.949447,0.974068,0.955105,0.949447,0.841078,0.913939,0.849141,0.83905,0.912746,0.847551,0.691599,0.748848,0.728155,0.69194,0.751941,0.727273,NaN,NaN,NaN,NaN,NaN,NaN,0.575682,7.474,19.13118711,512,16,10356.30617,0.129293203,6.474,16.57148854
simvarmass_0394e7c4,2969,2780,500,4193,0.40938,0.899818,5;3,2504,0.859364,0.919007,0.914672,0.859549,2504,0.90477,0.944507,0.94027,0.904965,2737,0.887891,0.935691,0.922187,0.888515,2543,0.886574,0.935983,0.924291,0.88705,0.80255,0.877957,0.816773,0.812529,0.883925,0.826916,0.540815,0.659095,0.566858,0.542404,0.661774,0.567626,0.44555,0.609633,0.447625,0.443068,0.608311,0.445124,0.626077,8.386,20.4846353,512,16,10356.30617,0.286685228,7.386,18.04191705
simvarmass_03b61c22,3602,3395,500,2268,0.109603,0.385404,5;3,2955,0.86617,0.928157,0.901022,0.866185,2955,0.90987,0.952672,0.925439,0.909886,3250,0.890616,0.942144,0.936369,0.890616,3051,0.8919,0.942862,0.939497,0.8919,0.81194,0.895929,0.812604,0.819969,0.900776,0.820671,0.669391,0.729856,0.712937,0.669849,0.730943,0.713529,NaN,NaN,NaN,NaN,NaN,NaN,0.683061,4.536,41.38572849,512,16,10356.30617,0.347807407,3.536,32.26189064
simvarmass_0405f327,283,268,500,958,0.055904,0.126021,5;3,264,0.932862,0.965265,0.965265,0.932862,264,0.981413,0.990619,0.990619,0.981413,289,0.971731,0.985663,0.961538,0.971731,270,0.981343,0.990584,0.977695,0.981343,0.850219,0.91635,0.855124,0.854946,0.92,0.858209,0.86327,0.835355,0.904594,0.871847,0.838475,0.914179,0.961997,0.942446,0.975265,0.968694,0.954545,0.981273,0.562838,1.916,34.2730395,512,16,10356.30617,0.027326345,0.916,16.38523183
simvarmass_040e2043,3424,3239,500,3013,0.308797,0.530338,5;3,2980,0.872948,0.931067,0.930668,0.872956,2980,0.913221,0.953522,0.953142,0.913229,3209,0.895736,0.945001,0.92477,0.895736,3003,0.894103,0.944091,0.927908,0.894103,0.815217,0.897559,0.825643,0.823307,0.902451,0.833488,0.546999,0.669486,0.577979,0.546614,0.67002,0.576507,NaN,NaN,NaN,NaN,NaN,NaN,0.63986,6.026,19.51443829,512,16,10356.30617,0.330619812,5.026,16.27606486
simvarmass_04eac1fb,1798,1710,500,1761,0.20702,0.825226,5;3,1601,0.892857,0.938069,0.936746,0.894327,1601,0.926346,0.956314,0.955009,0.927871,1753,0.913237,0.954347,0.92481,0.913237,1644,0.913399,0.954448,0.931106,0.9134,0.820861,0.896573,0.841491,0.830602,0.902275,0.850117,0.552508,0.663694,0.579533,0.547543,0.659732,0.574854,0.480714,0.635584,0.481646,0.472919,0.630666,0.473684,0.590588,3.522,17.012849,512,16,10356.30617,0.173614025,2.522,12.18239784
simvarmass_05f5a045,4974,4692,500,3963,0.353039,0.797025,5;3,1968,0.820238,0.900861,0.566984,0.820265,1968,0.862916,0.92601,0.587814,0.862944,4235,0.832327,0.908253,0.89912,0.832328,3977,0.833475,0.908922,0.902042,0.833475,0.795103,0.883862,0.800161,0.803514,0.888968,0.808692,0.458823,0.602032,0.482509,0.457483,0.60211,0.480597,NaN,NaN,NaN,NaN,NaN,NaN,0.672819,7.926,22.45077739,512,16,10356.30617,0.480287075,6.926,19.61822915
simvarmass_06033d3a,807,769,500,1200,0.296638,0.480947,5;3,742,0.91809,0.955398,0.954164,0.920694,742,0.952312,0.97365,0.972368,0.955013,849,0.92051,0.9594,0.927536,0.951673,785,0.931472,0.965017,0.940798,0.950585,0.824014,0.898708,0.843866,0.833499,0.904187,0.853056,0.336847,0.497345,0.348203,0.33251,0.493433,0.342003,0.647999,0.776296,0.650558,0.641181,0.77262,0.643229,0.538635,2.4,8.090669435,512,16,10356.30617,0.077923536,1.4,4.719557171
simvarmass_0603b709,3463,3280,500,1377,0.155577,0.395243,5;3,3025,0.874665,0.932532,0.932182,0.874675,3025,0.912339,0.953536,0.953191,0.912349,3215,0.894311,0.944207,0.927523,0.894311,3016,0.895122,0.944659,0.932656,0.895122,0.818818,0.899746,0.824718,0.825396,0.903872,0.830793,0.550058,0.67274,0.575801,0.543851,0.669899,0.568424,NaN,NaN,NaN,NaN,NaN,NaN,0.640604,2.754,17.70184539,512,16,10356.30617,0.334385633,1.754,11.27416006
simvarmass_0620182b,2832,2670,500,3906,0.195527,0.682312,5;3,2388,0.875353,0.933534,0.914943,0.875353,2388,0.918148,0.957328,0.938679,0.918148,2573,0.89654,0.945448,0.9395,0.89654,2415,0.896629,0.945498,0.941593,0.896629,0.819146,0.900349,0.820975,0.827645,0.905444,0.829588,0.66384,0.720109,0.702684,0.663086,0.72071,0.701984,0.540513,0.692342,0.542726,0.535685,0.688595,0.537884,0.659536,7.812,39.9535614,512,16,10356.30617,0.273456573,6.812,34.83917822
simvarmass_066432a7,880,837,500,4914,0.280726,0.324484,5;3,824,0.936915,0.965962,0.965962,0.9375,824,0.971125,0.983861,0.983861,0.971731,880,0.964773,0.982071,0.964773,0.964773,826,0.966547,0.982989,0.97294,0.966547,0.865909,0.928136,0.865909,0.870968,0.931034,0.870968,0.843784,0.822619,0.884091,0.847683,0.826983,0.886499,NaN,NaN,NaN,NaN,NaN,NaN,0.573902,9.828,35.00922608,512,16,10356.30617,0.084972382,8.828,31.44703376
simvarmass_06f60ed6,811,773,500,1283,0.207832,0.19565,5;3,754,0.93398,0.964901,0.963578,0.935882,754,0.962462,0.979909,0.978585,0.964422,25847,0.967941,0.983709,0.058894,0.967941,24029,0.966365,0.982895,0.060237,0.966365,0.854641,0.921035,0.87053,0.853966,0.920613,0.870634,0.647842,0.725,0.679408,0.643467,0.726132,0.673997,0.915857,0.945876,0.918619,0.915615,0.946441,0.918394,0.551809,2.566,12.34651064,512,16,10356.30617,0.078309774,1.566,7.534932061
simvarmass_06fc8010,1038,976,500,1073,0.058037,0.632361,5;3,741,0.919044,0.957308,0.833052,0.919075,741,0.960692,0.979445,0.854671,0.960725,1020,0.952794,0.975826,0.961127,0.952794,951,0.951844,0.975328,0.964193,0.951844,0.834022,0.908805,0.837187,0.838006,0.910913,0.840164,0.804349,0.801688,0.840077,0.8013,0.799551,0.83709,NaN,NaN,NaN,NaN,NaN,NaN,0.600297,2.146,36.9764116,512,16,10356.30617,0.100228786,1.146,19.74602409
simvarmass_06fe9d6f,449,423,500,2144,0.124333,0.176629,5;3,418,0.934861,0.965438,0.964245,0.937639,418,0.976168,0.987044,0.985849,0.97907,457,0.975501,0.987599,0.966887,0.975501,429,0.981087,0.990453,0.974178,0.981087,0.807541,0.893252,0.81069,0.817096,0.898964,0.820331,0.876609,0.861017,0.910913,0.88751,0.867925,0.921986,0.957369,0.95325,0.966592,0.96227,0.956416,0.971496,0.557338,4.288,34.48802812,512,16,10356.30617,0.043355227,3.288,26.44511111
simvarmass_07899160,1749,1662,500,878,0.273758,0.057392,5;3,1613,0.920409,0.957194,0.956573,0.924528,1613,0.959354,0.977832,0.977211,0.963647,2067,0.774215,0.876834,0.876834,0.956547,1904,0.795895,0.890073,0.890073,0.954874,0.842978,0.913138,0.867925,0.852614,0.918797,0.876053,0.083535,0.157398,0.085763,0.079448,0.15,0.081227,NaN,NaN,NaN,NaN,NaN,NaN,0.554187,1.756,6.414424419,512,16,10356.30617,0.168882608,0.756,2.761563132
simvarmass_0789a0f3,2516,2396,500,851,0.357524,0.096648,5;3,2333,0.887431,0.933249,0.920602,0.895469,2333,0.922253,0.952238,0.938999,0.930607,22976,0.139671,0.260845,0.18139,0.918919,21259,0.143985,0.268049,0.185838,0.917362,0.825483,0.894199,0.871622,0.83016,0.896787,0.876306,0.018233,0.035895,0.018283,0.016277,0.032033,0.016277,0.813797,0.881508,0.817568,0.813562,0.882366,0.817231,0.553216,1.702,4.760519574,512,16,10356.30617,0.242943764,0.702,1.963504548
simvarmass_07b44a9c,1167,1110,500,4453,0.282682,0.798284,5;3,1063,0.91497,0.954301,0.953363,0.915167,1063,0.948286,0.972159,0.97122,0.94849,1122,0.935733,0.966799,0.954128,0.935733,1056,0.936937,0.967442,0.960295,0.936937,0.837576,0.911463,0.838903,0.841852,0.913978,0.843243,0.744882,0.769081,0.778063,0.745809,0.769623,0.778378,NaN,NaN,NaN,NaN,NaN,NaN,0.583463,8.906,31.50536645,512,16,10356.30617,0.112684965,7.906,27.9678225
simvarmass_07dccd64,4382,4133,500,3486,0.34974,0.808716,5;3,2764,0.835422,0.909204,0.77358,0.835463,2764,0.878316,0.934031,0.797461,0.878359,19654,0.853712,0.920842,0.311283,0.85372,18242,0.849013,0.918204,0.313654,0.84902,0.79915,0.885279,0.808535,0.805182,0.888859,0.814949,0.472757,0.615667,0.496805,0.472386,0.616195,0.495042,0.470478,0.633109,0.472159,0.469599,0.633019,0.471273,0.657909,6.972,19.93480872,512,16,10356.30617,0.423123837,5.972,17.07554183
simvarmass_07f0eb01,831,787,500,4489,0.061846,0.742124,5;3,795,0.930205,0.96384,0.9508,0.930205,795,0.967459,0.983461,0.969887,0.967459,803,0.961492,0.980368,0.977968,0.961492,759,0.961881,0.98057,0.979301,0.961881,0.855596,0.922179,0.855596,0.861499,0.925597,0.861499,0.883024,0.864865,0.915764,0.87996,0.862458,0.913486,NaN,NaN,NaN,NaN,NaN,NaN,0.614396,8.978,145.1670278,512,16,10356.30617,0.080240965,7.978,128.9978333
simvarmass_083b2a31,1054,998,500,2968,0.495917,0.185348,5;3,1012,0.933215,0.964128,0.949661,0.934535,1012,0.966217,0.981491,0.966502,0.967583,25439,0.960167,0.979749,0.0767,0.963947,23637,0.959929,0.979613,0.078019,0.962926,0.834729,0.908904,0.849146,0.845361,0.915181,0.858717,0.614582,0.719233,0.640417,0.615151,0.720497,0.639279,0.932027,0.953033,0.934535,0.935486,0.956928,0.937563,0.553758,5.936,11.96974494,512,16,10356.30617,0.101773739,4.936,9.953278472
simvarmass_0873b7ba,1017,970,500,2046,0.140417,0.193525,5;3,953,0.940666,0.96856,0.967513,0.941003,953,0.975186,0.98657,0.985522,0.975535,1027,0.977384,0.988563,0.972603,0.977384,968,0.976289,0.988002,0.977296,0.976289,0.846185,0.915868,0.848574,0.849555,0.918106,0.851546,0.854667,0.824242,0.895772,0.856613,0.825397,0.897938,NaN,NaN,NaN,NaN,NaN,NaN,0.583291,4.092,29.14177058,512,16,10356.30617,0.098201036,3.092,22.02012577
simvarmass_087a6c84,3701,3505,500,2462,0.192249,0.890539,5;3,2583,0.842166,0.91354,0.822088,0.842205,2583,0.880468,0.935615,0.843704,0.880508,3271,0.864015,0.925888,0.91681,0.864361,3077,0.863275,0.925716,0.91887,0.863623,0.78775,0.874507,0.796812,0.791847,0.877215,0.800514,0.527653,0.644327,0.558498,0.52709,0.644906,0.557901,0.453804,0.616596,0.454742,0.450974,0.613919,0.451788,0.658331,4.924,25.61261697,512,16,10356.30617,0.3573668,3.924,20.41102945
simvarmass_08f24a73,4047,3833,500,1353,0.074475,0.055224,5;3,3580,0.883211,0.937983,0.937983,0.883865,3580,0.921226,0.958981,0.958981,0.921907,3732,0.906103,0.950739,0.942795,0.906103,3514,0.906079,0.950725,0.94542,0.906079,0.820608,0.900556,0.822832,0.825951,0.903898,0.828072,0.649859,0.730875,0.688164,0.651829,0.733407,0.688837,NaN,NaN,NaN,NaN,NaN,NaN,0.687782,2.706,36.33434038,512,16,10356.30617,0.390776396,1.706,22.90701578
simvarmass_090b7baf,1028,973,500,2039,0.191993,0.393324,5;3,957,0.933199,0.964753,0.964232,0.933852,957,0.968041,0.983068,0.982546,0.968718,25758,0.963035,0.981169,0.073919,0.963035,23948,0.961973,0.980618,0.075117,0.961973,0.844339,0.915129,0.849222,0.851989,0.919578,0.857143,0.769176,0.796199,0.796693,0.772533,0.799555,0.799589,0.731572,0.823333,0.736381,0.726617,0.821999,0.730928,0.571279,4.078,21.24035772,512,16,10356.30617,0.099263191,3.078,16.03183449
simvarmass_0995c52b,1732,1645,500,3076,0.286266,0.601253,5;3,1588,0.918927,0.956391,0.956024,0.919169,1588,0.954186,0.975161,0.974816,0.954436,24118,0.939376,0.968741,0.12588,0.939376,22398,0.939818,0.968975,0.128603,0.939818,0.841713,0.91348,0.845266,0.84854,0.917461,0.85228,0.689482,0.750223,0.729215,0.690798,0.751094,0.729648,NaN,NaN,NaN,NaN,NaN,NaN,0.596639,6.152,21.49050184,512,16,10356.30617,0.167241096,5.152,17.99724732
simvarmass_09d1b2f2,1081,1023,500,4930,0.266168,0.747018,5;3,988,0.916735,0.955598,0.955051,0.916744,988,0.954712,0.97585,0.975321,0.954721,1043,0.947271,0.972922,0.964218,0.947271,979,0.944282,0.971342,0.965035,0.944282,0.829612,0.907716,0.833488,0.838001,0.913043,0.841642,0.781675,0.789395,0.823312,0.779555,0.788584,0.821114,0.552811,0.692711,0.555967,0.545325,0.68875,0.548228,0.582305,9.86,37.04427279,512,16,10356.30617,0.104380846,8.86,33.28724715
simvarmass_0a10d52a,538,510,500,3705,0.34449,0.330345,5;3,497,0.929362,0.962464,0.960386,0.929368,497,0.959687,0.978474,0.976424,0.959693,27180,0.95539,0.977186,0.037088,0.95539,25344,0.956863,0.977956,0.03775,0.956863,0.821145,0.901121,0.821561,0.830947,0.906952,0.831373,0.85202,0.842942,0.877323,0.854437,0.846715,0.878669,NaN,NaN,NaN,NaN,NaN,NaN,0.544414,7.41,21.51005835,512,16,10356.30617,0.051949024,6.41,18.60721646
simvarmass_0a30b947,3445,3269,500,910,0.23749,0.507449,5;3,3006,0.874912,0.927644,0.927608,0.877794,3006,0.909771,0.946985,0.946985,0.912768,21769,0.781762,0.88415,0.243357,0.890566,20156,0.793282,0.890661,0.24794,0.888345,0.813878,0.89056,0.839768,0.821317,0.895081,0.845824,0.190011,0.320423,0.193324,0.18589,0.314446,0.188552,0.56547,0.710933,0.567199,0.566571,0.712418,0.568056,0.591907,1.82,7.663480568,512,16,10356.30617,0.332647562,0.82,3.452776959
simvarmass_0ab4e48b,3474,3298,500,1285,0.413818,0.185005,5;3,3050,0.878121,0.932086,0.931944,0.880829,3050,0.916369,0.953277,0.953127,0.919195,21590,0.303279,0.489256,0.250718,0.904433,20016,0.315886,0.503451,0.256562,0.906364,0.821063,0.897238,0.848014,0.830724,0.903108,0.856883,0.06563,0.123177,0.06563,0.060643,0.114351,0.060643,NaN,NaN,NaN,NaN,NaN,NaN,0.578241,2.57,6.210459671,512,16,10356.30617,0.335447788,1.57,3.793938398
simvarmass_0ada3d07,2856,2695,500,4698,0.213271,0.414531,5;3,1290,0.886204,0.93967,0.622287,0.886204,1290,0.924397,0.960714,0.640516,0.924397,2623,0.906863,0.951157,0.945428,0.906863,2459,0.905751,0.950545,0.947225,0.905751,0.821403,0.901479,0.821779,0.825579,0.903959,0.825974,0.717366,0.748026,0.762955,0.715704,0.748131,0.760475,0.661919,0.783706,0.663515,0.659825,0.78382,0.661212,0.66313,9.396,44.05662279,512,16,10356.30617,0.275774002,8.396,39.36775277
simvarmass_0b80d062,1908,1788,500,1547,0.495452,0.154427,5;3,1726,0.905287,0.947716,0.947716,0.908805,1726,0.951674,0.972607,0.972607,0.955372,23673,0.198564,0.343926,0.140886,0.944444,22004,0.20298,0.350244,0.141896,0.944072,0.835187,0.905402,0.870545,0.842309,0.909587,0.875908,0.096249,0.177059,0.097484,0.08771,0.162051,0.088367,NaN,NaN,NaN,NaN,NaN,NaN,0.553357,3.094,6.244802726,512,16,10356.30617,0.184235573,2.094,4.226443732
simvarmass_0b97225e,3386,3222,500,1728,0.390303,0.87251,5;3,2726,0.856786,0.893254,0.885798,0.871234,2726,0.890447,0.91205,0.904746,0.905463,22164,0.809538,0.888717,0.232329,0.876551,20581,0.817699,0.892449,0.236703,0.874573,0.772993,0.837567,0.842292,0.775127,0.838596,0.845079,0.299595,0.457442,0.30951,0.298097,0.455906,0.307358,0.441692,0.606428,0.443001,0.436442,0.60227,0.437597,0.593172,3.456,8.854659073,512,16,10356.30617,0.32695055,2.456,6.292547072
simvarmass_0bb86b1a,3103,2894,500,719,0.084467,0.255445,5;3,2731,0.884801,0.936869,0.93555,0.885272,2731,0.934174,0.963915,0.96261,0.934672,3008,0.918788,0.957676,0.933072,0.918788,2776,0.917415,0.956929,0.936508,0.917415,0.816377,0.897786,0.82533,0.823343,0.90176,0.832412,0.553085,0.677966,0.580084,0.545424,0.674134,0.571873,NaN,NaN,NaN,NaN,NaN,NaN,0.635902,1.438,17.02440006,512,16,10356.30617,0.299624205,0.438,5.185457042
simvarmass_0c23b69a,3803,3586,500,3967,0.208609,0.79024,5;3,1827,0.850628,0.919165,0.649023,0.850644,1827,0.890677,0.94205,0.669353,0.890694,19489,0.86011,0.924795,0.280869,0.86011,18040,0.858656,0.923954,0.284829,0.858656,0.802942,0.890377,0.806994,0.808217,0.893643,0.812047,0.571935,0.670735,0.606889,0.572087,0.672857,0.605909,0.47405,0.63496,0.475677,0.468944,0.630475,0.470391,0.676978,7.934,38.0328749,512,16,10356.30617,0.367215872,6.934,33.23921787
simvarmass_0c2bf665,3736,3506,500,3875,0.155838,0.716808,5;3,896,0.853051,0.920566,0.386874,0.853051,896,0.899266,0.946821,0.403604,0.899266,19446,0.876071,0.933942,0.282374,0.876071,18017,0.876497,0.934185,0.285555,0.876497,0.796407,0.886212,0.798448,0.806444,0.892356,0.808614,0.606904,0.695273,0.639722,0.605484,0.696181,0.63709,NaN,NaN,NaN,NaN,NaN,NaN,0.690701,7.75,49.73113105,512,16,10356.30617,0.360746384,6.75,43.31421091
simvarmass_0c45ac8e,767,714,500,644,0.380321,0.440887,5;3,630,0.891232,0.890571,0.869005,0.926988,630,0.942862,0.91708,0.895941,0.98069,24060,0.029834,0.059774,0.059774,0.967405,22405,0.030021,0.059951,0.059951,0.970588,0.723742,0.749625,0.904824,0.736678,0.756757,0.915042,0.006519,0.012953,0.006519,0.002801,0.005587,0.002801,0.543762,0.692875,0.551499,0.542429,0.693192,0.54902,0.522477,1.288,3.386612888,512,16,10356.30617,0.074061155,0.288,0.757255056
simvarmass_0c50ef71,2700,2570,500,896,0.245426,0.871712,5;3,2108,0.854869,0.884219,0.869384,0.887037,2108,0.888774,0.903013,0.888417,0.922218,23136,0.391382,0.586055,0.187645,0.897778,21446,0.40719,0.602342,0.191305,0.89447,0.765164,0.824164,0.858148,0.771913,0.82972,0.864097,0.248092,0.394632,0.255926,0.247185,0.393502,0.254475,NaN,NaN,NaN,NaN,NaN,NaN,0.575271,1.792,7.301589889,512,16,10356.30617,0.260710716,0.792,3.22704196
simvarmass_0c706dac,1751,1659,500,4710,0.485715,0.892574,5;3,1554,0.900035,0.943339,0.939788,0.900628,1554,0.936957,0.963373,0.959827,0.937574,1671,0.928976,0.960639,0.949737,0.929754,1568,0.927532,0.960901,0.952912,0.928313,0.834138,0.902181,0.849229,0.844451,0.908913,0.858519,0.597914,0.691706,0.631068,0.601044,0.69698,0.633293,0.475966,0.634128,0.478584,0.477402,0.6364,0.480072,0.589787,9.42,19.39408913,512,16,10356.30617,0.169075727,8.42,17.33526862
simvarmass_0cafbb9a,2110,2000,500,2262,0.172936,0.101643,5;3,1944,0.921327,0.959053,0.959053,0.921327,1944,0.959053,0.979098,0.979098,0.959053,2086,0.953081,0.975977,0.958532,0.953081,1954,0.9525,0.975672,0.963581,0.9525,0.84189,0.913155,0.845024,0.850782,0.918307,0.854073,0.765746,0.780829,0.80237,0.765914,0.781223,0.801901,NaN,NaN,NaN,NaN,NaN,NaN,0.6217,4.524,26.15996669,512,16,10356.30617,0.203740597,3.524,20.37748069
simvarmass_0d011625,2113,2000,500,3306,0.358461,0.360154,5;3,1911,0.908248,0.950087,0.949801,0.908661,1911,0.94725,0.971066,0.97079,0.94768,2043,0.93611,0.967001,0.951877,0.93611,1913,0.935,0.966408,0.955788,0.935,0.847513,0.916731,0.852816,0.853346,0.92013,0.858,0.675138,0.744971,0.709891,0.675461,0.746057,0.7095,0.711349,0.814227,0.714624,0.709697,0.815275,0.712349,0.603129,6.612,18.44552127,512,16,10356.30617,0.204030275,5.612,15.65581751
simvarmass_0d4e98a7,1974,1867,500,1623,0.418846,0.073304,5;3,1788,0.908826,0.95,0.949495,0.911348,1788,0.948716,0.971444,0.970916,0.951348,23970,0.610059,0.766585,0.144311,0.948328,22295,0.62894,0.780898,0.14618,0.945903,0.832653,0.907684,0.852077,0.838567,0.91137,0.855228,0.217374,0.356819,0.219352,0.209639,0.346526,0.211147,NaN,NaN,NaN,NaN,NaN,NaN,0.563885,3.246,7.749865106,512,16,10356.30617,0.190608501,2.246,5.36235275
simvarmass_0d6b6bc2,1635,1547,500,2389,0.164276,0.728884,5;3,1501,0.919014,0.956633,0.956633,0.919266,1501,0.955237,0.975927,0.975927,0.955499,1596,0.941896,0.970079,0.953265,0.941896,1494,0.943762,0.971068,0.96021,0.943762,0.831581,0.907513,0.834251,0.839458,0.912157,0.842275,0.70476,0.744823,0.738838,0.705961,0.744868,0.738372,0.522158,0.671607,0.526606,0.520428,0.67053,0.524951,0.605531,4.778,29.08519808,512,16,10356.30617,0.157874823,3.778,22.99788161
simvarmass_0db1e688,710,667,500,1807,0.222561,0.439684,5;3,653,0.920304,0.956713,0.956713,0.923944,653,0.962321,0.978979,0.978979,0.966127,747,0.959155,0.979152,0.934798,0.959155,686,0.961019,0.980122,0.947524,0.961019,0.841817,0.913542,0.860563,0.85409,0.920712,0.872564,0.714767,0.7632,0.742254,0.707346,0.760443,0.734633,NaN,NaN,NaN,NaN,NaN,NaN,0.550361,3.614,16.2382448,512,16,10356.30617,0.068557262,2.614,11.7450946
simvarmass_0db4faaf,205,193,500,4491,0.093876,0.479848,5;3,182,0.887805,0.940568,0.940568,0.887805,182,0.938144,0.968085,0.968085,0.938144,187,0.912195,0.954082,0.954082,0.912195,180,0.932642,0.965147,0.965147,0.932642,0.790219,0.883469,0.795122,0.813518,0.897727,0.818653,0.86646,0.86911,0.887805,0.886512,0.882192,0.907216,0.725814,0.802168,0.731707,0.731164,0.804954,0.735751,0.551766,8.982,95.67940688,512,16,10356.30617,0.019794703,7.982,85.02705697
simvarmass_0dbf6196,4882,4603,500,4856,0.332938,0.321386,5;3,3913,0.845555,0.916315,0.889824,0.845555,3913,0.887742,0.940533,0.913932,0.887742,4340,0.866858,0.928681,0.917805,0.866858,4045,0.864466,0.927307,0.920338,0.864466,0.809606,0.894088,0.811143,0.814148,0.896807,0.815772,0.564147,0.68366,0.596067,0.564064,0.684777,0.594436,NaN,NaN,NaN,NaN,NaN,NaN,0.685878,9.712,29.17059633,512,16,10356.30617,0.471403599,8.712,26.1670341
simvarmass_0dee1aa6,4075,3837,500,3649,0.343712,0.620014,5;3,3448,0.846295,0.916412,0.916124,0.84638,3448,0.890664,0.941819,0.94153,0.890754,20116,0.86454,0.927349,0.291265,0.86454,18651,0.864738,0.927463,0.295091,0.864738,0.802376,0.889402,0.807362,0.81078,0.894571,0.815433,0.513917,0.64591,0.539632,0.513207,0.645312,0.538602,0.535441,0.687205,0.536442,0.533459,0.686031,0.534257,0.655884,7.298,21.23289265,512,16,10356.30617,0.393480062,6.298,18.32348012
simvarmass_0e7acf26,441,416,500,2789,0.481474,0.791161,5;3,378,0.855526,0.914634,0.913309,0.85941,378,0.894045,0.93633,0.935,0.898104,417,0.901707,0.943847,0.920746,0.902494,388,0.895921,0.941476,0.920398,0.896635,0.781647,0.864796,0.814059,0.790172,0.869448,0.822115,0.502125,0.627558,0.521542,0.499036,0.626822,0.516827,NaN,NaN,NaN,NaN,NaN,NaN,0.529307,5.578,11.58525694,512,16,10356.30617,0.04258275,4.578,9.508301591
simvarmass_0ed101e7,3016,2846,500,4779,0.331411,0.112532,5;3,2658,0.892905,0.943423,0.936905,0.892905,2658,0.935719,0.966792,0.96026,0.935719,21311,0.924072,0.960538,0.229128,0.924072,19791,0.923077,0.96,0.232176,0.923077,0.81953,0.900783,0.821618,0.82809,0.905914,0.830288,0.708091,0.7505,0.747016,0.707944,0.752745,0.7464,0.945639,0.963723,0.946618,0.946172,0.96474,0.946812,0.64998,9.558,28.84032214,512,16,10356.30617,0.291223526,8.558,25.82292078
simvarmass_0f18e193,3509,3329,500,1002,0.259895,0.323369,5;3,3080,0.878613,0.933374,0.933374,0.881163,3080,0.916757,0.954524,0.954524,0.919417,21332,0.887966,0.941456,0.255062,0.902821,19777,0.886644,0.940641,0.25924,0.89967,0.82545,0.901906,0.84725,0.832065,0.90584,0.853409,0.166981,0.288123,0.170419,0.160997,0.278986,0.163713,NaN,NaN,NaN,NaN,NaN,NaN,0.593323,2.004,7.710806287,512,16,10356.30617,0.338827372,1.004,3.863098559
simvarmass_0f34776d,3390,3194,500,565,0.252332,0.109992,5;3,2954,0.865897,0.918233,0.91488,0.879941,2954,0.906265,0.940478,0.937187,0.920963,21205,0.316683,0.504773,0.2494,0.90472,19692,0.324705,0.513672,0.252818,0.905761,0.814535,0.882315,0.863717,0.819836,0.885167,0.868899,0.00944,0.018703,0.00944,0.007514,0.014916,0.007514,0.749175,0.839967,0.756342,0.747219,0.83993,0.754088,0.562344,1.13,4.478227098,512,16,10356.30617,0.327336788,0.13,0.515194268
simvarmass_102b4a40,547,511,500,2829,0.262448,0.605407,5;3,505,0.925052,0.960076,0.960076,0.928702,505,0.974958,0.986328,0.986328,0.978805,566,0.972578,0.986098,0.955975,0.972578,521,0.97456,0.987116,0.965116,0.97456,0.856378,0.92126,0.857404,0.8717,0.92999,0.872798,0.774511,0.793934,0.813528,0.788325,0.800378,0.827789,NaN,NaN,NaN,NaN,NaN,NaN,0.546418,5.658,21.55855636,512,16,10356.30617,0.05281806,4.658,17.74827775
simvarmass_1052e817,1771,1669,500,1847,0.439477,0.425748,5;3,1646,0.897491,0.943138,0.9283,0.90288,1646,0.93718,0.964677,0.949132,0.942807,24127,0.477016,0.6599,0.128041,0.936194,22449,0.491345,0.673148,0.129198,0.933493,0.831106,0.905231,0.854884,0.836364,0.908558,0.860995,0.308251,0.466446,0.317899,0.300351,0.459075,0.309167,0.66156,0.7866,0.662902,0.657389,0.784258,0.658654,0.561469,3.694,8.405445564,512,16,10356.30617,0.171006918,2.694,6.13001363
simvarmass_1097fdcb,2284,2153,500,4802,0.447784,0.768657,5;3,2030,0.891837,0.941885,0.941122,0.891856,2030,0.932672,0.96421,0.963455,0.932692,2137,0.911121,0.953494,0.941416,0.911121,2001,0.911751,0.953839,0.945113,0.911751,0.823809,0.902281,0.828371,0.830817,0.906599,0.835114,0.588418,0.689388,0.624343,0.585853,0.688963,0.621923,NaN,NaN,NaN,NaN,NaN,NaN,0.610138,9.604,21.44784092,512,16,10356.30617,0.220541954,8.604,19.21462134
simvarmass_10af34f7,1329,1254,500,1837,0.355321,0.430601,5;3,1205,0.909454,0.950276,0.950276,0.911964,1205,0.952454,0.973323,0.973323,0.955083,1457,0.907677,0.952705,0.903805,0.947329,1331,0.918708,0.958417,0.918375,0.946571,0.83056,0.906173,0.849511,0.838095,0.91059,0.858167,0.445267,0.592521,0.458992,0.447682,0.594623,0.458533,0.695634,0.806424,0.699022,0.696611,0.807018,0.69976,0.558062,3.674,10.33994613,512,16,10356.30617,0.128327608,2.674,7.525589537
simvarmass_10b163ae,2667,2541,500,1559,0.303802,0.543333,5;3,2386,0.894855,0.942597,0.94241,0.896888,2386,0.929352,0.961438,0.961243,0.931464,2617,0.903748,0.949912,0.922407,0.913761,2450,0.906784,0.951444,0.930475,0.913813,0.821122,0.899588,0.838395,0.826276,0.90267,0.842975,0.366832,0.530228,0.379828,0.360001,0.523955,0.372441,NaN,NaN,NaN,NaN,NaN,NaN,0.591077,3.118,10.26326357,512,16,10356.30617,0.257524252,2.118,6.971646006
simvarmass_10c07806,1645,1552,500,1410,0.415605,0.454106,5;3,1502,0.907207,0.945929,0.945027,0.913678,1502,0.946926,0.967154,0.966212,0.95368,24085,0.247263,0.410657,0.120404,0.941641,22393,0.255462,0.421615,0.121863,0.940077,0.824417,0.896529,0.86079,0.834887,0.903271,0.868472,0.212134,0.352071,0.217021,0.201746,0.337209,0.205674,0.64303,0.770285,0.64924,0.640189,0.768522,0.646223,0.55282,2.82,6.785288916,512,16,10356.30617,0.158840418,1.82,4.379158095
simvarmass_10e25af3,3140,2981,500,4259,0.218685,0.16514,5;3,2558,0.89409,0.944024,0.897508,0.894268,2558,0.935191,0.966443,0.919784,0.935376,2943,0.924204,0.960609,0.954134,0.924204,2785,0.924187,0.9606,0.955602,0.924187,0.834801,0.91013,0.83758,0.841705,0.914213,0.844631,0.715418,0.753623,0.753503,0.714569,0.754076,0.751676,NaN,NaN,NaN,NaN,NaN,NaN,0.671001,8.518,38.95100258,512,16,10356.30617,0.303196907,7.518,34.37821524
simvarmass_1115abf2,2318,2209,500,4822,0.058261,0.680173,5;3,2081,0.897757,0.946124,0.946124,0.897757,2081,0.93193,0.964766,0.964766,0.93193,2141,0.918033,0.957265,0.954474,0.918033,2036,0.918968,0.957773,0.956419,0.918968,0.826821,0.90502,0.8283,0.833197,0.908822,0.834767,0.763408,0.77799,0.808887,0.764813,0.779814,0.808511,0.537398,0.68793,0.539689,0.534173,0.686212,0.536054,0.697096,9.644,165.5309727,512,16,10356.30617,0.223824978,8.644,148.366832
simvarmass_113acbd7,3776,3561,500,3728,0.166631,0.287869,5;3,2716,0.868644,0.929705,0.836722,0.868644,2716,0.913395,0.954737,0.861265,0.913395,3457,0.900159,0.947456,0.939859,0.900159,3244,0.898876,0.946746,0.940623,0.898876,0.812393,0.89625,0.813824,0.818159,0.899722,0.819663,0.679235,0.737142,0.71928,0.678335,0.738333,0.717495,NaN,NaN,NaN,NaN,NaN,NaN,0.688041,7.456,44.74557555,512,16,10356.30617,0.364608765,6.456,38.74429128
simvarmass_11aa0f3b,2777,2611,500,2322,0.307935,0.354136,5;3,2454,0.885409,0.938456,0.938253,0.885848,2454,0.927142,0.961425,0.961222,0.927602,2636,0.910695,0.95326,0.934417,0.910695,2453,0.908847,0.952247,0.937204,0.908847,0.823269,0.903035,0.833273,0.830356,0.907307,0.840291,0.556745,0.676782,0.586244,0.552901,0.675718,0.581164,0.69171,0.805173,0.694995,0.6928,0.806588,0.69612,0.613401,4.644,15.08110478,512,16,10356.30617,0.2681458,3.644,11.8336662
simvarmass_11f2a03f,3454,3264,500,1596,0.124383,0.535903,5;3,2980,0.863251,0.926208,0.925707,0.863347,2980,0.902989,0.948608,0.948106,0.903089,3128,0.880428,0.936413,0.924035,0.880428,2932,0.879939,0.936136,0.927223,0.879939,0.808256,0.89376,0.810944,0.819163,0.90037,0.821998,0.597196,0.696001,0.627389,0.597851,0.696805,0.627871,NaN,NaN,NaN,NaN,NaN,NaN,0.658031,3.192,25.66267094,512,16,10356.30617,0.333516598,2.192,17.62298706
simvarmass_12381dd4,746,702,500,1295,0.110128,0.253567,5;3,694,0.934027,0.964608,0.963889,0.934316,694,0.978629,0.987918,0.987198,0.978933,770,0.97185,0.985724,0.956464,0.97185,715,0.974359,0.987013,0.96542,0.974359,0.871021,0.933619,0.878016,0.876815,0.937264,0.884615,0.830371,0.828091,0.86193,0.8293,0.825273,0.861626,0.916827,0.925141,0.927614,0.920339,0.926537,0.931526,0.568817,2.59,23.51808804,512,16,10356.30617,0.072033405,1.59,14.43774517
simvarmass_123bf752,733,689,500,1297,0.401425,0.626051,5;3,676,0.924679,0.947518,0.946771,0.933151,676,0.971045,0.971636,0.970888,0.979943,25762,0.188763,0.323209,0.053897,0.974079,23956,0.199494,0.337767,0.054694,0.976812,0.854877,0.8965,0.884038,0.858951,0.898734,0.885174,0.254032,0.403344,0.263302,0.243714,0.390023,0.249637,NaN,NaN,NaN,NaN,NaN,NaN,0.531415,2.594,6.461979199,512,16,10356.30617,0.070778131,1.594,3.970853833
simvarmass_12b06339,2946,2787,500,3419,0.36933,0.719686,5;3,2578,0.879277,0.933213,0.93302,0.879498,2578,0.917588,0.954461,0.954268,0.917818,22020,0.895452,0.944862,0.211408,0.895791,20398,0.896304,0.945317,0.215484,0.896304,0.818457,0.898788,0.831297,0.825101,0.903023,0.83776,0.536049,0.658711,0.562118,0.533705,0.657656,0.558465,0.517135,0.672395,0.51799,0.51607,0.672277,0.516894,0.62473,6.838,18.51460753,512,16,10356.30617,0.284464359,5.838,15.80700187
simvarmass_12cd60b8,257,244,500,1883,0.392468,0.863024,5;3,233,0.909182,0.931677,0.930612,0.918288,233,0.938393,0.947368,0.946058,0.947791,297,0.938817,0.957576,0.870036,0.945525,265,0.936205,0.957265,0.895874,0.942623,0.789609,0.861538,0.844358,0.787087,0.861111,0.844262,0.458399,0.597015,0.470817,0.443685,0.585106,0.454918,NaN,NaN,NaN,NaN,NaN,NaN,0.521589,3.766,9.595686782,512,16,10356.30617,0.024815798,2.766,7.047708348
simvarmass_135c1087,2016,1920,500,2260,0.267111,0.81262,5;3,1804,0.897613,0.941699,0.940838,0.89881,1804,0.934704,0.961816,0.960963,0.93595,1949,0.923113,0.959236,0.938714,0.923115,1834,0.920833,0.958525,0.941929,0.920833,0.813042,0.890646,0.829861,0.815678,0.892,0.8329,0.549859,0.656313,0.575893,0.549317,0.656956,0.574623,0.493631,0.648334,0.497024,0.488816,0.64505,0.492171,0.594742,4.52,16.92180404,512,16,10356.30617,0.194664001,3.52,13.17804209
simvarmass_137586c6,3406,3218,500,4049,0.362112,0.758794,5;3,2934,0.863146,0.925547,0.924921,0.863183,2934,0.901249,0.947012,0.946417,0.901288,21017,0.874633,0.933125,0.24395,0.874633,19499,0.871659,0.93143,0.246952,0.871659,0.803262,0.889972,0.80916,0.809702,0.893916,0.815413,0.536714,0.65509,0.564885,0.531505,0.652276,0.558906,NaN,NaN,NaN,NaN,NaN,NaN,0.644397,8.098,22.36324673,512,16,10356.30617,0.328881741,7.098,19.6016702
simvarmass_14278158,96,91,500,3600,0.078841,0.548984,5;3,77,0.8125,0.896552,0.890173,0.8125,77,0.83871,0.912281,0.905882,0.83871,80,0.833333,0.909091,0.909091,0.833333,75,0.824176,0.903614,0.903614,0.824176,0.729167,0.843373,0.729167,0.725275,0.840764,0.725275,0.80499,0.828729,0.822917,0.797188,0.828402,0.813187,0.589806,0.74026,0.59375,0.567669,0.722222,0.571429,0.546054,7.2,91.32304258,512,16,10356.30617,0.009269714,6.2,78.63928667
simvarmass_14b9939d,1814,1705,500,3372,0.203899,0.067897,5;3,1654,0.911682,0.953589,0.953287,0.911797,1654,0.956502,0.977541,0.977239,0.956622,1735,0.944873,0.971655,0.965906,0.944873,1622,0.945455,0.971963,0.969041,0.945455,0.846905,0.915921,0.84785,0.850636,0.918354,0.851613,0.788375,0.780287,0.837927,0.788659,0.780661,0.838615,NaN,NaN,NaN,NaN,NaN,NaN,0.618146,6.744,33.075199,512,16,10356.30617,0.175158978,5.744,28.17081006
simvarmass_14fdec33,4623,4390,500,773,0.196291,0.170088,5;3,3957,0.857124,0.920639,0.920513,0.858317,3957,0.893861,0.941485,0.941359,0.895105,20048,0.866299,0.929249,0.329537,0.879299,18500,0.870278,0.931242,0.33725,0.879071,0.814558,0.894988,0.835821,0.820127,0.898435,0.840619,0.132571,0.235048,0.133463,0.126022,0.224733,0.12685,0.792194,0.869781,0.795371,0.792193,0.870706,0.795299,0.612586,1.546,7.876061562,512,16,10356.30617,0.446394682,0.546,2.781584484
simvarmass_158c6d6f,485,458,500,2594,0.364193,0.708954,5;3,448,0.921911,0.95811,0.956056,0.927835,448,0.965716,0.981298,0.979144,0.971922,27157,0.969077,0.984326,0.034079,0.971134,25268,0.969432,0.984479,0.034518,0.969432,0.852772,0.919822,0.868041,0.855008,0.921084,0.871179,0.667129,0.739572,0.692784,0.670893,0.7506,0.694323,NaN,NaN,NaN,NaN,NaN,NaN,0.535316,5.188,14.24519417,512,16,10356.30617,0.046831369,4.188,11.4993973
simvarmass_15d70ca1,2250,2133,500,3230,0.062342,0.149135,5;3,2045,0.908889,0.95227,0.95227,0.908889,2045,0.941962,0.970114,0.970114,0.941962,2143,0.942667,0.970487,0.965627,0.942667,2022,0.941397,0.969814,0.966546,0.941397,0.827429,0.905202,0.827556,0.83578,0.910158,0.835912,0.792905,0.790326,0.840444,0.792818,0.791645,0.839118,0.941999,0.955821,0.944444,0.939614,0.954801,0.94209,0.681736,6.46,103.6219563,512,16,10356.30617,0.21725893,5.46,87.58140579
simvarmass_15e8b12f,2823,2657,500,2081,0.120257,0.52387,5;3,2505,0.887706,0.940338,0.93994,0.887708,2505,0.931597,0.964403,0.964004,0.931599,21505,0.918881,0.957726,0.213252,0.918881,19922,0.918329,0.957426,0.21613,0.918329,0.827807,0.905398,0.830677,0.834061,0.909091,0.837096,0.697871,0.74905,0.733262,0.697971,0.749712,0.733083,NaN,NaN,NaN,NaN,NaN,NaN,0.654992,4.162,34.60921194,512,16,10356.30617,0.272587538,3.162,26.29368769
simvarmass_1609773c,2940,2787,500,3911,0.33262,0.209656,5;3,2618,0.893537,0.943586,0.942065,0.893537,2618,0.932221,0.964732,0.963208,0.932221,21777,0.919728,0.958186,0.218797,0.919728,20192,0.919627,0.958131,0.223073,0.919627,0.822798,0.902793,0.826531,0.830592,0.907455,0.833872,0.670255,0.735567,0.702041,0.668624,0.73571,0.699175,0.891394,0.927928,0.892857,0.89125,0.928244,0.892574,0.638394,7.822,23.51632494,512,16,10356.30617,0.283885002,6.822,20.50989117
simvarmass_16ed3239,1486,1389,500,2817,0.123191,0.5186,5;3,1339,0.902404,0.948337,0.947965,0.902423,1339,0.947014,0.972424,0.972051,0.947034,1428,0.943472,0.970914,0.962251,0.943472,1329,0.943125,0.97073,0.963944,0.943125,0.825279,0.904271,0.82638,0.830365,0.907306,0.831533,0.813461,0.818812,0.849933,0.813868,0.820453,0.848812,NaN,NaN,NaN,NaN,NaN,NaN,0.61739,5.634,45.73386043,512,16,10356.30617,0.143487453,4.634,37.61638431
simvarmass_17553ddf,2028,1927,500,3518,0.454068,0.377001,5;3,1829,0.904293,0.948133,0.947887,0.905325,1829,0.940464,0.967708,0.967452,0.941538,23566,0.920628,0.958834,0.146519,0.924556,21868,0.922121,0.959547,0.149533,0.923676,0.835567,0.909286,0.846154,0.841472,0.912933,0.850987,0.6193,0.71615,0.649408,0.616108,0.715026,0.645195,0.69381,0.803592,0.696746,0.690342,0.802413,0.693069,0.593545,7.036,15.49547645,512,16,10356.30617,0.195822716,6.036,13.29316314
simvarmass_176ec772,2937,2772,500,4123,0.092826,0.373062,5;3,2600,0.885257,0.939137,0.939137,0.885257,2600,0.927909,0.962606,0.962606,0.927909,2708,0.914879,0.955548,0.951993,0.914879,2547,0.915615,0.955949,0.954511,0.915615,0.80703,0.892857,0.808648,0.815759,0.898137,0.81746,0.750878,0.76332,0.797412,0.75112,0.764224,0.79647,NaN,NaN,NaN,NaN,NaN,NaN,0.696794,8.246,88.8328701,512,16,10356.30617,0.283595324,7.246,78.06002629
simvarmass_17ec41cc,4610,4381,500,1755,0.091078,0.69717,5;3,3877,0.840496,0.913397,0.913397,0.840781,3877,0.87524,0.933526,0.933526,0.875536,3950,0.844685,0.915804,0.909813,0.844685,3721,0.842309,0.914406,0.911021,0.842309,0.787962,0.88129,0.78872,0.794664,0.8853,0.795024,0.523028,0.649443,0.556182,0.518032,0.647588,0.549977,0.492243,0.650658,0.493709,0.487839,0.646926,0.48926,0.693985,3.51,38.53839566,512,16,10356.30617,0.445139408,2.51,27.55879576
simvarmass_1815af94,3801,3589,500,1353,0.165641,0.190942,5;3,3320,0.876366,0.932398,0.931892,0.876611,3320,0.917144,0.955035,0.954545,0.917401,20595,0.909236,0.952512,0.283653,0.910287,19130,0.90861,0.952117,0.287072,0.90861,0.817644,0.898756,0.826361,0.824652,0.903127,0.83338,0.512319,0.650256,0.535122,0.505236,0.646797,0.526492,NaN,NaN,NaN,NaN,NaN,NaN,0.643797,2.706,16.33653504,512,16,10356.30617,0.367022753,1.706,10.2993824
simvarmass_18bddac2,2515,2379,500,608,0.237944,0.068095,5;3,2287,0.895223,0.938971,0.938776,0.90497,2287,0.936168,0.960989,0.960784,0.946362,22005,0.377848,0.563612,0.192414,0.937972,20426,0.390859,0.577386,0.195475,0.936555,0.825484,0.898412,0.861233,0.833117,0.902975,0.867647,0.014977,0.029746,0.015109,0.01177,0.023265,0.01177,0.858258,0.903592,0.862425,0.854752,0.901969,0.858828,0.559047,1.216,5.110446155,512,16,10356.30617,0.242847204,0.216,0.90777662
simvarmass_18bedc09,3821,3608,500,973,0.054224,0.116295,5;3,3363,0.880136,0.936247,0.936247,0.880136,3363,0.921622,0.959213,0.959213,0.921622,20040,0.912588,0.954297,0.292276,0.912588,18612,0.912694,0.954354,0.2964,0.912694,0.813531,0.897048,0.817064,0.821528,0.901746,0.824785,0.650053,0.723564,0.682282,0.647686,0.724398,0.678947,NaN,NaN,NaN,NaN,NaN,NaN,0.6815,1.946,35.8881676,512,16,10356.30617,0.368953943,0.946,17.44614931
simvarmass_18bf134c,3409,3224,500,3115,0.066601,0.126796,5;3,3014,0.883755,0.938191,0.938191,0.883837,3014,0.925283,0.961085,0.961085,0.925369,19047,0.921678,0.959243,0.279836,0.921678,17609,0.921526,0.959161,0.285221,0.921526,0.827217,0.904548,0.828395,0.832216,0.907432,0.833127,0.736266,0.75864,0.779114,0.73789,0.760236,0.779672,NaN,NaN,NaN,NaN,NaN,NaN,0.712172,6.23,93.54213901,512,16,10356.30617,0.329171419,5.23,78.52734944
simvarmass_18c77a5a,398,376,500,730,0.395325,0.841663,5;3,276,0.785811,0.812849,0.801187,0.932161,276,0.818725,0.831429,0.820669,0.971204,25646,0.01671,0.034469,0.029105,0.952261,23824,0.017375,0.035525,0.029835,0.960106,0.590723,0.652038,0.871859,0.602135,0.661157,0.88,0.032659,0.067797,0.035176,0.021155,0.046632,0.023936,0.508758,0.662207,0.51005,0.504004,0.657343,0.505348,0.518544,1.46,3.693163853,512,16,10356.30617,0.038430691,0.46,1.16359957
simvarmass_18d50b59,2612,2465,500,2927,0.172355,0.61204,5;3,2304,0.882835,0.937589,0.936941,0.882848,2304,0.923124,0.959834,0.959184,0.923139,21795,0.905054,0.950161,0.193715,0.905054,20217,0.905882,0.950617,0.196896,0.905882,0.825512,0.903753,0.826187,0.830525,0.906714,0.831237,0.692082,0.739731,0.727412,0.68786,0.737518,0.722403,NaN,NaN,NaN,NaN,NaN,NaN,0.646409,5.854,33.96478199,512,16,10356.30617,0.252213478,4.854,28.16280352
simvarmass_1927f645,3551,3369,500,1669,0.349857,0.689635,5;3,3047,0.867181,0.922544,0.91937,0.869614,3047,0.903303,0.942716,0.939591,0.905837,3485,0.881425,0.935821,0.892553,0.884258,3254,0.883925,0.937343,0.900498,0.885129,0.80785,0.883015,0.833286,0.810569,0.884976,0.836202,0.302111,0.459247,0.312588,0.298097,0.454885,0.307418,0.491444,0.650679,0.492819,0.490454,0.650275,0.491818,0.602131,3.338,9.541041054,512,16,10356.30617,0.342882872,2.338,6.682730373
simvarmass_1958a247,1417,1342,500,2842,0.150619,0.509965,5;3,1296,0.915314,0.955785,0.9554,0.915314,1296,0.95088,0.974821,0.974436,0.95088,1353,0.937897,0.967953,0.959567,0.937897,1272,0.937407,0.967692,0.96251,0.937407,0.835765,0.910138,0.83698,0.837764,0.9113,0.839046,0.800102,0.79018,0.844037,0.801007,0.792208,0.842772,0.612406,0.742758,0.618207,0.611809,0.745188,0.616131,0.606935,5.684,37.73760283,512,16,10356.30617,0.136824846,4.684,31.09833421
simvarmass_195eb129,646,613,500,2702,0.356878,0.670963,5;3,597,0.930334,0.963082,0.960579,0.930341,597,0.96468,0.981194,0.978689,0.964687,657,0.953555,0.975416,0.94551,0.95356,612,0.954322,0.975813,0.955102,0.954323,0.836828,0.909244,0.846749,0.845988,0.914537,0.856444,0.658564,0.733447,0.682663,0.66088,0.7359,0.683524,0.586134,0.729367,0.589783,0.582732,0.726166,0.586601,0.543285,5.404,15.14242963,512,16,10356.30617,0.062377453,4.404,12.3403516
simvarmass_19b429de,2536,2406,500,731,0.357109,0.090321,5;3,2320,0.898167,0.937951,0.937397,0.910095,2320,0.94083,0.960726,0.960135,0.953325,22673,0.102429,0.195805,0.188504,0.936909,21062,0.10467,0.199646,0.192091,0.936825,0.822515,0.876565,0.891167,0.83038,0.881725,0.892545,0.005915,0.01176,0.005915,0.002494,0.004975,0.002494,0.803586,0.865126,0.811909,0.802641,0.865878,0.810359,0.546555,1.462,4.09398811,512,16,10356.30617,0.244874954,0.462,1.293722645
simvarmass_1a06ca02,1191,1130,500,3771,0.197806,0.867335,5;3,1093,0.921701,0.958042,0.957093,0.921914,1093,0.957058,0.976827,0.975893,0.95728,1151,0.950414,0.97416,0.965841,0.950462,1086,0.948671,0.973218,0.967073,0.948718,0.853336,0.919041,0.854744,0.860463,0.923077,0.861947,0.74285,0.760708,0.781696,0.743656,0.761019,0.781802,0.515519,0.662379,0.518892,0.511174,0.660529,0.513778,0.592187,7.542,38.12826709,512,16,10356.30617,0.115002394,6.542,33.07280871
simvarmass_1a0ffbfb,206,192,500,4256,0.345059,0.255799,5;3,192,0.941711,0.967419,0.964824,0.941748,192,0.989757,0.992288,0.989691,0.989796,27857,0.990291,0.995122,0.014539,0.990291,25967,0.989583,0.994764,0.014527,0.989583,0.851967,0.918635,0.859223,0.861987,0.92437,0.864583,0.909681,0.873171,0.936893,0.916794,0.877285,0.942708,0.968518,0.968215,0.975728,0.9763,0.978723,0.979058,0.527388,8.512,24.66824514,512,16,10356.30617,0.019891262,7.512,21.77019003
simvarmass_1b0d6725,4537,4298,500,4021,0.278098,0.733591,5;3,1668,0.833368,0.909003,0.537631,0.83337,1668,0.871999,0.93151,0.55563,0.872002,3924,0.84395,0.915372,0.905094,0.84395,3692,0.843416,0.915057,0.907384,0.843416,0.790903,0.883047,0.794578,0.798102,0.887626,0.801768,0.509337,0.638976,0.539123,0.507552,0.638239,0.536047,0.47875,0.641293,0.480935,0.480094,0.642669,0.482076,0.6784,8.042,28.91786349,512,16,10356.30617,0.438090563,7.042,25.32200879
simvarmass_1b0f68d2,1428,1365,500,1530,0.280904,0.597341,5;3,1320,0.924755,0.958167,0.957787,0.92577,1320,0.959005,0.976279,0.975899,0.960058,24991,0.92447,0.961443,0.102881,0.951681,23186,0.930867,0.964723,0.105821,0.951648,0.851112,0.917674,0.864846,0.861684,0.923802,0.874725,0.455758,0.6,0.47479,0.45074,0.597112,0.469597,0.588715,0.730088,0.590336,0.581493,0.726679,0.582781,0.563387,3.06,10.8934013,512,16,10356.30617,0.137887001,2.06,7.333466238
simvarmass_1b12b4bb,2829,2665,500,4482,0.485968,0.14134,5;3,2494,0.881583,0.936866,0.93669,0.881584,2494,0.927137,0.961991,0.961806,0.927138,22158,0.917639,0.957051,0.207788,0.917639,20592,0.918949,0.957763,0.210603,0.918949,0.821462,0.901687,0.827147,0.829627,0.906596,0.835709,0.645798,0.724873,0.679392,0.643142,0.724713,0.675919,0.941889,0.956618,0.943089,0.942022,0.956981,0.943212,0.624624,8.964,18.44565897,512,16,10356.30617,0.273166895,7.964,16.38791032
simvarmass_1b703957,1178,1105,500,4587,0.339474,0.806657,5;3,1074,0.915447,0.954747,0.953819,0.915959,1074,0.957723,0.977293,0.976364,0.958259,1139,0.944822,0.971628,0.960725,0.944822,1061,0.942986,0.970657,0.962142,0.942986,0.838586,0.912022,0.842105,0.84332,0.914789,0.847059,0.716687,0.747387,0.759762,0.717813,0.750815,0.759276,0.51109,0.659389,0.51528,0.510792,0.659277,0.514986,0.576923,9.174,27.02416091,512,16,10356.30617,0.11374712,8.174,24.07842721
simvarmass_1bad66b5,2726,2578,500,2981,0.374524,0.224581,5;3,2424,0.89016,0.940994,0.940583,0.890315,2424,0.930079,0.96286,0.962448,0.930241,2652,0.922964,0.959939,0.935664,0.922964,2480,0.922808,0.959855,0.940688,0.922808,0.828551,0.905774,0.83529,0.836553,0.910511,0.843677,0.601028,0.707539,0.626559,0.599492,0.708554,0.62311,0.854138,0.903051,0.857667,0.852785,0.904189,0.855694,0.614118,5.962,15.91887302,512,16,10356.30617,0.263221264,4.962,13.24881717
simvarmass_1c1f6378,563,541,500,3080,0.258748,0.359245,5;3,520,0.923623,0.960295,0.960295,0.923623,520,0.952381,0.97561,0.97561,0.952381,550,0.94849,0.973564,0.959569,0.94849,526,0.948244,0.973435,0.961575,0.948244,0.833034,0.907856,0.833037,0.839183,0.911469,0.839187,0.824222,0.829868,0.861456,0.825467,0.831041,0.861368,0.761919,0.837865,0.77087,0.762076,0.84,0.77095,0.549254,6.16,23.8069473,512,16,10356.30617,0.054363012,5.16,19.94218313
simvarmass_1c691c91,4184,3948,500,2961,0.059842,0.434811,5;3,3575,0.854446,0.921511,0.921511,0.854446,3575,0.89779,0.946143,0.946143,0.89779,3715,0.880258,0.936316,0.932523,0.880258,3483,0.878673,0.935419,0.933656,0.878673,0.803512,0.890563,0.80521,0.809962,0.894472,0.811756,0.652956,0.716739,0.693356,0.654884,0.720273,0.694451,NaN,NaN,NaN,NaN,NaN,NaN,0.726708,5.922,98.96059624,512,16,10356.30617,0.404005051,4.922,82.2499248
simvarmass_1c6953fe,1019,958,500,777,0.203955,0.066813,5;3,934,0.921413,0.956477,0.956477,0.924436,934,0.964975,0.979549,0.979549,0.96814,24322,0.837249,0.913833,0.077424,0.962709,22630,0.855487,0.924235,0.078091,0.961378,0.84999,0.91715,0.870461,0.857326,0.921273,0.877998,0.222656,0.36407,0.22473,0.209812,0.346781,0.211076,0.954428,0.963335,0.959764,0.954688,0.966111,0.959034,0.546655,1.554,7.619327793,512,16,10356.30617,0.098394156,0.554,2.716285455
simvarmass_1c801c66,2861,2709,500,3183,0.412605,0.73796,5;3,2488,0.873843,0.930371,0.92952,0.87417,2488,0.912099,0.95169,0.950851,0.912441,2710,0.890947,0.942155,0.915455,0.891297,2535,0.890734,0.942004,0.92029,0.890735,0.812406,0.894331,0.826984,0.820077,0.89925,0.833948,0.493453,0.626263,0.520098,0.491649,0.625167,0.516974,0.50012,0.658867,0.501922,0.498704,0.659036,0.50037,0.612235,6.366,15.42879994,512,16,10356.30617,0.2762568,5.366,13.00517444
simvarmass_1cca47ae,82,79,500,2307,0.420753,0.429162,5;3,666,0.841463,0.913907,0.184492,0.841463,666,0.873418,0.932432,0.185235,0.873418,104,0.752613,0.86747,0.774194,0.878049,85,0.814403,0.901961,0.841463,0.873418,0.774494,0.868966,0.817073,0.810165,0.887324,0.835443,0.54452,0.681818,0.560976,0.552556,0.6875,0.56962,0.865854,0.928105,0.865854,0.860759,0.92517,0.860759,0.516359,4.614,10.96605372,512,16,10356.30617,0.007917881,3.614,8.589362405
simvarmass_1d13cb6a,2653,2513,500,2714,0.309615,0.228962,5;3,2423,0.913662,0.954313,0.953901,0.91406,2423,0.950939,0.974266,0.973854,0.951353,2599,0.940822,0.969509,0.950495,0.940822,2436,0.939912,0.969026,0.954536,0.939912,0.846884,0.916769,0.852243,0.853812,0.920832,0.858735,0.641979,0.728914,0.669431,0.641244,0.730318,0.667594,0.883132,0.922369,0.88692,0.880546,0.921706,0.884232,0.618017,5.428,17.53145035,512,16,10356.30617,0.256172419,4.428,14.30163267
simvarmass_1d8f48d6,1062,1002,500,3617,0.19242,0.677954,5;3,992,0.937171,0.966423,0.96592,0.937853,992,0.971001,0.984143,0.983639,0.971707,1053,0.960452,0.979827,0.964539,0.960452,985,0.961078,0.980153,0.9693,0.961078,0.844237,0.91522,0.846516,0.855869,0.922001,0.858283,0.811301,0.811931,0.847458,0.81384,0.812199,0.850299,0.566672,0.707491,0.56968,0.563438,0.706254,0.566,0.585999,7.234,37.59484461,512,16,10356.30617,0.102546215,6.234,32.39787964
simvarmass_1e292794,1568,1475,500,3313,0.057395,0.22353,5;3,1424,0.908163,0.951872,0.951872,0.908163,1424,0.955705,0.977351,0.977351,0.955705,1496,0.951531,0.975163,0.97389,0.951531,1407,0.951864,0.975339,0.974323,0.951864,0.835877,0.910479,0.836735,0.84521,0.915963,0.846102,0.825183,0.810043,0.871173,0.826455,0.81331,0.870596,0.896767,0.923902,0.901148,0.894146,0.922691,0.898639,0.656816,6.626,115.4455963,512,16,10356.30617,0.151405334,5.626,98.02247583
simvarmass_1ef11d56,4410,4171,500,4997,0.365626,0.35872,5;3,3215,0.861396,0.925457,0.843016,0.861451,3215,0.901461,0.948091,0.865258,0.901519,19171,0.880726,0.936581,0.329418,0.880726,17731,0.880364,0.936376,0.335312,0.880364,0.812445,0.896526,0.815193,0.816108,0.898761,0.818792,0.58944,0.699183,0.620862,0.587263,0.699932,0.61697,0.670706,0.790091,0.672562,0.669029,0.789533,0.67043,0.6763,9.994,27.33394233,512,16,10356.30617,0.425827503,8.994,24.59890708
simvarmass_1f2146f2,2078,1972,500,1500,0.156039,0.568552,5;3,1876,0.904517,0.948938,0.948912,0.904716,1876,0.939324,0.967775,0.967759,0.93953,2054,0.923484,0.96022,0.928848,0.923484,1928,0.922921,0.959916,0.933333,0.922921,0.828908,0.906324,0.838306,0.835094,0.910143,0.844242,0.623035,0.716772,0.653994,0.621517,0.71675,0.652482,0.581844,0.724447,0.583253,0.580607,0.724399,0.582021,0.608215,3,19.22596274,512,16,10356.30617,0.200650692,2,12.81730849
simvarmass_1f7dec2e,3093,2922,500,1212,0.073334,0.619073,5;3,2722,0.876495,0.934183,0.932416,0.876495,2722,0.918049,0.957274,0.955419,0.918049,21126,0.897834,0.946167,0.229324,0.897834,19580,0.900068,0.947406,0.233757,0.900068,0.816326,0.899148,0.822826,0.823715,0.903576,0.829911,0.642612,0.716618,0.674103,0.641164,0.716058,0.671458,0.544826,0.696945,0.545748,0.544658,0.697175,0.545579,0.665977,2.424,33.05424496,512,16,10356.30617,0.298658609,1.424,19.41800529
simvarmass_1f9bee6c,1176,1109,500,4102,0.129401,0.534194,5;3,906,0.919218,0.957909,0.870317,0.919218,906,0.960889,0.980054,0.892171,0.960889,1131,0.953231,0.976056,0.971825,0.953231,1059,0.951307,0.975046,0.973247,0.951307,0.832213,0.908163,0.832483,0.840116,0.912831,0.840397,0.827093,0.81761,0.870748,0.831509,0.820464,0.87376,0.620915,0.742916,0.62585,0.619484,0.744738,0.62387,0.608508,8.204,63.39981917,512,16,10356.30617,0.113554001,7.204,55.67190362
simvarmass_1fa85e81,1619,1533,500,1092,0.398711,0.537959,5;3,1488,0.901458,0.931001,0.929514,0.909821,1488,0.934354,0.948515,0.946885,0.943022,1731,0.80955,0.898507,0.898507,0.931439,1600,0.827543,0.908685,0.908685,0.930809,0.827664,0.872924,0.88882,0.830117,0.875309,0.889034,0.086937,0.163842,0.089561,0.08438,0.159186,0.086758,0.55733,0.70689,0.56084,0.563996,0.712295,0.567603,0.544064,2.184,5.477651733,512,16,10356.30617,0.15632987,1.184,2.969569438
simvarmass_2019dff8,3335,3160,500,2046,0.277957,0.550024,5;3,2930,0.881972,0.935098,0.934397,0.882159,2930,0.91918,0.955671,0.954976,0.919375,21528,0.90015,0.947451,0.241483,0.90015,19974,0.899019,0.946824,0.245537,0.899019,0.82047,0.901103,0.831784,0.828488,0.905915,0.840139,0.47472,0.616966,0.495052,0.4692,0.613031,0.488446,0.574301,0.719925,0.576912,0.57117,0.718203,0.573287,0.624838,4.092,14.72170156,512,16,10356.30617,0.322026014,3.092,11.12402278
simvarmass_2040c07c,998,935,500,2320,0.258723,0.681225,5;3,914,0.917831,0.956159,0.955021,0.917836,914,0.96218,0.979679,0.978564,0.962185,1035,0.9499,0.974306,0.932612,0.9499,950,0.951872,0.975342,0.944297,0.951872,0.855148,0.920173,0.862725,0.864632,0.925544,0.871658,0.671956,0.739478,0.705411,0.671846,0.742373,0.702674,0.576766,0.712177,0.581162,0.572364,0.711706,0.575401,0.562166,4.64,17.93423855,512,16,10356.30617,0.096366405,3.64,14.06910093
simvarmass_2073e39f,2984,2817,500,1716,0.10663,0.770626,5;3,2498,0.870235,0.930158,0.910981,0.870308,2498,0.911791,0.953377,0.934156,0.911868,2687,0.885389,0.939211,0.931758,0.885389,2520,0.886404,0.939782,0.935732,0.886404,0.816537,0.898636,0.81937,0.822146,0.902121,0.825053,0.612526,0.698795,0.651139,0.6139,0.699733,0.651278,0.50127,0.660066,0.502681,0.500516,0.660271,0.501778,0.655355,3.432,32.18606396,512,16,10356.30617,0.288133621,2.432,22.8078402
simvarmass_207810da,4458,4251,500,4103,0.102516,0.236988,5;3,3854,0.864204,0.927093,0.927093,0.864289,3854,0.898675,0.946567,0.946567,0.898764,3986,0.886945,0.940086,0.936523,0.886945,3782,0.885882,0.939488,0.9375,0.885882,0.801324,0.889359,0.802378,0.805919,0.892156,0.807013,0.656845,0.727931,0.699192,0.655444,0.72857,0.696941,NaN,NaN,NaN,NaN,NaN,NaN,0.723502,8.206,80.04604159,512,16,10356.30617,0.43046236,7.206,70.2914667
simvarmass_20965d30,1553,1467,500,2583,0.339266,0.576945,5;3,1416,0.91594,0.953857,0.953857,0.918223,1416,0.952112,0.973196,0.973196,0.954485,1559,0.94076,0.969476,0.938946,0.94076,1459,0.941377,0.969803,0.943951,0.941377,0.846782,0.917565,0.856407,0.857517,0.923865,0.867076,0.573228,0.681191,0.603992,0.572184,0.683172,0.601499,0.585416,0.7272,0.587894,0.578838,0.723025,0.581284,0.576711,5.166,15.22699003,512,16,10356.30617,0.149956942,4.166,12.27945034
simvarmass_20b8e1ca,4942,4663,500,4489,0.239515,0.400741,5;3,1081,0.847768,0.91767,0.358957,0.848037,1081,0.88896,0.941269,0.373145,0.889243,4381,0.87151,0.931344,0.923952,0.87151,4108,0.869183,0.930014,0.924182,0.869183,0.796462,0.886589,0.797653,0.799177,0.888333,0.800343,0.571125,0.682406,0.608256,0.56939,0.68318,0.606002,0.625122,0.75857,0.626872,0.622324,0.757603,0.623952,0.697314,8.978,37.48408242,512,16,10356.30617,0.47719717,7.978,33.30897856
simvarmass_20fe9f1d,3189,3018,500,3499,0.188352,0.55355,5;3,1625,0.872944,0.932039,0.675114,0.873001,1625,0.91213,0.953915,0.69489,0.912189,2900,0.896833,0.945611,0.939399,0.896833,2717,0.893673,0.943852,0.940725,0.893673,0.810124,0.894618,0.81154,0.813357,0.896715,0.81457,0.675084,0.734067,0.711508,0.676055,0.739115,0.709218,0.566196,0.712011,0.56789,0.562851,0.71023,0.564366,0.666029,6.998,37.15383962,512,16,10356.30617,0.307928324,5.998,31.84463133
simvarmass_217b106f,4101,3884,500,4233,0.200395,0.891679,5;3,3062,0.825126,0.903846,0.854949,0.825165,3062,0.861248,0.925096,0.875983,0.861288,3495,0.844938,0.915223,0.911269,0.84516,3291,0.843974,0.914629,0.912462,0.844193,0.786915,0.878548,0.787613,0.791333,0.881346,0.792064,0.553162,0.662426,0.584004,0.55528,0.664323,0.584687,0.440073,0.604511,0.441112,0.438933,0.604148,0.439855,0.688285,8.466,42.24656304,512,16,10356.30617,0.39599061,7.466,37.25641857
simvarmass_218590cf,956,912,500,4458,0.368944,0.354616,5;3,899,0.941417,0.969272,0.969272,0.941423,899,0.969822,0.984127,0.984127,0.969828,978,0.968619,0.98406,0.957601,0.968619,918,0.967105,0.983278,0.963934,0.967105,0.850644,0.918125,0.854603,0.857697,0.92217,0.861842,0.827099,0.827391,0.858787,0.829875,0.832542,0.859649,0.763588,0.84048,0.768828,0.759697,0.841088,0.764835,0.567284,8.916,24.16626914,512,16,10356.30617,0.092310905,7.916,21.4558307
simvarmass_218a3c9c,854,801,500,2231,0.256079,0.737268,5;3,796,0.933254,0.964848,0.964848,0.933255,796,0.977913,0.988206,0.988206,0.977914,26121,0.860912,0.926857,0.061538,0.971897,24309,0.886087,0.940821,0.062047,0.972534,0.83913,0.91197,0.852459,0.845984,0.915938,0.860175,0.662098,0.733706,0.692037,0.666163,0.734211,0.696629,0.56696,0.7005,0.57377,0.562985,0.697925,0.569636,0.555566,4.462,17.42431047,512,16,10356.30617,0.082461834,3.462,13.51926554
simvarmass_2194e4e6,2790,2655,500,3041,0.303803,0.869317,5;3,2432,0.877491,0.932339,0.930678,0.877778,2432,0.912486,0.951805,0.950147,0.912784,22315,0.894908,0.942424,0.199004,0.895341,20663,0.894211,0.942442,0.203705,0.894539,0.813991,0.888845,0.828674,0.819105,0.892218,0.833836,0.530324,0.651464,0.558065,0.53062,0.65226,0.557272,0.454941,0.618562,0.456272,0.454702,0.618657,0.455988,0.622994,6.082,20.01955214,512,16,10356.30617,0.269401073,5.082,16.72794541
simvarmass_223ddcdb,2964,2799,500,1671,0.261723,0.756938,5;3,2591,0.877852,0.927891,0.927813,0.879555,2591,0.919093,0.950626,0.950572,0.920876,2865,0.902797,0.948618,0.918511,0.903509,2669,0.90243,0.948376,0.923921,0.902822,0.806079,0.884077,0.826248,0.815916,0.890155,0.835,0.42913,0.579545,0.447368,0.426707,0.577612,0.44369,0.479846,0.641458,0.480769,0.47941,0.641509,0.480329,0.607279,3.342,12.76922548,512,16,10356.30617,0.286202431,2.342,8.948392002
simvarmass_2246722f,2807,2647,500,3089,0.183997,0.06037,5;3,2418,0.89965,0.947132,0.925167,0.899893,2418,0.940528,0.969302,0.947286,0.940782,2666,0.934806,0.966305,0.958889,0.934806,2498,0.93351,0.965612,0.960544,0.93351,0.848606,0.917919,0.848949,0.852479,0.920285,0.852663,0.735255,0.758849,0.775205,0.733932,0.761674,0.772744,0.958099,0.97025,0.959387,0.956285,0.969437,0.957479,0.653301,6.178,33.5766344,512,16,10356.30617,0.271042585,5.178,28.14176318
simvarmass_22c3bef7,2708,2548,500,1070,0.085733,0.361802,5;3,2865,0.896848,0.945093,0.871703,0.896972,2865,0.94025,0.968669,0.891703,0.940379,2586,0.920975,0.958862,0.942199,0.920975,2409,0.920691,0.958708,0.946328,0.920691,0.822717,0.902705,0.828656,0.831435,0.907926,0.837392,0.678217,0.738998,0.71935,0.676749,0.739438,0.716974,0.713805,0.816931,0.716765,0.709211,0.815956,0.711531,0.643901,2.14,24.9612168,512,16,10356.30617,0.261483192,1.14,13.2970968
simvarmass_22c87f1f,2286,2162,500,851,0.459941,0.140977,5;3,2071,0.898997,0.928197,0.926784,0.913823,2071,0.938405,0.948963,0.947665,0.953881,23283,0.093365,0.180264,0.16739,0.936133,21641,0.095067,0.18315,0.170147,0.936633,0.796099,0.845281,0.879265,0.80348,0.850025,0.886216,0.003937,0.007843,0.003937,0.004163,0.008291,0.004163,0.73042,0.823215,0.74147,0.72846,0.823712,0.739312,0.540352,1.702,3.700474626,512,16,10356.30617,0.220735073,0.702,1.526282719
simvarmass_22f1554e,4857,4598,500,2972,0.08591,0.24106,5;3,4173,0.858145,0.923588,0.923588,0.858555,4173,0.897891,0.946115,0.946115,0.89832,4328,0.884085,0.938477,0.935003,0.884085,4088,0.883261,0.938012,0.935313,0.883261,0.80698,0.893438,0.80873,0.813121,0.897187,0.81496,0.60488,0.69786,0.647931,0.604077,0.699198,0.644783,NaN,NaN,NaN,NaN,NaN,NaN,0.721558,5.944,69.18868583,512,16,10356.30617,0.468989611,4.944,57.54859737
simvarmass_232f20ff,4291,4076,500,3620,0.051776,0.149703,5;3,3724,0.867436,0.929008,0.929008,0.86763,3724,0.905857,0.950594,0.950594,0.90606,3855,0.895129,0.944663,0.94304,0.895129,3648,0.893032,0.943494,0.942517,0.893032,0.806106,0.891892,0.807504,0.814534,0.89698,0.815996,0.687176,0.738235,0.734794,0.686064,0.740236,0.732515,NaN,NaN,NaN,NaN,NaN,NaN,0.737231,7.24,139.8331273,512,16,10356.30617,0.41433692,6.24,120.5191595
simvarmass_23354941,3618,3439,500,1989,0.455366,0.146675,5;3,3198,0.886154,0.937463,0.937207,0.887231,3198,0.921295,0.956847,0.956574,0.922414,21124,0.868874,0.931902,0.266591,0.911553,19579,0.876273,0.935725,0.271961,0.910148,0.821572,0.900592,0.837203,0.825688,0.903154,0.840651,0.233218,0.37735,0.235766,0.222048,0.36308,0.224128,0.87668,0.919156,0.879491,0.87374,0.917936,0.876464,0.60137,3.978,8.73583008,512,16,10356.30617,0.34935236,2.978,6.539794363
simvarmass_23730928,2165,2057,500,1299,0.063518,0.715993,5;3,2058,0.900885,0.948033,0.924461,0.901617,2058,0.93725,0.967774,0.943223,0.938011,2044,0.924249,0.960634,0.95082,0.924249,1926,0.922703,0.959798,0.95305,0.922703,0.826029,0.904726,0.827714,0.832462,0.908561,0.834225,0.695959,0.736743,0.733949,0.693443,0.736318,0.730807,0.536487,0.687077,0.53903,0.538761,0.69004,0.541119,0.646282,2.598,40.90179162,512,16,10356.30617,0.209051371,1.598,25.15822287
simvarmass_23dcaeec,304,286,500,4324,0.253892,0.813686,5;3,284,0.934211,0.965986,0.965986,0.934211,284,0.975945,0.987826,0.987826,0.975945,307,0.976974,0.988353,0.972177,0.976974,282,0.975524,0.987611,0.982394,0.975524,0.841624,0.912656,0.848684,0.851408,0.918715,0.853147,0.838681,0.812057,0.888158,0.839956,0.811189,0.891608,0.592833,0.720792,0.598684,0.586555,0.723769,0.590909,0.53762,8.648,34.06172703,512,16,10356.30617,0.029354095,7.648,30.12304444
simvarmass_23df681e,2977,2800,500,4517,0.35655,0.486631,5;3,2628,0.882914,0.937377,0.937377,0.883104,2628,0.925505,0.960863,0.960863,0.925704,2805,0.912328,0.954154,0.939467,0.912328,2617,0.910357,0.953075,0.941111,0.910357,0.834559,0.909257,0.83742,0.838151,0.911348,0.841185,0.643658,0.716781,0.68223,0.640949,0.717929,0.678087,0.624218,0.755293,0.625798,0.620568,0.753377,0.621864,0.642308,9.034,25.33725985,512,16,10356.30617,0.287457705,8.034,22.53260412
simvarmass_2421fd62,4460,4214,500,1587,0.470546,0.155481,5;3,3828,0.857685,0.920198,0.919884,0.859865,3828,0.898163,0.943083,0.942748,0.900446,20262,0.870004,0.931478,0.319473,0.885426,18800,0.8725,0.932632,0.323615,0.883511,0.812706,0.892304,0.834529,0.819768,0.89675,0.841594,0.083547,0.154735,0.084081,0.074479,0.138601,0.074514,0.80018,0.873886,0.802466,0.797127,0.873635,0.799239,0.597662,3.174,6.745355396,512,16,10356.30617,0.430655479,2.174,4.62016466
simvarmass_24540a92,4467,4222,500,2644,0.328154,0.23324,5;3,3867,0.866352,0.927877,0.927766,0.866353,3867,0.906959,0.950695,0.950578,0.90696,19985,0.884934,0.938955,0.323327,0.884934,18494,0.885126,0.939063,0.329019,0.885126,0.809008,0.893454,0.815536,0.815129,0.897299,0.821412,0.468367,0.617242,0.486456,0.464243,0.614245,0.480824,0.7946,0.868399,0.796955,0.792761,0.869531,0.794732,0.650263,5.288,16.11438532,512,16,10356.30617,0.431331396,4.288,13.0670356
simvarmass_2473ca29,839,784,500,1600,0.230819,0.57669,5;3,768,0.917759,0.957116,0.955818,0.917759,768,0.967337,0.983397,0.982097,0.967337,844,0.960667,0.979939,0.957813,0.960667,776,0.96301,0.981157,0.967949,0.96301,0.836924,0.912847,0.854589,0.849769,0.920439,0.867347,0.618561,0.709211,0.642431,0.618031,0.712057,0.641124,0.597478,0.730548,0.604291,0.588224,0.722873,0.595116,0.552225,3.2,13.86367673,512,16,10356.30617,0.081013441,2.2,9.531277754
simvarmass_24830497,1645,1559,500,4472,0.444595,0.337267,5;3,1521,0.927378,0.961162,0.960834,0.92766,1521,0.963091,0.980039,0.97971,0.963384,24241,0.959271,0.979212,0.121919,0.959271,22548,0.959589,0.979378,0.124113,0.959589,0.85783,0.922876,0.861398,0.865698,0.927566,0.869147,0.752704,0.782555,0.784195,0.752577,0.782211,0.784062,0.785595,0.865532,0.78845,0.77982,0.862424,0.782076,0.590596,8.944,20.1171853,512,16,10356.30617,0.158840418,7.944,17.86794723
simvarmass_2488a473,3097,2937,500,3706,0.209834,0.150258,5;3,2526,0.902809,0.948922,0.898453,0.902809,2526,0.939516,0.968815,0.918212,0.939516,2967,0.930255,0.963868,0.950198,0.930255,2788,0.930201,0.963838,0.95441,0.930201,0.829524,0.90646,0.829835,0.835032,0.909833,0.835206,0.704007,0.746004,0.745883,0.706029,0.749103,0.74668,0.946959,0.960922,0.948337,0.947247,0.962177,0.948394,0.66181,7.412,35.32316021,512,16,10356.30617,0.299044847,6.412,30.5574883
simvarmass_256d35df,3945,3732,500,1160,0.074443,0.289575,5;3,3453,0.874616,0.932955,0.932955,0.874778,3453,0.915944,0.955956,0.955956,0.916114,20076,0.898099,0.946314,0.294992,0.898099,18597,0.896838,0.945614,0.29979,0.896838,0.806492,0.892877,0.808112,0.814206,0.89758,0.815916,0.620788,0.71045,0.653992,0.618679,0.710461,0.650764,0.748124,0.845143,0.74981,0.743049,0.842842,0.744624,0.679011,2.32,31.16478379,512,16,10356.30617,0.380927324,1.32,17.73168733
simvarmass_258b991f,2187,2077,500,4919,0.348885,0.495843,5;3,1967,0.901234,0.947799,0.947039,0.901235,1967,0.935897,0.966634,0.965873,0.935897,2073,0.923182,0.960057,0.947887,0.923182,1956,0.92441,0.960721,0.952145,0.92441,0.824327,0.903307,0.825789,0.829212,0.906365,0.830525,0.720994,0.764398,0.757659,0.723939,0.767773,0.759268,0.609969,0.746377,0.612254,0.607441,0.745283,0.609744,0.622553,9.838,28.19840349,512,16,10356.30617,0.21117568,8.838,25.3321295
simvarmass_25a99594,2323,2170,500,1065,0.373618,0.790851,5;3,1839,0.868154,0.888993,0.873618,0.90056,1839,0.914613,0.914258,0.89911,0.948753,23164,0.152918,0.280918,0.168243,0.922944,21524,0.155198,0.284235,0.169318,0.923998,0.759945,0.805316,0.868274,0.771022,0.812153,0.877936,0.139495,0.247584,0.143349,0.133869,0.238172,0.136866,0.471706,0.632882,0.473095,0.466762,0.629423,0.467928,0.556079,2.13,5.701010123,512,16,10356.30617,0.224307775,1.13,3.024479549
simvarmass_25cbd4e4,4739,4485,500,3503,0.140419,0.37713,5;3,623,0.847225,0.917295,0.232376,0.847225,623,0.886901,0.940061,0.241942,0.886901,4152,0.86896,0.929886,0.92633,0.86896,3914,0.867336,0.928955,0.926301,0.867336,0.807578,0.893186,0.809453,0.813653,0.896958,0.815608,0.607094,0.699529,0.64233,0.605511,0.699439,0.639527,NaN,NaN,NaN,NaN,NaN,NaN,0.708888,7.006,49.89353293,512,16,10356.30617,0.457595587,6.006,42.77198955
simvarmass_25ef5f1c,1337,1264,500,1475,0.349173,0.555027,5;3,1221,0.912338,0.951972,0.950743,0.918474,1221,0.956703,0.97559,0.974359,0.963137,24992,0.84895,0.920957,0.096472,0.949888,23296,0.868448,0.93173,0.097801,0.950158,0.811419,0.890631,0.842932,0.819773,0.896132,0.851266,0.318749,0.470842,0.326103,0.314121,0.466859,0.320665,0.586963,0.730084,0.588631,0.581389,0.727545,0.583002,0.550957,2.95,8.448534108,512,16,10356.30617,0.129100084,1.95,5.584624241
simvarmass_260be588,1535,1454,500,609,0.40105,0.588213,5;3,1114,0.851585,0.845881,0.815402,0.936808,1114,0.885026,0.863669,0.833655,0.973595,23369,0.059423,0.11725,0.11725,0.95114,21706,0.060341,0.119171,0.119171,0.949106,0.667997,0.700622,0.914007,0.671374,0.703324,0.915978,0.002606,0.005198,0.002606,0.002063,0.004118,0.002063,0.451234,0.608395,0.45798,0.445942,0.604416,0.452479,0.528305,1.218,3.037027802,512,16,10356.30617,0.14821887,0.218,0.543573121
simvarmass_26270823,1039,979,500,2773,0.146472,0.801402,5;3,954,0.919795,0.957351,0.957351,0.920115,954,0.961436,0.979466,0.979466,0.961771,25623,0.948989,0.973827,0.073963,0.948989,23785,0.947906,0.973256,0.074948,0.947906,0.850732,0.918526,0.854668,0.861878,0.924932,0.866053,0.781629,0.792453,0.822907,0.780974,0.790879,0.822268,0.521404,0.67035,0.525505,0.517785,0.668857,0.521516,0.588242,5.546,37.86389207,512,16,10356.30617,0.100325346,4.546,31.03664864
simvarmass_263e6d84,1609,1543,500,663,0.391443,0.510018,5;3,1999,0.890087,0.889746,0.801552,0.936607,1999,0.915697,0.902805,0.811676,0.963555,23379,0.061581,0.121818,0.121818,0.945929,21698,0.063668,0.12564,0.12564,0.946209,0.732571,0.756406,0.89683,0.733292,0.756194,0.896954,0.003108,0.006196,0.003108,0.00324,0.00646,0.00324,0.54499,0.690531,0.557489,0.544618,0.690543,0.556781,0.531548,1.326,3.387466374,512,16,10356.30617,0.155364275,0.326,0.832816017
simvarmass_269b0fa8,159,152,500,3017,0.136495,0.881777,5;3,136,0.849033,0.915254,0.915254,0.849057,136,0.8766,0.931034,0.931034,0.876623,143,0.874214,0.932886,0.92053,0.874214,132,0.868421,0.929577,0.929577,0.868421,0.748967,0.857143,0.754717,0.744042,0.853933,0.75,0.741099,0.790378,0.773585,0.754164,0.801444,0.776316,0.524062,0.674699,0.528302,0.522516,0.675105,0.526316,0.536985,6.034,44.2067475,512,16,10356.30617,0.015352964,5.034,36.88047181
simvarmass_273ee887,2058,1940,500,1267,0.492675,0.314429,5;3,1875,0.897477,0.939642,0.93669,0.904276,1875,0.939475,0.962284,0.959125,0.946592,23172,0.190263,0.334934,0.152041,0.931973,21542,0.195963,0.343003,0.154075,0.932474,0.826602,0.89172,0.871234,0.837801,0.899385,0.880412,0.04519,0.086471,0.04519,0.042268,0.081108,0.042268,0.689714,0.797875,0.693392,0.688081,0.797382,0.691791,0.54944,2.534,5.143350079,512,16,10356.30617,0.198719501,1.534,3.113614452
simvarmass_2750ce6e,4303,4051,500,1838,0.296607,0.397113,5;3,3658,0.851838,0.918173,0.917975,0.852196,3658,0.8962,0.943391,0.943211,0.896577,20211,0.858735,0.925083,0.306763,0.873809,18789,0.862936,0.927244,0.310232,0.874383,0.80242,0.888918,0.818731,0.810885,0.893797,0.826463,0.372598,0.534065,0.384383,0.366679,0.528923,0.376944,0.639733,0.767713,0.64211,0.636593,0.766672,0.638703,0.632136,3.676,12.39350386,512,16,10356.30617,0.415495634,2.676,9.022039264
simvarmass_27c666b8,2035,1934,500,3806,0.149085,0.086267,5;3,1828,0.914988,0.955607,0.946415,0.914988,1828,0.949032,0.973849,0.964644,0.949032,1961,0.94398,0.971183,0.961461,0.94398,1843,0.942119,0.970197,0.965061,0.942119,0.839771,0.912243,0.840295,0.844862,0.915197,0.845398,0.797809,0.800633,0.837838,0.79802,0.799555,0.836693,0.964367,0.97338,0.966093,0.964022,0.974563,0.965285,0.643189,7.612,51.05812121,512,16,10356.30617,0.196498632,6.612,44.35053828
simvarmass_2805da1a,400,374,500,939,0.279598,0.261384,5;3,369,0.926303,0.955844,0.954486,0.935,369,0.964899,0.976127,0.974768,0.973958,25704,0.12364,0.225319,0.029727,0.97,23940,0.130389,0.235522,0.029942,0.973262,0.806604,0.887967,0.835,0.817179,0.894118,0.84492,0.195814,0.328542,0.2,0.188596,0.316964,0.18984,0.930361,0.951031,0.9325,0.933748,0.956885,0.935484,0.526048,1.878,6.716786243,512,16,10356.30617,0.03862381,0.878,3.140222748
simvarmass_283db249,1260,1175,500,1505,0.33181,0.083325,5;3,1137,0.905177,0.948686,0.948686,0.910317,1137,0.956814,0.976385,0.976385,0.962248,1397,0.831771,0.910802,0.910802,0.960317,1275,0.849318,0.920816,0.920816,0.96,0.827803,0.9053,0.842063,0.840005,0.91254,0.854468,0.39772,0.55814,0.409524,0.391348,0.553142,0.401193,0.958164,0.973214,0.959524,0.959927,0.974672,0.960717,0.552783,3.01,9.071456556,512,16,10356.30617,0.121665001,2.01,6.057683614
simvarmass_2870985c,3178,3006,500,4027,0.078023,0.7001,5;3,2759,0.866665,0.928415,0.928415,0.867212,2759,0.9072,0.951165,0.951165,0.907773,2844,0.889868,0.941725,0.939223,0.889868,2683,0.890256,0.941942,0.940949,0.890256,0.801979,0.890862,0.805223,0.809444,0.895084,0.81171,0.677942,0.726559,0.727816,0.681772,0.730609,0.728543,NaN,NaN,NaN,NaN,NaN,NaN,0.707647,8.054,103.2259718,512,16,10356.30617,0.306866169,7.054,90.4092383
simvarmass_28887250,665,634,500,3803,0.100413,0.874689,5;3,624,0.938346,0.968192,0.968192,0.938346,624,0.968944,0.984227,0.984227,0.968944,642,0.959398,0.979279,0.976282,0.959398,609,0.957413,0.978243,0.976669,0.957413,0.855639,0.922204,0.855639,0.858044,0.923599,0.858044,0.799013,0.808953,0.837594,0.794099,0.806071,0.833071,0.539428,0.677298,0.542857,0.532501,0.673956,0.535545,0.584455,7.606,75.74716421,512,16,10356.30617,0.064212084,6.606,65.78829434
simvarmass_28ff8035,3286,3093,500,2879,0.122956,0.068436,5;3,389,0.879793,0.936053,0.211701,0.879793,389,0.923937,0.960465,0.221148,0.923937,3047,0.915399,0.955831,0.949945,0.915399,2854,0.914969,0.955597,0.95174,0.914969,0.819139,0.899916,0.819537,0.82629,0.904173,0.826705,0.720062,0.756995,0.757456,0.720122,0.759481,0.757517,0.955453,0.967893,0.956482,0.955345,0.969021,0.95624,0.679535,5.758,46.82976024,512,16,10356.30617,0.317294598,4.758,38.69676958
simvarmass_2923e3c9,887,828,500,4974,0.484797,0.490038,5;3,820,0.929503,0.961358,0.96075,0.932356,820,0.972251,0.983823,0.983213,0.975236,909,0.96956,0.984545,0.957684,0.96956,836,0.967391,0.983425,0.96274,0.967391,0.83929,0.913203,0.846674,0.844244,0.915631,0.850242,0.809275,0.81544,0.842165,0.808874,0.818713,0.839372,0.628715,0.750513,0.632469,0.631768,0.753304,0.635593,0.558787,9.948,20.51992896,512,16,10356.30617,0.085648298,8.948,18.45720992
simvarmass_29b2baa7,2920,2766,500,2971,0.313958,0.712575,5;3,2539,0.873239,0.931041,0.929841,0.873288,2539,0.912619,0.953005,0.951809,0.91267,2675,0.888014,0.940686,0.926899,0.888014,2522,0.890094,0.941852,0.931165,0.890094,0.816949,0.897475,0.830479,0.825825,0.90297,0.838756,0.547186,0.664945,0.573288,0.5446,0.663721,0.569931,0.512615,0.668298,0.514384,0.507395,0.66414,0.508893,0.625784,5.942,18.9260984,512,16,10356.30617,0.281953812,4.942,15.74095898
simvarmass_29cbf09c,4151,3895,500,4874,0.193909,0.222935,5;3,2757,0.866509,0.928378,0.798205,0.866538,2757,0.911294,0.953479,0.822494,0.911325,18675,0.894724,0.944437,0.325418,0.894724,17323,0.893196,0.943586,0.327929,0.893196,0.816035,0.899007,0.818598,0.821008,0.90211,0.82362,0.655175,0.72297,0.691881,0.656623,0.725219,0.692525,0.842024,0.89941,0.844375,0.838455,0.899573,0.840628,0.699459,9.748,50.27100341,512,16,10356.30617,0.400818586,8.748,45.1139452
simvarmass_29d78f93,4491,4261,500,1827,0.434017,0.101824,5;3,3891,0.865892,0.926713,0.926271,0.866845,3891,0.903513,0.94787,0.947407,0.904507,20289,0.701294,0.835896,0.322518,0.88978,18752,0.717114,0.84587,0.328858,0.888054,0.815159,0.8959,0.832777,0.819563,0.89867,0.836854,0.168934,0.290682,0.171231,0.161826,0.279734,0.163222,0.886491,0.923006,0.888889,0.888032,0.925242,0.890275,0.611978,3.654,8.419025061,512,16,10356.30617,0.433648825,2.654,6.114967847
simvarmass_29f9711c,2836,2698,500,2376,0.228493,0.35812,5;3,2538,0.896071,0.944372,0.944176,0.896333,2538,0.928483,0.962092,0.961896,0.928754,2688,0.917137,0.956778,0.941709,0.917137,2523,0.916234,0.956286,0.946945,0.916234,0.820492,0.901893,0.828279,0.825458,0.904598,0.832839,0.642837,0.728617,0.677362,0.639892,0.72844,0.672593,0.697889,0.809466,0.699577,0.691058,0.804846,0.692737,0.631449,4.752,20.79713602,512,16,10356.30617,0.273842812,3.752,16.42063433
simvarmass_29ff6193,2115,1991,500,2712,0.460032,0.779523,5;3,1837,0.880475,0.93001,0.927632,0.882742,1837,0.923255,0.953536,0.95122,0.925632,2097,0.9095,0.950657,0.912631,0.910165,1952,0.908405,0.950198,0.916561,0.909091,0.824631,0.891485,0.847754,0.830689,0.894592,0.854345,0.4442,0.586341,0.464775,0.442178,0.585008,0.460573,0.499215,0.656744,0.500709,0.498465,0.656963,0.499497,0.581701,5.424,11.79048414,512,16,10356.30617,0.204223394,4.424,9.616722315
simvarmass_2a285943,1105,1040,500,3815,0.34104,0.533397,5;3,1007,0.913699,0.953686,0.953598,0.914027,1007,0.955192,0.975822,0.975775,0.955535,1078,0.943891,0.971136,0.955566,0.943891,1005,0.945192,0.971824,0.961369,0.945192,0.828337,0.905045,0.832579,0.836005,0.910042,0.840385,0.751109,0.778195,0.784615,0.747757,0.779559,0.780019,0.600752,0.729553,0.60543,0.599329,0.728754,0.604247,0.570732,7.63,22.3727422,512,16,10356.30617,0.106698275,6.63,19.44053483
simvarmass_2a6895f5,3057,2914,500,3644,0.112605,0.277899,5;3,238,0.893675,0.943696,0.144461,0.893687,238,0.927977,0.96248,0.149591,0.927989,2829,0.915604,0.955943,0.95107,0.915604,2685,0.915923,0.956117,0.953385,0.915923,0.827776,0.905323,0.829244,0.834514,0.90943,0.835908,0.735448,0.756535,0.785738,0.736061,0.759192,0.786008,0.80081,0.874222,0.803729,0.798666,0.87343,0.801445,0.688637,7.288,64.72181519,512,16,10356.30617,0.295182467,6.288,55.84121487
simvarmass_2af9baa6,1757,1665,500,3453,0.11013,0.529563,5;3,1045,0.916904,0.956651,0.745896,0.916904,1045,0.956083,0.977549,0.765568,0.956083,1690,0.944792,0.971613,0.963156,0.944792,1595,0.945345,0.971905,0.965644,0.945345,0.827987,0.906493,0.830393,0.832315,0.909091,0.834835,0.806943,0.794765,0.857143,0.80823,0.796354,0.857057,0.612971,0.74425,0.616961,0.607201,0.740849,0.610742,0.642012,6.906,62.70770907,512,16,10356.30617,0.169655085,5.906,53.6275311
simvarmass_2b02193a,2801,2668,500,4942,0.462236,0.88232,5;3,2425,0.873837,0.928326,0.926521,0.873974,2425,0.906861,0.946734,0.944965,0.907003,2554,0.887628,0.938706,0.928105,0.887897,2403,0.884667,0.937363,0.930388,0.884933,0.804452,0.883638,0.818636,0.81029,0.886902,0.824147,0.560104,0.666258,0.582292,0.555843,0.664654,0.577803,0.458609,0.622469,0.460907,0.458183,0.622211,0.460413,0.625489,9.884,21.38301647,512,16,10356.30617,0.270463228,8.884,19.21961942
simvarmass_2b46b01d,1687,1595,500,1265,0.420932,0.147362,5;3,1668,0.904499,0.948056,0.909091,0.911678,1668,0.942489,0.968541,0.927898,0.949969,24083,0.727902,0.849117,0.123166,0.940723,22371,0.751549,0.864055,0.125177,0.940439,0.832652,0.905624,0.863663,0.842969,0.911935,0.869511,0.077479,0.144658,0.078245,0.068256,0.127709,0.068296,0.8584,0.906489,0.860699,0.857842,0.908909,0.859572,0.548527,2.53,6.010472,512,16,10356.30617,0.162895918,1.53,3.634791368
simvarmass_2bafae7f,112,108,500,790,0.321519,0.523755,5;3,113,0.90816,0.931507,0.906667,0.919643,113,0.933155,0.944444,0.918919,0.944954,25789,0.011107,0.023398,0.008108,0.9375,24046,0.0117,0.024691,0.008363,0.935185,0.731122,0.816754,0.857143,0.737192,0.821622,0.861111,0.052934,0.10084,0.053571,0.046296,0.088496,0.046296,0.760852,0.832487,0.767857,0.763044,0.842105,0.768519,0.516772,1.58,4.914173035,512,16,10356.30617,0.010814667,0.58,1.803936937
simvarmass_2bfdedda,62,56,500,3559,0.382903,0.065977,5;3,50,0.741935,0.851852,0.821429,0.741935,50,0.807018,0.893204,0.859813,0.807018,59,0.822581,0.902655,0.842975,0.822581,50,0.803571,0.891089,0.849057,0.803571,0.725806,0.841121,0.725806,0.732143,0.845361,0.732143,0.693465,0.757282,0.709677,0.68279,0.752688,0.696429,0.838411,0.902655,0.83871,0.821239,0.893204,0.821429,0.51655,7.118,18.58956446,512,16,10356.30617,0.005986691,6.118,15.97793697
simvarmass_2c007613,2727,2580,500,3074,0.285412,0.122365,5;3,2455,0.901337,0.947165,0.946739,0.901357,2455,0.939222,0.967691,0.967271,0.939243,2628,0.93106,0.964299,0.948273,0.93106,2458,0.929845,0.963647,0.952362,0.929845,0.835051,0.909671,0.840117,0.84035,0.912833,0.844634,0.689521,0.751279,0.727173,0.685806,0.751762,0.723083,0.952917,0.962446,0.955262,0.95263,0.963319,0.954846,0.629456,6.148,21.54079016,512,16,10356.30617,0.263317823,5.148,18.03708323
simvarmass_2c291fa6,1839,1708,500,1390,0.448929,0.377929,5;3,1649,0.902435,0.943569,0.943234,0.910277,1649,0.948872,0.968539,0.968217,0.957118,23685,0.25974,0.426238,0.13595,0.943448,22064,0.268478,0.436295,0.136127,0.947307,0.8343,0.901984,0.865688,0.841163,0.905624,0.871119,0.115455,0.210068,0.117999,0.106919,0.195789,0.108899,0.675316,0.790653,0.67863,0.672965,0.792492,0.676073,0.551855,2.78,6.192515966,512,16,10356.30617,0.177572966,1.78,3.964992237
simvarmass_2c2b754d,4238,3987,500,575,0.473289,0.353412,5;3,3272,0.814877,0.820851,0.805326,0.887919,3272,0.854814,0.841584,0.827133,0.931436,20670,0.15793,0.298619,0.298619,0.877773,19208,0.160197,0.302022,0.302022,0.878416,0.653,0.663239,0.897121,0.658588,0.667904,0.90203,0.000472,0.000943,0.000472,0.000251,0.000502,0.000251,0.278652,0.436098,0.282209,0.275378,0.432296,0.278935,0.538358,1.15,2.429805045,512,16,10356.30617,0.409219265,0.15,0.316931093
simvarmass_2c4ed30f,2950,2778,500,913,0.395557,0.291489,5;3,2642,0.891906,0.929759,0.929185,0.899322,2642,0.931701,0.951179,0.950604,0.939448,22192,0.143241,0.266601,0.215576,0.918644,20571,0.146229,0.271116,0.218853,0.919726,0.819271,0.874468,0.872203,0.828399,0.879575,0.879813,0.016368,0.032667,0.01661,0.013319,0.026288,0.013319,0.662905,0.783386,0.668136,0.663502,0.784156,0.668231,0.556722,1.826,4.616275278,512,16,10356.30617,0.284850597,0.826,2.088194622
simvarmass_2c606d5d,1885,1775,500,1529,0.205537,0.204553,5;3,1709,0.907703,0.950473,0.950473,0.910345,1709,0.950566,0.973497,0.973497,0.953333,23736,0.946419,0.972487,0.139339,0.94695,22082,0.946418,0.972472,0.140683,0.946418,0.842009,0.913694,0.851989,0.846748,0.916463,0.856257,0.630154,0.72328,0.655172,0.62979,0.723364,0.654085,0.896108,0.93153,0.901857,0.89279,0.929794,0.897175,0.591303,3.058,14.87809981,512,16,10356.30617,0.182014704,2.058,10.01279575
simvarmass_2c7b671a,4728,4486,500,1489,0.34299,0.839925,5;3,3716,0.825738,0.884633,0.874704,0.831007,3716,0.86164,0.905462,0.895598,0.867137,20356,0.830052,0.894553,0.316218,0.838832,18848,0.831293,0.89546,0.322348,0.838199,0.771521,0.83665,0.829103,0.779392,0.842548,0.834633,0.250224,0.399934,0.258249,0.24803,0.397296,0.255291,0.438932,0.604442,0.440355,0.439893,0.60567,0.44117,0.613878,2.978,8.682468877,512,16,10356.30617,0.456533432,1.978,5.766931981
simvarmass_2c7f4b5a,1517,1434,500,3133,0.086743,0.592333,5;3,1385,0.903098,0.949082,0.944176,0.903098,1385,0.946133,0.972321,0.967173,0.946133,1457,0.938036,0.968027,0.95696,0.938036,1368,0.935146,0.966486,0.957173,0.935146,0.841129,0.913183,0.842452,0.842406,0.913897,0.843794,0.807611,0.797464,0.851022,0.807762,0.797172,0.85007,0.595164,0.728074,0.599209,0.59248,0.728126,0.596503,0.635459,6.266,72.23637642,512,16,10356.30617,0.146480799,5.266,60.70806866
simvarmass_2cb0f5cd,501,483,500,2102,0.484653,0.691408,5;3,476,0.941907,0.959835,0.958035,0.948104,476,0.96109,0.969823,0.967942,0.967413,561,0.911758,0.953419,0.905838,0.964072,522,0.927575,0.961578,0.921393,0.962733,0.842483,0.900546,0.872255,0.845231,0.901695,0.873967,0.399864,0.555705,0.413174,0.398899,0.555091,0.412008,0.621785,0.759371,0.626747,0.62231,0.761421,0.626556,0.528739,4.204,8.674247348,512,16,10356.30617,0.048376322,3.204,6.610915438
simvarmass_2cb34d52,1624,1527,500,1941,0.466049,0.608596,5;3,1464,0.902877,0.943347,0.943005,0.908251,1464,0.945372,0.96618,0.965837,0.950999,1639,0.937802,0.966635,0.933497,0.937808,1522,0.939095,0.967916,0.940636,0.939096,0.82794,0.898658,0.856527,0.838582,0.904965,0.866492,0.328693,0.488556,0.341749,0.324638,0.484449,0.336608,0.567224,0.716221,0.569581,0.566119,0.715642,0.568525,0.557274,3.882,8.329596244,512,16,10356.30617,0.156812668,2.882,6.183899118
simvarmass_2cc3689d,3784,3574,500,2415,0.467589,0.556553,5;3,3226,0.854588,0.919566,0.919258,0.856237,3226,0.895778,0.942966,0.942657,0.897507,21002,0.78731,0.887222,0.267248,0.875264,19449,0.795232,0.891556,0.271033,0.872971,0.806464,0.890319,0.828224,0.812426,0.89386,0.834965,0.339365,0.495871,0.349101,0.332516,0.489255,0.340795,0.537742,0.689993,0.539376,0.532841,0.686229,0.534343,0.612391,4.83,10.32958431,512,16,10356.30617,0.365381241,3.83,8.190954022
simvarmass_2d47e4a0,2366,2228,500,2256,0.263455,0.524394,5;3,2108,0.895194,0.942806,0.942333,0.895604,2108,0.932641,0.96325,0.962777,0.933069,2271,0.918005,0.95725,0.936813,0.918005,2116,0.917415,0.956929,0.941068,0.917415,0.83309,0.908043,0.840659,0.841545,0.913033,0.848743,0.579307,0.690151,0.608622,0.578277,0.692308,0.605381,0.594453,0.7372,0.596365,0.589831,0.733761,0.591727,0.608233,4.512,17.12626445,512,16,10356.30617,0.228459835,3.512,13.33054981
simvarmass_2d5afc24,2418,2278,500,4347,0.059903,0.134644,5;3,2198,0.909016,0.95234,0.95234,0.909016,2198,0.94864,0.973643,0.973643,0.94864,2269,0.93507,0.966446,0.964796,0.93507,2139,0.938104,0.968063,0.967625,0.938104,0.829376,0.906095,0.830025,0.838208,0.911302,0.838894,0.793954,0.793708,0.838296,0.797398,0.795627,0.841228,0.958889,0.968644,0.960298,0.962413,0.971583,0.963813,0.698011,8.694,145.1346343,512,16,10356.30617,0.23348093,7.694,128.4409796
simvarmass_2d9e4bfa,4223,4012,500,4167,0.323699,0.286057,5;3,336,0.866784,0.928599,0.147401,0.866919,336,0.903141,0.94906,0.15311,0.903282,19579,0.883732,0.938278,0.313587,0.883732,18077,0.882324,0.937483,0.320445,0.882324,0.811924,0.895363,0.814824,0.815319,0.897489,0.818295,0.589852,0.694877,0.618281,0.585135,0.693578,0.612718,0.74523,0.840256,0.747336,0.743133,0.839673,0.745186,0.670256,8.334,25.7461407,512,16,10356.30617,0.407770872,7.334,22.65685096
simvarmass_2dc51da2,3768,3579,500,1103,0.166816,0.442095,5;3,3300,0.878143,0.933522,0.93322,0.878715,3300,0.915563,0.954309,0.954006,0.916159,20795,0.893313,0.943713,0.274396,0.894374,19288,0.894943,0.944592,0.280317,0.895502,0.812349,0.895754,0.823779,0.819536,0.900215,0.830679,0.40478,0.562934,0.419586,0.399205,0.557253,0.412916,0.62467,0.757668,0.626062,0.61909,0.75392,0.620303,0.629423,2.206,13.22415116,512,16,10356.30617,0.363836288,1.206,7.229522348
simvarmass_2df16dde,2687,2544,500,4840,0.234501,0.582875,5;3,2267,0.894678,0.944412,0.91522,0.894678,2267,0.935045,0.966432,0.937164,0.935045,2495,0.914031,0.955085,0.947897,0.914031,2351,0.914701,0.955451,0.950766,0.914701,0.84614,0.916633,0.848158,0.853219,0.920763,0.855346,0.718669,0.753271,0.7607,0.717762,0.753657,0.759434,0.584358,0.726517,0.585783,0.576538,0.720668,0.577953,0.657967,9.68,41.27914167,512,16,10356.30617,0.259455442,8.68,37.01476753
simvarmass_2e3428d7,1631,1545,500,3465,0.141221,0.83005,5;3,1495,0.916561,0.956188,0.955854,0.916616,1495,0.952173,0.975212,0.974878,0.952229,1550,0.94114,0.969678,0.965105,0.94114,1463,0.940453,0.969313,0.96609,0.940453,0.827147,0.9058,0.828326,0.837592,0.912034,0.838835,0.720955,0.745999,0.761496,0.720511,0.747059,0.759871,0.499026,0.650278,0.502759,0.491323,0.644182,0.495139,0.621866,6.93,49.07202187,512,16,10356.30617,0.157488585,5.93,41.99092203
simvarmass_2e971b22,1229,1172,500,2857,0.234099,0.666387,5;3,1127,0.91831,0.956337,0.955857,0.918633,1127,0.947609,0.971995,0.971527,0.947943,1182,0.938161,0.968094,0.95645,0.938161,1118,0.93686,0.967401,0.958952,0.93686,0.841542,0.913024,0.847844,0.845775,0.915473,0.852389,0.712999,0.751381,0.751017,0.711213,0.751558,0.749147,0.561714,0.701719,0.566314,0.555685,0.699518,0.560308,0.580933,5.714,24.40847676,512,16,10356.30617,0.118671656,4.714,20.13677974
simvarmass_2e9e1b5f,4465,4248,500,2937,0.136928,0.555897,5;3,2845,0.856091,0.922446,0.777839,0.856439,2845,0.890805,0.94222,0.796805,0.891168,3929,0.868309,0.929513,0.923755,0.868309,3715,0.8672,0.928878,0.925144,0.8672,0.805638,0.89225,0.806047,0.811482,0.895817,0.811911,0.579806,0.685785,0.618589,0.578138,0.686359,0.615348,0.547357,0.696827,0.548488,0.543761,0.694252,0.544875,0.698369,5.874,42.89845758,512,16,10356.30617,0.431138277,4.874,35.59534938
simvarmass_2eb4322c,1097,1043,500,3941,0.416989,0.143124,5;3,1018,0.927985,0.962648,0.962648,0.927985,1018,0.965844,0.982625,0.982625,0.965844,1124,0.959891,0.979535,0.948222,0.959891,1044,0.958773,0.978953,0.958313,0.958773,0.861296,0.924057,0.865087,0.86275,0.92482,0.866731,0.771418,0.794959,0.802188,0.769986,0.793262,0.800384,0.95324,0.967832,0.955333,0.950643,0.967901,0.952748,0.56733,7.882,18.90217728,512,16,10356.30617,0.105925798,6.882,16.50403248
simvarmass_2f1b5a5f,2263,2150,500,3002,0.103364,0.738628,5;3,2023,0.893502,0.943537,0.943537,0.893504,2023,0.930509,0.963775,0.963775,0.930511,2078,0.912064,0.95401,0.950933,0.912064,1965,0.910233,0.953007,0.951154,0.910233,0.829676,0.906725,0.831639,0.834655,0.909643,0.836279,0.725911,0.750931,0.764472,0.723911,0.751944,0.761041,0.515844,0.671075,0.517455,0.510267,0.666667,0.511671,0.657443,6.004,58.08598738,512,16,10356.30617,0.218514204,5.004,48.41143919
simvarmass_2f453bf9,4413,4196,500,2092,0.139565,0.449871,5;3,1621,0.854521,0.921554,0.537289,0.854521,1621,0.892122,0.942986,0.554378,0.892122,3937,0.874462,0.933027,0.924311,0.874462,3714,0.871783,0.9315,0.924905,0.871783,0.806845,0.892481,0.808973,0.812381,0.895926,0.814347,0.583175,0.691188,0.613188,0.581534,0.691218,0.610873,0.61094,0.745244,0.612508,0.605084,0.741954,0.606553,0.682429,4.184,29.9788629,512,16,10356.30617,0.426117182,3.184,22.8137427
simvarmass_2f5b2fee,1719,1621,500,2185,0.329975,0.357267,5;3,1576,0.91968,0.956021,0.955994,0.921466,1576,0.95698,0.975851,0.975836,0.958838,24023,0.49672,0.675098,0.126486,0.947062,22359,0.519686,0.694885,0.128023,0.946946,0.84185,0.913565,0.849913,0.852105,0.919548,0.860049,0.592761,0.70043,0.615474,0.592821,0.701656,0.614436,0.749479,0.843271,0.752763,0.748116,0.843794,0.751086,0.579822,4.37,13.24342753,512,16,10356.30617,0.165985823,3.37,10.21289492
simvarmass_2f6b35b9,2973,2820,500,1782,0.213199,0.637917,5;3,2588,0.873816,0.932112,0.930768,0.873865,2588,0.912488,0.953693,0.952346,0.91254,22045,0.895055,0.944622,0.212727,0.895055,20422,0.896099,0.945203,0.217451,0.896099,0.811253,0.894825,0.817356,0.817288,0.89846,0.823404,0.519979,0.6458,0.548268,0.521408,0.647539,0.548421,0.533992,0.685616,0.535486,0.532262,0.685845,0.53357,0.622874,3.564,16.71677635,512,16,10356.30617,0.287071466,2.564,12.02632283
simvarmass_2fa025ec,4394,4162,500,2190,0.441832,0.269077,5;3,3777,0.860353,0.924037,0.924,0.860492,3777,0.900737,0.946854,0.946827,0.900882,20371,0.882343,0.937613,0.313749,0.88416,18904,0.882511,0.937683,0.318998,0.88395,0.814629,0.896465,0.829313,0.822515,0.901305,0.837338,0.272033,0.425822,0.276969,0.264897,0.417537,0.268861,0.752898,0.843953,0.755121,0.749857,0.842857,0.751863,0.620427,4.38,9.913270202,512,16,10356.30617,0.424282551,3.38,7.649966503
simvarmass_303e209d,2640,2500,500,4854,0.168997,0.785519,5;3,1457,0.884848,0.938907,0.711252,0.884848,1457,0.921499,0.959146,0.72996,0.921499,2416,0.901515,0.948207,0.941456,0.901515,2272,0.8992,0.946925,0.942163,0.8992,0.817475,0.899625,0.818182,0.81886,0.900461,0.8196,0.676895,0.721198,0.711364,0.675709,0.723786,0.709316,0.491572,0.650025,0.493182,0.489524,0.649337,0.490778,0.666522,9.708,57.44480671,512,16,10356.30617,0.254917145,8.708,51.52754191
simvarmass_30dbea07,1966,1861,500,4291,0.474183,0.654426,5;3,1749,0.891435,0.941588,0.941588,0.891658,1749,0.932213,0.963902,0.963902,0.932447,1869,0.92116,0.958962,0.944459,0.92116,1749,0.922085,0.959463,0.950693,0.922085,0.809416,0.893569,0.818413,0.820077,0.900029,0.828587,0.601085,0.694275,0.6353,0.601801,0.696113,0.635142,0.550483,0.700291,0.553408,0.544917,0.696907,0.547606,0.595736,8.582,18.09849784,512,16,10356.30617,0.189836025,7.582,15.98960739
simvarmass_30e1e0ab,327,300,500,3101,0.442674,0.063684,5;3,320,0.928324,0.961905,0.936631,0.929664,320,0.982401,0.990196,0.963434,0.983819,27162,0.963341,0.981424,0.023064,0.969419,25316,0.980011,0.989933,0.023032,0.983333,0.862928,0.92635,0.874618,0.88404,0.938272,0.896667,0.783532,0.786942,0.819572,0.797333,0.79702,0.83,0.974187,0.976744,0.978593,0.990097,0.986532,0.993311,0.528476,6.202,14.01031007,512,16,10356.30617,0.031574965,5.202,11.75131135
simvarmass_31f8abbe,303,284,500,1333,0.449712,0.760288,5;3,271,0.90147,0.919298,0.916376,0.927393,271,0.94188,0.940754,0.937611,0.968966,26365,0.026323,0.052783,0.022049,0.970297,24500,0.026832,0.053879,0.022192,0.96831,0.799795,0.834879,0.89769,0.805542,0.842315,0.897527,0.189302,0.316354,0.194719,0.188471,0.313043,0.190141,0.702619,0.801556,0.706271,0.705467,0.809917,0.707746,0.520416,2.666,5.928238517,512,16,10356.30617,0.029257536,1.666,3.704593162
simvarmass_3241ee85,1747,1658,500,4241,0.269308,0.650969,5;3,1587,0.908414,0.95201,0.95201,0.908414,1587,0.945769,0.972129,0.972129,0.945769,1657,0.932456,0.965047,0.957109,0.932456,1563,0.934258,0.966012,0.961813,0.934258,0.836701,0.909941,0.836863,0.839999,0.911832,0.840169,0.738639,0.761032,0.778477,0.738866,0.761876,0.777577,0.53341,0.682199,0.536348,0.532923,0.68257,0.535628,0.60957,8.482,31.49553671,512,16,10356.30617,0.168689489,7.482,27.78231616
simvarmass_328f80f1,3466,3291,500,2522,0.055978,0.333516,5;3,3032,0.874784,0.93321,0.93321,0.874784,3032,0.913253,0.95466,0.95466,0.913253,3111,0.89498,0.94458,0.943287,0.89498,2949,0.894625,0.944382,0.943928,0.894625,0.828718,0.906314,0.830352,0.834551,0.909782,0.83627,0.706955,0.745787,0.746971,0.707048,0.747453,0.746432,NaN,NaN,NaN,NaN,NaN,NaN,0.709035,5.044,90.10682768,512,16,10356.30617,0.334675312,4.044,72.24266676
simvarmass_330ad0b6,3970,3777,500,2178,0.160477,0.717605,5;3,2975,0.854154,0.921092,0.856731,0.854156,2975,0.890257,0.941683,0.877064,0.89026,20042,0.86398,0.927027,0.28569,0.86398,18543,0.864178,0.927141,0.292473,0.864178,0.817034,0.898253,0.819395,0.821987,0.901192,0.824464,0.538146,0.659596,0.571788,0.534374,0.658769,0.567152,0.495309,0.652562,0.497229,0.494554,0.652606,0.496288,0.668288,4.356,27.14407672,512,16,10356.30617,0.383341312,3.356,20.91265415
simvarmass_337425ae,4120,3903,500,505,0.063964,0.346202,5;3,3569,0.867331,0.927597,0.927039,0.867718,3569,0.906725,0.949694,0.949134,0.90713,3847,0.88034,0.936362,0.910506,0.88034,3607,0.882398,0.937526,0.917177,0.882398,0.814253,0.897316,0.823301,0.821683,0.901895,0.831156,0.416765,0.575227,0.430583,0.410027,0.569701,0.422821,0.691803,0.803371,0.694175,0.690545,0.802915,0.692584,0.651554,1.01,15.79013195,512,16,10356.30617,0.397825241,0.01,0.15633794
simvarmass_3394996f,218,202,500,3410,0.183469,0.385158,5;3,189,0.866972,0.928747,0.928747,0.866972,189,0.931034,0.964286,0.964286,0.931034,210,0.917431,0.956938,0.934579,0.917431,193,0.930693,0.964103,0.951899,0.930693,0.821101,0.901763,0.821101,0.836634,0.911051,0.836634,0.838352,0.82,0.876147,0.858869,0.832,0.89604,0.781373,0.858612,0.784404,0.789287,0.865014,0.792079,0.536914,6.82,37.17249236,512,16,10356.30617,0.021049976,5.82,31.72198028
simvarmass_33dfe207,3717,3509,500,2261,0.424676,0.12722,5;3,3256,0.878214,0.933161,0.933027,0.878935,3256,0.917976,0.955219,0.955079,0.918729,20874,0.886223,0.94055,0.272783,0.902341,19334,0.887052,0.940808,0.276221,0.89886,0.819015,0.899202,0.833199,0.82269,0.901483,0.83713,0.346644,0.510145,0.355125,0.341011,0.504854,0.348247,0.902577,0.930868,0.904493,0.901499,0.931602,0.903171,0.61365,4.522,10.64811762,512,16,10356.30617,0.358911753,3.522,8.293381307
simvarmass_33ffa140,3647,3476,500,864,0.412068,0.502562,5;3,3030,0.865581,0.901491,0.889322,0.881272,3030,0.899879,0.920185,0.908229,0.916192,21586,0.222307,0.390615,0.256648,0.887853,19991,0.229381,0.400755,0.262411,0.885788,0.779919,0.817958,0.873321,0.785463,0.821237,0.878413,0.01794,0.03606,0.018371,0.015535,0.030595,0.015535,0.48286,0.64392,0.486427,0.481047,0.642679,0.484141,0.559424,1.728,4.193482629,512,16,10356.30617,0.352152586,0.728,1.7666987
simvarmass_34406a5b,105,92,500,1008,0.073946,0.706897,5;3,77,0.842891,0.911917,0.846154,0.847619,77,0.912407,0.951351,0.885057,0.917526,105,0.895238,0.944724,0.895238,0.895238,90,0.913043,0.954545,0.923077,0.913043,0.742857,0.852459,0.742857,0.73913,0.85,0.73913,0.753695,0.789189,0.790476,0.765177,0.8,0.804348,0.647278,0.774566,0.647619,0.673651,0.8,0.673913,0.54482,2.016,27.26313797,512,16,10356.30617,0.01013875,1.016,13.73975604
simvarmass_3441f94a,59,57,500,4082,0.224939,0.537178,5;3,38,0.644068,0.783505,0.783505,0.644068,38,0.666667,0.8,0.8,0.666667,41,0.677966,0.808081,0.8,0.677966,38,0.666667,0.8,0.8,0.666667,0.644068,0.783505,0.644068,0.631579,0.774194,0.631579,0.644771,0.74,0.661017,0.636049,0.742268,0.649123,0.674738,0.776699,0.677966,0.666228,0.787234,0.666667,0.522438,8.164,36.29428423,512,16,10356.30617,0.005697012,7.164,31.84863452
simvarmass_35041662,2815,2673,500,4885,0.113395,0.309663,5;3,297,0.887247,0.940158,0.190874,0.887389,297,0.923669,0.960215,0.197934,0.923817,2589,0.915808,0.956054,0.954108,0.915808,2453,0.915451,0.955859,0.954741,0.915451,0.820659,0.901206,0.823091,0.827496,0.905083,0.829405,0.762229,0.769592,0.80675,0.763517,0.770563,0.808081,0.764594,0.849774,0.766607,0.762209,0.849687,0.764176,0.690788,9.77,86.15900172,512,16,10356.30617,0.271815062,8.77,77.34027074
simvarmass_357db159,2312,2170,500,789,0.39002,0.503422,5;3,1649,0.88108,0.905999,0.823529,0.903547,1649,0.926356,0.930156,0.847713,0.949977,23402,0.243838,0.411708,0.16528,0.919118,21768,0.251048,0.420687,0.166931,0.920737,0.777292,0.808438,0.878893,0.783426,0.8139,0.882733,0.012543,0.024776,0.012543,0.011982,0.023679,0.011982,0.508005,0.662185,0.511246,0.509574,0.665067,0.512477,0.543063,1.578,4.045946362,512,16,10356.30617,0.223245621,0.578,1.481975283
simvarmass_35e1660c,1914,1841,500,4646,0.286282,0.687106,5;3,1755,0.920585,0.958651,0.956664,0.920585,1755,0.949865,0.974288,0.972299,0.949865,1820,0.928422,0.962883,0.951794,0.928422,1735,0.927717,0.962504,0.954965,0.927717,0.841645,0.913573,0.844305,0.84895,0.91784,0.851711,0.701581,0.735908,0.736677,0.701799,0.738965,0.736156,0.534418,0.681939,0.536573,0.530695,0.678918,0.532644,0.617794,9.292,32.45750693,512,16,10356.30617,0.18481493,8.292,28.96444764
simvarmass_3627c8e7,4916,4638,500,953,0.071665,0.210289,5;3,4230,0.857804,0.923127,0.923026,0.858625,4230,0.896654,0.945141,0.945035,0.897512,4484,0.872254,0.931769,0.91234,0.872254,4193,0.87368,0.932582,0.917799,0.87368,0.803766,0.890866,0.807567,0.809901,0.894599,0.813928,0.527492,0.660194,0.553295,0.523629,0.658225,0.549041,0.80097,0.877361,0.803295,0.797327,0.876394,0.799221,0.687336,1.906,26.59596735,512,16,10356.30617,0.474686623,0.906,12.64215447
simvarmass_3642549e,563,528,500,4106,0.27528,0.269998,5;3,526,0.936057,0.966972,0.966024,0.936057,526,0.981378,0.990602,0.989652,0.981378,600,0.982238,0.991039,0.950989,0.982238,544,0.981061,0.99044,0.966418,0.981061,0.83711,0.910491,0.845471,0.83964,0.911885,0.848485,0.875801,0.83964,0.912966,0.878743,0.841193,0.914773,0.923237,0.930451,0.928952,0.9223,0.930653,0.927894,0.553108,8.212,29.83144435,512,16,10356.30617,0.054363012,7.212,26.19877942
simvarmass_366e6dde,2109,1991,500,1441,0.057476,0.194849,5;3,1916,0.902985,0.949988,0.948571,0.905168,1916,0.942304,0.971254,0.969774,0.944582,2017,0.94073,0.96946,0.961706,0.94073,1890,0.939227,0.968661,0.963669,0.939227,0.82994,0.905983,0.830725,0.838449,0.910978,0.839277,0.78162,0.780178,0.825984,0.782215,0.781065,0.82672,0.912017,0.940711,0.913229,0.908395,0.939346,0.909596,0.653644,2.882,50.14266824,512,16,10356.30617,0.203644037,1.882,32.74410189
simvarmass_36793b22,4534,4289,500,4585,0.06109,0.616116,5;3,3790,0.835906,0.91062,0.91062,0.835906,3790,0.875087,0.933383,0.933383,0.875087,3901,0.855977,0.9224,0.920213,0.855977,3673,0.854745,0.921684,0.920874,0.854745,0.788607,0.882064,0.791795,0.795416,0.886272,0.798554,0.60902,0.694737,0.647772,0.607429,0.695805,0.645537,NaN,NaN,NaN,NaN,NaN,NaN,0.742884,9.17,150.1064004,512,16,10356.30617,0.437800884,8.17,133.7371092
simvarmass_36bb4c2c,4587,4360,500,4549,0.364749,0.830659,5;3,3620,0.826655,0.904688,0.88193,0.826684,3620,0.8612,0.924991,0.902156,0.861231,3948,0.838236,0.911657,0.900996,0.838239,3713,0.836008,0.910545,0.90301,0.836009,0.78848,0.879434,0.794419,0.794233,0.88318,0.800459,0.49078,0.624984,0.51864,0.49143,0.626891,0.518,0.466023,0.628295,0.467626,0.46573,0.628633,0.467249,0.67361,9.098,24.9431801,512,16,10356.30617,0.442918539,8.098,22.20156875
simvarmass_36d96606,2255,2125,500,4563,0.432516,0.797482,5;3,2003,0.891646,0.941645,0.940817,0.891796,2003,0.935192,0.965401,0.964604,0.935349,23169,0.917073,0.956743,0.162681,0.917073,21531,0.916706,0.956543,0.164694,0.916706,0.830252,0.905212,0.838581,0.836684,0.909277,0.844706,0.601364,0.689937,0.635477,0.599811,0.690806,0.632941,0.478846,0.63879,0.48204,0.475149,0.637051,0.478322,0.608944,9.126,21.09979746,512,16,10356.30617,0.217741728,8.126,18.78774427
simvarmass_371cf04e,2699,2546,500,2549,0.479116,0.399555,5;3,2404,0.892763,0.942214,0.942191,0.893664,2404,0.934303,0.964895,0.964881,0.935246,2696,0.90173,0.949042,0.918258,0.917747,2502,0.90666,0.951547,0.925911,0.91791,0.82966,0.905301,0.847351,0.837962,0.910333,0.85546,0.404219,0.561658,0.416821,0.40047,0.558573,0.411857,0.668062,0.788935,0.670989,0.667584,0.789461,0.670338,0.594237,5.098,10.64042946,512,16,10356.30617,0.260614157,4.098,8.55325224
simvarmass_375f5c52,1124,1062,500,2277,0.415188,0.189878,5;3,1047,0.935059,0.963578,0.96269,0.938612,1047,0.970459,0.982143,0.981221,0.974146,25283,0.947969,0.973625,0.082478,0.968861,23534,0.954955,0.977165,0.08351,0.967043,0.838326,0.912247,0.854093,0.844884,0.916667,0.859699,0.566863,0.686691,0.589858,0.564917,0.688362,0.587018,0.92442,0.945556,0.927936,0.920021,0.94358,0.923585,0.554211,4.554,10.9685251,512,16,10356.30617,0.108532906,3.554,8.559977649
simvarmass_378bfb2d,3952,3750,500,578,0.076374,0.070499,5;3,3499,0.885752,0.938146,0.937861,0.886134,3499,0.926546,0.960572,0.960286,0.926945,20430,0.909436,0.952783,0.296284,0.913968,18945,0.910145,0.95311,0.301829,0.913333,0.817488,0.898664,0.827682,0.826503,0.904262,0.8368,0.449037,0.600623,0.46331,0.441917,0.596362,0.454788,0.936886,0.955608,0.938006,0.936412,0.956256,0.9374,0.646376,1.156,15.13604106,512,16,10356.30617,0.381603241,0.156,2.042579936
simvarmass_37eb6798,2459,2326,500,2821,0.303969,0.681597,5;3,2161,0.883696,0.936676,0.935498,0.884099,2161,0.923114,0.958425,0.957254,0.923534,2283,0.908906,0.95228,0.94264,0.908906,2140,0.906277,0.950834,0.944021,0.906277,0.81522,0.896845,0.824725,0.821755,0.900778,0.83061,0.571834,0.677368,0.600651,0.57166,0.679163,0.600517,0.531001,0.680494,0.53355,0.52705,0.679161,0.529336,0.612345,5.642,18.56110327,512,16,10356.30617,0.237439871,4.642,15.27129411
simvarmass_381069bf,426,403,500,1158,0.14479,0.321826,5;3,386,0.916166,0.953431,0.950739,0.91784,386,0.951919,0.9725,0.969849,0.953659,444,0.953052,0.975962,0.933333,0.953052,411,0.952854,0.975858,0.943489,0.952854,0.816948,0.897801,0.821596,0.82387,0.901907,0.828784,0.752779,0.803594,0.78169,0.752343,0.803789,0.781638,0.737024,0.829787,0.741784,0.736321,0.829337,0.741294,0.544077,2.316,15.99557981,512,16,10356.30617,0.041134357,1.316,9.089025485
simvarmass_38474828,3025,2880,500,4099,0.323825,0.372213,5;3,2686,0.887603,0.940126,0.93994,0.887603,2686,0.922046,0.9591,0.958914,0.922047,2802,0.903471,0.949288,0.938047,0.903471,2643,0.902778,0.948905,0.941517,0.902778,0.827196,0.904521,0.828099,0.831634,0.907127,0.832581,0.66592,0.73299,0.705124,0.664263,0.731187,0.702712,0.689912,0.801685,0.692231,0.685207,0.799674,0.687108,0.6431,8.198,25.31614298,512,16,10356.30617,0.292092562,7.198,22.22805528
simvarmass_3852c7b0,3989,3764,500,1880,0.431505,0.362191,5;3,3438,0.863072,0.925128,0.925003,0.863374,3438,0.907431,0.950076,0.949945,0.907749,20772,0.596231,0.764744,0.285934,0.88744,19286,0.614287,0.777674,0.290139,0.888181,0.815182,0.895761,0.833793,0.822113,0.899869,0.840106,0.241901,0.389897,0.247681,0.233227,0.377853,0.237576,0.669196,0.787719,0.672098,0.664443,0.7867,0.667199,0.606664,3.76,8.713688138,512,16,10356.30617,0.385175943,2.76,6.396217889
simvarmass_38840b79,3479,3295,500,3596,0.366597,0.420033,5;3,3072,0.88473,0.938196,0.937872,0.884737,3072,0.92515,0.960475,0.96015,0.925158,21028,0.904858,0.950053,0.256906,0.904858,19482,0.905369,0.950334,0.262083,0.905369,0.82655,0.904807,0.832998,0.832635,0.90846,0.838896,0.58181,0.69127,0.611095,0.580045,0.692215,0.608498,0.661759,0.780743,0.664271,0.658023,0.778974,0.66028,0.642765,7.192,19.61827293,512,16,10356.30617,0.335930586,6.192,16.89048192
simvarmass_38a0f3c9,163,152,500,4531,0.173912,0.18936,5;3,137,0.865031,0.927632,0.913333,0.865031,137,0.898089,0.946309,0.931973,0.898089,151,0.90184,0.948387,0.936306,0.90184,139,0.894737,0.944444,0.934708,0.894737,0.797546,0.887372,0.797546,0.789474,0.882353,0.789474,0.860716,0.84984,0.895706,0.852303,0.844595,0.888889,0.885996,0.909091,0.907975,0.883702,0.907216,0.906667,0.534646,9.062,52.10681264,512,16,10356.30617,0.015739202,8.062,46.35677814
simvarmass_38f8c7ab,2228,2121,500,3766,0.36601,0.699,5;3,1972,0.887152,0.939553,0.939048,0.887343,1972,0.921051,0.958252,0.957746,0.921249,2133,0.908887,0.952269,0.928686,0.908887,1999,0.906176,0.950779,0.93301,0.906176,0.82654,0.904177,0.834829,0.832409,0.907641,0.841113,0.592953,0.686038,0.625224,0.592353,0.687241,0.624705,0.525662,0.680556,0.527828,0.520384,0.677301,0.52248,0.608294,7.532,20.57867271,512,16,10356.30617,0.215134621,6.532,17.84650693
simvarmass_391943f4,432,401,500,2888,0.106023,0.619098,5;3,395,0.921143,0.956522,0.95526,0.921296,395,0.96352,0.978986,0.977723,0.96368,435,0.960648,0.979929,0.957324,0.960648,396,0.957606,0.978344,0.963614,0.957606,0.804572,0.891443,0.80787,0.813976,0.897119,0.8175,0.868393,0.844059,0.900463,0.869388,0.841965,0.902743,0.64639,0.76584,0.648148,0.649735,0.769001,0.651629,0.563205,5.776,54.47874518,512,16,10356.30617,0.041713715,4.776,45.04682946
simvarmass_39408a1e,1419,1333,500,3340,0.452011,0.141846,5;3,1309,0.922967,0.958211,0.958211,0.92389,1309,0.96799,0.981968,0.981968,0.968958,24965,0.959177,0.979286,0.103927,0.966173,23251,0.961005,0.980183,0.104621,0.964741,0.851091,0.918919,0.856237,0.857218,0.922456,0.861965,0.681668,0.749144,0.713883,0.682328,0.75296,0.712678,0.953793,0.960493,0.957717,0.95343,0.961613,0.957014,0.571849,6.68,14.77840141,512,16,10356.30617,0.137017965,5.68,12.56606587
simvarmass_3a4a561c,4855,4571,500,3373,0.33248,0.285065,5;3,1565,0.851242,0.919568,0.487539,0.851287,1565,0.893188,0.9435,0.505491,0.893235,4415,0.87518,0.933436,0.916721,0.87518,4131,0.874836,0.93324,0.918975,0.874836,0.814335,0.897232,0.818744,0.820027,0.900685,0.824327,0.50827,0.648839,0.532235,0.506108,0.647808,0.528897,0.709217,0.816891,0.711226,0.705676,0.815949,0.707419,0.667141,6.746,20.28994225,512,16,10356.30617,0.468796492,5.746,17.28224254
simvarmass_3a4f329f,4781,4522,500,1293,0.116974,0.304356,5;3,1598,0.853256,0.920717,0.501019,0.853796,1598,0.892456,0.943052,0.518074,0.893021,4261,0.871784,0.931501,0.92192,0.871784,4000,0.870882,0.930986,0.924322,0.870882,0.815461,0.897814,0.819076,0.821361,0.901395,0.824818,0.510245,0.648129,0.536289,0.505478,0.645657,0.53031,0.695296,0.807799,0.697553,0.693334,0.80741,0.695325,0.674592,2.586,22.10747688,512,16,10356.30617,0.461651087,1.586,13.55856857
simvarmass_3a67e8d5,2902,2732,500,4176,0.221696,0.792752,5;3,724,0.864572,0.927028,0.399338,0.864576,724,0.910042,0.952544,0.415972,0.910047,2640,0.888008,0.940683,0.929989,0.888008,2457,0.88653,0.939853,0.933513,0.88653,0.808407,0.893755,0.809786,0.816612,0.898732,0.818082,0.629925,0.696883,0.670227,0.630591,0.699196,0.668741,0.494109,0.652341,0.496899,0.490785,0.650072,0.493216,0.654893,8.352,37.67321016,512,16,10356.30617,0.28021574,7.352,33.16252887
simvarmass_3b0ff24f,1443,1366,500,1341,0.35532,0.641295,5;3,1360,0.909081,0.943396,0.933286,0.914068,1360,0.947151,0.963677,0.953005,0.952347,25039,0.471069,0.653661,0.102485,0.940402,23261,0.492823,0.673132,0.104276,0.939971,0.810324,0.876911,0.845461,0.818443,0.881833,0.851282,0.276455,0.427002,0.282744,0.27232,0.422927,0.278388,0.545673,0.695996,0.548164,0.547268,0.698739,0.549192,0.551099,2.682,7.548125633,512,16,10356.30617,0.139335394,1.682,4.733761117
simvarmass_3b507a51,3537,3332,500,683,0.364552,0.613898,5;3,3180,0.845193,0.864171,0.858717,0.884083,3180,0.883668,0.884995,0.878866,0.924328,22049,0.240812,0.415581,0.24529,0.887193,20491,0.245028,0.42155,0.24788,0.885457,0.748734,0.768475,0.883517,0.754873,0.773435,0.888288,0.009613,0.019042,0.009613,0.009006,0.017852,0.009006,0.438412,0.602803,0.443879,0.43651,0.601104,0.441707,0.552616,1.366,3.747064891,512,16,10356.30617,0.341531038,0.366,1.003971999
simvarmass_3b525d94,2533,2390,500,3597,0.143972,0.189137,5;3,122,0.900908,0.947871,0.091902,0.900908,122,0.942197,0.970238,0.095912,0.942197,2388,0.930912,0.96422,0.958342,0.930912,2250,0.932218,0.96492,0.960345,0.932218,0.831328,0.907606,0.833794,0.839226,0.912265,0.841841,0.747658,0.764641,0.791946,0.746508,0.765733,0.790046,0.899527,0.931364,0.902487,0.897014,0.932631,0.899622,0.661549,7.194,49.96804934,512,16,10356.30617,0.244585276,6.194,43.02225433
simvarmass_3bd477e1,4197,3972,500,1518,0.324084,0.466938,5;3,3612,0.861512,0.922447,0.921757,0.862044,3612,0.899221,0.943703,0.943011,0.899776,3952,0.873958,0.93274,0.900233,0.873958,3700,0.872796,0.932078,0.90352,0.872796,0.805182,0.890033,0.820586,0.809236,0.892569,0.825025,0.265238,0.418195,0.271623,0.261153,0.413082,0.267187,0.584291,0.72789,0.587324,0.58348,0.727558,0.586364,0.614531,3.036,9.367941645,512,16,10356.30617,0.405260324,2.036,6.282321867
simvarmass_3c589d67,714,674,500,3693,0.25241,0.518806,5;3,667,0.935574,0.966715,0.965967,0.935574,667,0.973761,0.986706,0.985957,0.973761,717,0.970588,0.985075,0.968553,0.970588,672,0.970326,0.98494,0.971768,0.970326,0.841115,0.913505,0.848739,0.848763,0.9184,0.856083,0.838502,0.823188,0.882353,0.839999,0.825787,0.881306,0.666404,0.774303,0.672269,0.667321,0.775583,0.672619,0.560646,7.386,29.26191514,512,16,10356.30617,0.068943501,6.386,25.30010697
simvarmass_3c7a0e3a,3668,3473,500,3519,0.286208,0.056185,5;3,3236,0.885346,0.938846,0.937138,0.885496,3236,0.92362,0.959941,0.958235,0.923777,3439,0.910578,0.953196,0.939918,0.910578,3230,0.910164,0.95297,0.94316,0.910164,0.823321,0.90257,0.825245,0.829455,0.90626,0.830982,0.646815,0.728732,0.680752,0.646166,0.730483,0.678756,0.948261,0.965566,0.949019,0.948637,0.966801,0.949177,0.658803,7.038,24.5905076,512,16,10356.30617,0.354180336,6.038,21.09654517
simvarmass_3cd1139d,2942,2790,500,1140,0.496971,0.734671,5;3,2679,0.849871,0.872034,0.85572,0.885112,2679,0.887268,0.892714,0.875023,0.92406,22366,0.275747,0.458046,0.208393,0.896329,20777,0.283799,0.468009,0.212161,0.896057,0.743671,0.787087,0.874915,0.754566,0.793684,0.882395,0.059498,0.113702,0.060503,0.054905,0.105085,0.055575,0.461162,0.622121,0.46363,0.458506,0.619128,0.460904,0.555431,2.28,4.587792849,512,16,10356.30617,0.284078121,1.28,2.575603003
simvarmass_3cea51ba,3022,2861,500,3314,0.245631,0.803367,5;3,2629,0.874237,0.932227,0.929747,0.874255,2629,0.913535,0.954118,0.951639,0.913555,2716,0.886168,0.939649,0.933426,0.886168,2562,0.887452,0.94037,0.936382,0.887452,0.809598,0.893555,0.81403,0.819798,0.899674,0.824476,0.568963,0.671576,0.603574,0.568672,0.673306,0.602797,0.475552,0.636364,0.477167,0.475705,0.636449,0.477058,0.643139,6.628,26.98356478,512,16,10356.30617,0.291802883,5.628,22.91241741
simvarmass_3d8063b2,2770,2628,500,1885,0.349864,0.338455,5;3,2479,0.896678,0.943662,0.943418,0.898195,2479,0.933408,0.963654,0.963424,0.934987,22681,0.921661,0.959264,0.200778,0.922383,21052,0.919331,0.958003,0.204223,0.920091,0.827108,0.903774,0.840072,0.83282,0.907354,0.845392,0.393948,0.554845,0.40722,0.388501,0.550026,0.399695,0.716609,0.819996,0.719495,0.71165,0.817209,0.714395,0.596167,3.77,10.77561567,512,16,10356.30617,0.267469883,2.77,7.917362175
simvarmass_3da5abcb,4356,4134,500,1225,0.120415,0.377202,5;3,3761,0.863793,0.926733,0.926451,0.863866,3761,0.901025,0.94774,0.947461,0.901102,3991,0.882231,0.937431,0.92081,0.882231,3757,0.881229,0.936865,0.92333,0.881229,0.813065,0.896368,0.818182,0.82002,0.900544,0.825393,0.50142,0.641636,0.525712,0.496743,0.638778,0.520803,0.666564,0.789053,0.668503,0.664485,0.787853,0.666344,0.665041,2.45,20.34630237,512,16,10356.30617,0.420613289,1.45,12.04168916
simvarmass_3dd1f5ef,1062,1014,500,1550,0.222754,0.353754,5;3,998,0.941977,0.968431,0.967961,0.943503,998,0.973132,0.984691,0.984205,0.974708,25518,0.848447,0.920108,0.077126,0.96516,23681,0.872428,0.933588,0.079125,0.963511,0.849543,0.917599,0.857815,0.864116,0.926004,0.872781,0.666349,0.744702,0.694915,0.667603,0.747614,0.695266,0.768259,0.851558,0.774011,0.767235,0.852496,0.771739,0.562626,3.1,13.91669734,512,16,10356.30617,0.102546215,2.1,9.427440136
simvarmass_3ee3d134,2200,2094,500,1612,0.328335,0.415713,5;3,1991,0.908938,0.949678,0.949177,0.910455,1991,0.943238,0.96815,0.967648,0.944811,2305,0.823888,0.907436,0.907436,0.929091,2136,0.84318,0.918203,0.918203,0.927412,0.833629,0.907467,0.850455,0.836572,0.909233,0.852029,0.375046,0.535837,0.389091,0.369147,0.530409,0.381089,0.675371,0.790772,0.677727,0.671781,0.789562,0.673528,0.578786,3.224,9.819239496,512,16,10356.30617,0.212430954,2.224,6.773569677
simvarmass_3f19edca,1764,1684,500,3915,0.407088,0.380986,5;3,1600,0.90873,0.9519,0.951249,0.90873,1600,0.944051,0.970927,0.970285,0.944052,1687,0.93424,0.966002,0.955085,0.93424,1590,0.933492,0.965602,0.960293,0.933492,0.836541,0.910379,0.840136,0.844217,0.914873,0.847981,0.697896,0.744104,0.73356,0.696949,0.744129,0.732185,0.686148,0.798138,0.688776,0.68294,0.798887,0.684711,0.592405,7.83,19.2341705,512,16,10356.30617,0.170331001,6.83,16.77769917
simvarmass_3f4a6e16,2689,2533,500,2336,0.328161,0.180425,5;3,2390,0.890067,0.940783,0.939949,0.891781,2390,0.930194,0.962754,0.961918,0.931986,22549,0.925627,0.961449,0.197638,0.927482,20935,0.924598,0.960885,0.199932,0.926174,0.824311,0.903502,0.833767,0.831616,0.907878,0.8409,0.560238,0.682516,0.587207,0.557456,0.682196,0.584123,0.903752,0.935567,0.907029,0.90258,0.93524,0.90563,0.609381,4.672,14.2369142,512,16,10356.30617,0.259648561,3.672,11.18962948
simvarmass_3f8c8e2c,1413,1326,500,1385,0.419258,0.819655,5;3,1186,0.890716,0.908816,0.903424,0.920028,1186,0.935748,0.932816,0.927697,0.966543,1628,0.751488,0.857613,0.857613,0.949045,1478,0.777268,0.872636,0.872636,0.950189,0.783027,0.838658,0.874027,0.793153,0.844045,0.881599,0.230053,0.370412,0.235669,0.221588,0.360263,0.226998,0.514621,0.671868,0.518047,0.513042,0.670923,0.516251,0.545336,2.77,6.606910303,512,16,10356.30617,0.136438608,1.77,4.221744129
simvarmass_3fa62fa9,2201,2089,500,3741,0.054176,0.34116,5;3,1989,0.902695,0.948926,0.948926,0.903226,1989,0.941627,0.969993,0.969993,0.94218,2068,0.935938,0.966909,0.965097,0.935938,1953,0.933461,0.965586,0.964869,0.933461,0.826648,0.90462,0.827351,0.831721,0.90762,0.832456,0.794137,0.792084,0.842344,0.79203,0.790398,0.838602,0.723066,0.825323,0.725579,0.719623,0.823787,0.720863,0.689323,7.482,138.1054341,512,16,10356.30617,0.212527514,6.482,119.6470762
simvarmass_41239248,2519,2391,500,864,0.444188,0.384691,5;3,4233,0.880831,0.911186,0.661137,0.897578,4233,0.919144,0.931677,0.671581,0.93662,22578,0.147936,0.274112,0.184325,0.918222,20962,0.152203,0.28085,0.187984,0.918026,0.197698,0.365085,0.878523,0.199841,0.366462,0.885212,0.010322,0.020432,0.010322,0.007528,0.014944,0.007528,0.569268,0.712073,0.574831,0.56544,0.709493,0.57095,0.543896,1.728,3.890244671,512,16,10356.30617,0.243233442,0.728,1.638945672
simvarmass_41b978de,1805,1705,500,4418,0.493945,0.232398,5;3,1631,0.905611,0.949389,0.94936,0.906371,1631,0.945419,0.970851,0.970833,0.946212,1781,0.939612,0.968866,0.945901,0.939612,1656,0.939003,0.968542,0.952693,0.939003,0.833494,0.909475,0.838781,0.836561,0.911352,0.841056,0.715935,0.765355,0.74903,0.713694,0.766586,0.745455,0.89183,0.922374,0.895291,0.89409,0.925881,0.896471,0.59306,8.836,17.88863133,512,16,10356.30617,0.174289942,7.836,15.86411443
simvarmass_4209aba5,1620,1528,500,2517,0.056573,0.260335,5;3,1503,0.925129,0.960897,0.959974,0.925309,1503,0.96318,0.981021,0.980059,0.963368,1578,0.958025,0.978562,0.970607,0.958025,1478,0.956806,0.977926,0.972721,0.956806,0.837061,0.911163,0.839506,0.842335,0.914245,0.844895,0.828854,0.813659,0.872222,0.8288,0.81397,0.870989,0.858665,0.902114,0.861728,0.855307,0.902957,0.857895,0.650403,5.034,88.98237675,512,16,10356.30617,0.15642643,4.034,71.30610008
simvarmass_420d8c31,1245,1185,500,2229,0.140445,0.371048,5;3,1152,0.925301,0.961202,0.961202,0.925301,1152,0.959201,0.979176,0.979176,0.959201,1218,0.95743,0.978252,0.967925,0.95743,1154,0.957806,0.978448,0.9705,0.957806,0.84195,0.913365,0.843373,0.84577,0.915564,0.847257,0.813053,0.811821,0.84739,0.812632,0.813187,0.845439,0.720067,0.813483,0.726908,0.716592,0.811401,0.723729,0.595513,4.458,31.74196305,512,16,10356.30617,0.120216608,3.458,24.62173805
simvarmass_42271b67,4447,4222,500,4103,0.448431,0.675307,5;3,3723,0.836966,0.910915,0.910894,0.836969,3723,0.873501,0.932131,0.932114,0.873504,3920,0.846863,0.917103,0.900442,0.847088,3676,0.846281,0.916742,0.904786,0.846281,0.791351,0.882508,0.802564,0.797875,0.886549,0.80905,0.466478,0.608208,0.488194,0.461759,0.605521,0.482955,0.51312,0.670568,0.515404,0.507948,0.666563,0.509972,0.653893,8.206,18.29935932,512,16,10356.30617,0.429400206,7.206,16.06936184
simvarmass_4278d716,4112,3901,500,3782,0.109841,0.672583,5;3,910,0.845085,0.91592,0.362405,0.845088,910,0.883322,0.937922,0.375723,0.883325,3552,0.859922,0.924686,0.922756,0.859922,3362,0.859523,0.924455,0.92331,0.859523,0.789638,0.882521,0.790126,0.798767,0.888193,0.799282,0.619936,0.704525,0.660749,0.619996,0.705301,0.65863,NaN,NaN,NaN,NaN,NaN,NaN,0.710583,7.564,68.86317495,512,16,10356.30617,0.397052765,6.564,59.75910634
simvarmass_42835432,4585,4312,500,3996,0.494016,0.692157,5;3,3804,0.830967,0.907315,0.906663,0.830971,3804,0.874652,0.932762,0.932108,0.874656,19589,0.84884,0.918141,0.322082,0.849073,18162,0.848548,0.917942,0.325621,0.848562,0.787686,0.877959,0.798037,0.792241,0.880724,0.802735,0.431998,0.581376,0.453435,0.430391,0.581475,0.450603,0.494508,0.652324,0.495965,0.488949,0.647918,0.490233,0.650777,7.992,16.17761368,512,16,10356.30617,0.44272542,6.992,14.15338774
simvarmass_4290f5ce,4856,4581,500,2766,0.350455,0.424631,5;3,4099,0.844104,0.914898,0.914796,0.84411,4099,0.886264,0.939126,0.939019,0.88627,19400,0.859967,0.924712,0.344327,0.859967,17976,0.859014,0.924161,0.348967,0.859014,0.801312,0.888584,0.809514,0.807274,0.892215,0.814152,0.430488,0.586466,0.449753,0.422988,0.581509,0.440637,0.606523,0.743777,0.609143,0.603775,0.742528,0.605729,0.653573,5.532,15.78519353,512,16,10356.30617,0.468893051,4.532,12.93176014
simvarmass_42af58fa,2265,2127,500,2277,0.220911,0.88065,5;3,1943,0.874091,0.928117,0.921103,0.875055,1943,0.919989,0.953511,0.94652,0.921004,2115,0.897686,0.944108,0.927397,0.898013,1970,0.898127,0.945202,0.931413,0.898449,0.824024,0.896334,0.833996,0.829513,0.899485,0.84015,0.565655,0.666338,0.596026,0.564324,0.666667,0.593515,0.47327,0.633529,0.475497,0.472816,0.633595,0.474824,0.611561,4.554,20.61463666,512,16,10356.30617,0.218707323,3.554,16.08792681
simvarmass_42efa23f,1365,1298,500,2524,0.297744,0.355165,5;3,1248,0.915376,0.955224,0.955224,0.915751,1248,0.95308,0.975381,0.975381,0.953471,1381,0.950183,0.974455,0.944647,0.950183,1290,0.948382,0.973507,0.951314,0.948382,0.844665,0.915375,0.852747,0.850366,0.918784,0.856703,0.698368,0.747397,0.730403,0.703031,0.752741,0.734411,0.736979,0.832068,0.739194,0.735422,0.831401,0.736883,0.5756,5.048,16.95416196,512,16,10356.30617,0.131803751,4.048,13.59557204
simvarmass_4342bc62,2589,2440,500,3569,0.481917,0.642492,5;3,2288,0.888999,0.938984,0.937872,0.889919,2288,0.927698,0.960218,0.959111,0.928658,22712,0.909618,0.952708,0.186317,0.91039,21058,0.908607,0.952115,0.188697,0.908607,0.827,0.903635,0.841251,0.832646,0.907018,0.845902,0.511646,0.643981,0.537273,0.505386,0.640892,0.529701,0.536851,0.690765,0.538818,0.536351,0.690037,0.537577,0.604859,7.138,14.81167919,512,16,10356.30617,0.249992609,6.138,12.73663307
simvarmass_4385314b,1982,1866,500,2006,0.209464,0.41182,5;3,1805,0.913062,0.953814,0.953261,0.913724,1805,0.949968,0.973599,0.973046,0.950656,23581,0.940464,0.969319,0.145836,0.940464,21906,0.941586,0.969914,0.147821,0.941586,0.833075,0.909341,0.84107,0.835788,0.911156,0.843516,0.681443,0.745518,0.713421,0.680529,0.746431,0.711302,0.674056,0.792787,0.676589,0.670668,0.792489,0.672571,0.603333,4.012,19.15364931,512,16,10356.30617,0.191380978,3.012,14.37955926
simvarmass_43bc3288,337,311,500,1670,0.119253,0.565528,5;3,306,0.909831,0.951788,0.951788,0.913947,306,0.964192,0.980769,0.980769,0.968553,344,0.970326,0.98494,0.960352,0.970326,309,0.967846,0.98366,0.970968,0.967846,0.835323,0.909385,0.836795,0.844063,0.914485,0.845659,0.837345,0.827804,0.869436,0.851813,0.841026,0.881029,0.654375,0.761578,0.661721,0.650914,0.768939,0.655949,0.548305,3.34,28.00768115,512,16,10356.30617,0.03254056,2.34,19.62214787
simvarmass_43e38541,1294,1225,500,2723,0.127682,0.181995,5;3,1200,0.927992,0.96231,0.96231,0.92813,1200,0.971539,0.985222,0.985222,0.971683,1298,0.968315,0.983903,0.966821,0.968315,1217,0.968163,0.983824,0.971335,0.968163,0.843601,0.914885,0.844668,0.851118,0.919277,0.852245,0.840456,0.82877,0.877125,0.845554,0.832832,0.88,0.947238,0.956556,0.955951,0.946002,0.956886,0.954955,0.607908,5.446,42.65284065,512,16,10356.30617,0.124948025,4.446,34.82088313
simvarmass_4403d3ed,1308,1247,500,2345,0.453616,0.122597,5;3,1240,0.934213,0.963579,0.956044,0.93578,1240,0.964444,0.979477,0.971679,0.966062,1420,0.940208,0.969627,0.924487,0.964067,1320,0.944242,0.971683,0.935723,0.963111,0.842143,0.912863,0.860856,0.845082,0.914783,0.864366,0.50823,0.642424,0.526758,0.497646,0.637265,0.515638,0.958261,0.970196,0.95948,0.956905,0.969447,0.958166,0.558938,4.69,10.33914148,512,16,10356.30617,0.126299858,3.69,8.134633699
simvarmass_44087b8d,3408,3237,500,1168,0.360192,0.769059,5;3,2758,0.849635,0.890374,0.884204,0.865904,2758,0.886304,0.910807,0.904896,0.903275,21904,0.296015,0.489708,0.233565,0.867371,20292,0.306212,0.502109,0.238174,0.865616,0.791299,0.841459,0.863556,0.797592,0.844801,0.870748,0.169565,0.291646,0.173122,0.165326,0.284742,0.168057,0.472865,0.633001,0.474472,0.469188,0.63025,0.470643,0.580167,2.336,6.485429993,512,16,10356.30617,0.32907486,1.336,3.709132907
simvarmass_447de12e,1511,1443,500,859,0.32775,0.359693,5;3,1372,0.916111,0.948674,0.943462,0.923891,1372,0.946168,0.964623,0.959436,0.954204,24056,0.165681,0.294058,0.112645,0.953011,22340,0.171508,0.303238,0.115377,0.950797,0.829904,0.890411,0.871608,0.835098,0.893649,0.873961,0.048781,0.093258,0.048974,0.045534,0.087359,0.045738,0.68213,0.795856,0.6863,0.684107,0.798869,0.687761,0.542034,1.718,5.241800153,512,16,10356.30617,0.145901442,0.718,2.190694127
simvarmass_44805fd5,4004,3794,500,853,0.107724,0.172313,5;3,3522,0.881486,0.936131,0.93569,0.881618,3522,0.921292,0.958141,0.957704,0.92143,20426,0.903099,0.949148,0.296439,0.904346,18912,0.904059,0.949626,0.302211,0.904323,0.825164,0.902846,0.833167,0.83221,0.90705,0.839483,0.468006,0.617373,0.489011,0.461377,0.612279,0.479831,0.890657,0.927848,0.892857,0.890359,0.928453,0.892357,0.647313,1.706,15.83676804,512,16,10356.30617,0.386624336,0.706,6.5537856
simvarmass_449806e8,625,594,500,3673,0.254639,0.511716,5;3,591,0.948796,0.972929,0.972039,0.9488,591,0.980161,0.989158,0.988294,0.980165,648,0.9744,0.987034,0.956795,0.9744,601,0.973064,0.986348,0.967364,0.973064,0.874425,0.932536,0.8752,0.874606,0.932615,0.875421,0.843864,0.834753,0.88,0.841962,0.831239,0.878788,0.676281,0.78453,0.6816,0.672635,0.783626,0.677909,0.554985,7.346,28.84868382,512,16,10356.30617,0.060349703,6.346,24.92155561
simvarmass_44aaa311,3601,3403,500,2186,0.086688,0.086462,5;3,3163,0.878367,0.935245,0.935245,0.878367,3163,0.920279,0.958485,0.958485,0.920279,3333,0.913357,0.954717,0.948659,0.913357,3125,0.910373,0.953084,0.949142,0.910373,0.822295,0.901627,0.82366,0.830455,0.906585,0.83157,0.698403,0.748025,0.736184,0.699724,0.750299,0.737507,0.950637,0.966199,0.951125,0.949802,0.966561,0.95025,0.693547,4.372,50.43373939,512,16,10356.30617,0.347710848,3.372,38.89811739
simvarmass_4507ea79,1832,1740,500,1813,0.423322,0.452243,5;3,1690,0.905244,0.948123,0.939239,0.907751,1690,0.940673,0.967251,0.958008,0.943279,1942,0.923149,0.960404,0.9062,0.933406,1802,0.927615,0.962633,0.916431,0.932759,0.829365,0.904606,0.85917,0.838555,0.910053,0.867241,0.324878,0.484896,0.337336,0.318032,0.478732,0.329885,0.647398,0.77727,0.649563,0.648573,0.778621,0.65072,0.565269,3.626,8.565583646,512,16,10356.30617,0.176897049,2.626,6.203315679
simvarmass_4509e5ed,1719,1627,500,4390,0.409197,0.384809,5;3,1591,0.925538,0.961329,0.961329,0.925538,1591,0.961329,0.980283,0.980283,0.961329,1724,0.953463,0.976205,0.953238,0.954625,1616,0.953903,0.976423,0.957755,0.954518,0.858733,0.922692,0.861547,0.863727,0.925767,0.866011,0.742876,0.773632,0.772542,0.739658,0.772561,0.767813,0.716768,0.818302,0.72135,0.719423,0.820513,0.723352,0.597034,8.78,21.4566578,512,16,10356.30617,0.165985823,7.78,19.01284711
simvarmass_451126e7,4365,4130,500,1952,0.062815,0.434978,5;3,3729,0.854028,0.921176,0.921176,0.854066,3729,0.892252,0.942962,0.942962,0.892293,3848,0.871478,0.931326,0.926336,0.871478,3624,0.870249,0.930624,0.927144,0.870249,0.804563,0.891597,0.804811,0.811649,0.895925,0.81191,0.622918,0.709518,0.657503,0.622441,0.71082,0.655857,NaN,NaN,NaN,NaN,NaN,NaN,0.711185,3.904,62.15076017,512,16,10356.30617,0.421482325,2.904,46.23099578
simvarmass_45504ee8,3517,3324,500,3385,0.298011,0.857532,5;3,2729,0.844708,0.914805,0.873519,0.844754,2729,0.886288,0.938666,0.897221,0.886337,3111,0.86433,0.926271,0.916717,0.864657,2917,0.864545,0.926333,0.920192,0.864881,0.80313,0.887275,0.81035,0.808435,0.890555,0.815528,0.529954,0.645905,0.557293,0.529608,0.644992,0.554887,0.460384,0.622775,0.46261,0.461286,0.624085,0.462745,0.647831,6.77,22.71728225,512,16,10356.30617,0.339599848,5.77,19.36170141
simvarmass_45a81515,2390,2243,500,2710,0.075222,0.524837,5;3,2154,0.901255,0.948063,0.948063,0.901255,2154,0.945566,0.972022,0.972022,0.945566,2240,0.930544,0.964023,0.960691,0.930544,2098,0.930896,0.964211,0.96199,0.930896,0.844597,0.915892,0.845188,0.854031,0.921413,0.854659,0.755356,0.767639,0.800418,0.754865,0.767116,0.799733,0.60164,0.740684,0.602929,0.59691,0.737741,0.598035,0.672399,5.42,72.05338864,512,16,10356.30617,0.230777264,4.42,58.75940549
simvarmass_45c559ed,3250,3079,500,4555,0.084519,0.567658,5;3,2851,0.876915,0.934273,0.934273,0.876923,2851,0.913746,0.954774,0.954774,0.913754,2907,0.891077,0.942402,0.940718,0.891077,2743,0.888961,0.941217,0.940409,0.888961,0.81068,0.895406,0.812615,0.817498,0.899537,0.819539,0.695903,0.730015,0.744615,0.698097,0.733046,0.745295,NaN,NaN,NaN,NaN,NaN,NaN,0.710505,9.11,107.7864149,512,16,10356.30617,0.313818455,8.11,95.95475574
simvarmass_4629fa96,3890,3673,500,585,0.462049,0.127728,5;3,4696,0.830644,0.85575,0.773585,0.885347,4696,0.872827,0.87811,0.790903,0.930308,19066,0.163097,0.302927,0.302927,0.894344,17681,0.165659,0.307109,0.307109,0.893275,0.681391,0.692148,0.898715,0.691307,0.698366,0.904736,0.000514,0.001028,0.000514,0.000545,0.001088,0.000545,0.285413,0.442902,0.287147,0.281571,0.438264,0.283147,0.538402,1.17,2.532198966,512,16,10356.30617,0.37561655,0.17,0.367926345
simvarmass_46c7c787,3906,3674,500,3262,0.377645,0.694954,5;3,3348,0.858364,0.923416,0.922526,0.858679,3348,0.904199,0.949306,0.948413,0.904531,20412,0.880695,0.936419,0.282918,0.880696,18977,0.87915,0.935535,0.285197,0.879151,0.807837,0.892665,0.81874,0.81532,0.897451,0.825211,0.477975,0.617416,0.502816,0.476259,0.616804,0.500544,0.499321,0.656376,0.500768,0.492209,0.650811,0.493443,0.641993,6.524,17.27548359,512,16,10356.30617,0.377161503,5.524,14.62749408
simvarmass_4720035d,2775,2596,500,3419,0.314001,0.16323,5;3,2491,0.899809,0.946669,0.946069,0.89982,2491,0.947257,0.97232,0.971718,0.947269,2706,0.935495,0.966673,0.947272,0.935495,2514,0.935285,0.966561,0.950294,0.935285,0.819725,0.901225,0.824865,0.833093,0.909243,0.838213,0.689194,0.74676,0.726847,0.689534,0.747379,0.726818,0.934856,0.954537,0.936937,0.935487,0.956033,0.937307,0.630433,6.838,21.77700071,512,16,10356.30617,0.267952681,5.838,18.59229748
simvarmass_479d938e,3444,3256,500,4201,0.30288,0.264218,5;3,1658,0.889082,0.941285,0.649941,0.889082,1658,0.925915,0.961532,0.667875,0.925915,3228,0.915796,0.956047,0.945444,0.915796,3029,0.914005,0.955071,0.947017,0.914005,0.824575,0.903482,0.826365,0.831342,0.907507,0.833231,0.6544,0.722895,0.693089,0.655271,0.726131,0.692568,0.807198,0.875903,0.809524,0.801399,0.875252,0.803395,0.658871,8.402,27.74035922,512,16,10356.30617,0.332551003,7.402,24.43872161
simvarmass_47a2dd88,695,657,500,3126,0.340747,0.6395,5;3,649,0.934653,0.965774,0.965774,0.935252,649,0.975352,0.987072,0.987072,0.975976,710,0.923346,0.960854,0.960854,0.971223,659,0.937191,0.968085,0.968085,0.969559,0.847037,0.916732,0.857554,0.853612,0.920557,0.864742,0.717377,0.76324,0.74964,0.719019,0.767577,0.748858,0.586037,0.714801,0.591367,0.580791,0.711359,0.585997,0.548,6.252,18.34792383,512,16,10356.30617,0.06710887,5.252,15.41319513
simvarmass_47b2e4bb,2791,2621,500,4606,0.238135,0.894771,5;3,2103,0.871372,0.931266,0.85942,0.871372,2103,0.915663,0.955975,0.883799,0.915663,2529,0.895711,0.944802,0.939474,0.895736,2365,0.895779,0.944825,0.941224,0.895802,0.815334,0.896347,0.818703,0.821182,0.899832,0.824494,0.618843,0.690985,0.654962,0.620687,0.692765,0.656107,0.461437,0.622832,0.463275,0.456836,0.619675,0.458365,0.652034,9.212,38.68393978,512,16,10356.30617,0.269497633,8.212,34.48464106
simvarmass_47c96b2b,3503,3325,500,2912,0.373805,0.539923,5;3,3058,0.872656,0.931586,0.931565,0.873251,3058,0.909255,0.95204,0.952025,0.909875,21247,0.895233,0.944721,0.253414,0.895233,19671,0.894436,0.944277,0.258654,0.894436,0.808748,0.892885,0.819298,0.817953,0.898445,0.828022,0.475901,0.618169,0.497288,0.473428,0.616801,0.493534,0.565789,0.713543,0.567799,0.563717,0.712225,0.565571,0.629331,5.824,15.58031594,512,16,10356.30617,0.338248014,4.824,12.90512433
simvarmass_47e5ac67,4991,4705,500,1412,0.223213,0.176925,5;3,4264,0.85561,0.920967,0.9208,0.85574,4264,0.89751,0.944734,0.94458,0.897646,19565,0.84795,0.919904,0.357794,0.880184,18096,0.854945,0.92354,0.363421,0.88074,0.810978,0.894411,0.821679,0.818944,0.899241,0.829009,0.34966,0.513772,0.360649,0.341743,0.505353,0.351116,0.830413,0.891559,0.832699,0.830136,0.892841,0.831944,0.644743,2.824,12.65159287,512,16,10356.30617,0.481928587,1.824,8.171567068
simvarmass_48fe87a6,2117,1991,500,2730,0.223941,0.298005,5;3,1933,0.915868,0.955342,0.954568,0.915919,1933,0.957005,0.977284,0.976509,0.957058,2072,0.943316,0.970831,0.95345,0.943316,1933,0.947263,0.972917,0.961264,0.947263,0.843718,0.914344,0.847426,0.847392,0.916441,0.851331,0.744435,0.778533,0.784601,0.742001,0.776699,0.783526,0.789568,0.868326,0.791214,0.785996,0.867946,0.787588,0.616089,5.46,24.38142189,512,16,10356.30617,0.204416513,4.46,19.91596001
simvarmass_49420bf2,2440,2314,500,3439,0.25214,0.568096,5;3,2180,0.895489,0.944661,0.94329,0.895492,2180,0.934157,0.965746,0.964373,0.93416,2298,0.917623,0.957042,0.945125,0.917623,2161,0.915694,0.955992,0.946804,0.915694,0.826719,0.905103,0.829918,0.831904,0.908192,0.835279,0.685065,0.735751,0.727459,0.683294,0.736264,0.724168,0.586722,0.728745,0.590164,0.582384,0.725564,0.585863,0.629709,6.878,27.27849607,512,16,10356.30617,0.23560524,5.878,23.31244547
simvarmass_49723d89,3918,3713,500,838,0.460177,0.679035,5;3,3583,0.827582,0.844627,0.829756,0.875447,3583,0.864888,0.865359,0.848882,0.914911,21210,0.190459,0.347954,0.27348,0.877489,19677,0.194232,0.353872,0.277676,0.875741,0.713912,0.744736,0.877233,0.719193,0.749282,0.878608,0.009954,0.019712,0.009954,0.00808,0.01603,0.00808,0.423519,0.587656,0.426493,0.423345,0.588126,0.426106,0.554189,1.676,3.642076853,512,16,10356.30617,0.378320217,0.676,1.468999972
simvarmass_497bd937,4371,4174,500,1645,0.445472,0.431664,5;3,3779,0.86529,0.924586,0.924417,0.86685,3779,0.899022,0.943562,0.943401,0.900642,20635,0.411349,0.611071,0.306806,0.877602,19079,0.426075,0.625406,0.314626,0.876378,0.801353,0.884992,0.830245,0.809101,0.889801,0.837365,0.156018,0.272104,0.158774,0.150886,0.263245,0.152372,0.596535,0.73548,0.598261,0.593147,0.733689,0.594712,0.600658,3.29,7.385424898,512,16,10356.30617,0.422061682,2.29,5.140614898
simvarmass_497f1863,4942,4668,500,2173,0.058801,0.196592,5;3,4181,0.846014,0.916584,0.916584,0.846014,4181,0.889196,0.941349,0.941349,0.889196,4377,0.875961,0.93388,0.92907,0.875961,4121,0.875964,0.933881,0.930481,0.875964,0.798384,0.886917,0.799676,0.80434,0.890653,0.805698,0.607018,0.703415,0.648118,0.608618,0.706695,0.647437,NaN,NaN,NaN,NaN,NaN,NaN,0.723396,4.346,73.91030765,512,16,10356.30617,0.47719717,3.346,56.90379415
simvarmass_498ddeec,3945,3756,500,574,0.497506,0.651796,5;3,2826,0.768076,0.757243,0.750554,0.893536,2826,0.799067,0.774146,0.767906,0.929589,20317,0.147746,0.283324,0.283324,0.873511,18805,0.151067,0.289121,0.289121,0.871303,0.599074,0.604885,0.909506,0.603248,0.60871,0.913531,NaN,NaN,NaN,NaN,NaN,NaN,0.294602,0.452097,0.297845,0.293438,0.45075,0.296217,0.536549,1.148,2.307509859,512,16,10356.30617,0.380927324,0.148,0.297483849
simvarmass_499bad61,3514,3319,500,787,0.157214,0.861933,5;3,2838,0.854764,0.899507,0.88728,0.863404,2838,0.894473,0.921668,0.909619,0.903514,3220,0.872841,0.916628,0.899317,0.878486,3011,0.871759,0.917113,0.902859,0.876807,0.779381,0.848229,0.836653,0.786307,0.851655,0.842121,0.327414,0.484048,0.33893,0.32438,0.480449,0.33494,0.456689,0.619442,0.457883,0.456854,0.619943,0.458031,0.608739,1.574,10.01183101,512,16,10356.30617,0.339310169,0.574,3.651074332
simvarmass_49a23205,2370,2261,500,4314,0.358588,0.407673,5;3,2153,0.909283,0.952486,0.952023,0.909283,2153,0.942695,0.970502,0.970038,0.942695,2275,0.927426,0.962347,0.946394,0.927426,2149,0.927466,0.962368,0.95102,0.927466,0.844265,0.914821,0.847679,0.848709,0.917383,0.852278,0.721739,0.760061,0.753165,0.719865,0.761293,0.749337,0.67768,0.795455,0.679325,0.674637,0.793444,0.676275,0.623131,8.628,24.06103941,512,16,10356.30617,0.228846073,7.628,21.27232367
simvarmass_49ad582d,1458,1383,500,4491,0.088536,0.186206,5;3,1342,0.920439,0.958571,0.958571,0.920439,1342,0.959257,0.979205,0.979205,0.959257,1400,0.952675,0.975764,0.972008,0.952675,1320,0.951555,0.975176,0.973733,0.951555,0.849298,0.91796,0.851852,0.855641,0.921584,0.858279,0.850378,0.828131,0.892318,0.85333,0.831111,0.893709,0.923304,0.941922,0.927298,0.92211,0.944216,0.925764,0.645307,8.982,101.4502575,512,16,10356.30617,0.140783787,7.982,90.15541701
simvarmass_4a324a5c,4667,4446,500,3009,0.384387,0.779721,5;3,3888,0.838138,0.909536,0.907773,0.838226,3888,0.872733,0.929584,0.927838,0.872825,19733,0.843581,0.914837,0.322869,0.844011,18222,0.839819,0.91256,0.329378,0.83982,0.796621,0.880096,0.813799,0.800855,0.882515,0.817773,0.401485,0.555289,0.421256,0.399455,0.553489,0.418165,0.461596,0.625126,0.463253,0.461403,0.625076,0.462925,0.647266,6.018,15.65609659,512,16,10356.30617,0.450643301,5.018,13.05455179
simvarmass_4a3ec322,511,480,500,1305,0.415781,0.876873,5;3,450,0.861443,0.891235,0.880333,0.939335,450,0.898362,0.911447,0.9,0.979592,26649,0.023219,0.04678,0.036451,0.968689,24850,0.023347,0.047127,0.036636,0.966667,0.727936,0.804598,0.882583,0.73741,0.810219,0.8875,0.237103,0.383808,0.250489,0.233794,0.3808,0.247917,0.559599,0.706897,0.561644,0.559771,0.707895,0.561587,0.524301,2.61,6.277343121,512,16,10356.30617,0.049341917,1.61,3.872230814
simvarmass_4a5cc146,670,632,500,2755,0.197738,0.667768,5;3,631,0.944764,0.970023,0.970023,0.944776,631,0.981383,0.989028,0.989028,0.981395,694,0.974627,0.98715,0.957478,0.974627,641,0.974684,0.987179,0.967793,0.974684,0.865349,0.928115,0.871642,0.866783,0.928934,0.873418,0.816191,0.820595,0.846269,0.813528,0.819812,0.843354,0.608611,0.734619,0.616418,0.606949,0.733981,0.614897,0.559135,5.51,27.8651549,512,16,10356.30617,0.064694881,4.51,22.80795801
simvarmass_4ae936fb,789,743,500,3520,0.173167,0.871996,5;3,728,0.922687,0.959789,0.959789,0.922687,728,0.962963,0.981132,0.981132,0.962963,763,0.95564,0.977317,0.971649,0.95564,713,0.955585,0.977288,0.975275,0.955585,0.84754,0.917066,0.850444,0.855584,0.921739,0.858681,0.782435,0.798103,0.821293,0.78397,0.798851,0.822342,0.552246,0.691339,0.556401,0.545786,0.688081,0.55,0.573842,7.04,40.6543972,512,16,10356.30617,0.076185465,6.04,34.87962487
simvarmass_4af4e733,4982,4690,500,2591,0.243843,0.430422,5;3,604,0.828674,0.906277,0.216255,0.828784,604,0.870982,0.931003,0.226048,0.871097,18930,0.843637,0.915188,0.351539,0.843637,17577,0.842857,0.914729,0.355055,0.842857,0.791749,0.882893,0.795865,0.803256,0.889966,0.807635,0.492708,0.636465,0.514653,0.491209,0.636255,0.511732,0.597658,0.737596,0.599759,0.593089,0.735189,0.595045,0.672033,5.182,21.25137896,512,16,10356.30617,0.481059551,4.182,17.15037955
simvarmass_4af9eae4,2785,2650,500,3054,0.39644,0.135515,5;3,2487,0.894514,0.943296,0.943096,0.894794,2487,0.930602,0.96302,0.96282,0.930893,2690,0.919928,0.95831,0.936256,0.920287,2517,0.917736,0.957104,0.941359,0.917736,0.828257,0.904949,0.835907,0.831608,0.906919,0.839306,0.598863,0.702213,0.626571,0.598831,0.702886,0.62467,0.92977,0.951852,0.932136,0.927986,0.951635,0.93025,0.614679,6.108,15.4071234,512,16,10356.30617,0.268918276,5.108,12.88467359
simvarmass_4b973734,2289,2154,500,2506,0.090652,0.389383,5;3,2060,0.899956,0.947344,0.947344,0.899956,2060,0.940639,0.969412,0.969412,0.940639,2162,0.931848,0.964722,0.958436,0.931848,2023,0.931755,0.964672,0.960977,0.931755,0.831059,0.907182,0.831367,0.835885,0.910286,0.836195,0.765077,0.775687,0.806903,0.770613,0.781633,0.810385,0.70115,0.807422,0.703364,0.699566,0.807413,0.701026,0.660818,5.012,55.28835547,512,16,10356.30617,0.221024752,4.012,44.25715925
simvarmass_4bf851f4,1412,1335,500,759,0.258308,0.468195,5;3,1300,0.91162,0.945936,0.945428,0.918555,1300,0.952782,0.967645,0.967182,0.96003,24090,0.097364,0.185396,0.104933,0.947592,22406,0.099997,0.189671,0.106735,0.949064,0.829947,0.887782,0.873938,0.836584,0.89077,0.878743,0.119335,0.215674,0.121813,0.114568,0.207219,0.116105,0.615625,0.748508,0.621813,0.612688,0.748182,0.618332,0.545402,1.518,5.876705329,512,16,10356.30617,0.136342049,0.518,2.005357945
simvarmass_4c3db3e0,1875,1787,500,812,0.293606,0.370571,5;3,1713,0.914872,0.949153,0.947603,0.921067,1713,0.950352,0.96798,0.966458,0.956787,23405,0.225293,0.383053,0.138766,0.935467,21727,0.236439,0.39739,0.142474,0.93785,0.832464,0.899505,0.877867,0.838066,0.902558,0.88255,0.063368,0.121121,0.064533,0.058665,0.112869,0.059877,0.654223,0.775071,0.658133,0.656587,0.777411,0.660494,0.55104,1.624,5.531222114,512,16,10356.30617,0.181049109,0.624,2.125297167
simvarmass_4cff68dd,4233,4001,500,3082,0.331927,0.861085,5;3,3438,0.835478,0.908787,0.894799,0.835578,3438,0.874742,0.931525,0.917524,0.874845,20014,0.845854,0.91452,0.295377,0.845972,18511,0.845426,0.914781,0.300551,0.845539,0.79576,0.877489,0.807701,0.800289,0.880389,0.812391,0.449792,0.59279,0.472006,0.4493,0.593362,0.4715,0.453229,0.616221,0.454996,0.451625,0.614992,0.453156,0.648559,6.164,18.5703483,512,16,10356.30617,0.408736467,5.164,15.55763767
simvarmass_4da96527,2832,2675,500,4620,0.058444,0.143864,5;3,2539,0.89654,0.945448,0.945448,0.89654,2539,0.938285,0.96816,0.96816,0.938285,2654,0.930791,0.964155,0.960992,0.930791,2498,0.929693,0.963566,0.96133,0.929693,0.833664,0.908812,0.835805,0.839579,0.912259,0.84181,0.768208,0.768744,0.818856,0.767577,0.768533,0.81757,NaN,NaN,NaN,NaN,NaN,NaN,0.713824,9.24,158.1000616,512,16,10356.30617,0.273456573,8.24,140.9896653
simvarmass_4e2037de,870,833,500,4927,0.159214,0.635473,5;3,807,0.927586,0.962433,0.962433,0.927586,807,0.958432,0.978775,0.978775,0.958432,835,0.949425,0.974057,0.968915,0.949425,795,0.948379,0.973506,0.970516,0.948379,0.841129,0.914642,0.843678,0.849719,0.919689,0.852341,0.836885,0.820831,0.87931,0.838938,0.822006,0.881152,0.634901,0.751859,0.63908,0.632822,0.75321,0.636145,0.589441,9.854,61.8915422,512,16,10356.30617,0.084006786,8.854,55.6106875
simvarmass_4e6424d4,3281,3077,500,741,0.05032,0.607198,5;3,2967,0.870704,0.930119,0.914853,0.871076,2967,0.917694,0.956289,0.940132,0.918085,3057,0.90125,0.94806,0.933102,0.90125,2841,0.900227,0.947494,0.936127,0.900227,0.82114,0.901121,0.825358,0.830997,0.906056,0.833279,0.579517,0.684992,0.611399,0.575821,0.683401,0.606307,0.542777,0.694741,0.545565,0.537426,0.691121,0.540065,0.663456,1.482,29.45151033,512,16,10356.30617,0.3168118,0.482,9.578696343
simvarmass_4e6c66b5,1454,1377,500,3576,0.254544,0.744495,5;3,1328,0.916487,0.954741,0.95399,0.916781,1328,0.953199,0.97434,0.973588,0.953505,1393,0.944292,0.971348,0.964524,0.944292,1314,0.944081,0.971236,0.966184,0.944081,0.844701,0.915393,0.845254,0.849812,0.918367,0.850399,0.725709,0.75411,0.76066,0.72769,0.758046,0.760349,0.513718,0.666371,0.516506,0.507711,0.662577,0.510545,0.593525,7.152,28.09730341,512,16,10356.30617,0.140397549,6.152,24.16870954
simvarmass_4ee1f562,575,544,500,2920,0.315497,0.613907,5;3,525,0.917222,0.954545,0.954545,0.918261,525,0.958914,0.976744,0.976744,0.96,586,0.963478,0.981399,0.95435,0.963478,540,0.961397,0.980319,0.964945,0.961397,0.826099,0.902857,0.829565,0.825342,0.902316,0.827206,0.732298,0.766724,0.777391,0.728464,0.767123,0.773481,0.596731,0.726702,0.603478,0.591459,0.722222,0.597426,0.543923,5.84,18.51047712,512,16,10356.30617,0.055521727,4.84,15.34087487
simvarmass_4f0a8f7b,3031,2852,500,4314,0.392805,0.504172,5;3,2680,0.885513,0.938583,0.93854,0.885516,2680,0.926472,0.961118,0.96109,0.926476,2846,0.909271,0.95248,0.937893,0.909271,2656,0.908485,0.952049,0.940813,0.908485,0.812378,0.896201,0.816892,0.820241,0.900942,0.825035,0.620083,0.712393,0.656219,0.618996,0.712104,0.653927,0.615876,0.7493,0.618278,0.609385,0.745712,0.611463,0.636919,8.628,21.96509719,512,16,10356.30617,0.292671919,7.628,19.41930474
simvarmass_4faa4c1b,1301,1234,500,2485,0.062235,0.45235,5;3,1232,0.927748,0.96252,0.95302,0.927748,1232,0.966373,0.982899,0.972995,0.966373,1270,0.961568,0.980408,0.973162,0.961568,1198,0.961912,0.980587,0.976151,0.961912,0.835471,0.909699,0.83628,0.839507,0.912049,0.840357,0.861747,0.843892,0.896234,0.861578,0.845083,0.895631,0.674744,0.784029,0.680246,0.67176,0.783848,0.676423,0.633556,4.97,79.85860047,512,16,10356.30617,0.125623941,3.97,63.7904716
simvarmass_4fc9f3d5,698,652,500,2817,0.247506,0.089007,5;3,640,0.916905,0.956652,0.956652,0.916905,640,0.96823,0.983859,0.983859,0.96823,712,0.964183,0.981765,0.95461,0.964183,654,0.966258,0.982839,0.964778,0.966258,0.840897,0.912335,0.852436,0.84962,0.917355,0.861963,0.834071,0.822832,0.868195,0.836671,0.827092,0.867896,0.975103,0.97176,0.979943,0.974693,0.971787,0.979845,0.555429,5.634,22.76308453,512,16,10356.30617,0.067398548,4.634,18.72277844
simvarmass_50141771,900,857,500,4811,0.119561,0.778445,5;3,831,0.924444,0.960739,0.960139,0.924444,831,0.959631,0.9794,0.978799,0.959631,864,0.946667,0.972603,0.965986,0.946667,819,0.946324,0.972422,0.96778,0.946324,0.84227,0.913907,0.843333,0.84702,0.916667,0.848131,0.829509,0.82387,0.867778,0.82688,0.824893,0.862471,0.547242,0.690476,0.551111,0.544982,0.69282,0.548538,0.597876,9.622,80.47774776,512,16,10356.30617,0.086903572,8.622,72.11381638
simvarmass_5038838c,3463,3262,500,4467,0.231587,0.202151,5;3,314,0.877241,0.934482,0.16627,0.877274,314,0.921969,0.959267,0.174009,0.922003,20333,0.913081,0.954566,0.265759,0.913081,18898,0.912937,0.954487,0.268773,0.912937,0.822274,0.901979,0.822697,0.827878,0.905313,0.828326,0.698692,0.745378,0.739243,0.700155,0.746597,0.739957,0.891445,0.926571,0.893445,0.888035,0.925566,0.889812,0.674845,8.934,38.57729493,512,16,10356.30617,0.334385633,7.934,34.25926326
simvarmass_507a3469,3945,3751,500,1551,0.171227,0.534171,5;3,3436,0.872937,0.931492,0.930768,0.873004,3436,0.908397,0.951327,0.950602,0.908467,3635,0.887199,0.940228,0.923483,0.887199,3430,0.888267,0.940828,0.927855,0.888267,0.818627,0.899875,0.823828,0.825531,0.904102,0.830667,0.490547,0.626181,0.512294,0.488837,0.625,0.510394,0.569846,0.715579,0.571103,0.567452,0.714646,0.568486,0.648998,3.102,18.11630175,512,16,10356.30617,0.380927324,2.102,12.27610132
simvarmass_508f27ea,4635,4392,500,1460,0.088751,0.760388,5;3,3860,0.831582,0.907593,0.907593,0.831715,3860,0.868692,0.929252,0.929252,0.86883,18965,0.837325,0.911461,0.328898,0.837325,17590,0.835155,0.910174,0.333728,0.835155,0.791458,0.882905,0.793959,0.795736,0.88557,0.79827,0.505934,0.637368,0.535059,0.503065,0.636748,0.531058,0.468203,0.629116,0.469903,0.462435,0.624443,0.464122,0.689049,2.92,32.90103773,512,16,10356.30617,0.447553396,1.92,21.63355906
simvarmass_509cce05,1583,1492,500,1090,0.13973,0.894415,5;3,1332,0.89178,0.926471,0.911835,0.899558,1332,0.931192,0.947692,0.933287,0.939314,1478,0.926065,0.950809,0.945443,0.92988,1381,0.924684,0.95098,0.948138,0.928284,0.797258,0.869565,0.83386,0.803058,0.873968,0.83858,0.528754,0.649389,0.554011,0.523118,0.64613,0.548257,0.456155,0.614799,0.459255,0.452209,0.613297,0.455339,0.583466,2.18,15.60151721,512,16,10356.30617,0.152853727,1.18,8.44485794
simvarmass_50dc0c1b,2584,2438,500,3253,0.451977,0.870188,5;3,2070,0.870207,0.920464,0.888698,0.872678,2070,0.909266,0.942128,0.910412,0.911848,2339,0.895004,0.938742,0.933577,0.896285,2188,0.891344,0.93731,0.933852,0.892535,0.799943,0.871872,0.826625,0.800676,0.871971,0.828407,0.483644,0.619229,0.503483,0.481861,0.616941,0.50041,0.446315,0.608399,0.448529,0.444501,0.607093,0.446774,0.600653,6.506,14.39453778,512,16,10356.30617,0.249509811,5.506,12.18203581
simvarmass_5110afc0,163,153,500,3825,0.495907,0.760945,5;3,146,0.846332,0.913907,0.893204,0.846626,146,0.890014,0.938776,0.916944,0.890323,150,0.895706,0.944984,0.932907,0.895706,138,0.888889,0.941176,0.934708,0.888889,0.768498,0.854167,0.773006,0.761876,0.851852,0.764706,0.615336,0.714286,0.644172,0.621084,0.717949,0.640523,0.625317,0.762264,0.625767,0.611345,0.75102,0.611842,0.520723,7.65,15.42627952,512,16,10356.30617,0.015739202,6.65,13.4097724
simvarmass_5130d79d,4931,4678,500,1956,0.055356,0.071215,5;3,4263,0.863761,0.926691,0.926691,0.863922,4263,0.902565,0.948564,0.948564,0.902734,4441,0.887244,0.940254,0.933632,0.887244,4194,0.886704,0.93995,0.935077,0.886704,0.816173,0.89836,0.81667,0.822624,0.90225,0.823001,0.625472,0.713914,0.667005,0.624167,0.715057,0.665029,NaN,NaN,NaN,NaN,NaN,NaN,0.722815,3.912,70.66984609,512,16,10356.30617,0.476135015,2.912,52.60495701
simvarmass_514dab69,1887,1783,500,3462,0.380813,0.872795,5;3,1665,0.898046,0.94088,0.9375,0.899841,1665,0.939364,0.963282,0.959931,0.941242,1801,0.925745,0.95777,0.944685,0.926868,1683,0.926547,0.958625,0.950375,0.92765,0.823092,0.89212,0.844197,0.834538,0.898746,0.854178,0.564477,0.671484,0.590885,0.561161,0.668372,0.585762,0.466184,0.625308,0.470058,0.465669,0.625141,0.468504,0.589443,6.924,18.1821524,512,16,10356.30617,0.182207823,5.924,15.55619162
simvarmass_519be62c,3766,3585,500,3449,0.395006,0.129492,5;3,3341,0.888713,0.939952,0.939918,0.888741,3341,0.922009,0.95828,0.958256,0.922039,20673,0.907877,0.951906,0.281026,0.911843,19126,0.909323,0.952603,0.287627,0.911272,0.829075,0.906196,0.838555,0.834314,0.909339,0.843236,0.544578,0.669779,0.571429,0.539156,0.666776,0.564539,0.931802,0.951946,0.933086,0.930556,0.952117,0.931729,0.642497,6.898,17.46302588,512,16,10356.30617,0.363643169,5.898,14.93141876
simvarmass_521b2fcf,1468,1399,500,3154,0.157225,0.784477,5;3,1331,0.907357,0.951429,0.951054,0.907357,1331,0.937368,0.967672,0.967297,0.937368,1382,0.929155,0.963277,0.957193,0.929155,1307,0.926376,0.961781,0.957871,0.926376,0.829936,0.907538,0.832425,0.835102,0.910645,0.837741,0.744137,0.777986,0.780654,0.743141,0.777165,0.779128,0.522864,0.675109,0.526567,0.516763,0.670986,0.519713,0.60793,6.308,40.12084592,512,16,10356.30617,0.141749382,5.308,33.76053427
simvarmass_52b9e24b,3810,3616,500,3620,0.197243,0.892661,5;3,2525,0.837501,0.911454,0.797159,0.837533,2525,0.873257,0.932223,0.817284,0.87329,3342,0.852444,0.919915,0.907998,0.852493,3142,0.850615,0.919145,0.910033,0.850664,0.796747,0.884666,0.8,0.800056,0.886737,0.803483,0.559574,0.664409,0.592126,0.55631,0.662827,0.588935,0.454306,0.617433,0.45643,0.449915,0.613619,0.452051,0.67691,7.24,36.7059921,512,16,10356.30617,0.367891788,6.24,31.63610369
simvarmass_52cc7cad,4780,4529,500,1297,0.093017,0.587424,5;3,3701,0.839197,0.912544,0.872539,0.839331,3701,0.877759,0.934871,0.894692,0.877899,19106,0.845397,0.916223,0.338357,0.845397,17594,0.846137,0.916657,0.346502,0.846137,0.789339,0.881803,0.792469,0.79646,0.886542,0.799647,0.50075,0.636226,0.526151,0.496137,0.633602,0.520309,0.51259,0.66875,0.514854,0.509648,0.667339,0.511823,0.683877,2.594,27.88737543,512,16,10356.30617,0.461554527,1.594,17.13665244
simvarmass_52e9b9f6,3068,2920,500,3466,0.186013,0.293442,5;3,1049,0.89309,0.943526,0.509594,0.89309,1049,0.928184,0.962755,0.524369,0.928184,2843,0.912321,0.95415,0.947048,0.912321,2693,0.911644,0.95378,0.948512,0.911644,0.820664,0.901091,0.822034,0.825671,0.904084,0.827114,0.708541,0.745872,0.750978,0.708794,0.747906,0.749315,0.77769,0.861622,0.779335,0.7724,0.859399,0.77385,0.666165,6.932,37.26621258,512,16,10356.30617,0.296244621,5.932,31.89024423
simvarmass_53aa2603,3946,3735,500,4392,0.05406,0.425184,5;3,3415,0.865433,0.927863,0.927863,0.865433,3415,0.906076,0.950724,0.950724,0.906076,3524,0.891029,0.942375,0.941365,0.891029,3331,0.891002,0.942359,0.941826,0.891002,0.817974,0.899875,0.818804,0.822546,0.902629,0.823198,0.683176,0.729034,0.724785,0.681199,0.730874,0.721285,NaN,NaN,NaN,NaN,NaN,NaN,0.737324,8.784,162.4861265,512,16,10356.30617,0.381023884,7.784,143.9881613
simvarmass_5412536b,1309,1242,500,3349,0.142991,0.782123,5;3,1199,0.918256,0.956556,0.95614,0.918258,1199,0.9517,0.974421,0.974005,0.951702,1245,0.938885,0.968479,0.962412,0.938885,1181,0.939614,0.968867,0.963269,0.939614,0.830376,0.907423,0.831169,0.835715,0.910605,0.836554,0.761203,0.771739,0.805195,0.763632,0.773345,0.808528,0.518314,0.665345,0.521008,0.514158,0.661848,0.516935,0.604663,6.698,46.84210894,512,16,10356.30617,0.126396418,5.698,39.8486618
simvarmass_542d785e,1243,1189,500,3808,0.430044,0.216684,5;3,1165,0.93877,0.967179,0.966777,0.940467,1165,0.969178,0.983108,0.982693,0.97093,1286,0.964668,0.982128,0.956109,0.972647,1206,0.969729,0.984668,0.965344,0.972246,0.853294,0.919879,0.859212,0.860099,0.923771,0.866274,0.739983,0.770701,0.778761,0.742908,0.771857,0.779647,0.907645,0.936982,0.917136,0.90414,0.934726,0.913997,0.572083,7.616,17.70981574,512,16,10356.30617,0.120023489,6.616,15.38447229
simvarmass_547ded23,130,125,500,3088,0.141302,0.790598,5;3,120,0.926955,0.96,0.96,0.930769,120,0.948852,0.97166,0.97166,0.952756,130,0.953846,0.976378,0.953846,0.953846,122,0.952,0.97541,0.963563,0.952,0.846154,0.916667,0.846154,0.848,0.917749,0.848,0.87708,0.851562,0.923077,0.875528,0.853659,0.92,0.692798,0.80543,0.707692,0.68906,0.801887,0.704,0.535626,6.176,43.70780315,512,16,10356.30617,0.012552738,5.176,36.63076248
simvarmass_54f92f8f,734,691,500,1520,0.472655,0.624667,5;3,675,0.91773,0.941926,0.939674,0.929155,675,0.956837,0.962373,0.960116,0.96875,25708,0.300846,0.471372,0.053551,0.964578,23912,0.318572,0.491888,0.054221,0.965268,0.804014,0.861007,0.851499,0.809201,0.863962,0.856729,0.224935,0.359526,0.22752,0.225168,0.36153,0.227207,0.601012,0.741611,0.60218,0.604531,0.745975,0.605225,0.530768,3.04,6.431752547,512,16,10356.30617,0.070874691,2.04,4.316044472
simvarmass_550575d2,697,658,500,4089,0.250629,0.650155,5;3,641,0.92109,0.958925,0.958146,0.92109,641,0.963964,0.981651,0.980872,0.963964,698,0.955524,0.977256,0.954839,0.955524,648,0.957447,0.978261,0.964778,0.957447,0.833597,0.908379,0.835007,0.841971,0.913295,0.843465,0.836137,0.823353,0.876614,0.841658,0.830986,0.879939,0.621721,0.744308,0.626973,0.616687,0.742056,0.621951,0.561481,8.178,32.62990316,512,16,10356.30617,0.067301989,7.178,28.63994191
simvarmass_5572f538,4700,4439,500,1549,0.326613,0.684204,5;3,3903,0.838792,0.905884,0.904568,0.839574,3903,0.877437,0.928181,0.92687,0.878255,20043,0.848414,0.916849,0.323,0.850213,18542,0.847065,0.916403,0.327561,0.847748,0.797484,0.876159,0.823404,0.803832,0.88017,0.829466,0.27741,0.431498,0.286809,0.273549,0.426989,0.282144,0.484466,0.644661,0.48617,0.482137,0.644154,0.48366,0.620249,3.098,9.485231757,512,16,10356.30617,0.453829765,2.098,6.42350427
simvarmass_557bcb9f,2390,2261,500,999,0.329056,0.830216,5;3,1902,0.857196,0.884904,0.874651,0.891632,1902,0.897764,0.907145,0.897228,0.93383,23224,0.516581,0.696757,0.170532,0.913808,21596,0.536362,0.713071,0.172626,0.911465,0.772484,0.820185,0.871548,0.776902,0.822383,0.877434,0.165208,0.28782,0.171548,0.159538,0.277799,0.164087,0.466565,0.629037,0.468619,0.465099,0.62835,0.467021,0.560707,1.998,6.071914811,512,16,10356.30617,0.230777264,0.998,3.032918409
simvarmass_55b80af7,1561,1453,500,4672,0.423584,0.177519,5;3,1428,0.91779,0.956202,0.955504,0.918001,1428,0.965411,0.981469,0.980769,0.965633,24391,0.955799,0.977429,0.115136,0.957079,22702,0.956642,0.977856,0.115173,0.95733,0.84137,0.913692,0.849455,0.847524,0.917254,0.85616,0.78222,0.791738,0.82319,0.781915,0.794663,0.820372,0.940538,0.951779,0.944266,0.937959,0.953372,0.941298,0.589936,9.344,22.05937901,512,16,10356.30617,0.150729418,8.344,19.69857218
simvarmass_55d2f605,2140,2020,500,4801,0.41335,0.875367,5;3,1885,0.88572,0.936276,0.935155,0.886449,1885,0.925508,0.958132,0.95703,0.92627,2022,0.906061,0.949435,0.931764,0.906075,1892,0.904939,0.948738,0.93456,0.90495,0.809252,0.88929,0.820093,0.816382,0.89349,0.826238,0.600559,0.688189,0.62757,0.601682,0.690049,0.628218,0.479874,0.639354,0.481308,0.477468,0.637806,0.478908,0.608772,9.602,23.22970848,512,16,10356.30617,0.206637383,8.602,20.81045119
simvarmass_55e79ac7,3429,3231,500,1783,0.151825,0.275026,5;3,3028,0.883928,0.937587,0.937587,0.883931,3028,0.927192,0.96141,0.96141,0.927195,3219,0.910178,0.952977,0.938929,0.910178,3009,0.911173,0.953522,0.94359,0.911173,0.828226,0.905877,0.830854,0.835879,0.910438,0.83839,0.624247,0.711153,0.662001,0.625293,0.714023,0.6613,0.786182,0.865185,0.78886,0.783555,0.864505,0.785914,0.655023,3.566,23.48756792,512,16,10356.30617,0.33110261,2.566,16.90103738
simvarmass_566f6ec3,2940,2761,500,4679,0.27006,0.09303,5;3,482,0.892857,0.943396,0.281707,0.892857,482,0.939177,0.968635,0.294171,0.939177,2777,0.92619,0.961681,0.952598,0.92619,2589,0.925752,0.961444,0.955514,0.925752,0.831125,0.907538,0.831293,0.837926,0.911562,0.838102,0.727915,0.759703,0.765646,0.728997,0.761562,0.766112,0.96012,0.968516,0.961565,0.960198,0.969314,0.961511,0.656494,9.358,34.65155891,512,16,10356.30617,0.283885002,8.358,30.94867807
simvarmass_56809116,1848,1734,500,3505,0.284232,0.432464,5;3,1652,0.895016,0.944302,0.944,0.895022,1652,0.941371,0.969501,0.969199,0.941377,1792,0.930195,0.963835,0.944505,0.930195,1666,0.931333,0.964446,0.949691,0.931333,0.82253,0.902019,0.825216,0.832773,0.908346,0.835545,0.740588,0.763926,0.779221,0.742062,0.769143,0.779123,0.663266,0.782857,0.667208,0.654404,0.778045,0.65663,0.606186,7.01,24.66295139,512,16,10356.30617,0.178442001,6.01,21.1446987
simvarmass_569a3926,2464,2363,500,4585,0.27155,0.475681,5;3,2227,0.906214,0.950617,0.949051,0.90625,2227,0.938198,0.967924,0.966356,0.938235,2298,0.921672,0.95924,0.953801,0.921672,2191,0.92044,0.958572,0.955204,0.92044,0.822086,0.902493,0.822646,0.828027,0.906062,0.828608,0.740675,0.766303,0.784497,0.742223,0.768371,0.785442,0.640251,0.769156,0.64164,0.637927,0.767666,0.639289,0.642155,9.17,33.7691033,512,16,10356.30617,0.237922668,8.17,30.08654023
simvarmass_569fe391,753,717,500,4303,0.160491,0.141451,5;3,696,0.925631,0.961379,0.960663,0.925631,696,0.957418,0.978246,0.977528,0.957418,731,0.952191,0.97551,0.966307,0.952191,685,0.951185,0.974982,0.972896,0.951185,0.863905,0.926586,0.864542,0.868898,0.929851,0.868898,0.871537,0.856755,0.901726,0.871053,0.857558,0.899582,0.962308,0.964722,0.965471,0.961211,0.965025,0.963687,0.579354,8.606,53.62294459,512,16,10356.30617,0.072709322,7.606,47.3920656
simvarmass_574b4882,3775,3579,500,883,0.331604,0.529642,5;3,3236,0.865637,0.911898,0.909428,0.874702,3236,0.90395,0.933043,0.930667,0.913416,20808,0.297222,0.487791,0.270675,0.881325,19308,0.3071,0.499013,0.276139,0.882928,0.808714,0.858623,0.864636,0.815421,0.862739,0.869201,0.063115,0.119195,0.063576,0.056418,0.107181,0.05672,0.515455,0.673887,0.519205,0.51381,0.672611,0.517502,0.573859,1.766,5.325629365,512,16,10356.30617,0.364512205,0.766,2.309984198
simvarmass_578a5ba2,4804,4547,500,778,0.243376,0.644782,5;3,3866,0.830338,0.888308,0.882122,0.836803,3866,0.868483,0.910128,0.904126,0.875245,20378,0.555431,0.739965,0.32007,0.838884,18869,0.56925,0.750148,0.325617,0.838724,0.78026,0.842168,0.833264,0.783975,0.844394,0.836448,0.112898,0.204833,0.114696,0.109059,0.198262,0.110427,0.47372,0.633578,0.475645,0.47278,0.633343,0.474449,0.596644,1.556,6.393399514,512,16,10356.30617,0.463871956,0.556,2.284530932
simvarmass_57989454,1298,1227,500,4770,0.412487,0.090176,5;3,1213,0.939062,0.967793,0.966149,0.939137,1213,0.977468,0.987825,0.986179,0.977546,1323,0.970724,0.985145,0.961465,0.970724,1239,0.97392,0.986788,0.969181,0.97392,0.863001,0.925299,0.867488,0.871242,0.93003,0.874491,0.812064,0.806885,0.85131,0.812947,0.805518,0.851671,0.978322,0.982853,0.98074,0.981503,0.984717,0.983647,0.582894,9.54,23.12800161,512,16,10356.30617,0.125334263,8.54,20.70368278
simvarmass_57cb1b17,4146,3928,500,4726,0.349835,0.240269,5;3,3347,0.871365,0.931066,0.892833,0.871442,3347,0.908165,0.951666,0.913311,0.908245,3780,0.892668,0.94329,0.933888,0.892668,3566,0.890784,0.942238,0.933814,0.890784,0.810592,0.895185,0.813555,0.817371,0.899301,0.820265,0.608758,0.704184,0.641341,0.608562,0.70509,0.64002,0.798572,0.872307,0.800772,0.793403,0.870634,0.795507,0.671138,9.452,27.01845156,512,16,10356.30617,0.400335789,8.452,24.15996112
simvarmass_57ed1b96,1732,1644,500,1642,0.235622,0.703085,5;3,1574,0.91495,0.953502,0.951603,0.918014,1574,0.946651,0.970498,0.968596,0.949821,1705,0.937067,0.967531,0.94501,0.937644,1603,0.937348,0.967661,0.949184,0.937348,0.850608,0.918043,0.864319,0.855335,0.92076,0.868005,0.53574,0.657143,0.557737,0.530414,0.654637,0.551368,0.513448,0.667412,0.517321,0.510049,0.665878,0.514007,0.581866,3.284,13.93757799,512,16,10356.30617,0.167241096,2.284,9.693492119
simvarmass_58219ab8,1453,1384,500,2112,0.081839,0.446963,5;3,1650,0.90699,0.950559,0.8495,0.907089,1650,0.941999,0.969452,0.864546,0.942102,1384,0.93393,0.965836,0.956644,0.93393,1310,0.933526,0.96562,0.959169,0.933526,0.831603,0.907796,0.834136,0.834047,0.909234,0.836705,0.814404,0.811029,0.854095,0.81455,0.8125,0.853324,0.660126,0.77492,0.663455,0.659942,0.7766,0.663287,0.625095,4.224,51.61353389,512,16,10356.30617,0.140300989,3.224,39.39442075
simvarmass_5857e475,940,888,500,2115,0.212398,0.444085,5;3,871,0.932484,0.962555,0.9619,0.932979,871,0.971768,0.983127,0.982516,0.972284,952,0.965957,0.982684,0.959831,0.965957,887,0.96509,0.982235,0.965634,0.96509,0.84686,0.916427,0.85,0.848027,0.917073,0.851351,0.788503,0.796411,0.82766,0.785675,0.796032,0.823397,0.687433,0.791073,0.693617,0.682614,0.790939,0.688063,0.565297,4.23,19.91544176,512,16,10356.30617,0.090765953,3.23,15.2072995
simvarmass_58c88cb8,1871,1770,500,1243,0.270385,0.693817,5;3,1664,0.902673,0.941674,0.939745,0.907536,1664,0.9388,0.961173,0.959284,0.943858,1945,0.886424,0.941492,0.919287,0.937467,1802,0.900469,0.948872,0.930011,0.938418,0.828145,0.895356,0.85302,0.833829,0.898263,0.8569,0.349152,0.506006,0.360235,0.345135,0.501995,0.355568,0.527611,0.683448,0.529663,0.524579,0.681568,0.526018,0.56836,2.486,9.194297021,512,16,10356.30617,0.18066287,1.486,5.495867004
simvarmass_5904c7c9,1485,1414,500,4386,0.228926,0.140552,5;3,1400,0.943434,0.970894,0.970537,0.943434,1400,0.976987,0.98836,0.988003,0.976987,1475,0.971044,0.985309,0.974324,0.971044,1398,0.973126,0.98638,0.978663,0.973126,0.858457,0.924188,0.8633,0.865433,0.928248,0.87058,0.825532,0.809935,0.870707,0.826289,0.811934,0.869873,0.98169,0.981286,0.984512,0.983181,0.983453,0.985755,0.608824,8.772,38.31805911,512,16,10356.30617,0.143390894,7.772,33.94983532
simvarmass_59331951,1150,1068,500,1429,0.212508,0.518474,5;3,1046,0.913732,0.953203,0.95173,0.915652,1046,0.965801,0.980832,0.979381,0.967831,1181,0.957391,0.978232,0.944659,0.957391,1077,0.9597,0.979436,0.955224,0.9597,0.82687,0.903318,0.84,0.835086,0.908629,0.849251,0.593826,0.703024,0.616522,0.593467,0.702298,0.615169,0.624112,0.751301,0.627826,0.616233,0.747977,0.618557,0.563458,2.858,13.44890545,512,16,10356.30617,0.111043453,1.858,8.743200256
simvarmass_593b6ef9,3649,3437,500,3357,0.403494,0.073399,5;3,3211,0.882089,0.936418,0.93586,0.882159,3211,0.92466,0.959881,0.959354,0.924734,20879,0.89586,0.945827,0.2712,0.911483,19356,0.900634,0.94826,0.274997,0.911842,NaN,NaN,NaN,NaN,NaN,NaN,0.562549,0.684897,0.590299,0.56011,0.684559,0.586608,0.947453,0.963266,0.949301,0.948896,0.964511,0.950657,0.638271,6.714,16.63965263,512,16,10356.30617,0.352345705,5.714,14.16130104
simvarmass_59916540,2710,2560,500,3902,0.335633,0.494218,5;3,2432,0.901105,0.947368,0.945935,0.901107,2432,0.940313,0.968626,0.96719,0.940316,22080,0.917712,0.957091,0.200645,0.917712,20482,0.91875,0.957655,0.204149,0.91875,0.829446,0.907225,0.837269,0.835488,0.910828,0.84375,0.664013,0.73014,0.700369,0.66363,0.731359,0.699492,0.624936,0.757468,0.626937,0.619438,0.753919,0.621378,0.632297,7.804,23.2515873,512,16,10356.30617,0.261676311,6.804,20.27214249
simvarmass_599fc245,3849,3636,500,1539,0.225631,0.324559,5;3,3333,0.868597,0.928025,0.927875,0.869057,3333,0.908486,0.950385,0.950235,0.908967,20836,0.895298,0.944787,0.27936,0.895817,19341,0.893014,0.9435,0.282718,0.893289,0.816334,0.898414,0.825669,0.820616,0.901056,0.83008,0.451223,0.603761,0.471291,0.446721,0.6,0.464521,0.72415,0.824985,0.727462,0.719005,0.822404,0.722039,0.632658,3.078,13.64174249,512,16,10356.30617,0.37165761,2.078,9.209727387
simvarmass_59bbde05,4750,4466,500,2714,0.227797,0.64869,5;3,1369,0.824211,0.903635,0.447459,0.824211,1369,0.868842,0.929818,0.466043,0.868842,4094,0.839368,0.91267,0.901628,0.839368,3825,0.836616,0.911041,0.901483,0.836616,0.789054,0.881495,0.792,0.794421,0.884956,0.797179,0.486769,0.625286,0.518526,0.485171,0.625578,0.514778,0.512327,0.669225,0.513895,0.508707,0.667156,0.510103,0.673264,5.428,23.82823303,512,16,10356.30617,0.458657742,4.428,19.43835959
simvarmass_5a15dfc7,823,770,500,2826,0.495102,0.641414,5;3,747,0.910429,0.950987,0.950318,0.91616,747,0.950866,0.972656,0.971987,0.956853,26333,0.953834,0.976427,0.057961,0.956258,24563,0.954545,0.976744,0.058027,0.954545,0.838385,0.90596,0.855407,0.851742,0.913684,0.866407,0.514146,0.651335,0.533414,0.515799,0.652899,0.533766,0.56294,0.710266,0.567436,0.55927,0.708674,0.563802,0.54285,5.652,11.41582947,512,16,10356.30617,0.079468489,4.652,9.396043644
simvarmass_5a3e9319,2954,2801,500,1966,0.176525,0.714713,5;3,2571,0.870181,0.929425,0.929231,0.870345,2571,0.907347,0.950231,0.950037,0.907519,21717,0.887949,0.940649,0.212638,0.887949,20169,0.885041,0.939015,0.215847,0.885041,0.822282,0.902041,0.827691,0.826466,0.904548,0.831846,0.570425,0.672106,0.599526,0.567273,0.670283,0.595714,0.505639,0.663274,0.507448,0.499921,0.658519,0.501611,0.636156,3.932,22.27446537,512,16,10356.30617,0.285236835,2.932,16.60954539
simvarmass_5a492619,2657,2507,500,3998,0.447452,0.5649,5;3,2362,0.890058,0.941059,0.940426,0.890854,2362,0.928863,0.962329,0.961695,0.929694,2520,0.914189,0.955171,0.938381,0.914189,2364,0.918229,0.957372,0.945186,0.918229,0.825311,0.903997,0.830636,0.831262,0.907706,0.835994,0.5915,0.703,0.62627,0.585408,0.69955,0.61996,0.57788,0.719552,0.580354,0.575487,0.719006,0.577875,0.616956,7.996,17.87007321,512,16,10356.30617,0.256558657,6.996,15.63519662
simvarmass_5a694510,199,194,500,2671,0.385613,0.693644,5;3,186,0.919598,0.958115,0.950649,0.919598,186,0.938462,0.968254,0.96063,0.938462,239,0.929755,0.963918,0.853881,0.939698,216,0.933018,0.965517,0.887805,0.938144,0.781321,0.872521,0.80402,0.786024,0.875362,0.809278,0.620204,0.7125,0.633166,0.621018,0.715655,0.634021,0.655566,0.784661,0.668342,0.660569,0.787879,0.673575,0.521716,5.342,13.8532674,512,16,10356.30617,0.019215345,4.342,11.25999383
simvarmass_5a7e342f,4254,4039,500,1392,0.380639,0.858804,5;3,3339,0.82577,0.873694,0.868695,0.840386,3339,0.862678,0.894702,0.890028,0.877947,3711,0.828327,0.889922,0.877338,0.846732,3483,0.831763,0.891573,0.882392,0.847353,0.086162,0.185397,0.827457,0.087891,0.186895,0.837831,0.209201,0.346919,0.215092,0.207169,0.3439,0.212181,0.43615,0.600193,0.437941,0.436657,0.601258,0.438166,0.597701,2.784,7.314016693,512,16,10356.30617,0.410764217,1.784,4.686855525
simvarmass_5a9f8e7a,445,421,500,4093,0.16042,0.867819,5;3,404,0.907865,0.951708,0.951708,0.907865,404,0.95283,0.975845,0.975845,0.95283,435,0.950562,0.974654,0.961364,0.950562,404,0.947743,0.973171,0.967273,0.947743,0.861735,0.924005,0.862921,0.865724,0.926209,0.866983,0.794971,0.796117,0.831461,0.791426,0.798507,0.824228,0.553352,0.686731,0.564045,0.542461,0.684366,0.552381,0.554892,8.186,51.02855006,512,16,10356.30617,0.042968988,7.186,44.79491335
simvarmass_5aa243e5,3130,2991,500,3093,0.448568,0.250051,5;3,2807,0.898007,0.945118,0.944922,0.898722,2807,0.930407,0.962785,0.962594,0.931149,3047,0.919809,0.958271,0.933139,0.920767,2879,0.919091,0.957854,0.936968,0.919425,0.095431,0.201726,0.834185,0.097094,0.204,0.838516,0.515735,0.653109,0.533546,0.513473,0.652935,0.529923,0.820959,0.885552,0.82492,0.817501,0.884895,0.821381,0.617196,6.186,13.79055127,512,16,10356.30617,0.302231312,5.186,11.56123486
simvarmass_5b395735,1200,1146,500,4351,0.110792,0.485646,5;3,1113,0.928333,0.962835,0.962387,0.928333,1113,0.962003,0.980634,0.980185,0.962003,1165,0.955833,0.977418,0.969979,0.955833,1106,0.955497,0.977242,0.972469,0.955497,0.840364,0.912297,0.840833,0.845052,0.915014,0.84555,0.848305,0.831621,0.886667,0.850854,0.83419,0.888307,0.643817,0.764156,0.646667,0.640215,0.765869,0.642795,0.61934,8.702,78.54357715,512,16,10356.30617,0.115871429,7.702,69.5176547
simvarmass_5b3a6fd2,2950,2810,500,3790,0.492642,0.20085,5;3,2642,0.89919,0.945922,0.944921,0.899322,2642,0.932704,0.964162,0.963179,0.932841,2886,0.925424,0.961268,0.935572,0.925424,2714,0.924555,0.960799,0.940623,0.924555,0.81817,0.89704,0.824746,0.8225,0.899961,0.828887,0.574039,0.687283,0.602712,0.570414,0.685703,0.598221,0.875747,0.915446,0.878983,0.872406,0.914937,0.875492,0.619625,7.58,15.38642665,512,16,10356.30617,0.284850597,6.58,13.35655506
simvarmass_5b6a9fc1,806,757,500,2885,0.246496,0.252228,5;3,746,0.929972,0.962677,0.96134,0.930521,746,0.974717,0.986157,0.984818,0.975293,842,0.926611,0.962554,0.951456,0.972705,773,0.94404,0.971617,0.962092,0.972259,0.017405,0.039292,0.867246,0.01755,0.039176,0.877147,0.832801,0.811633,0.878412,0.835014,0.811268,0.879789,0.922024,0.929368,0.930521,0.919833,0.929521,0.927056,0.56235,5.77,23.40808776,512,16,10356.30617,0.077826977,4.77,19.35122679
simvarmass_5bc6cd50,4010,3784,500,3743,0.12207,0.75183,5;3,2060,0.846135,0.916655,0.678748,0.846135,2060,0.887755,0.940541,0.700442,0.887755,3488,0.861347,0.925509,0.921312,0.861347,3287,0.862579,0.92622,0.923207,0.862579,0.795145,0.883669,0.797007,0.805108,0.889703,0.807082,0.603052,0.69374,0.641147,0.605301,0.695876,0.642347,NaN,NaN,NaN,NaN,NaN,NaN,0.704694,7.486,61.32546899,512,16,10356.30617,0.387203693,6.486,53.13344802
simvarmass_5bd1d42c,1353,1275,500,2697,0.104433,0.337495,5;3,1249,0.923854,0.960031,0.960031,0.923873,1249,0.965231,0.981918,0.981918,0.965251,1310,0.955654,0.977324,0.971085,0.955654,1236,0.96,0.979592,0.97491,0.96,NaN,,,NaN,,,0.850398,0.835959,0.886179,0.85379,0.837794,0.890196,0.765984,0.846442,0.768662,0.761339,0.84482,0.763593,0.618434,5.394,51.65034041,512,16,10356.30617,0.130645037,4.394,42.07482309
simvarmass_5bf9cd3e,3706,3520,500,1005,0.262087,0.464953,5;3,3221,0.8696,0.926696,0.926231,0.871829,3221,0.907558,0.947897,0.947431,0.909885,21254,0.727481,0.852145,0.263542,0.88748,19683,0.741463,0.860613,0.268845,0.88608,0.071282,0.162347,0.787642,0.072309,0.163346,0.794318,0.184079,0.313312,0.188613,0.179988,0.306888,0.183523,0.577997,0.724034,0.58122,0.575538,0.723556,0.578618,0.595897,2.01,7.669209079,512,16,10356.30617,0.357849598,1.01,3.853682174
simvarmass_5c185bcd,1383,1299,500,4371,0.406065,0.45193,5;3,1271,0.923145,0.958584,0.9578,0.923355,1271,0.965741,0.981118,0.980332,0.965961,24930,0.962401,0.98084,0.101167,0.962401,23199,0.961509,0.980377,0.101968,0.961509,NaN,,,NaN,,,0.780376,0.795307,0.812726,0.784459,0.798646,0.816012,0.672391,0.785714,0.678959,0.665749,0.781744,0.671561,0.582094,8.742,21.52857301,512,16,10356.30617,0.133541822,7.742,19.06591309
simvarmass_5c9c66d2,4915,4661,500,3262,0.380506,0.252042,5;3,4221,0.859003,0.924037,0.924037,0.859003,4221,0.898298,0.946306,0.946306,0.898298,19112,0.878333,0.935309,0.359845,0.879552,17706,0.878755,0.93548,0.36627,0.87897,0.818695,0.899183,0.826857,0.825623,0.90343,0.83294,0.459033,0.608853,0.479959,0.455564,0.606102,0.475016,0.773189,0.858076,0.774975,0.769868,0.857109,0.771269,0.660936,6.524,17.14559035,512,16,10356.30617,0.474590063,5.524,14.51751089
simvarmass_5cb94119,3995,3786,500,4221,0.108362,0.679206,5;3,3449,0.863329,0.926652,0.926652,0.863329,3449,0.901464,0.948179,0.948179,0.901464,3515,0.875344,0.933529,0.931292,0.875344,3320,0.874538,0.93307,0.931889,0.874538,0.810758,0.895724,0.813016,0.812995,0.897253,0.815372,0.622501,0.70168,0.66383,0.621496,0.701259,0.662351,NaN,NaN,NaN,NaN,NaN,NaN,0.714386,8.442,77.90553884,512,16,10356.30617,0.385755301,7.442,68.67721157
simvarmass_5cc6f9ed,1835,1737,500,4689,0.376909,0.761333,5;3,1670,0.912254,0.953522,0.952924,0.912262,1670,0.952211,0.974927,0.974329,0.952218,1761,0.93842,0.968232,0.957731,0.93842,1659,0.937248,0.967608,0.958775,0.937248,0.840304,0.913288,0.844687,0.845774,0.916511,0.850403,0.669433,0.732067,0.703542,0.665524,0.730781,0.697755,0.510513,0.66596,0.513351,0.508865,0.664668,0.511239,0.602875,9.378,24.88133741,512,16,10356.30617,0.177186728,8.378,22.22817709
simvarmass_5cf74cd5,2279,2156,500,1587,0.169404,0.375073,5;3,2043,0.897051,0.944958,0.94447,0.897323,2043,0.936929,0.966643,0.966154,0.937214,2226,0.921018,0.958885,0.931853,0.921018,2073,0.92115,0.958957,0.939229,0.92115,0.823599,0.903102,0.830627,0.828817,0.906282,0.834956,0.659853,0.736842,0.691093,0.663211,0.741735,0.692987,0.705784,0.814235,0.707767,0.699354,0.810651,0.70093,0.613022,3.174,18.73627541,512,16,10356.30617,0.220059156,2.174,12.83322708
simvarmass_5d1433c9,4991,4738,500,555,0.133668,0.803991,5;3,3860,0.818807,0.874904,0.858434,0.825486,3860,0.85513,0.895761,0.8795,0.862105,4446,0.798001,0.884561,0.866801,0.826488,4158,0.80198,0.88633,0.870054,0.824187,0.778313,0.838946,0.841114,0.783961,0.842181,0.846073,0.214119,0.354381,0.220397,0.209299,0.347975,0.214904,0.440465,0.605238,0.442196,0.438701,0.603741,0.440355,0.618663,1.11,8.304156567,512,16,10356.30617,0.481928587,0.11,0.822934435
simvarmass_5db79e71,3901,3692,500,733,0.258931,0.714404,5;3,3079,0.845243,0.885742,0.87106,0.863112,3079,0.883046,0.906977,0.892412,0.901714,21648,0.344912,0.545146,0.264824,0.867214,20053,0.358091,0.558818,0.270143,0.869106,0.774291,0.819341,0.85696,0.781468,0.823529,0.863292,0.094982,0.1745,0.096129,0.088616,0.163488,0.089407,0.460108,0.624113,0.462446,0.45782,0.622614,0.460119,0.579654,1.466,5.66174,512,16,10356.30617,0.376678705,0.466,1.799707258
simvarmass_5dfaa789,3833,3651,500,4773,0.205379,0.699598,5;3,2156,0.857814,0.923466,0.719987,0.857814,2156,0.895181,0.944692,0.73975,0.895181,3379,0.871119,0.931121,0.925957,0.871119,3202,0.869625,0.930267,0.926601,0.869625,0.80411,0.891455,0.806157,0.811317,0.895865,0.813476,0.591207,0.681178,0.624576,0.590425,0.682173,0.622228,0.504087,0.661996,0.505348,0.498621,0.657871,0.499725,0.687671,9.546,46.47992248,512,16,10356.30617,0.370112658,8.546,41.6108755
simvarmass_5e3334b1,278,264,500,3787,0.095989,0.358415,5;3,253,0.92446,0.960748,0.952919,0.92446,253,0.962547,0.980916,0.973077,0.962547,270,0.964029,0.981685,0.978102,0.964029,256,0.962121,0.980695,0.976923,0.962121,0.848921,0.918288,0.848921,0.856061,0.922449,0.856061,0.909201,0.876522,0.938849,0.906282,0.875,0.935606,0.86614,0.897485,0.874101,0.859458,0.891616,0.867424,0.557535,7.574,78.90487452,512,16,10356.30617,0.026843548,6.574,68.48701414
simvarmass_5e5cb717,3992,3771,500,4565,0.201181,0.776266,5;3,1503,0.844178,0.915263,0.547043,0.844188,1503,0.884272,0.938327,0.565676,0.884282,3495,0.857214,0.923118,0.914118,0.857214,3282,0.857332,0.923187,0.916773,0.857332,0.804396,0.8916,0.806363,0.812308,0.896421,0.814373,0.575352,0.67559,0.613226,0.573253,0.674388,0.61008,0.486434,0.64483,0.488226,0.486029,0.645218,0.487772,0.689889,9.13,45.38201918,512,16,10356.30617,0.385465622,8.13,40.41137086
simvarmass_5e7e58f5,583,559,500,1791,0.443635,0.109472,5;3,980,0.942614,0.969965,0.702495,0.945111,980,0.977836,0.988299,0.712062,0.980427,680,0.828193,0.907363,0.907363,0.982847,629,0.8572,0.924242,0.924242,0.982111,0.818992,0.899152,0.845626,0.824003,0.902153,0.848214,0.34283,0.501241,0.346484,0.345309,0.505181,0.348837,0.971177,0.980836,0.972556,0.970464,0.981685,0.971171,0.531098,3.582,8.074205146,512,16,10356.30617,0.056294203,2.582,5.820099857
simvarmass_5ec909b0,2156,2055,500,4785,0.207626,0.372845,5;3,1932,0.904916,0.949854,0.945205,0.904917,1932,0.935283,0.96632,0.961672,0.935283,2023,0.928571,0.962963,0.958124,0.928571,1919,0.927007,0.962121,0.958732,0.927007,0.812928,0.896886,0.815399,0.821753,0.902212,0.824331,0.775467,0.783363,0.814007,0.777553,0.786218,0.814599,0.705562,0.812883,0.708256,0.702886,0.81192,0.705423,0.641387,9.57,46.09249323,512,16,10356.30617,0.208182335,8.57,41.27614075
simvarmass_5fbb60fb,5022,4743,500,2650,0.457054,0.435478,5;3,4241,0.845367,0.91547,0.91547,0.84548,4241,0.888538,0.940237,0.940237,0.888656,19398,0.862406,0.926167,0.354955,0.863003,17980,0.863196,0.926609,0.360588,0.863617,0.788631,0.879662,0.807447,0.795464,0.883879,0.814253,0.312055,0.47131,0.321386,0.304369,0.462787,0.312671,0.588836,0.730537,0.591398,0.587539,0.729599,0.589949,0.639082,5.3,11.59600397,512,16,10356.30617,0.484921932,4.3,9.408078695
simvarmass_6018f2df,2964,2823,500,1127,0.124448,0.698332,5;3,2581,0.875192,0.932325,0.930207,0.875506,2581,0.905751,0.949413,0.947291,0.906075,2726,0.886302,0.939725,0.923374,0.886302,2575,0.88452,0.938722,0.925157,0.88452,0.806944,0.891089,0.816802,0.809879,0.89285,0.818923,0.512441,0.641276,0.54251,0.510952,0.640654,0.540914,0.501609,0.661201,0.503374,0.500324,0.659981,0.502129,0.630753,2.254,18.11198251,512,16,10356.30617,0.286202431,1.254,10.07649781
simvarmass_601f97c7,3722,3530,500,4033,0.135197,0.342736,5;3,2746,0.883933,0.938391,0.849103,0.883933,2746,0.922085,0.959463,0.869813,0.922085,3403,0.90274,0.948884,0.943158,0.90274,3213,0.90255,0.948779,0.94498,0.90255,0.814801,0.897754,0.816228,0.820593,0.901242,0.822096,0.671222,0.726108,0.715476,0.672654,0.730163,0.715784,0.707185,0.815066,0.709296,0.702009,0.812592,0.703777,0.698844,8.066,59.66108715,512,16,10356.30617,0.35939455,7.066,52.26447332
simvarmass_60555ad7,1677,1578,500,2186,0.391017,0.070462,5;3,1520,0.910633,0.949312,0.949015,0.914132,1520,0.949118,0.969949,0.969639,0.952766,24586,0.949314,0.973998,0.121235,0.949314,22863,0.951204,0.974992,0.122826,0.951204,0.835076,0.908618,0.844961,0.842407,0.912909,0.852345,0.518199,0.658678,0.540847,0.5192,0.660202,0.539632,0.960483,0.970696,0.962433,0.961686,0.972376,0.963151,0.570787,4.372,11.18109954,512,16,10356.30617,0.161930323,3.372,8.623665979
simvarmass_60f369b7,3492,3300,500,4214,0.41861,0.298449,5;3,3045,0.873973,0.932172,0.931008,0.873998,3045,0.914843,0.95493,0.953769,0.914868,3231,0.901203,0.948034,0.936189,0.901203,3040,0.90303,0.949045,0.940063,0.90303,0.817133,0.898692,0.819588,0.825585,0.90375,0.828182,0.61302,0.716752,0.642039,0.614542,0.719349,0.642727,0.746075,0.840803,0.749427,0.743056,0.840788,0.746046,0.64343,8.428,20.1332983,512,16,10356.30617,0.33718586,7.428,17.74443993
simvarmass_6106c83b,3204,3014,500,2537,0.339278,0.175947,5;3,2849,0.890992,0.941079,0.941021,0.891074,2849,0.93506,0.965132,0.965097,0.935146,21601,0.924472,0.960816,0.239226,0.92603,20032,0.925017,0.961075,0.242124,0.92568,0.832537,0.907729,0.841448,0.841128,0.912824,0.849701,0.556469,0.677053,0.576467,0.552533,0.67477,0.571002,0.907369,0.937265,0.9098,0.906409,0.938405,0.908577,0.623143,5.074,14.9552874,512,16,10356.30617,0.309376717,4.074,12.00785197
simvarmass_611d0266,3338,3167,500,4489,0.33408,0.610604,5;3,2918,0.874377,0.932886,0.932545,0.874476,2918,0.912084,0.953922,0.95358,0.912188,20571,0.89275,0.943336,0.249279,0.89275,19069,0.891696,0.942747,0.254003,0.891696,0.817456,0.89911,0.819053,0.823576,0.902823,0.825016,0.621692,0.712378,0.655183,0.620767,0.712616,0.653737,0.556656,0.703243,0.558718,0.553652,0.702627,0.554782,0.654412,8.978,26.87380268,512,16,10356.30617,0.322315693,7.978,23.88050766
simvarmass_613cc0be,4793,4519,500,3131,0.272669,0.098339,5;3,120,0.851033,0.919418,0.04885,0.851033,120,0.893929,0.943885,0.051249,0.893929,18965,0.881494,0.937015,0.35567,0.881494,17557,0.882301,0.937471,0.361281,0.882301,0.797671,0.886775,0.801794,0.804808,0.89123,0.808892,0.551187,0.674486,0.58189,0.550211,0.673879,0.579017,0.918049,0.944187,0.919257,0.9185,0.946054,0.919273,0.675033,6.262,22.96557364,512,16,10356.30617,0.462809801,5.262,19.29812337
simvarmass_614ec418,4513,4266,500,3141,0.075627,0.592133,5;3,3809,0.843661,0.915165,0.915165,0.843785,3809,0.882988,0.937816,0.937816,0.883117,3897,0.859074,0.924195,0.921998,0.859074,3677,0.858415,0.923814,0.92207,0.858415,0.798822,0.887932,0.79969,0.802323,0.890073,0.803048,0.613863,0.698254,0.651451,0.609899,0.69828,0.646756,NaN,NaN,NaN,NaN,NaN,NaN,0.722613,6.282,83.06557182,512,16,10356.30617,0.435773134,5.282,69.84278102
simvarmass_61de38c9,2629,2491,500,4363,0.31344,0.251294,5;3,2378,0.903907,0.949261,0.949071,0.904146,2378,0.943379,0.970588,0.97039,0.943628,2519,0.930392,0.963941,0.950272,0.930392,2372,0.931353,0.964456,0.954144,0.931353,0.843026,0.914451,0.844428,0.845763,0.91616,0.847049,0.717382,0.757219,0.758083,0.718284,0.76087,0.758427,0.83595,0.89599,0.8372,0.833462,0.895879,0.834343,0.638673,8.726,27.83945891,512,16,10356.30617,0.25385499,7.726,24.64905564
simvarmass_61f04b84,3720,3517,500,1273,0.34923,0.437643,5;3,3225,0.866973,0.925979,0.925846,0.868548,3225,0.907467,0.948657,0.948517,0.909116,21361,0.66866,0.814952,0.263387,0.887903,19852,0.690795,0.829204,0.267802,0.889932,0.803169,0.885217,0.835215,0.812475,0.890943,0.842959,0.155894,0.270445,0.157796,0.15044,0.26215,0.151877,0.592517,0.732208,0.594624,0.593065,0.733017,0.595041,0.591661,2.546,7.290324428,512,16,10356.30617,0.359201431,1.546,4.426881998
simvarmass_622dcdb1,1176,1093,500,1083,0.473432,0.819394,5;3,2318,0.852281,0.861727,0.578706,0.92517,2318,0.897299,0.886408,0.588646,0.974038,24854,0.047504,0.094187,0.086592,0.959184,23174,0.047602,0.094238,0.086534,0.960695,0.731119,0.772033,0.886905,0.735228,0.773954,0.892857,0.076967,0.143307,0.077381,0.064959,0.121993,0.064959,0.489605,0.648557,0.491497,0.48109,0.642988,0.483012,0.531551,2.166,4.575102655,512,16,10356.30617,0.113554001,1.166,2.462866895
simvarmass_62ce7be9,3941,3732,500,2604,0.268534,0.684339,5;3,3376,0.856794,0.922656,0.922509,0.856889,3376,0.896132,0.944997,0.944849,0.896231,3497,0.870591,0.930819,0.92256,0.870591,3295,0.869507,0.930199,0.92358,0.869507,0.811359,0.895054,0.814007,0.815817,0.897875,0.818328,0.496517,0.629379,0.519665,0.493925,0.627816,0.515273,0.510787,0.667328,0.512053,0.508126,0.666081,0.509262,0.649656,5.208,19.39419217,512,16,10356.30617,0.380541086,4.208,15.67026894
simvarmass_62f549d9,3849,3648,500,1686,0.390584,0.819793,5;3,3066,0.841589,0.892334,0.883876,0.850611,3066,0.87548,0.911654,0.90334,0.884865,21427,0.845355,0.906404,0.261117,0.857366,19834,0.848908,0.908014,0.266332,0.857182,0.778008,0.842058,0.840998,0.78242,0.844868,0.845225,0.273953,0.426719,0.282151,0.271749,0.424142,0.279408,0.45885,0.621996,0.460639,0.457079,0.620587,0.458665,0.600049,3.372,8.633226143,512,16,10356.30617,0.37165761,2.372,6.072957418
simvarmass_63215b79,3126,2965,500,4009,0.2941,0.656013,5;3,2775,0.888036,0.940698,0.940519,0.888036,2775,0.924101,0.960554,0.960374,0.924101,2893,0.90595,0.950655,0.94102,0.90595,2724,0.903879,0.949513,0.942169,0.903879,0.810234,0.894969,0.81158,0.81343,0.896898,0.81484,0.610605,0.700712,0.645234,0.603734,0.696406,0.637099,0.533862,0.68691,0.535509,0.532472,0.6859,0.533941,0.649265,8.018,27.26283577,512,16,10356.30617,0.301845074,7.018,23.86263176
simvarmass_63250dba,3477,3284,500,1516,0.056935,0.399985,5;3,3029,0.869715,0.930218,0.930218,0.87029,3029,0.908927,0.952171,0.952171,0.909528,3126,0.88841,0.940908,0.935635,0.88841,2930,0.885505,0.939276,0.935951,0.885505,0.818807,0.90071,0.820823,0.824604,0.904215,0.826736,0.664486,0.729496,0.70348,0.665503,0.731993,0.703591,0.648275,0.774679,0.651136,0.641127,0.770471,0.64371,0.690482,3.032,53.25371037,512,16,10356.30617,0.335737467,2.032,35.68982173
simvarmass_6377e4e0,3583,3370,500,2965,0.152674,0.3797,5;3,544,0.87022,0.930607,0.26363,0.87022,544,0.914638,0.955416,0.275234,0.914638,3276,0.895897,0.945091,0.935997,0.895897,3064,0.896439,0.945392,0.939074,0.896439,0.813414,0.896785,0.813564,0.820314,0.900945,0.820475,0.677295,0.737644,0.716439,0.678145,0.740172,0.715134,0.679781,0.797586,0.682389,0.675228,0.794966,0.676987,0.677875,5.93,38.84092904,512,16,10356.30617,0.345972776,4.93,32.29102532
simvarmass_645bb2f2,2084,1982,500,4946,0.480698,0.634116,5;3,1883,0.903014,0.948828,0.948828,0.903071,1883,0.94,0.968855,0.968855,0.94006,23347,0.920345,0.958521,0.15084,0.920345,21677,0.922805,0.959853,0.154613,0.922805,0.845357,0.9158,0.849808,0.852457,0.920022,0.855774,0.647969,0.718324,0.682821,0.645665,0.720278,0.679778,0.548908,0.697759,0.552783,0.542776,0.693196,0.546559,0.605681,9.892,20.5784089,512,16,10356.30617,0.201230049,8.892,18.49810068
simvarmass_64aa794a,2523,2380,500,3818,0.49434,0.485163,5;3,2254,0.896215,0.942654,0.942432,0.896948,2254,0.936294,0.964454,0.964232,0.93706,22599,0.921539,0.959326,0.185893,0.925486,21009,0.9235,0.960297,0.188216,0.925179,0.835222,0.909836,0.845026,0.843773,0.914884,0.853361,0.580344,0.69114,0.604439,0.576623,0.690039,0.599328,0.636118,0.767542,0.637337,0.634583,0.767082,0.635522,0.607844,7.636,15.44685844,512,16,10356.30617,0.24361968,6.636,13.42395922
simvarmass_64d1401e,3347,3157,500,2830,0.341168,0.632521,5;3,2886,0.863925,0.926086,0.925718,0.864057,2886,0.905309,0.949375,0.949013,0.905448,3093,0.886167,0.939648,0.921118,0.886167,2880,0.884067,0.938467,0.924631,0.884067,0.808109,0.892196,0.818942,0.816551,0.89719,0.826734,0.498455,0.634776,0.521362,0.496779,0.635376,0.518847,0.529069,0.681635,0.530624,0.525914,0.67906,0.527452,0.628517,5.66,16.59006706,512,16,10356.30617,0.323184729,4.66,13.65895981
simvarmass_64defaf0,3092,2920,500,1013,0.409798,0.668243,5;3,2574,0.857962,0.885132,0.884928,0.881953,2574,0.897436,0.906691,0.906691,0.92253,22166,0.164411,0.305511,0.218386,0.891979,20565,0.167974,0.311093,0.221749,0.891476,0.763871,0.806695,0.869664,0.771689,0.811398,0.878383,0.059279,0.113208,0.060155,0.055798,0.106252,0.056164,0.465251,0.625459,0.467982,0.463841,0.624569,0.466392,0.560427,2.026,4.943899189,512,16,10356.30617,0.29856205,1.026,2.503672541
simvarmass_65333ab4,174,163,500,3129,0.350699,0.391705,5;3,160,0.913793,0.954955,0.952096,0.913793,160,0.946429,0.972477,0.969512,0.946429,203,0.948276,0.973451,0.875332,0.948276,177,0.944785,0.971609,0.905882,0.944785,0.804637,0.888179,0.816092,0.803722,0.887372,0.815951,0.822844,0.826446,0.862069,0.820733,0.830861,0.858896,0.873115,0.925926,0.873563,0.864694,0.92053,0.865031,0.523174,6.258,17.84436226,512,16,10356.30617,0.016801357,5.258,14.99291415
simvarmass_654ce2e4,3062,2897,500,3875,0.141875,0.49658,5;3,338,0.878837,0.935512,0.198824,0.878837,338,0.91843,0.957481,0.206854,0.91843,2774,0.900392,0.947585,0.944825,0.900392,2612,0.898826,0.946718,0.945171,0.898826,0.821738,0.901862,0.822665,0.83017,0.906898,0.831146,0.704943,0.741653,0.747224,0.709069,0.74409,0.749741,0.613261,0.749001,0.614958,0.610733,0.748727,0.612245,0.67911,7.75,54.62555066,512,16,10356.30617,0.295665264,6.75,47.57709251
simvarmass_654fd554,1182,1132,500,3160,0.129668,0.535371,5;3,1103,0.933968,0.965427,0.965427,0.93401,1103,0.960792,0.979574,0.979574,0.960836,1133,0.950931,0.974848,0.971058,0.950931,1080,0.949647,0.974173,0.971971,0.949647,0.851152,0.919635,0.851946,0.852534,0.920438,0.853357,0.839422,0.822842,0.879019,0.839892,0.824197,0.878868,0.622752,0.747739,0.629442,0.621133,0.748941,0.627329,0.604442,6.32,48.73985872,512,16,10356.30617,0.114133358,5.32,41.02785575
simvarmass_65666ac5,508,490,500,4301,0.270875,0.183723,5;3,482,0.948819,0.973737,0.973737,0.948819,482,0.969819,0.984678,0.984678,0.969819,517,0.970472,0.985015,0.961951,0.970472,488,0.969388,0.984456,0.97137,0.969388,0.860236,0.924868,0.860236,0.869388,0.930131,0.869388,0.854857,0.828221,0.897638,0.855003,0.831389,0.895918,0.955065,0.959759,0.962598,0.955664,0.960417,0.963265,0.550544,8.602,31.75634518,512,16,10356.30617,0.049052238,7.602,28.06460545
simvarmass_6586fd74,1025,962,500,3004,0.075929,0.391974,5;3,1420,0.924878,0.960973,0.77546,0.924878,1420,0.970317,0.984935,0.790989,0.970317,1003,0.962927,0.981113,0.973373,0.962927,932,0.961538,0.980392,0.976769,0.961538,0.847292,0.916754,0.84878,0.853953,0.920582,0.855509,0.878585,0.858452,0.912195,0.883834,0.861957,0.913632,0.742594,0.827027,0.746341,0.736832,0.827103,0.739812,0.614571,6.008,79.12655244,512,16,10356.30617,0.098973513,5.008,65.95635396
simvarmass_659fa243,4539,4287,500,1994,0.465836,0.622724,5;3,3804,0.841456,0.909222,0.908786,0.842697,3804,0.880444,0.931648,0.931221,0.881743,20320,0.638706,0.79717,0.312885,0.856797,18892,0.652322,0.806249,0.316321,0.855143,0.793507,0.874539,0.831681,0.80038,0.879181,0.838462,0.237469,0.383342,0.242344,0.233612,0.378569,0.238273,0.501012,0.656596,0.502754,0.499244,0.655352,0.500935,0.611484,3.988,8.560952782,512,16,10356.30617,0.438283682,2.988,6.414274552
simvarmass_65d8292e,4890,4620,500,1165,0.200828,0.569953,5;3,4083,0.837143,0.909212,0.908726,0.837423,4083,0.87658,0.932054,0.931566,0.876874,19621,0.847853,0.917598,0.33846,0.848262,18169,0.846104,0.916637,0.34306,0.846104,0.8105,0.892384,0.827198,0.814095,0.894573,0.830519,0.32693,0.487992,0.33865,0.322488,0.483105,0.33254,0.539589,0.693824,0.543354,0.538035,0.692627,0.54173,0.639075,2.33,11.60196785,512,16,10356.30617,0.472176075,1.33,6.622582508
simvarmass_663c9378,2346,2217,500,4100,0.260104,0.264042,5;3,2111,0.900256,0.94751,0.947274,0.900256,2111,0.941176,0.969697,0.96946,0.941176,2239,0.935209,0.96652,0.957034,0.935209,2107,0.939107,0.968597,0.962997,0.939107,0.841161,0.913255,0.842285,0.853193,0.920272,0.854373,0.742679,0.769006,0.78474,0.744601,0.771239,0.785843,0.827312,0.88965,0.829923,0.825178,0.889375,0.827602,0.636176,8.2,31.5258512,512,16,10356.30617,0.226528645,7.2,27.6812352
simvarmass_66a8d804,1932,1824,500,3458,0.097281,0.301823,5;3,1765,0.913561,0.954828,0.954828,0.913561,1765,0.955087,0.977027,0.977027,0.955087,1853,0.949793,0.97425,0.969617,0.949793,1739,0.949013,0.97384,0.971653,0.949013,0.845305,0.915919,0.846273,0.850954,0.919207,0.851974,0.817325,0.800778,0.862319,0.818286,0.803308,0.860746,0.798021,0.87105,0.801242,0.793225,0.871764,0.795592,0.655994,6.916,71.09301919,512,16,10356.30617,0.186553001,5.916,60.8135196
simvarmass_66d1f4c5,1826,1723,500,3865,0.185471,0.590937,5;3,1642,0.903065,0.948489,0.946943,0.903067,1642,0.942284,0.969697,0.96816,0.942286,1757,0.93483,0.966318,0.952833,0.93483,1643,0.933836,0.965786,0.956031,0.933836,0.822304,0.902703,0.823658,0.830839,0.907824,0.832269,0.782139,0.79084,0.816539,0.785449,0.793651,0.819291,0.587438,0.723675,0.590909,0.588969,0.726106,0.592205,0.626534,7.73,41.67767468,512,16,10356.30617,0.176317692,6.73,36.28599619
simvarmass_66f63cf6,4124,3882,500,1390,0.204685,0.498596,5;3,3548,0.860978,0.924059,0.923358,0.861785,3548,0.902561,0.947509,0.946806,0.903406,20387,0.882409,0.937749,0.29807,0.88579,18886,0.882314,0.937628,0.301726,0.884625,0.81323,0.895462,0.824927,0.822307,0.901118,0.832561,0.410501,0.568204,0.427255,0.407092,0.565225,0.422572,0.588456,0.73181,0.590204,0.587002,0.731041,0.588007,0.637587,2.78,13.58184527,512,16,10356.30617,0.398211479,1.78,8.69628942
simvarmass_67b2916e,2339,2218,500,4517,0.065844,0.89175,5;3,2082,0.889689,0.941416,0.941416,0.889696,2082,0.92984,0.963426,0.963426,0.929848,2138,0.910218,0.952999,0.951083,0.910218,2022,0.908927,0.952291,0.950943,0.908927,0.831753,0.908287,0.834117,0.837918,0.911937,0.840397,0.704599,0.729717,0.755879,0.704944,0.732249,0.754172,0.471611,0.632059,0.473707,0.469885,0.63069,0.472022,0.69191,9.034,137.2030861,512,16,10356.30617,0.225852728,8.034,122.0156734
simvarmass_6819313d,84,78,500,3191,0.054979,0.70869,5;3,65,0.77381,0.872483,0.872483,0.77381,65,0.822785,0.902778,0.902778,0.822785,72,0.797619,0.887417,0.858974,0.797619,64,0.807692,0.893617,0.887324,0.807692,0.75,0.857143,0.75,0.75641,0.861314,0.75641,0.758433,0.805031,0.797619,0.76368,0.805369,0.807692,0.550692,0.715328,0.583333,0.531,0.704,0.564103,0.553772,6.382,116.0806854,512,16,10356.30617,0.008111,5.382,97.89192237
simvarmass_6897f4a7,27,19,500,1263,0.262471,0.126643,5;3,12,0.444444,0.615385,0.615385,0.444444,12,0.6,0.75,0.75,0.6,65,0.312963,0.553191,0.282609,0.481481,40,0.424561,0.647059,0.372881,0.578947,0.462969,0.615385,0.481481,0.552639,0.689655,0.578947,0.394678,0.564103,0.407407,0.458626,0.62069,0.473684,0.591503,0.727273,0.592593,0.735088,0.823529,0.736842,0.517755,2.526,9.623920357,512,16,10356.30617,0.002607107,1.526,5.813975639
simvarmass_689fa9ed,2475,2342,500,1192,0.199073,0.213115,5;3,2222,0.900735,0.946182,0.945284,0.901414,2222,0.940641,0.967798,0.966899,0.94135,23028,0.931717,0.964652,0.180841,0.931717,21394,0.931255,0.964404,0.183771,0.931255,0.831653,0.906925,0.844848,0.837343,0.910274,0.850491,0.478146,0.62583,0.495354,0.473259,0.623299,0.48869,0.868746,0.91558,0.870303,0.866796,0.915531,0.867981,0.598421,2.384,11.97550647,512,16,10356.30617,0.238984823,1.384,6.952223556
simvarmass_68f8a12f,3307,3116,500,3418,0.404501,0.302026,5;3,2900,0.879633,0.934965,0.934429,0.879649,2900,0.924062,0.959524,0.958995,0.924079,3131,0.913819,0.954969,0.938801,0.913819,2933,0.914607,0.955399,0.94213,0.914607,0.811908,0.895343,0.81766,0.821033,0.900952,0.82638,0.5694,0.684449,0.593589,0.56612,0.6829,0.589727,0.756585,0.847756,0.759903,0.753599,0.847255,0.756774,0.630957,6.836,16.89983461,512,16,10356.30617,0.319322348,5.836,14.42765284
simvarmass_690ae13f,3994,3780,500,4373,0.212912,0.410062,5;3,3240,0.863545,0.926777,0.89577,0.863545,3240,0.903589,0.949353,0.918237,0.903589,3587,0.886079,0.939599,0.93365,0.886079,3378,0.886802,0.940006,0.936723,0.886802,0.818384,0.900371,0.820731,0.828601,0.906701,0.830688,0.64446,0.721455,0.68027,0.642884,0.720956,0.677684,0.657594,0.778122,0.660741,0.655642,0.778195,0.658537,0.690763,8.746,41.07800406,512,16,10356.30617,0.385658741,7.746,36.38122793
simvarmass_695e624c,1445,1367,500,3544,0.411565,0.348654,5;3,1326,0.919685,0.957055,0.957055,0.920415,1326,0.963004,0.980044,0.980044,0.963768,1435,0.955709,0.977353,0.959028,0.955709,1344,0.955377,0.977179,0.963482,0.955377,0.838774,0.911554,0.842907,0.850858,0.918641,0.854532,0.716489,0.753592,0.750173,0.716227,0.752941,0.749817,0.731311,0.827237,0.73564,0.726374,0.825105,0.72975,0.577837,7.088,17.22206699,512,16,10356.30617,0.139528513,6.088,14.79231713
simvarmass_6965cbd0,751,703,500,4846,0.281745,0.470558,5;3,694,0.924096,0.959889,0.95917,0.924101,694,0.962547,0.980226,0.979505,0.962552,745,0.962716,0.981004,0.966578,0.962716,688,0.960171,0.979681,0.970525,0.960171,0.836515,0.910145,0.838881,0.846699,0.916089,0.849218,0.832946,0.824913,0.868176,0.835783,0.828044,0.869318,0.653671,0.766384,0.661784,0.648084,0.76412,0.656205,0.563863,9.692,34.39990062,512,16,10356.30617,0.072516203,8.692,30.85059185
simvarmass_698362ec,2438,2303,500,2131,0.484399,0.166586,5;3,2230,0.911009,0.950968,0.948586,0.912223,2230,0.949163,0.971441,0.968928,0.950427,23072,0.777583,0.880123,0.179302,0.938064,21428,0.801318,0.893967,0.182967,0.942683,0.842916,0.913179,0.85644,0.849761,0.917194,0.862039,0.316414,0.47619,0.321985,0.308465,0.466926,0.312636,0.899554,0.932703,0.903199,0.903214,0.935792,0.906481,0.579706,4.262,8.798531789,512,16,10356.30617,0.235412121,3.262,6.734117948
simvarmass_69ec5775,2470,2348,500,4777,0.40701,0.517641,5;3,2211,0.897888,0.945144,0.94467,0.897976,2211,0.930668,0.963027,0.96256,0.93076,2293,0.912146,0.954055,0.946042,0.912146,2170,0.913118,0.954586,0.949093,0.913118,0.838366,0.911693,0.840486,0.8488,0.91801,0.850511,0.654238,0.721884,0.695142,0.653715,0.72295,0.692635,0.614724,0.750062,0.616599,0.615487,0.751037,0.617221,0.624432,9.554,23.47362473,512,16,10356.30617,0.238502026,8.554,21.01668264
simvarmass_6b29022b,1008,967,500,1994,0.128904,0.119773,5;3,951,0.944444,0.971429,0.970904,0.944444,951,0.96945,0.984488,0.983963,0.96945,999,0.96627,0.982846,0.970603,0.96627,947,0.965874,0.982641,0.975967,0.965874,0.846421,0.916219,0.847222,0.848188,0.917226,0.849018,0.847216,0.848195,0.874008,0.847491,0.849391,0.872802,0.969416,0.969207,0.973214,0.970168,0.970495,0.974066,0.585922,3.988,30.93775213,512,16,10356.30617,0.097332001,2.988,23.18004096
simvarmass_6b81ae5d,622,585,500,4204,0.256026,0.358684,5;3,572,0.922047,0.958996,0.958124,0.92283,572,0.96551,0.982005,0.981132,0.96633,619,0.959807,0.979491,0.962127,0.959807,577,0.962393,0.980836,0.969019,0.962393,0.856121,0.92201,0.856913,0.867534,0.928571,0.868376,0.87694,0.846219,0.90836,0.877894,0.844004,0.911111,0.779372,0.838235,0.787781,0.787444,0.846004,0.794521,0.557454,8.408,32.84041465,512,16,10356.30617,0.060060024,7.408,28.93456133
simvarmass_6bf089f5,1010,959,500,3383,0.409424,0.720298,5;3,928,0.921082,0.957688,0.957688,0.921782,928,0.960055,0.978387,0.978387,0.960784,1010,0.953466,0.976203,0.954455,0.954455,948,0.95412,0.976546,0.960671,0.955162,0.843461,0.914654,0.860396,0.848676,0.9177,0.866528,0.632014,0.721649,0.658416,0.628043,0.718625,0.653806,0.5469,0.692844,0.548515,0.541712,0.688172,0.542887,0.558769,6.766,16.52565556,512,16,10356.30617,0.09752512,5.766,14.08319981
simvarmass_6c60f6f9,2464,2316,500,4875,0.269086,0.717861,5;3,2187,0.887987,0.940671,0.940443,0.887987,2187,0.935442,0.966645,0.966416,0.935442,2267,0.908685,0.952158,0.946523,0.908685,2116,0.907168,0.951324,0.948105,0.907168,0.826389,0.904645,0.82711,0.837315,0.911142,0.838083,0.695378,0.743138,0.728896,0.6915,0.743848,0.723469,0.525831,0.678832,0.528409,0.523666,0.677635,0.525746,0.642714,9.75,36.23376913,512,16,10356.30617,0.237922668,8.75,32.51748512
simvarmass_6c8f9341,3652,3451,500,4991,0.435008,0.167263,5;3,3218,0.880658,0.936245,0.936245,0.880887,3218,0.921009,0.958569,0.958569,0.921249,3417,0.907996,0.95178,0.938181,0.907996,3205,0.907273,0.951383,0.940805,0.907273,0.823913,0.903168,0.824206,0.831624,0.907768,0.831933,0.620556,0.713303,0.653341,0.618215,0.7144,0.649275,0.910453,0.939459,0.912377,0.911636,0.941123,0.91298,0.652817,9.982,22.94670443,512,16,10356.30617,0.352635384,8.982,20.64789613
simvarmass_6cfb89e7,876,834,500,3221,0.327413,0.829028,5;3,811,0.932367,0.96213,0.96147,0.938356,811,0.962018,0.977751,0.977108,0.968198,25978,0.961182,0.97907,0.062709,0.961187,24156,0.960428,0.979218,0.064106,0.960432,0.848571,0.908978,0.864155,0.847067,0.908143,0.863309,0.662886,0.722969,0.692922,0.658113,0.720539,0.688249,0.521892,0.666667,0.526256,0.519272,0.665138,0.522837,0.556384,6.442,19.67545577,512,16,10356.30617,0.084586143,5.442,16.6212093
simvarmass_6d1b128c,533,505,500,4800,0.47437,0.727616,5;3,494,0.928704,0.962099,0.962025,0.928705,494,0.970586,0.984095,0.984064,0.970588,542,0.962477,0.98088,0.954419,0.962477,505,0.960396,0.979798,0.960396,0.960396,0.839491,0.91002,0.842402,0.84643,0.913978,0.849505,0.760326,0.79089,0.787992,0.759411,0.790698,0.786139,0.573625,0.707657,0.579737,0.564973,0.701235,0.571429,0.541658,9.6,20.23736746,512,16,10356.30617,0.051466227,8.6,18.12930835
simvarmass_6d6f1ea7,1575,1481,500,2666,0.319264,0.152081,5;3,1438,0.915186,0.955254,0.953867,0.916825,1438,0.959027,0.978608,0.977219,0.960745,24552,0.949841,0.974275,0.114518,0.949841,22871,0.951384,0.975087,0.115719,0.951384,0.844879,0.915091,0.853968,0.851196,0.918702,0.86023,0.7188,0.761873,0.750476,0.71935,0.764376,0.750844,0.954668,0.967026,0.956825,0.956675,0.9679,0.958588,0.582774,5.332,16.7009121,512,16,10356.30617,0.152081251,4.332,13.56870803
simvarmass_6d88b866,2179,2071,500,1317,0.295672,0.65667,5;3,1938,0.898778,0.939928,0.936119,0.902708,1938,0.931259,0.957483,0.953724,0.93533,23285,0.865909,0.930265,0.157242,0.91877,21610,0.87706,0.936065,0.160213,0.915983,0.827487,0.89257,0.857733,0.832424,0.895208,0.863351,0.32302,0.484848,0.33777,0.317242,0.478382,0.331401,0.533184,0.685697,0.534649,0.530247,0.683899,0.531719,0.574383,2.634,8.908520252,512,16,10356.30617,0.210403204,1.634,5.526394112
simvarmass_6e1e63e0,4886,4641,500,3044,0.376646,0.240482,5;3,4151,0.850273,0.918823,0.918446,0.850389,4151,0.887889,0.940351,0.939977,0.88801,19212,0.871265,0.931204,0.353307,0.871265,17744,0.868778,0.929782,0.360241,0.868778,0.80174,0.889368,0.810274,0.80723,0.892755,0.815693,0.447537,0.602489,0.465616,0.446461,0.602517,0.464024,0.766877,0.854769,0.768522,0.764096,0.853667,0.765608,0.658918,6.088,16.16371872,512,16,10356.30617,0.471789837,5.088,13.50870579
simvarmass_6e213421,1371,1304,500,3862,0.101289,0.175363,5;3,1303,0.937272,0.96762,0.961107,0.937272,1303,0.974223,0.986943,0.980168,0.974223,1347,0.973742,0.986696,0.98234,0.973742,1274,0.972393,0.986003,0.983708,0.972393,0.84789,0.917027,0.851204,0.855415,0.921367,0.858896,0.851036,0.831367,0.889861,0.851722,0.832934,0.889655,0.949386,0.956065,0.954048,0.948668,0.958121,0.952271,0.631067,7.724,76.25704667,512,16,10356.30617,0.132383108,6.724,66.38430629
simvarmass_6e6538b8,3522,3298,500,3337,0.186786,0.55365,5;3,2541,0.864566,0.927364,0.838199,0.864566,2541,0.910586,0.953201,0.863551,0.910586,20292,0.889835,0.941707,0.263207,0.889835,18880,0.891146,0.94244,0.265037,0.891146,0.815702,0.89822,0.817717,0.822552,0.902358,0.824439,0.653371,0.728591,0.684838,0.651844,0.729958,0.681309,0.582992,0.725352,0.584895,0.580698,0.724758,0.582344,0.67152,6.674,35.73072928,512,16,10356.30617,0.340082645,5.674,30.37700898
simvarmass_6e733dd7,4100,3877,500,3377,0.389134,0.366593,5;3,3549,0.867071,0.928263,0.927703,0.867073,3549,0.905962,0.950114,0.949552,0.905963,3784,0.888293,0.940842,0.923896,0.888293,3548,0.888832,0.941144,0.928215,0.888832,0.807138,0.89225,0.809512,0.811548,0.895216,0.813822,0.511611,0.648304,0.533902,0.508836,0.646929,0.529654,0.664785,0.786135,0.666585,0.661438,0.784392,0.662959,0.647927,6.754,17.35648902,512,16,10356.30617,0.395894051,5.754,14.78668017
simvarmass_6e9ec339,39,37,500,1083,0.098918,0.85554,5;3,32,0.820513,0.901408,0.901408,0.820513,32,0.864865,0.927536,0.927536,0.864865,44,0.846154,0.916667,0.795181,0.846154,39,0.837838,0.911765,0.815789,0.837838,0.664819,0.787879,0.717949,0.646378,0.774194,0.702703,0.633958,0.75,0.641026,0.616358,0.754098,0.621622,0.74359,0.852941,0.74359,0.72973,0.84375,0.72973,0.534729,2.166,21.89692473,512,16,10356.30617,0.003765821,1.166,11.7875412
simvarmass_6eaf489e,1411,1313,500,4933,0.169419,0.238939,5;3,1289,0.920624,0.958672,0.954815,0.920624,1289,0.967238,0.983346,0.979483,0.967238,1390,0.963855,0.981595,0.971082,0.963855,1284,0.961919,0.98059,0.972661,0.961919,0.853453,0.919847,0.854004,0.866988,0.927902,0.867479,0.838101,0.82426,0.880227,0.841758,0.825882,0.882801,0.876801,0.911524,0.880936,0.877348,0.912956,0.881589,0.619538,9.866,58.23431846,512,16,10356.30617,0.136245489,8.866,52.33179277
simvarmass_6ec631d8,2372,2249,500,3749,0.250958,0.152043,5;3,2156,0.908649,0.952087,0.951855,0.908938,2156,0.946559,0.972485,0.972254,0.94686,2306,0.943929,0.971156,0.957247,0.943929,2175,0.94442,0.971416,0.960217,0.94442,0.848947,0.917084,0.849916,0.857589,0.922047,0.858604,0.759143,0.77074,0.795531,0.76029,0.770967,0.796263,0.948491,0.963913,0.950675,0.95028,0.964581,0.951383,0.634267,7.498,29.87750938,512,16,10356.30617,0.229039192,6.498,25.89277887
simvarmass_6fb02ac2,2262,2134,500,4162,0.393036,0.421283,5;3,2039,0.902913,0.948152,0.948152,0.903183,2039,0.94076,0.968646,0.968646,0.941041,2163,0.926172,0.961671,0.946893,0.926172,2024,0.926898,0.962062,0.951419,0.926898,0.824696,0.904116,0.830681,0.82769,0.905922,0.834037,0.686436,0.745948,0.72237,0.682565,0.745623,0.717697,0.666706,0.786517,0.669761,0.66296,0.783603,0.665412,0.613475,8.324,21.17872154,512,16,10356.30617,0.218417645,7.324,18.63442535
simvarmass_6ff7e6de,4023,3796,500,2481,0.274121,0.735846,5;3,3382,0.842892,0.913823,0.912897,0.842903,3382,0.884443,0.937725,0.936807,0.884455,20241,0.860716,0.92505,0.285443,0.8608,18763,0.859537,0.924363,0.289362,0.859626,0.791149,0.881088,0.802635,0.799732,0.886354,0.81074,0.477798,0.617976,0.501616,0.476875,0.617336,0.499737,0.49934,0.656031,0.50087,0.496876,0.65531,0.498282,0.647299,4.962,18.10149533,512,16,10356.30617,0.388458967,3.962,14.45347128
simvarmass_6ffa9b80,3150,2982,500,4256,0.256816,0.778359,5;3,2132,0.878413,0.935271,0.80727,0.878413,2132,0.917745,0.957108,0.828444,0.917745,2900,0.898413,0.946488,0.935537,0.898413,2722,0.896378,0.945358,0.937237,0.896378,0.826802,0.904605,0.827619,0.832133,0.90776,0.832998,0.586555,0.676864,0.621905,0.58652,0.678491,0.619799,0.487186,0.646283,0.489841,0.482427,0.6423,0.484859,0.656444,8.512,33.14435238,512,16,10356.30617,0.304162502,7.512,29.25051399
simvarmass_701c9c7a,3964,3768,500,1522,0.398835,0.170644,5;3,3496,0.883212,0.935925,0.935925,0.884208,3496,0.919152,0.955784,0.955784,0.920189,20971,0.815927,0.90325,0.289793,0.911453,19401,0.829657,0.910854,0.295913,0.909766,0.813503,0.895066,0.838799,0.819483,0.898631,0.845093,0.133842,0.237821,0.135469,0.129812,0.230553,0.130573,0.828856,0.890239,0.831736,0.826152,0.889556,0.829028,0.599022,3.044,7.632228867,512,16,10356.30617,0.382761955,2.044,5.124926348
simvarmass_70391638,369,348,500,911,0.394061,0.682195,5;3,379,0.911934,0.903319,0.871658,0.95393,379,0.945235,0.920588,0.887075,0.988764,25632,0.014009,0.027999,0.027999,0.98645,23840,0.014181,0.028361,0.028361,0.985632,0.758154,0.811728,0.897019,0.760623,0.811166,0.902299,0.051491,0.097938,0.051491,0.048851,0.093151,0.048851,0.668155,0.784127,0.672087,0.671325,0.786555,0.675287,0.520413,1.822,4.623649638,512,16,10356.30617,0.035630465,0.822,2.085971461
simvarmass_705b44e5,1623,1529,500,1003,0.471148,0.860306,5;3,1160,0.825962,0.842426,0.826446,0.911275,1160,0.864863,0.863794,0.848708,0.954194,24016,0.083869,0.163717,0.118257,0.935305,22292,0.085671,0.166921,0.120052,0.935336,0.694107,0.748315,0.884165,0.700161,0.752076,0.885696,0.064289,0.122989,0.065927,0.059491,0.11418,0.060824,0.450827,0.613456,0.453481,0.455619,0.618246,0.458115,0.536723,2.006,4.257685483,512,16,10356.30617,0.156716108,1.006,2.135210168
simvarmass_70a83033,1471,1394,500,2959,0.350516,0.134473,5;3,1368,0.931853,0.96372,0.96372,0.932699,1368,0.971478,0.984527,0.984527,0.97236,1538,0.966697,0.983109,0.947823,0.969409,1438,0.969154,0.984347,0.954802,0.969871,0.84226,0.913717,0.850442,0.84679,0.91657,0.854376,0.731324,0.771026,0.763426,0.729995,0.771522,0.761836,0.964568,0.969802,0.967369,0.964995,0.970203,0.967603,0.579625,5.918,16.88368006,512,16,10356.30617,0.142039061,4.918,14.03074325
simvarmass_717702dc,2624,2502,500,2480,0.461967,0.515147,5;3,2339,0.891908,0.941271,0.940963,0.89253,2339,0.927981,0.960986,0.960708,0.928628,2536,0.907872,0.952136,0.932946,0.917302,2386,0.912495,0.95446,0.939034,0.917266,0.825414,0.903024,0.849085,0.833918,0.908061,0.858,0.413279,0.570558,0.428354,0.406164,0.565054,0.420232,0.601402,0.740758,0.603277,0.596097,0.738042,0.597752,0.592967,4.96,10.73669764,512,16,10356.30617,0.253372192,3.96,8.57204086
simvarmass_71c62fa7,929,864,500,2517,0.230908,0.125087,5;3,862,0.926801,0.961431,0.960357,0.926803,862,0.972879,0.985673,0.984545,0.972881,956,0.970936,0.985254,0.957029,0.970936,871,0.971065,0.98532,0.967147,0.971065,0.841636,0.913551,0.841765,0.852873,0.9201,0.853009,0.834031,0.81797,0.870829,0.834918,0.819549,0.871528,0.965318,0.970092,0.972013,0.963407,0.970657,0.969803,0.565852,5.034,21.8008904,512,16,10356.30617,0.089703798,4.034,17.47016128
simvarmass_71e021f1,3531,3343,500,3624,0.215227,0.573296,5;3,1262,0.866893,0.928701,0.526601,0.866893,1262,0.90777,0.951656,0.54467,0.90777,3165,0.885018,0.939002,0.933393,0.885018,2981,0.884834,0.938899,0.935484,0.884834,0.811671,0.89569,0.813084,0.82047,0.900788,0.821364,0.622612,0.705614,0.656754,0.621389,0.706053,0.654203,0.552848,0.704276,0.555084,0.554148,0.705101,0.55642,0.669105,7.248,33.67607224,512,16,10356.30617,0.340951681,6.248,29.02981503
simvarmass_71fe28dc,2363,2233,500,1694,0.302364,0.363966,5;3,2125,0.901854,0.94697,0.94697,0.903089,2125,0.941706,0.968551,0.968551,0.942996,22902,0.931443,0.964505,0.174233,0.931443,21287,0.931482,0.964526,0.176871,0.931482,0.825518,0.903614,0.840034,0.829977,0.906334,0.845052,0.450573,0.603444,0.467203,0.443398,0.596849,0.458128,0.704269,0.813931,0.707152,0.703584,0.814545,0.706306,0.58941,3.388,11.20503764,512,16,10356.30617,0.228170156,2.388,7.897765607
simvarmass_723d899d,4286,4021,500,2004,0.165745,0.745011,5;3,2632,0.840153,0.912917,0.760914,0.840177,2632,0.884959,0.938738,0.785554,0.884984,19704,0.858143,0.923656,0.306628,0.858143,18257,0.858706,0.923983,0.309916,0.858706,0.800054,0.887592,0.803546,0.809963,0.893623,0.813479,0.493593,0.624177,0.519832,0.493443,0.625468,0.519513,0.481737,0.641288,0.483434,0.478213,0.63923,0.479462,0.667616,4.008,24.18172494,512,16,10356.30617,0.413854122,3.008,18.14836043
simvarmass_7253315a,4847,4597,500,1995,0.063333,0.422892,5;3,4129,0.851867,0.920009,0.920009,0.851867,4129,0.889296,0.941404,0.941404,0.889296,4256,0.867134,0.92884,0.923432,0.867134,4020,0.867493,0.929046,0.925487,0.867493,0.800248,0.888914,0.801733,0.807833,0.893561,0.809399,0.587563,0.685656,0.625748,0.584538,0.684456,0.621739,NaN,NaN,NaN,NaN,NaN,NaN,0.717624,3.99,63.00033158,512,16,10356.30617,0.468024015,2.99,47.21077479
simvarmass_726e096b,3645,3425,500,3038,0.314231,0.840287,5;3,3044,0.843,0.91166,0.908955,0.843073,3044,0.886025,0.936307,0.933661,0.886101,3222,0.860016,0.924008,0.912771,0.860082,3004,0.860079,0.924333,0.916161,0.860146,0.80853,0.888078,0.818381,0.820409,0.895287,0.830266,0.495161,0.625706,0.516872,0.494036,0.625843,0.514594,0.476785,0.637078,0.478464,0.477233,0.637709,0.478935,0.641169,6.076,19.33609351,512,16,10356.30617,0.351959467,5.076,16.15372131
simvarmass_73294985,3111,2927,500,1814,0.250693,0.157061,5;3,2762,0.89088,0.940235,0.940235,0.891353,2762,0.933803,0.9637,0.9637,0.934299,21831,0.91772,0.957219,0.229653,0.920604,20250,0.918009,0.957341,0.232386,0.920055,0.824708,0.902976,0.837673,0.827445,0.904575,0.840901,0.548331,0.677444,0.572485,0.546868,0.678056,0.569525,0.91496,0.941236,0.91739,0.915716,0.941982,0.917353,0.620768,3.628,14.47188394,512,16,10356.30617,0.300396681,2.628,10.48294129
simvarmass_7339f995,4239,4027,500,4518,0.109682,0.18292,5;3,3735,0.881104,0.936795,0.936795,0.881104,3735,0.917916,0.957201,0.957201,0.917916,3847,0.900684,0.947747,0.944348,0.900684,3649,0.901936,0.94844,0.946463,0.901936,0.822071,0.901707,0.823071,0.830834,0.906873,0.831388,0.685444,0.740213,0.722576,0.684597,0.740155,0.721132,NaN,NaN,NaN,NaN,NaN,NaN,0.725368,9.036,82.3836181,512,16,10356.30617,0.409315825,8.036,73.26635182
simvarmass_7368d9fd,3821,3618,500,2377,0.321876,0.48951,5;3,3304,0.866739,0.92765,0.926877,0.866789,3304,0.906104,0.949756,0.948987,0.906156,3524,0.885632,0.939348,0.921443,0.885632,3302,0.885849,0.939469,0.926301,0.885849,0.819174,0.899727,0.829626,0.825175,0.903226,0.834485,0.457715,0.603274,0.477362,0.449777,0.597986,0.467403,0.589192,0.729673,0.593038,0.582684,0.725715,0.586379,0.633214,4.754,14.76966285,512,16,10356.30617,0.368953943,3.754,11.66287639
simvarmass_73b06dc7,2035,1907,500,4208,0.22759,0.37879,5;3,1845,0.907125,0.951301,0.951031,0.907125,1845,0.950077,0.9744,0.974129,0.950077,1936,0.938084,0.968053,0.961471,0.938084,1812,0.94022,0.969189,0.964238,0.94022,0.841788,0.9136,0.842752,0.849525,0.918107,0.850551,0.782076,0.785498,0.823096,0.784429,0.788074,0.82538,0.711466,0.816727,0.714988,0.705921,0.814882,0.708947,0.628722,8.416,36.97877763,512,16,10356.30617,0.196498632,7.416,32.58491146
simvarmass_74144664,2792,2634,500,4139,0.345142,0.587161,5;3,2468,0.883953,0.938046,0.938023,0.883954,2468,0.927121,0.961808,0.961793,0.927122,2637,0.915473,0.955871,0.94161,0.915473,2470,0.916097,0.956212,0.945533,0.916097,0.816115,0.898265,0.820559,0.825275,0.903762,0.829981,0.645349,0.720532,0.678725,0.644372,0.722369,0.676158,0.583584,0.726465,0.58596,0.578667,0.723475,0.58035,0.634213,8.278,23.98433109,512,16,10356.30617,0.269594193,7.278,21.0869729
simvarmass_7425cdad,4894,4608,500,933,0.179624,0.353999,5;3,4162,0.851369,0.918221,0.917845,0.851451,4162,0.891633,0.941176,0.940804,0.891718,4509,0.868002,0.929399,0.904392,0.868819,4195,0.865915,0.92814,0.906633,0.865915,0.799723,0.886516,0.816714,0.805003,0.889877,0.822126,0.253054,0.403425,0.25991,0.248508,0.397488,0.254068,0.642361,0.771729,0.645893,0.640735,0.771578,0.643541,0.63377,1.866,10.38836681,512,16,10356.30617,0.472562313,0.866,4.821182025
simvarmass_7435c5e1,1858,1770,500,4436,0.348395,0.715359,5;3,1687,0.90958,0.952113,0.951763,0.90958,1687,0.944133,0.970706,0.970377,0.944134,23463,0.927879,0.962591,0.136172,0.927879,21741,0.927684,0.962485,0.139679,0.927684,0.833006,0.908717,0.83746,0.837131,0.911159,0.841808,0.693551,0.741051,0.72605,0.693472,0.744104,0.723885,0.527538,0.682149,0.529602,0.527074,0.682482,0.528846,0.607377,8.872,25.46534824,512,16,10356.30617,0.179407597,7.872,22.59504298
simvarmass_74410e3f,2997,2812,500,702,0.077236,0.704743,5;3,2552,0.873267,0.929347,0.918364,0.873874,2552,0.918632,0.954487,0.943529,0.91927,2848,0.894561,0.944347,0.917365,0.894561,2648,0.894737,0.944444,0.921612,0.894737,0.81662,0.897224,0.835836,0.824392,0.901601,0.842461,0.514037,0.649455,0.537204,0.509883,0.646386,0.532717,0.525803,0.679278,0.527194,0.521329,0.676199,0.522638,0.634258,1.404,18.17805169,512,16,10356.30617,0.289388895,0.404,5.230721425
simvarmass_74cc1597,2468,2333,500,4314,0.322527,0.539617,5;3,2180,0.885312,0.938521,0.937608,0.885332,2180,0.923088,0.95935,0.958434,0.923109,2336,0.905997,0.95068,0.930891,0.905997,2181,0.9027,0.948862,0.933097,0.9027,0.817647,0.899577,0.819287,0.827439,0.905599,0.828976,0.686037,0.739839,0.726499,0.688151,0.743972,0.72739,0.583093,0.727044,0.585494,0.581252,0.725914,0.583691,0.629127,8.628,26.75124873,512,16,10356.30617,0.238308907,7.628,23.65073312
simvarmass_74d2dd40,841,791,500,4832,0.473072,0.445247,5;3,788,0.940929,0.968098,0.967465,0.944114,788,0.97694,0.986867,0.986233,0.980247,875,0.97503,0.987357,0.955711,0.97503,809,0.974716,0.987196,0.96375,0.974716,0.886707,0.937618,0.890606,0.89095,0.93984,0.89507,0.795127,0.798141,0.827586,0.800181,0.803301,0.830594,0.735287,0.825943,0.741974,0.733168,0.825442,0.740177,0.557565,9.664,20.42818007,512,16,10356.30617,0.08120656,8.664,18.31433693
simvarmass_7553a95d,1150,1080,500,4996,0.249774,0.45071,5;3,1052,0.915512,0.955495,0.955495,0.915652,1052,0.957126,0.977695,0.977695,0.957273,1135,0.953043,0.975957,0.9593,0.953043,1055,0.951852,0.975332,0.962998,0.951852,0.82677,0.904943,0.828696,0.825716,0.904304,0.827778,0.831083,0.819552,0.873043,0.830798,0.819493,0.87234,0.66079,0.772981,0.666087,0.650874,0.768219,0.655814,0.589878,9.992,40.00416376,512,16,10356.30617,0.111043453,8.992,36.00054449
simvarmass_75616fde,3700,3514,500,1847,0.252716,0.115996,5;3,3239,0.876107,0.933333,0.932699,0.877027,3239,0.914156,0.954499,0.953869,0.915116,21065,0.903784,0.949461,0.270059,0.903784,19501,0.903813,0.949477,0.275994,0.903813,0.823007,0.901821,0.835676,0.827207,0.90411,0.839169,0.4997,0.640534,0.518919,0.495943,0.638501,0.513798,0.928785,0.950205,0.93,0.928349,0.950149,0.929469,0.632788,3.694,14.61719875,512,16,10356.30617,0.357270241,2.694,10.66018772
simvarmass_75d9de72,1168,1093,500,4646,0.201703,0.769749,5;3,1052,0.901541,0.948222,0.947748,0.901541,1052,0.948649,0.973648,0.973173,0.948649,1099,0.930651,0.96408,0.958977,0.930651,1024,0.931382,0.964472,0.961738,0.931382,0.846951,0.917091,0.849315,0.860213,0.924816,0.862763,0.785355,0.795826,0.826199,0.78925,0.79573,0.830741,0.523739,0.663807,0.529966,0.516945,0.660497,0.522894,0.594123,9.292,46.06773325,512,16,10356.30617,0.112781525,8.292,41.10994879
simvarmass_76118e8b,896,845,500,3333,0.442222,0.335262,5;3,841,0.926339,0.961761,0.955671,0.926339,841,0.971897,0.985748,0.979351,0.971897,951,0.96875,0.984127,0.939903,0.96875,871,0.968047,0.983764,0.95338,0.968047,0.848677,0.914701,0.853795,0.850783,0.916079,0.855621,0.721546,0.756542,0.761161,0.71777,0.757908,0.75503,0.787794,0.85642,0.793527,0.78308,0.854756,0.788849,0.552883,6.666,15.07387692,512,16,10356.30617,0.086517334,5.666,12.81256925
simvarmass_76697c82,4418,4189,500,1151,0.188869,0.767056,5;3,3664,0.830456,0.901273,0.900767,0.830919,3664,0.868803,0.923525,0.923038,0.869287,20205,0.844662,0.913823,0.303131,0.844726,18673,0.843584,0.913449,0.309159,0.843638,0.793101,0.872497,0.817791,0.796847,0.874967,0.820525,0.345598,0.503091,0.359212,0.343389,0.50109,0.356648,0.465615,0.627242,0.466953,0.466966,0.628672,0.468197,0.633187,2.302,12.18834218,512,16,10356.30617,0.426599979,1.302,6.893667039
simvarmass_76ede883,3308,3145,500,680,0.402757,0.819511,5;3,2236,0.796052,0.807813,0.7886,0.889661,2236,0.826794,0.825521,0.806493,0.924019,22421,0.22759,0.398046,0.227292,0.885429,20763,0.232982,0.406205,0.231619,0.881474,0.669105,0.707026,0.89208,0.670399,0.707538,0.894118,0.011472,0.0227,0.011487,0.010175,0.020145,0.010175,0.39502,0.560867,0.399033,0.391373,0.557805,0.395156,0.547125,1.36,3.376725917,512,16,10356.30617,0.319418907,0.36,0.893839213
simvarmass_77bb444e,4183,3944,500,3278,0.390801,0.436588,5;3,3612,0.863787,0.926154,0.925978,0.864212,3612,0.90557,0.949652,0.949487,0.906015,3840,0.891226,0.942485,0.929328,0.891226,3589,0.890185,0.941903,0.932023,0.890185,0.824835,0.902947,0.834568,0.830813,0.906523,0.840223,0.484902,0.627608,0.507052,0.479892,0.625891,0.500761,0.627819,0.760092,0.63017,0.624359,0.758918,0.626555,0.648423,6.556,16.77580149,512,16,10356.30617,0.403908491,5.556,14.21695441
simvarmass_77ecf679,2897,2732,500,514,0.060488,0.372484,5;3,2563,0.88659,0.938678,0.938095,0.887125,2563,0.926235,0.960479,0.959895,0.926794,2832,0.908871,0.952278,0.919532,0.909216,2627,0.90776,0.95165,0.925546,0.90776,0.824577,0.903214,0.833621,0.834898,0.909344,0.844127,0.514943,0.651417,0.535727,0.508885,0.648127,0.529304,0.700986,0.81179,0.703486,0.698575,0.812367,0.700883,0.631765,1.028,16.99510647,512,16,10356.30617,0.279732943,0.028,0.462901733
simvarmass_782852aa,842,785,500,3074,0.442037,0.888426,5;3,757,0.919464,0.945727,0.94434,0.928741,757,0.965323,0.96993,0.96857,0.975062,844,0.963603,0.972019,0.954923,0.965558,777,0.962645,0.973255,0.960307,0.964331,0.814746,0.88111,0.850356,0.817625,0.881812,0.854777,0.589088,0.693387,0.61639,0.583518,0.694203,0.610191,0.516747,0.657698,0.522565,0.508645,0.651576,0.514031,0.547575,6.148,13.90833799,512,16,10356.30617,0.08130312,5.148,11.64608393
simvarmass_7878cd81,1870,1755,500,3962,0.147938,0.513822,5;3,1657,0.892513,0.943204,0.939609,0.892513,1657,0.938695,0.968378,0.964774,0.938695,1764,0.930481,0.963989,0.957622,0.930481,1648,0.929954,0.963706,0.959459,0.929954,0.827359,0.905583,0.828342,0.835436,0.910388,0.836467,0.784875,0.79708,0.821925,0.782222,0.794521,0.819476,0.595355,0.734319,0.597861,0.595666,0.736287,0.597603,0.63835,7.924,53.56297909,512,16,10356.30617,0.180566311,6.924,46.80339061
simvarmass_78a92236,1057,1004,500,3453,0.383739,0.230268,5;3,975,0.92481,0.959646,0.959646,0.92526,975,0.961185,0.978916,0.978916,0.961652,1058,0.958373,0.978744,0.95792,0.958373,994,0.956175,0.977597,0.960961,0.956175,0.837315,0.910962,0.84106,0.842675,0.9141,0.846614,0.762155,0.786749,0.795648,0.765345,0.791077,0.797607,0.88809,0.921271,0.891202,0.884109,0.919814,0.887226,0.564436,6.906,17.99660707,512,16,10356.30617,0.102063417,5.906,15.39066918
simvarmass_78af1b88,632,607,500,622,0.177176,0.377003,5;3,587,0.927816,0.961444,0.961444,0.936709,587,0.951915,0.974231,0.974231,0.961039,25918,0.295884,0.468482,0.045348,0.952532,24088,0.32378,0.501521,0.04673,0.950577,0.846166,0.91222,0.871835,0.84808,0.91316,0.874794,0.205962,0.340645,0.208861,0.19989,0.332882,0.202636,0.780826,0.862129,0.783228,0.78007,0.863927,0.781818,0.537151,1.244,7.021266989,512,16,10356.30617,0.06102562,0.244,1.377161692
simvarmass_794c7e74,3012,2830,500,4849,0.36487,0.665848,5;3,2594,0.87085,0.930777,0.925437,0.87085,2594,0.914574,0.955191,0.949835,0.914575,2760,0.891766,0.942787,0.9307,0.891766,2569,0.890459,0.942056,0.933506,0.890459,0.810003,0.894872,0.815073,0.817364,0.899243,0.821908,0.620603,0.707942,0.651062,0.619048,0.709266,0.648887,0.540326,0.69094,0.541833,0.537639,0.68978,0.538761,0.64295,9.698,26.57932962,512,16,10356.30617,0.290837288,8.698,23.83862746
simvarmass_794e016e,1353,1274,500,4795,0.259358,0.265899,5;3,1249,0.923134,0.960031,0.960031,0.923134,1249,0.964479,0.981918,0.981918,0.964479,1315,0.954915,0.976938,0.968516,0.954915,1234,0.956044,0.977528,0.971292,0.956044,0.847393,0.917167,0.847746,0.853629,0.920796,0.854003,0.834661,0.825949,0.866962,0.839683,0.830628,0.871272,0.828237,0.880478,0.836659,0.823531,0.879468,0.831761,0.599967,9.59,36.97591746,512,16,10356.30617,0.130645037,8.59,33.12024306
simvarmass_796335db,126,119,500,2715,0.329713,0.827635,5;3,116,0.924691,0.958678,0.958678,0.936508,116,0.962902,0.978903,0.978903,0.975207,139,0.968318,0.984,0.928302,0.97619,123,0.97479,0.987234,0.958678,0.97479,0.87452,0.92827,0.904762,0.872091,0.928571,0.89916,0.597747,0.698276,0.642857,0.601651,0.703196,0.647059,0.702264,0.824074,0.714286,0.690956,0.81592,0.70339,0.520929,5.43,16.46886838,512,16,10356.30617,0.0121665,4.43,13.43592761
simvarmass_79f59f39,3584,3396,500,3635,0.217827,0.16022,5;3,2117,0.882812,0.937759,0.742677,0.882812,2117,0.922718,0.959806,0.763433,0.922718,20191,0.913225,0.954645,0.275331,0.913225,18722,0.91225,0.954111,0.280134,0.91225,0.822138,0.901823,0.822824,0.825394,0.90384,0.825972,0.679302,0.740687,0.718471,0.680416,0.743101,0.718032,0.922856,0.943625,0.924665,0.922134,0.944189,0.923441,0.671301,7.27,33.37510961,512,16,10356.30617,0.346069336,6.27,28.78431048
simvarmass_7a06a63e,4052,3848,500,2751,0.275316,0.428175,5;3,3489,0.86377,0.926539,0.925341,0.863771,3489,0.902293,0.948253,0.947068,0.902294,3699,0.8808,0.936622,0.920913,0.8808,3489,0.879938,0.936135,0.922993,0.879938,0.812619,0.895762,0.815153,0.817783,0.89897,0.82012,0.538902,0.667542,0.564413,0.537738,0.668522,0.561996,0.641404,0.771416,0.643386,0.639143,0.770749,0.640885,0.6544,5.502,19.98430894,512,16,10356.30617,0.391259193,4.502,16.35211902
simvarmass_7a4be8ac,647,609,500,4182,0.333975,0.652665,5;3,601,0.928903,0.963141,0.963141,0.928903,601,0.972492,0.986054,0.986054,0.972492,646,0.970634,0.985098,0.971384,0.970634,600,0.970443,0.985,0.977667,0.970443,0.838524,0.909857,0.842349,0.84651,0.914439,0.850575,0.780536,0.784615,0.825348,0.781292,0.787829,0.824013,0.588392,0.713092,0.593509,0.585282,0.711596,0.590461,0.550407,8.364,25.0437907,512,16,10356.30617,0.062474012,7.364,22.04955461
simvarmass_7a7bd27b,2109,1989,500,1500,0.254073,0.291112,5;3,1896,0.900353,0.946317,0.946317,0.901849,1896,0.943759,0.969806,0.969806,0.945328,2116,0.93504,0.96643,0.933491,0.93504,1966,0.935143,0.966485,0.940582,0.935143,0.843041,0.91339,0.858227,0.847284,0.915964,0.862745,0.48301,0.627672,0.501185,0.474757,0.622222,0.492462,0.775299,0.856845,0.779042,0.769692,0.854277,0.773461,0.586263,3,11.80763009,512,16,10356.30617,0.203644037,2,7.871753394
simvarmass_7ab6f80b,2827,2668,500,2876,0.177414,0.205497,5;3,2519,0.89148,0.942606,0.942013,0.891758,2519,0.932376,0.964976,0.964381,0.932667,2662,0.920764,0.958748,0.948442,0.920764,2498,0.920195,0.958439,0.950648,0.920195,0.823874,0.903001,0.825256,0.833576,0.908757,0.834708,0.713772,0.74729,0.752388,0.711431,0.746618,0.749719,0.896786,0.929407,0.898833,0.894344,0.928989,0.896123,0.65251,5.752,32.42134217,512,16,10356.30617,0.272973776,4.752,26.78480841
simvarmass_7b13e426,2785,2636,500,2784,0.189518,0.413098,5;3,2493,0.895512,0.944876,0.944676,0.895512,2493,0.934783,0.966292,0.966092,0.934783,2610,0.919928,0.958294,0.949768,0.919928,2453,0.919954,0.958309,0.953036,0.919954,0.828802,0.90552,0.829443,0.837532,0.910781,0.838012,0.693677,0.741823,0.728905,0.696667,0.744833,0.731689,0.660946,0.781138,0.663196,0.658252,0.779928,0.66019,0.646371,5.568,29.37979506,512,16,10356.30617,0.268918276,4.568,24.10325141
simvarmass_7bbb9f2e,1783,1696,500,3253,0.454834,0.070091,5;3,1656,0.929884,0.963071,0.963071,0.931015,1656,0.963384,0.980752,0.980752,0.964555,1830,0.950685,0.974857,0.944368,0.956814,1713,0.951674,0.975346,0.951599,0.956368,0.858238,0.924096,0.868761,0.860979,0.925703,0.872052,0.686157,0.749193,0.716209,0.688719,0.752242,0.716981,0.971862,0.98095,0.973079,0.972687,0.982266,0.973934,0.584902,6.506,14.30411974,512,16,10356.30617,0.172165632,5.506,12.10551542
simvarmass_7c470f61,4949,4670,500,2138,0.187047,0.33893,5;3,1583,0.854718,0.921669,0.484691,0.854718,1583,0.897899,0.946203,0.503019,0.897899,18772,0.877147,0.934553,0.366005,0.877147,17409,0.877328,0.934656,0.371196,0.877328,0.807958,0.893208,0.810871,0.818737,0.899894,0.821237,0.518347,0.652195,0.543342,0.517332,0.652404,0.541506,0.678779,0.797112,0.680339,0.674572,0.795099,0.675902,0.678145,4.276,22.86056446,512,16,10356.30617,0.477873087,3.276,17.51431458
simvarmass_7d7f0b39,3951,3714,500,4210,0.304775,0.334242,5;3,1225,0.864591,0.927379,0.473338,0.864591,1225,0.908269,0.95193,0.491376,0.908269,3587,0.889901,0.941744,0.932873,0.889901,3355,0.890145,0.94188,0.935352,0.890145,0.825117,0.903897,0.825361,0.832312,0.908183,0.832571,0.610518,0.703561,0.645153,0.60821,0.703054,0.641281,0.709069,0.814836,0.711719,0.70504,0.81316,0.707534,0.66868,8.42,27.62693791,512,16,10356.30617,0.381506681,7.42,24.34582889
simvarmass_7d96d10b,508,484,500,1967,0.299441,0.31218,5;3,472,0.932766,0.962206,0.961224,0.935039,472,0.961147,0.977178,0.976166,0.963489,541,0.954728,0.976884,0.926597,0.956693,496,0.960744,0.979979,0.94898,0.960744,0.836146,0.910064,0.84252,0.844839,0.915179,0.851546,0.685734,0.748718,0.718504,0.686437,0.752432,0.719008,0.782019,0.863388,0.787402,0.785287,0.866667,0.79089,0.537342,3.934,13.13781346,512,16,10356.30617,0.049052238,2.934,9.79825742
simvarmass_7dc5cba8,2435,2304,500,1832,0.348784,0.760772,5;3,2137,0.884137,0.930944,0.930009,0.888296,2137,0.922001,0.951743,0.950805,0.926338,23237,0.894087,0.943815,0.172484,0.90924,21593,0.897492,0.945389,0.175001,0.907552,0.808887,0.878905,0.839836,0.813686,0.881519,0.845553,0.404004,0.55842,0.41807,0.397891,0.552855,0.409722,0.511086,0.668812,0.512115,0.505723,0.664763,0.506748,0.586104,3.664,10.50506904,512,16,10356.30617,0.235122442,2.664,7.637965044
simvarmass_7e17cdc8,3043,2871,500,4444,0.147834,0.842654,5;3,710,0.86625,0.928332,0.378364,0.86625,710,0.910221,0.953001,0.393788,0.910221,2723,0.887807,0.94046,0.936871,0.88794,2563,0.888401,0.940786,0.938535,0.888541,0.816713,0.898299,0.816957,0.824891,0.903608,0.825148,0.626965,0.692978,0.666448,0.628219,0.697505,0.666087,0.473157,0.634029,0.474532,0.466409,0.628813,0.467388,0.680084,8.888,60.12148761,512,16,10356.30617,0.293830633,7.888,53.35714382
simvarmass_7e1f72b9,4180,3990,500,3387,0.335052,0.475828,5;3,3589,0.858782,0.923948,0.923671,0.858852,3589,0.890526,0.94201,0.941732,0.890598,19855,0.866746,0.928617,0.301477,0.866746,18334,0.865664,0.927996,0.309443,0.865664,0.809218,0.893443,0.811722,0.813922,0.896256,0.816541,0.524548,0.658864,0.552153,0.521049,0.657456,0.548484,0.570888,0.715755,0.574402,0.567879,0.714443,0.570962,0.657951,6.774,20.21775724,512,16,10356.30617,0.403618813,5.774,17.2331459
simvarmass_7e5123ee,346,329,500,3155,0.304303,0.565528,5;3,328,0.949987,0.973294,0.973294,0.953757,328,0.981181,0.989442,0.989442,0.985075,398,0.907891,0.952381,0.913978,0.982659,358,0.946813,0.972973,0.943231,0.984802,0.879432,0.933948,0.881503,0.891449,0.94061,0.893617,0.811947,0.791837,0.858382,0.811747,0.792561,0.860182,0.655876,0.767361,0.66185,0.655722,0.76951,0.661585,0.534916,6.31,20.73591125,512,16,10356.30617,0.033409595,5.31,17.44971295
simvarmass_7e6accd7,1146,1085,500,2884,0.454429,0.536168,5;3,1060,0.921228,0.957312,0.955576,0.923211,1060,0.956275,0.975926,0.974122,0.958333,1190,0.95288,0.975893,0.935788,0.953752,1105,0.952995,0.975932,0.944292,0.952995,0.843239,0.914421,0.860384,0.850977,0.918946,0.868203,0.556688,0.669679,0.582024,0.556591,0.67092,0.581567,0.600602,0.739433,0.602967,0.600379,0.739819,0.602765,0.556779,5.768,12.69285191,512,16,10356.30617,0.110657215,4.768,10.49228812
simvarmass_7e6ed0d4,1291,1217,500,797,0.452533,0.266787,5;3,1199,0.906953,0.921969,0.920482,0.935709,1199,0.941976,0.940024,0.938575,0.971842,23444,0.049905,0.099373,0.099373,0.951975,21802,0.050714,0.100786,0.100786,0.953164,0.766381,0.804826,0.889233,0.777799,0.811398,0.897541,0.006197,0.012317,0.006197,0.005752,0.011438,0.005752,0.644698,0.765265,0.655306,0.645169,0.764933,0.654575,0.52826,1.594,3.522395052,512,16,10356.30617,0.124658346,0.594,1.312611456
simvarmass_7e841338,240,224,500,4859,0.288616,0.501275,5;3,223,0.929167,0.963283,0.963283,0.929167,223,0.982379,0.991111,0.991111,0.982379,243,0.983333,0.991597,0.977226,0.983333,222,0.982143,0.990991,0.986547,0.982143,0.858333,0.923767,0.858333,0.870536,0.930788,0.870536,0.916679,0.87146,0.945833,0.921273,0.870588,0.950893,0.776432,0.84689,0.779167,0.79656,0.860759,0.799107,0.532798,9.718,33.67103695,512,16,10356.30617,0.023174286,8.718,30.20622557
simvarmass_7eecf1a8,2671,2513,500,1679,0.161952,0.647886,5;3,2340,0.877844,0.933174,0.932748,0.877948,2340,0.923482,0.95841,0.957983,0.923592,2510,0.907525,0.951521,0.935727,0.907525,2350,0.908078,0.951825,0.938515,0.908078,0.811206,0.894813,0.817671,0.818429,0.899388,0.82491,0.579861,0.684978,0.606889,0.578188,0.685148,0.604855,0.541688,0.692879,0.545114,0.54011,0.692386,0.543279,0.62683,3.358,20.73453863,512,16,10356.30617,0.25791049,2.358,14.55986959
simvarmass_7f636ed6,1820,1713,500,2996,0.23729,0.411269,5;3,1646,0.907413,0.950432,0.949221,0.907692,1646,0.94533,0.970857,0.969643,0.945621,1760,0.931319,0.964438,0.946927,0.931319,1644,0.93345,0.96558,0.952636,0.93345,0.821385,0.901145,0.824725,0.831522,0.907354,0.834793,0.7475,0.775321,0.78022,0.747449,0.779206,0.779206,0.675191,0.78867,0.680769,0.6735,0.788455,0.678947,0.606812,5.992,25.25180159,512,16,10356.30617,0.175738335,4.992,21.03754899
simvarmass_7f85124f,4154,3946,500,753,0.496173,0.125618,5;3,3638,0.857731,0.893444,0.8904,0.882523,3638,0.891645,0.911788,0.908829,0.917417,21008,0.154677,0.292028,0.292028,0.884449,19488,0.157624,0.297162,0.297162,0.882189,0.749056,0.78061,0.880838,0.754736,0.784011,0.883709,0.000481,0.000962,0.000481,0.000253,0.000507,0.000253,0.494697,0.656368,0.501204,0.494843,0.657229,0.500254,0.547392,1.506,3.035231663,512,16,10356.30617,0.401108265,0.506,1.019805592
simvarmass_7fa60030,4412,4186,500,526,0.060836,0.812208,5;3,4017,0.827338,0.896399,0.867244,0.828422,4017,0.862935,0.916982,0.886383,0.864066,3854,0.837225,0.909136,0.89354,0.837262,3622,0.83657,0.909446,0.896773,0.836598,0.788064,0.869764,0.810743,0.794632,0.874352,0.816965,0.39352,0.54896,0.409791,0.391325,0.547206,0.406877,0.455503,0.618566,0.457616,0.455725,0.61914,0.457696,0.653831,1.052,17.29239266,512,16,10356.30617,0.426020622,0.052,0.854757052
simvarmass_7fd4cba4,4317,4101,500,781,0.173101,0.347336,5;3,3719,0.864145,0.924148,0.923594,0.865416,3719,0.900655,0.944706,0.944155,0.90198,4282,0.877901,0.935119,0.884987,0.881631,3988,0.879994,0.936165,0.893806,0.881736,0.815575,0.895477,0.834607,0.822428,0.899705,0.840693,0.214253,0.354221,0.21867,0.210191,0.348172,0.213606,0.666232,0.787046,0.66991,0.666615,0.788218,0.669841,0.617055,1.562,9.023633601,512,16,10356.30617,0.416847467,0.562,3.246659465
simvarmass_7fe0d527,5049,4788,500,3088,0.101757,0.241336,5;3,1408,0.842345,0.914427,0.436116,0.842345,1408,0.879264,0.935754,0.450921,0.879264,4395,0.864528,0.927342,0.924396,0.864528,4142,0.861738,0.925735,0.924076,0.861738,0.793485,0.884229,0.794019,0.79769,0.886928,0.798246,0.599728,0.70012,0.635571,0.594266,0.698413,0.629885,NaN,NaN,NaN,NaN,NaN,NaN,0.716949,6.176,60.69361322,512,16,10356.30617,0.487529039,5.176,50.86627947
simvarmass_8011fdf4,1905,1794,500,1511,0.245242,0.055117,5;3,1732,0.912273,0.952198,0.951883,0.913386,1732,0.955929,0.975514,0.975211,0.957096,1906,0.953806,0.976357,0.953555,0.953806,1780,0.954292,0.976612,0.95803,0.954292,0.841765,0.9137,0.853543,0.848015,0.91737,0.858338,0.558778,0.681748,0.577428,0.5498,0.677527,0.568004,0.962932,0.969729,0.966404,0.963113,0.970337,0.966443,0.583691,3.022,12.32252224,512,16,10356.30617,0.183945894,2.022,8.244917265
simvarmass_8038687b,35,33,500,518,0.432208,0.868146,5;3,316,0.543999,0.615385,0.119658,0.714286,316,0.576969,0.64,0.120344,0.757576,22845,0.000782,0.002185,0.002185,0.714286,21243,0.000755,0.002162,0.002162,0.69697,0.289363,0.372093,0.771429,0.307157,0.390244,0.787879,NaN,NaN,NaN,NaN,NaN,NaN,0.277922,0.434783,0.285714,0.23569,0.380952,0.242424,0.514045,1.036,2.39699404,512,16,10356.30617,0.003379583,0.036,0.083293229
simvarmass_8064ea81,2089,1956,500,1855,0.165643,0.837713,5;3,1850,0.891134,0.939509,0.937801,0.891336,1850,0.937823,0.964908,0.963233,0.938035,1990,0.918601,0.956804,0.940917,0.918621,1848,0.918698,0.9568,0.944795,0.918712,0.809174,0.890534,0.82001,0.814962,0.894204,0.825153,0.587132,0.678778,0.617042,0.585527,0.67948,0.614519,0.486354,0.643766,0.488751,0.485697,0.643342,0.48798,0.611125,3.71,22.39756585,512,16,10356.30617,0.201712847,2.71,16.36048611
simvarmass_80c1924a,2648,2507,500,1337,0.324187,0.634725,5;3,2288,0.870859,0.924909,0.922204,0.874622,2288,0.905748,0.944353,0.941663,0.909662,2549,0.891652,0.942857,0.914759,0.897659,2370,0.893501,0.943674,0.921058,0.895892,0.815374,0.886013,0.85423,0.819441,0.888938,0.8572,0.270201,0.422018,0.277946,0.267755,0.418845,0.27494,0.527237,0.681575,0.529456,0.527988,0.682274,0.530188,0.578672,2.674,8.248325812,512,16,10356.30617,0.255689621,1.674,5.163686391
simvarmass_80d55429,3880,3665,500,3435,0.064546,0.134724,5;3,3417,0.88067,0.936549,0.936549,0.88067,3417,0.922516,0.959697,0.959697,0.922516,3548,0.908763,0.952201,0.949381,0.908763,3348,0.909413,0.952558,0.95052,0.909413,0.808381,0.893914,0.810052,0.816253,0.898681,0.818008,0.700629,0.738053,0.74433,0.698772,0.739875,0.742499,NaN,NaN,NaN,NaN,NaN,NaN,0.723764,6.87,106.4357203,512,16,10356.30617,0.374650955,5.87,90.94289344
simvarmass_80f2941a,978,913,500,3987,0.341138,0.751549,5;3,894,0.916552,0.95457,0.95406,0.9182,894,0.95973,0.977559,0.977024,0.961456,984,0.953988,0.976452,0.95107,0.953988,911,0.95733,0.9782,0.958904,0.95733,0.83175,0.90604,0.834356,0.843323,0.913095,0.845564,0.722494,0.757949,0.755624,0.726865,0.759148,0.760394,0.532338,0.672247,0.538855,0.53353,0.674983,0.538968,0.56453,7.974,23.37470466,512,16,10356.30617,0.094435215,6.974,20.44333965
simvarmass_811ea018,4337,4105,500,2262,0.218005,0.544051,5;3,3681,0.85094,0.919303,0.917685,0.851049,3681,0.888855,0.940982,0.939359,0.888969,3884,0.86742,0.929004,0.915217,0.86742,3635,0.86553,0.927919,0.918088,0.86553,0.795576,0.885435,0.800553,0.802218,0.88955,0.807065,0.496823,0.636987,0.524556,0.496305,0.638039,0.522766,0.551706,0.700685,0.55407,0.54679,0.69735,0.549048,0.660949,4.524,20.75181762,512,16,10356.30617,0.418778658,3.524,16.16476686
simvarmass_81bd4ab0,4718,4470,500,4774,0.073332,0.64472,5;3,3905,0.827681,0.905717,0.905717,0.827681,3905,0.868164,0.92943,0.92943,0.868164,3999,0.844426,0.915652,0.914076,0.844426,3778,0.843848,0.915312,0.914646,0.843848,0.787403,0.880919,0.788682,0.794644,0.885515,0.795973,0.604005,0.693053,0.643917,0.603087,0.694831,0.642346,NaN,NaN,NaN,NaN,NaN,NaN,0.741486,9.548,130.2023673,512,16,10356.30617,0.455567837,8.548,116.5657557
simvarmass_82540903,646,617,500,3336,0.24287,0.822893,5;3,594,0.919505,0.958065,0.958065,0.919505,594,0.954984,0.976974,0.976974,0.954984,642,0.94582,0.972156,0.948758,0.94582,602,0.944895,0.971667,0.956522,0.944895,0.833622,0.907861,0.835913,0.837147,0.909894,0.839546,0.722406,0.757249,0.758514,0.720138,0.756288,0.755267,0.525075,0.671233,0.53096,0.522479,0.66875,0.527597,0.553324,6.672,27.4714868,512,16,10356.30617,0.062377453,5.672,23.35405773
simvarmass_827d7229,351,338,500,3339,0.074875,0.676692,5;3,333,0.954416,0.976676,0.973684,0.954416,333,0.973837,0.986745,0.983752,0.973837,340,0.965812,0.982609,0.981187,0.965812,326,0.964497,0.981928,0.981928,0.964497,0.834758,0.909938,0.834758,0.837278,0.911433,0.837278,0.85676,0.843338,0.891738,0.856457,0.844512,0.890533,0.648903,0.77027,0.652422,0.639095,0.769504,0.642012,0.568447,6.678,89.18864775,512,16,10356.30617,0.033892393,5.678,75.83305509
simvarmass_82c889bc,4802,4560,500,4116,0.362173,0.132946,5;3,160,0.861516,0.925607,0.06449,0.861516,160,0.899739,0.947224,0.067255,0.899739,19145,0.886297,0.939722,0.355452,0.886297,17718,0.885771,0.939426,0.362673,0.885771,0.816263,0.897809,0.818617,0.823366,0.902201,0.825658,0.542669,0.668543,0.56893,0.538077,0.666235,0.563596,0.906415,0.937203,0.908163,0.905993,0.938379,0.907469,0.676206,8.232,22.72946907,512,16,10356.30617,0.463678837,7.232,19.96835766
simvarmass_82d1fb2c,397,377,500,4593,0.101273,0.279612,5;3,363,0.916877,0.956636,0.955263,0.916877,363,0.95288,0.975871,0.974497,0.95288,384,0.95466,0.976804,0.970551,0.95466,361,0.952255,0.975543,0.9729,0.952255,0.811083,0.895688,0.811083,0.816976,0.89927,0.816976,0.877197,0.85974,0.906801,0.876463,0.860656,0.904509,0.860811,0.897019,0.866499,0.858406,0.894964,0.864,0.567145,9.186,90.70532126,512,16,10356.30617,0.038334131,8.186,80.8310211
simvarmass_8313513c,1772,1665,500,2248,0.344737,0.349048,5;3,1621,0.918654,0.955804,0.955497,0.920429,1621,0.956436,0.975933,0.975624,0.958284,24273,0.939148,0.968876,0.129084,0.948646,22568,0.940586,0.969567,0.130153,0.947147,0.847571,0.917023,0.857788,0.852174,0.919689,0.863063,0.561953,0.675746,0.588036,0.555224,0.673898,0.578378,0.751467,0.844756,0.755079,0.746583,0.843184,0.75,0.579009,4.496,13.04182609,512,16,10356.30617,0.171103477,3.496,10.14106406
simvarmass_837233ab,2352,2224,500,2845,0.268052,0.752643,5;3,2097,0.892413,0.942234,0.942234,0.892432,2097,0.934946,0.965454,0.965454,0.934967,22922,0.914966,0.955595,0.170294,0.914966,21251,0.916367,0.956359,0.173632,0.916367,0.824169,0.903166,0.832908,0.831587,0.907575,0.840827,0.619384,0.702381,0.652211,0.619816,0.70303,0.651685,0.507498,0.660975,0.510204,0.503763,0.65883,0.506095,0.616025,5.69,21.22722457,512,16,10356.30617,0.227108002,4.69,17.49660514
simvarmass_837d2c66,1856,1767,500,2364,0.487457,0.10905,5;3,1724,0.91305,0.953187,0.944134,0.915409,1724,0.9499,0.972942,0.963512,0.952354,23945,0.89226,0.944594,0.136119,0.946121,22210,0.903966,0.950754,0.1393,0.945105,0.833337,0.909994,0.85722,0.836175,0.911765,0.859083,0.410221,0.569763,0.421336,0.403312,0.564261,0.413462,0.943883,0.962674,0.945043,0.943227,0.961854,0.944413,0.571043,4.728,9.699317068,512,16,10356.30617,0.179214478,3.728,7.647854067
simvarmass_83876660,2724,2575,500,602,0.169952,0.187093,5;3,2430,0.893984,0.941815,0.941405,0.896476,2430,0.935181,0.964257,0.963846,0.937788,22430,0.838921,0.915837,0.201161,0.928781,20868,0.850335,0.922126,0.203558,0.926602,0.82402,0.901448,0.853524,0.828238,0.903993,0.856588,0.112328,0.202432,0.113069,0.103866,0.188335,0.104078,0.839946,0.894727,0.843979,0.837647,0.894269,0.841511,0.580094,1.204,7.084353229,512,16,10356.30617,0.263028145,0.204,1.200338919
simvarmass_8431587b,1699,1604,500,2086,0.299266,0.086533,5;3,1562,0.92039,0.957082,0.956762,0.920541,1562,0.961712,0.97899,0.97867,0.96187,1742,0.958211,0.978659,0.946237,0.958211,1619,0.958229,0.978669,0.95377,0.958229,0.85323,0.920343,0.862861,0.857593,0.922819,0.865253,0.626544,0.729289,0.658034,0.622871,0.728219,0.653583,0.957813,0.971394,0.959976,0.956467,0.970532,0.958698,0.581583,4.172,13.9407751,512,16,10356.30617,0.164054632,3.172,10.5992662
simvarmass_844a2817,3246,3054,500,2535,0.148871,0.317418,5;3,567,0.876551,0.934208,0.297404,0.877079,567,0.920804,0.958747,0.31009,0.921359,2998,0.906654,0.951042,0.942665,0.906654,2815,0.908644,0.952136,0.945647,0.908644,0.83003,0.907227,0.831485,0.838008,0.911744,0.8389,0.674526,0.737978,0.716266,0.675609,0.739564,0.715969,0.745187,0.838365,0.748614,0.743619,0.839023,0.746632,0.665068,5.07,34.05633065,512,16,10356.30617,0.313432217,4.07,27.33910567
simvarmass_845067c4,2978,2796,500,3037,0.14483,0.532475,5;3,2021,0.885115,0.938914,0.808562,0.885158,2021,0.928778,0.962922,0.831858,0.928823,2764,0.913029,0.954537,0.947057,0.913029,2580,0.912017,0.953984,0.948661,0.912017,0.832706,0.908126,0.834453,0.842201,0.913676,0.843705,0.682926,0.733895,0.730692,0.683072,0.735686,0.730687,0.608917,0.743056,0.610813,0.604754,0.740903,0.606604,0.666844,6.074,41.93882483,512,16,10356.30617,0.287554264,5.074,35.034178
simvarmass_84adf24e,780,723,500,4731,0.158261,0.849291,5;3,697,0.89359,0.943805,0.943805,0.89359,697,0.943166,0.970752,0.970752,0.943166,731,0.930769,0.964143,0.960953,0.930769,679,0.936376,0.967143,0.965763,0.936376,0.814103,0.897527,0.814103,0.82296,0.902883,0.82296,0.806351,0.792867,0.851282,0.811699,0.800593,0.853591,0.515293,0.662838,0.520513,0.509799,0.657194,0.515235,0.578836,9.462,59.78731336,512,16,10356.30617,0.075316429,8.462,53.46863725
simvarmass_8523e7f2,4684,4435,500,2374,0.054404,0.533721,5;3,3917,0.835696,0.910359,0.910359,0.835824,3917,0.875313,0.933365,0.933365,0.875447,4009,0.846712,0.916994,0.912458,0.846712,3784,0.84716,0.917257,0.914355,0.84716,0.79641,0.886121,0.797395,0.802441,0.889804,0.803471,0.600675,0.69485,0.635141,0.601553,0.696104,0.634641,NaN,NaN,NaN,NaN,NaN,NaN,0.725192,4.748,87.27299463,512,16,10356.30617,0.452284813,3.748,68.89199324
simvarmass_8540b49c,1774,1686,500,3376,0.188483,0.862269,5;3,1598,0.902154,0.946434,0.94484,0.90248,1598,0.940871,0.967332,0.965747,0.941211,1698,0.931793,0.964692,0.952189,0.931793,1597,0.931198,0.964373,0.956442,0.931198,0.829051,0.905451,0.830891,0.834364,0.908562,0.836299,0.670454,0.727454,0.702368,0.667244,0.727209,0.698102,0.493575,0.648032,0.496618,0.490456,0.645136,0.492866,0.616089,6.752,35.82285936,512,16,10356.30617,0.171296597,5.752,30.51734109
simvarmass_859ce34a,4501,4297,500,1787,0.25015,0.064289,5;3,3949,0.877272,0.934091,0.933964,0.877583,3949,0.909397,0.952002,0.951876,0.909719,4224,0.897578,0.946025,0.926074,0.897578,4003,0.898534,0.946556,0.930361,0.898534,0.822545,0.901522,0.830926,0.827932,0.904865,0.835581,0.426369,0.587088,0.441457,0.421964,0.583307,0.435987,0.928102,0.951351,0.929127,0.927014,0.952392,0.927905,0.646874,3.574,14.28742754,512,16,10356.30617,0.43461442,2.574,10.2898261
simvarmass_85ad50e3,1761,1649,500,3988,0.390921,0.753348,5;3,1581,0.899478,0.944976,0.944345,0.900057,1581,0.94397,0.969028,0.968395,0.944577,1705,0.932425,0.965031,0.94749,0.932425,1587,0.933899,0.96582,0.951792,0.933899,0.832793,0.907287,0.839864,0.839961,0.911668,0.846667,0.628116,0.705311,0.659852,0.630109,0.708333,0.659794,0.503531,0.658265,0.50653,0.500869,0.656882,0.503956,0.592561,7.976,20.40309935,512,16,10356.30617,0.170041323,6.976,17.84503774
simvarmass_86403c8b,296,277,500,2916,0.364054,0.107277,5;3,275,0.917315,0.955908,0.949212,0.918919,275,0.95272,0.97482,0.967857,0.954386,331,0.959459,0.97931,0.905901,0.959459,295,0.956679,0.97786,0.926573,0.956679,0.826054,0.903704,0.831081,0.835782,0.909449,0.841155,0.791378,0.816399,0.817568,0.795126,0.823308,0.819495,0.933284,0.945709,0.939189,0.935823,0.947566,0.942029,0.528982,5.832,16.01960149,512,16,10356.30617,0.028581619,4.832,13.27275624
simvarmass_8678b71a,1445,1373,500,3297,0.356558,0.137624,5;3,1343,0.931114,0.963415,0.963415,0.931488,1343,0.967957,0.982803,0.982803,0.968345,1464,0.96263,0.980959,0.956342,0.96263,1369,0.961398,0.980319,0.962801,0.961398,0.833531,0.90717,0.838062,0.84157,0.912253,0.846322,0.761,0.778862,0.800692,0.761318,0.779396,0.79898,0.96251,0.970887,0.964706,0.961969,0.970773,0.964234,0.581545,6.594,18.49348493,512,16,10356.30617,0.139528513,5.594,15.68889213
simvarmass_86c06037,1461,1409,500,4760,0.17756,0.363752,5;3,1376,0.941821,0.970039,0.970039,0.941821,1376,0.970381,0.984968,0.984968,0.970381,1424,0.962355,0.980816,0.974697,0.962355,1366,0.963094,0.9812,0.978018,0.963094,0.83386,0.909023,0.83436,0.839091,0.912105,0.839603,0.824398,0.805261,0.869952,0.825337,0.807284,0.870121,0.721063,0.818673,0.726215,0.72081,0.8195,0.725392,0.619602,9.52,53.61567921,512,16,10356.30617,0.141073465,8.52,47.98378013
simvarmass_86c518d7,530,497,500,1428,0.470952,0.466785,5;3,522,0.937381,0.962099,0.944867,0.950943,522,0.974141,0.981169,0.963178,0.988235,26102,0.031783,0.062719,0.039051,0.981132,24310,0.032126,0.063449,0.039263,0.979879,0.85722,0.912602,0.890566,0.861724,0.914595,0.895372,0.139793,0.248366,0.143396,0.130353,0.232394,0.132797,0.747664,0.843683,0.750943,0.73919,0.839306,0.742455,0.525657,2.856,6.064312287,512,16,10356.30617,0.051176548,1.856,3.940953643
simvarmass_87ad8028,973,923,500,1484,0.271519,0.314358,5;3,900,0.930228,0.961025,0.961025,0.932169,900,0.965968,0.979858,0.979858,0.967983,25648,0.963002,0.981172,0.070471,0.964029,23896,0.962081,0.980695,0.071639,0.963164,0.845795,0.915367,0.863309,0.852574,0.919298,0.869989,0.522194,0.655108,0.543679,0.518549,0.653088,0.538462,0.789577,0.870655,0.792395,0.78568,0.86904,0.788503,0.551761,2.968,10.93109506,512,16,10356.30617,0.093952417,1.968,7.24811155
simvarmass_87b7f5cd,1213,1147,500,4451,0.444632,0.347166,5;3,1112,0.92117,0.957456,0.956559,0.921682,1112,0.960773,0.97848,0.977582,0.961307,1192,0.954658,0.976803,0.962994,0.954658,1116,0.953793,0.97635,0.966858,0.953793,0.856472,0.921368,0.8615,0.860835,0.924086,0.865737,0.75021,0.783552,0.782358,0.746842,0.783317,0.777681,0.7461,0.83578,0.751031,0.741113,0.833004,0.744755,0.573317,8.902,20.02105112,512,16,10356.30617,0.117126703,7.902,17.77200022
simvarmass_8876c877,3524,3344,500,1686,0.100775,0.88602,5;3,2881,0.846675,0.915899,0.898985,0.846765,2881,0.884579,0.937628,0.920691,0.884672,3073,0.859818,0.924485,0.918599,0.859818,2898,0.858852,0.924067,0.920218,0.858852,0.797757,0.885556,0.803065,0.805631,0.890692,0.810706,0.55286,0.662808,0.584847,0.548812,0.661211,0.579844,0.450066,0.613693,0.451476,0.444521,0.608713,0.445909,0.667317,3.372,33.46067973,512,16,10356.30617,0.340275764,2.372,23.53758373
simvarmass_88c53e48,3944,3727,500,3775,0.35542,0.111947,5;3,3088,0.881065,0.936531,0.878271,0.881085,3088,0.921974,0.95915,0.900685,0.921995,3725,0.912018,0.953985,0.938062,0.912018,3491,0.912554,0.954278,0.942513,0.912554,0.828192,0.905791,0.83215,0.833822,0.909144,0.837758,0.596171,0.702058,0.627028,0.596095,0.702532,0.625436,0.943614,0.959412,0.94498,0.944543,0.961238,0.945597,0.655747,7.55,21.24247369,512,16,10356.30617,0.380830765,6.55,18.42890102
simvarmass_896b855f,30,30,500,4729,0.444042,0.677723,5;3,32,0.9,0.947368,0.870968,0.9,32,0.9,0.947368,0.870968,0.9,34,0.9,0.947368,0.84375,0.9,31,0.9,0.947368,0.885246,0.9,0.733333,0.846154,0.733333,0.733333,0.846154,0.733333,0.65936,0.688525,0.733333,0.65936,0.688525,0.733333,0.896936,0.931034,0.9,0.896936,0.931034,0.9,0.515155,9.458,21.29978696,512,16,10356.30617,0.002896786,8.458,19.04774774
simvarmass_896ffc5c,2597,2451,500,2829,0.191242,0.733428,5;3,2316,0.893718,0.94345,0.942805,0.893724,2316,0.933622,0.965245,0.964598,0.933628,2408,0.910666,0.953245,0.945055,0.910666,2260,0.909833,0.952788,0.94672,0.909833,0.836083,0.90932,0.837505,0.84264,0.913121,0.844145,0.636739,0.711328,0.674625,0.635245,0.710039,0.67183,0.505786,0.663155,0.509049,0.505467,0.663295,0.508779,0.638094,5.658,29.58555129,512,16,10356.30617,0.250765085,4.658,24.35657439
simvarmass_89a0bbc8,1609,1543,500,4746,0.438804,0.144065,5;3,1496,0.931449,0.963607,0.963607,0.931635,1496,0.963176,0.980341,0.980341,0.963368,1615,0.958359,0.978737,0.956576,0.958359,1528,0.958522,0.978822,0.963204,0.958522,0.835105,0.909214,0.836544,0.84102,0.912676,0.842515,0.759387,0.767215,0.802362,0.761625,0.768645,0.805052,0.954675,0.964968,0.958981,0.954332,0.965403,0.958469,0.591031,9.492,21.63152569,512,16,10356.30617,0.155364275,8.492,19.3526039
simvarmass_89a470a0,4492,4253,500,4754,0.286709,0.386802,5;3,557,0.853295,0.920841,0.220638,0.853295,557,0.89389,0.943972,0.229928,0.89389,18879,0.873553,0.93251,0.335801,0.873553,17431,0.872796,0.932078,0.342372,0.872796,0.816292,0.898554,0.817231,0.821527,0.901703,0.82252,0.583876,0.690367,0.61821,0.582858,0.690665,0.615945,0.65648,0.780681,0.658504,0.654169,0.780207,0.655749,0.68569,9.508,33.1625446,512,16,10356.30617,0.433745384,8.508,29.67468758
simvarmass_8bd61e45,2669,2539,500,2483,0.200304,0.29461,5;3,2405,0.902034,0.947389,0.947182,0.902211,2405,0.935326,0.965462,0.965254,0.935509,2531,0.922068,0.959454,0.946538,0.922068,2392,0.920835,0.958786,0.948286,0.920835,0.830882,0.907343,0.832522,0.836012,0.910377,0.837731,0.695668,0.747614,0.733608,0.691783,0.747075,0.729134,0.777808,0.860268,0.780817,0.773902,0.859576,0.776638,0.635461,4.966,24.79231568,512,16,10356.30617,0.257717371,3.966,19.79990415
simvarmass_8be11847,3946,3727,500,1603,0.478078,0.206053,5;3,3414,0.862972,0.92314,0.922826,0.8667,3414,0.902063,0.945125,0.944777,0.90596,20979,0.359594,0.555231,0.282528,0.892296,19458,0.36932,0.565899,0.286306,0.890529,0.812089,0.892467,0.843639,0.818912,0.896705,0.849396,0.101084,0.184114,0.101622,0.094338,0.172785,0.094714,0.764101,0.849657,0.768373,0.766572,0.852127,0.770514,0.589922,3.206,6.706018683,512,16,10356.30617,0.381023884,2.206,4.614309799
simvarmass_8c57a37a,2080,1946,500,3893,0.356755,0.071116,5;3,1881,0.905709,0.949255,0.949255,0.90625,1881,0.952414,0.974346,0.974346,0.952983,2042,0.949038,0.973853,0.957787,0.949038,1891,0.948099,0.973358,0.961689,0.948099,0.825125,0.903209,0.832212,0.832613,0.907615,0.839671,0.740157,0.767961,0.776923,0.740609,0.770312,0.775552,0.966544,0.973717,0.967788,0.96621,0.974413,0.967425,0.609756,7.786,21.82450141,512,16,10356.30617,0.200843811,6.786,19.0214573
simvarmass_8d1c2be6,463,444,500,775,0.341922,0.317425,5;3,437,0.942408,0.956044,0.953333,0.950324,437,0.971793,0.970982,0.968397,0.979955,24969,0.035046,0.069251,0.035546,0.976242,23224,0.036447,0.071987,0.036589,0.975225,0.853732,0.889919,0.904968,0.858944,0.892642,0.905405,0.019657,0.042194,0.021598,0.013514,0.026667,0.013514,0.787888,0.854142,0.796976,0.785016,0.851897,0.794118,0.522612,1.55,4.53319763,512,16,10356.30617,0.04470706,0.55,1.608553998
simvarmass_8d8f03ef,1026,976,500,3930,0.19774,0.451329,5;3,942,0.91889,0.957317,0.957317,0.919103,942,0.955198,0.976672,0.976672,0.95542,1003,0.952242,0.975537,0.963036,0.952242,942,0.95082,0.97479,0.967675,0.95082,0.852327,0.919431,0.852827,0.859106,0.923331,0.859631,0.838987,0.819203,0.879142,0.835999,0.816435,0.877049,0.667574,0.780682,0.673489,0.66542,0.780723,0.670782,0.586437,7.86,39.74916557,512,16,10356.30617,0.099070072,6.86,34.69201982
simvarmass_8e0ce813,2861,2715,500,1198,0.308818,0.379192,5;3,2530,0.885794,0.936746,0.936746,0.888501,2530,0.922219,0.956802,0.956802,0.925036,22476,0.752235,0.866017,0.206891,0.916113,20876,0.771699,0.877739,0.210589,0.914917,0.818097,0.89679,0.851101,0.825687,0.90113,0.858564,0.212357,0.351076,0.216707,0.206364,0.343149,0.210391,0.659519,0.786452,0.665502,0.660835,0.788462,0.666913,0.581675,2.396,7.758615107,512,16,10356.30617,0.2762568,1.396,4.52046189
simvarmass_8e23897e,3244,3041,500,2536,0.083877,0.634088,5;3,2825,0.87051,0.930631,0.930631,0.87053,2825,0.915672,0.95583,0.95583,0.915694,2929,0.897657,0.946069,0.943463,0.897657,2738,0.896744,0.945562,0.943762,0.896744,0.808936,0.894898,0.811036,0.813964,0.897974,0.816179,0.671964,0.720533,0.716091,0.670945,0.721622,0.713441,0.54883,0.69871,0.551171,0.549268,0.699728,0.551269,0.689258,5.072,60.469497,512,16,10356.30617,0.313239098,4.072,48.54727756
simvarmass_8e2ac158,3125,2955,500,1891,0.350193,0.631089,5;3,2737,0.8771,0.931105,0.93074,0.87776,2737,0.916395,0.95288,0.952514,0.917085,21802,0.884557,0.939236,0.223854,0.8928,20213,0.883638,0.938637,0.227124,0.890355,0.814217,0.89364,0.83808,0.818253,0.896012,0.841678,0.36986,0.528443,0.38496,0.362472,0.521494,0.375507,0.544745,0.692323,0.54688,0.54144,0.690235,0.54308,0.603578,3.782,10.79975899,512,16,10356.30617,0.301748514,2.782,7.944190775
simvarmass_8e41c1bc,3738,3515,500,598,0.322254,0.197708,5;3,3271,0.85119,0.904024,0.90341,0.872659,3271,0.894503,0.927904,0.927358,0.917065,21110,0.217169,0.382803,0.26803,0.890851,19584,0.222335,0.389659,0.27144,0.891892,0.782343,0.833383,0.860888,0.793372,0.840639,0.869912,0.006688,0.013287,0.006688,0.005974,0.011878,0.005974,0.58586,0.729187,0.59283,0.582787,0.727689,0.589057,0.554342,1.196,3.711358121,512,16,10356.30617,0.360939503,0.196,0.608215879
simvarmass_8e690e5d,4054,3843,500,3787,0.104818,0.272458,5;3,3552,0.875451,0.933474,0.933474,0.875678,3552,0.915183,0.955585,0.955585,0.91542,3663,0.897139,0.945781,0.942594,0.897139,3470,0.897996,0.946257,0.943799,0.897996,0.814948,0.898031,0.815738,0.824305,0.903676,0.825137,0.682339,0.732752,0.725703,0.684623,0.735221,0.726516,NaN,NaN,NaN,NaN,NaN,NaN,0.714089,7.574,72.25858154,512,16,10356.30617,0.391452312,6.574,62.71823542
simvarmass_8f21444d,1207,1148,500,3721,0.064735,0.307566,5;3,1120,0.92792,0.962613,0.962613,0.92792,1120,0.962199,0.980736,0.980736,0.962199,1164,0.958575,0.978849,0.97596,0.958575,1100,0.957317,0.978193,0.977758,0.957317,0.826015,0.904719,0.826015,0.831882,0.908226,0.831882,0.856635,0.840604,0.895609,0.859574,0.840809,0.898955,0.770305,0.847964,0.776305,0.76757,0.848253,0.773124,0.636275,7.442,114.9609948,512,16,10356.30617,0.116547346,6.442,99.51340079
simvarmass_8f7e5c76,2616,2461,500,1630,0.241481,0.868028,5;3,2208,0.869632,0.917744,0.910862,0.873471,2208,0.915107,0.942887,0.936089,0.919147,2420,0.897924,0.93913,0.928118,0.900612,2252,0.897426,0.939837,0.932315,0.899634,0.793188,0.864363,0.831804,0.801839,0.870518,0.839024,0.447513,0.58914,0.468654,0.448569,0.590072,0.468699,0.466768,0.627561,0.468272,0.466077,0.627837,0.467427,0.600765,3.26,13.50002692,512,16,10356.30617,0.252599716,2.26,9.358914366
simvarmass_8fbfc6b1,4809,4546,500,4523,0.119125,0.517852,5;3,3917,0.839052,0.912483,0.897777,0.839052,3917,0.878702,0.935435,0.920672,0.878702,4123,0.852984,0.92066,0.918495,0.852984,3884,0.851298,0.919677,0.918149,0.851298,0.787346,0.881143,0.788729,0.79309,0.884832,0.794545,0.607261,0.69906,0.641713,0.606033,0.69994,0.638303,NaN,NaN,NaN,NaN,NaN,NaN,0.72574,9.046,75.93704092,512,16,10356.30617,0.464354753,8.046,67.54249738
simvarmass_8fc9dc3f,4252,4006,500,3404,0.109476,0.418279,5;3,2198,0.856955,0.922765,0.68155,0.857008,2198,0.898588,0.946371,0.703023,0.898644,3761,0.87841,0.93527,0.932235,0.87841,3538,0.878682,0.935424,0.933192,0.878682,0.809221,0.894252,0.810442,0.815734,0.898189,0.817024,0.642453,0.713721,0.678975,0.640928,0.713327,0.676735,NaN,NaN,NaN,NaN,NaN,NaN,0.710469,6.808,62.18714604,512,16,10356.30617,0.410571098,5.808,53.05272388
simvarmass_8ff198d4,678,632,500,3443,0.051027,0.236656,5;3,1110,0.932153,0.964885,0.706935,0.932153,1110,0.979845,0.98982,0.720228,0.979845,665,0.974926,0.987304,0.984363,0.974926,615,0.973101,0.986367,0.986367,0.973101,0.86455,0.926598,0.865782,0.873664,0.931761,0.875,0.881698,0.846608,0.923304,0.88511,0.851233,0.92575,0.911992,0.925057,0.920354,0.912165,0.929392,0.918919,0.606873,6.886,134.9481647,512,16,10356.30617,0.065467358,5.886,115.3506967
simvarmass_9007607f,4296,4054,500,4206,0.127822,0.380876,5;3,2125,0.86247,0.926153,0.661579,0.862663,2125,0.905025,0.950135,0.683068,0.905227,3850,0.885708,0.93939,0.934201,0.885708,3612,0.884558,0.938743,0.93556,0.884558,0.805734,0.891659,0.808194,0.81137,0.895073,0.81381,0.646671,0.718659,0.688547,0.646951,0.720093,0.688209,NaN,NaN,NaN,NaN,NaN,NaN,0.711139,8.412,65.8102674,512,16,10356.30617,0.414819717,7.412,57.98688802
simvarmass_90194d82,4348,4120,500,4990,0.387404,0.065139,5;3,118,0.866667,0.928554,0.052844,0.866835,118,0.904746,0.949968,0.055102,0.904922,19559,0.890294,0.941964,0.323838,0.890294,18107,0.890561,0.942113,0.330214,0.890561,0.816244,0.89767,0.816697,0.820188,0.90024,0.820631,0.604993,0.705643,0.637075,0.603958,0.705866,0.634732,0.929997,0.954589,0.930543,0.930534,0.955454,0.931043,0.673239,9.98,25.76122084,512,16,10356.30617,0.419840813,8.98,23.17993619
simvarmass_90c2bed3,4534,4294,500,3499,0.476444,0.801068,5;3,3729,0.82722,0.902524,0.900883,0.827305,3729,0.865593,0.924981,0.923344,0.865682,3912,0.838549,0.911228,0.900308,0.838553,3676,0.837678,0.910773,0.902635,0.83768,0.793863,0.876172,0.814954,0.800131,0.880041,0.821229,0.409261,0.562754,0.427217,0.406141,0.560445,0.422683,0.454287,0.617266,0.456551,0.452551,0.615919,0.454651,0.641717,6.998,14.68798012,512,16,10356.30617,0.437800884,5.998,12.58909756
simvarmass_90c81c23,2876,2717,500,1599,0.224754,0.144216,5;3,2571,0.894017,0.943272,0.943272,0.894993,2571,0.936341,0.966334,0.966334,0.937363,2838,0.926982,0.962121,0.933497,0.92733,2643,0.927126,0.962185,0.939925,0.927126,0.827884,0.904698,0.837622,0.834984,0.909091,0.843888,0.540959,0.664612,0.562239,0.539212,0.665208,0.559647,0.92479,0.948513,0.926287,0.925621,0.949904,0.926856,0.616341,3.198,14.22889025,512,16,10356.30617,0.277705193,2.198,9.779581231
simvarmass_90ce4753,430,415,500,1920,0.279951,0.60511,5;3,406,0.94305,0.97006,0.9689,0.944186,406,0.965504,0.981818,0.98063,0.966667,27199,0.965116,0.982249,0.030041,0.965116,25321,0.963855,0.981595,0.031085,0.963855,0.830531,0.906091,0.848837,0.83164,0.906702,0.850602,0.640969,0.727969,0.662791,0.642616,0.728232,0.66506,0.614058,0.75,0.618605,0.613602,0.749254,0.618357,0.534767,3.84,13.71668613,512,16,10356.30617,0.041520596,2.84,10.14463245
simvarmass_9126b6c6,4795,4534,500,4141,0.252297,0.860508,5;3,3552,0.814589,0.897725,0.851084,0.814599,3552,0.852829,0.920467,0.873586,0.852838,18528,0.828041,0.905626,0.340522,0.828154,17089,0.82679,0.904854,0.346837,0.826902,0.778004,0.873226,0.779145,0.784636,0.87744,0.78584,0.496964,0.627855,0.527424,0.496498,0.628008,0.526571,0.451997,0.614427,0.452972,0.449863,0.612889,0.450729,0.688934,8.282,32.82639112,512,16,10356.30617,0.46300292,7.282,28.86280852
simvarmass_9138c9b7,4232,4031,500,1001,0.395051,0.560671,5;3,3692,0.856478,0.904148,0.90106,0.864839,3692,0.89035,0.923117,0.919748,0.899042,20987,0.354605,0.556342,0.290099,0.864367,19460,0.36593,0.568555,0.296199,0.863061,0.781907,0.836582,0.849716,0.786752,0.839793,0.855051,0.047665,0.09138,0.047968,0.04249,0.081768,0.042669,0.486162,0.64486,0.48913,0.48323,0.642669,0.486197,0.575594,2.002,5.06770012,512,16,10356.30617,0.408639908,1.002,2.536381379
simvarmass_9141969d,555,520,500,4403,0.294479,0.319422,5;3,513,0.929716,0.962617,0.960674,0.92973,513,0.973571,0.985646,0.983701,0.973585,576,0.972973,0.986301,0.954907,0.972973,531,0.973077,0.986355,0.962892,0.973077,0.863189,0.924565,0.866667,0.867454,0.92688,0.871154,0.8789,0.84721,0.917117,0.87857,0.85005,0.913628,0.838306,0.879227,0.852252,0.83734,0.88,0.85214,0.550402,8.806,29.90366036,512,16,10356.30617,0.053590536,7.806,26.50783248
simvarmass_9144135b,2838,2676,500,2020,0.393519,0.266678,5;3,2521,0.890503,0.93997,0.939728,0.89253,2521,0.932564,0.962949,0.962722,0.934686,2863,0.911427,0.954232,0.921593,0.925652,2656,0.914899,0.955951,0.927982,0.924514,0.833769,0.907308,0.850247,0.841554,0.91186,0.85725,0.374488,0.537856,0.385483,0.370327,0.534034,0.379813,0.79572,0.872233,0.798097,0.7927,0.871115,0.794824,0.594825,4.04,10.26634038,512,16,10356.30617,0.274035931,3.04,7.725167019
simvarmass_9152f7db,54,54,500,4432,0.383568,0.105834,5;3,38,0.703704,0.826087,0.826087,0.703704,38,0.703704,0.826087,0.826087,0.703704,76,0.703704,0.826087,0.584615,0.703704,64,0.703704,0.826087,0.644068,0.703704,0.555556,0.714286,0.555556,0.555556,0.714286,0.555556,0.733133,0.777778,0.759259,0.733133,0.777778,0.759259,0.7681,0.857143,0.796296,0.7681,0.857143,0.796296,0.516727,8.864,23.10933133,512,16,10356.30617,0.005214214,7.864,20.50223168
simvarmass_91bac5d1,1152,1082,500,745,0.248077,0.682455,5;3,981,0.904105,0.925251,0.910455,0.914062,981,0.9503,0.949486,0.935002,0.960766,1278,0.820276,0.903388,0.890535,0.943576,1174,0.8416,0.915392,0.903369,0.945471,0.785013,0.838805,0.869792,0.791302,0.843799,0.873383,0.1696,0.291304,0.174479,0.162815,0.281274,0.167283,0.528577,0.686937,0.53125,0.523727,0.683957,0.526413,0.54135,1.49,6.006199688,512,16,10356.30617,0.111236572,0.49,1.975193186
simvarmass_91c509e6,1924,1826,500,3763,0.292561,0.593521,5;3,1735,0.903649,0.948375,0.948347,0.903846,1735,0.939795,0.96794,0.967922,0.94,1817,0.924636,0.960843,0.951083,0.924636,1718,0.927711,0.9625,0.955982,0.927711,0.834188,0.909297,0.836279,0.835147,0.909851,0.837349,0.711642,0.752548,0.748441,0.709878,0.753599,0.745345,0.568376,0.714332,0.571206,0.56313,0.710055,0.565862,0.609274,7.526,25.72454975,512,16,10356.30617,0.185780525,6.526,22.30645917
simvarmass_91d12f66,3310,3140,500,2715,0.426676,0.095714,5;3,2965,0.899329,0.945072,0.944701,0.9,2965,0.934625,0.964263,0.963902,0.935322,21498,0.912204,0.954524,0.246211,0.922659,19911,0.916281,0.956565,0.251269,0.922293,0.83136,0.906719,0.843505,0.835543,0.909375,0.846815,0.470923,0.619653,0.485801,0.464983,0.615322,0.478496,0.936216,0.957487,0.938369,0.937355,0.957989,0.939559,0.61721,5.43,12.72628411,512,16,10356.30617,0.319612026,4.43,10.38258538
simvarmass_927f997e,624,594,500,1148,0.288684,0.785405,5;3,564,0.921675,0.941275,0.941077,0.939103,564,0.955358,0.958974,0.958834,0.973422,26523,0.171535,0.299306,0.044572,0.969551,24648,0.181531,0.314262,0.045559,0.968013,0.802248,0.855335,0.878205,0.812671,0.86064,0.887584,0.344803,0.506787,0.358974,0.34142,0.502392,0.353535,0.581169,0.725275,0.583333,0.577953,0.724211,0.580101,0.532777,2.296,7.953333056,512,16,10356.30617,0.060253143,1.296,4.489337823
simvarmass_9291bcb4,3548,3352,500,849,0.468811,0.521268,5;3,2749,0.849005,0.87195,0.848658,0.881342,2749,0.88518,0.89154,0.868661,0.918895,20987,0.13199,0.255553,0.255553,0.883596,19438,0.134158,0.259488,0.259488,0.881897,0.757931,0.784269,0.883033,0.7633,0.787692,0.88869,0.008433,0.016764,0.008455,0.006563,0.013041,0.006563,0.459824,0.622407,0.465051,0.458419,0.621519,0.463539,0.551092,1.698,3.621928666,512,16,10356.30617,0.342593193,0.698,1.488872915
simvarmass_92c1b5c1,2904,2744,500,3180,0.470404,0.166773,5;3,2593,0.894712,0.943081,0.94306,0.894972,2593,0.932608,0.963761,0.963748,0.932879,2862,0.919423,0.958065,0.927159,0.920455,2672,0.920554,0.958634,0.932792,0.920554,0.826823,0.904502,0.836088,0.833466,0.908441,0.84293,0.544641,0.67349,0.56646,0.541206,0.671902,0.561224,0.905425,0.936525,0.907025,0.905117,0.937692,0.906535,0.610658,6.36,13.52029319,512,16,10356.30617,0.280408859,5.36,11.39446093
simvarmass_92c70a2a,4763,4512,500,2199,0.320632,0.143944,5;3,4095,0.857078,0.922799,0.921879,0.857233,4095,0.897595,0.945783,0.944811,0.897757,19700,0.878929,0.936066,0.345338,0.886836,18269,0.879657,0.936305,0.350395,0.884726,0.810907,0.893883,0.82427,0.817558,0.898123,0.830377,0.398277,0.560608,0.410246,0.393632,0.556758,0.40501,0.875715,0.921465,0.876968,0.873065,0.920609,0.874138,0.646053,4.398,13.7166596,512,16,10356.30617,0.459913015,3.398,10.59781931
simvarmass_93909125,4718,4443,500,4100,0.365771,0.29272,5;3,3742,0.855345,0.922128,0.884161,0.855871,3742,0.897979,0.946332,0.908208,0.898531,4276,0.87749,0.934748,0.920614,0.87749,3997,0.878686,0.935426,0.925118,0.878686,0.79866,0.887475,0.801187,0.808931,0.893755,0.811614,0.534085,0.663562,0.558711,0.535812,0.665952,0.558956,0.715025,0.820184,0.718313,0.711029,0.81797,0.714221,0.670814,8.2,22.4183984,512,16,10356.30617,0.455567837,7.2,19.68444737
simvarmass_93d17249,4804,4541,500,2936,0.291405,0.486685,5;3,4008,0.840744,0.913388,0.909442,0.840758,4008,0.88071,0.936471,0.932511,0.880724,4271,0.861366,0.92552,0.911956,0.861366,3993,0.859912,0.92468,0.915036,0.859912,0.80357,0.889889,0.805579,0.809658,0.893622,0.811674,0.48653,0.62658,0.510824,0.48455,0.625441,0.50793,0.575568,0.720302,0.576811,0.574141,0.719978,0.575155,0.667422,5.872,20.15064944,512,16,10356.30617,0.463871956,4.872,16.71899933
simvarmass_9418b085,3337,3164,500,1182,0.360509,0.476562,5;3,2933,0.875436,0.928366,0.926954,0.879533,2933,0.914058,0.949779,0.948279,0.918335,21696,0.315235,0.505325,0.238805,0.895715,20139,0.323856,0.515483,0.242887,0.894437,0.813838,0.884844,0.852562,0.819432,0.888117,0.85791,0.136951,0.242377,0.139347,0.130748,0.232983,0.133059,0.569861,0.715249,0.572071,0.564685,0.71204,0.566857,0.579632,2.364,6.557395238,512,16,10356.30617,0.322219133,1.364,3.783539385
simvarmass_943c95ac,1403,1335,500,2846,0.432686,0.48325,5;3,1283,0.919312,0.956101,0.955324,0.921597,1283,0.950475,0.972748,0.97197,0.952837,1444,0.944405,0.971408,0.930804,0.944405,1343,0.94382,0.971098,0.941001,0.94382,0.838751,0.910078,0.854597,0.843981,0.913149,0.859281,0.588968,0.691536,0.614398,0.583093,0.688691,0.608989,0.62388,0.753598,0.627227,0.619345,0.751498,0.622372,0.567746,5.692,13.15503622,512,16,10356.30617,0.135473013,4.692,10.84389141
simvarmass_94511d9a,1138,1095,500,3672,0.310733,0.132515,5;3,1080,0.94983,0.972949,0.972949,0.949912,1080,0.977311,0.987191,0.987191,0.977396,1144,0.974517,0.987094,0.971954,0.974517,1087,0.975342,0.987517,0.978918,0.975342,0.84033,0.911695,0.841828,0.845017,0.914399,0.846575,0.835983,0.816901,0.878735,0.835317,0.815828,0.878428,0.96089,0.969452,0.964851,0.960598,0.969498,0.96422,0.577655,7.344,23.63443857,512,16,10356.30617,0.109884739,6.344,20.4162416
simvarmass_9464ff4e,1728,1634,500,3667,0.472852,0.178858,5;3,1589,0.922886,0.95812,0.958095,0.92419,1589,0.958958,0.977259,0.977245,0.960313,24200,0.854796,0.924157,0.12689,0.951968,22435,0.865898,0.930302,0.129212,0.951652,0.846487,0.916327,0.859954,0.857836,0.922925,0.871481,0.696131,0.755078,0.731481,0.69771,0.756962,0.732394,0.942638,0.958633,0.946181,0.941769,0.959009,0.944853,0.585412,7.334,15.51013848,512,16,10356.30617,0.166854858,6.334,13.39531185
simvarmass_94669813,1021,972,500,1561,0.452194,0.081845,5;3,945,0.925498,0.959267,0.958291,0.926543,945,0.961275,0.978193,0.977178,0.96236,25217,0.140676,0.254484,0.074625,0.958864,23439,0.14549,0.262415,0.076195,0.95679,0.840569,0.910638,0.863859,0.846553,0.914062,0.868041,0.183992,0.313372,0.187071,0.180936,0.309154,0.184156,0.950072,0.961209,0.952987,0.94854,0.96017,0.951496,0.539072,3.122,6.904116375,512,16,10356.30617,0.098587275,2.122,4.692676152
simvarmass_9531917a,37,31,500,4003,0.179245,0.360891,5;3,27,0.702703,0.825397,0.8125,0.702703,27,0.8125,0.896552,0.881356,0.8125,29,0.702703,0.825397,0.787879,0.702703,26,0.806452,0.892857,0.877193,0.806452,0.702703,0.825397,0.702703,0.806452,0.892857,0.806452,0.695332,0.786885,0.702703,0.773762,0.836364,0.78125,0.675676,0.806452,0.675676,0.741935,0.851852,0.741935,0.524279,8.006,44.66512316,512,16,10356.30617,0.003572702,7.006,39.08616698
simvarmass_958fc30a,3334,3154,500,3861,0.237985,0.493364,5;3,2272,0.872525,0.931924,0.81056,0.872525,2272,0.912484,0.95424,0.832234,0.912484,3034,0.894121,0.944101,0.936244,0.894121,2861,0.896956,0.945679,0.940648,0.896956,0.806119,0.891914,0.806539,0.818199,0.899233,0.818643,0.659338,0.733502,0.696761,0.656658,0.732607,0.692991,0.597698,0.735835,0.59988,0.596053,0.735834,0.597968,0.663086,7.722,32.44742316,512,16,10356.30617,0.321929455,6.722,28.24547766
simvarmass_95aee47a,111,110,500,970,0.073536,0.653618,5;3,104,0.936937,0.967442,0.967442,0.936937,104,0.945455,0.971963,0.971963,0.945455,119,0.945946,0.972222,0.913043,0.945946,113,0.945455,0.971963,0.932735,0.945455,0.842348,0.911765,0.846847,0.840915,0.910891,0.845455,0.766546,0.786026,0.81982,0.764225,0.784141,0.818182,0.765612,0.861538,0.765766,0.770536,0.864583,0.770642,0.545659,1.94,26.38163621,512,16,10356.30617,0.010718107,0.94,12.78285466
simvarmass_95ccffdb,1685,1598,500,3209,0.393942,0.847284,5;3,1494,0.90112,0.943089,0.939918,0.903264,1494,0.937277,0.962656,0.959538,0.939506,1618,0.916844,0.953618,0.934908,0.916914,1518,0.916741,0.954649,0.939666,0.916771,0.816209,0.889253,0.838576,0.822179,0.892943,0.84418,0.578513,0.676637,0.604154,0.582007,0.678809,0.606383,0.498493,0.655686,0.501484,0.494693,0.652282,0.497494,0.582398,6.418,16.29173838,512,16,10356.30617,0.162702799,5.418,13.75329363
simvarmass_95fd9ae1,4433,4203,500,515,0.144293,0.452659,5;3,3784,0.850651,0.911429,0.910795,0.855177,3784,0.886861,0.931894,0.931309,0.89158,20374,0.497921,0.691165,0.309348,0.865554,18870,0.51074,0.701893,0.314927,0.864588,0.812769,0.887918,0.847958,0.818315,0.891048,0.852689,0.115609,0.208961,0.117302,0.110871,0.201194,0.112327,0.580732,0.724427,0.584706,0.5763,0.721506,0.580076,0.605595,1.03,7.138253415,512,16,10356.30617,0.428048372,0.03,0.207910294
simvarmass_965d6e75,3890,3657,500,2981,0.350438,0.300581,5;3,3352,0.863381,0.92588,0.925435,0.863496,3352,0.907472,0.95068,0.950234,0.907593,3624,0.891003,0.94236,0.922545,0.891003,3374,0.88898,0.941228,0.924762,0.88898,0.817031,0.8986,0.822365,0.825849,0.903892,0.831282,0.529161,0.661454,0.554499,0.53029,0.66197,0.552214,0.736288,0.833237,0.73856,0.733884,0.832868,0.736092,0.643389,5.962,17.01299517,512,16,10356.30617,0.37561655,4.962,14.15942335
simvarmass_96b86f97,1604,1522,500,2638,0.315185,0.837492,5;3,1437,0.899038,0.94512,0.944426,0.900249,1437,0.93884,0.966723,0.966028,0.940104,24555,0.920758,0.958469,0.113001,0.921446,22799,0.92044,0.958248,0.115209,0.920499,0.831867,0.901947,0.854738,0.840534,0.907202,0.863338,0.582976,0.690409,0.610349,0.583192,0.690476,0.609724,0.499807,0.657388,0.503117,0.498004,0.656264,0.501319,0.580628,5.276,16.73937529,512,16,10356.30617,0.154881477,4.276,13.56663547
simvarmass_970e718a,4802,4526,500,1949,0.397122,0.411707,5;3,4011,0.836803,0.909442,0.909338,0.837151,4011,0.879092,0.933924,0.933815,0.879457,19937,0.861933,0.925914,0.334937,0.862766,18489,0.861277,0.925504,0.338982,0.861719,0.797622,0.884638,0.818201,0.803952,0.888617,0.823945,0.255393,0.405357,0.261558,0.246176,0.393897,0.251105,0.604955,0.742363,0.607247,0.602227,0.740731,0.603853,0.624857,3.898,9.81562341,512,16,10356.30617,0.463678837,2.898,7.297505552
simvarmass_973b6dd9,4272,4044,500,4271,0.207085,0.295661,5;3,737,0.865169,0.927711,0.29427,0.865169,737,0.903226,0.949153,0.305239,0.903226,3845,0.886938,0.940082,0.933596,0.886938,3615,0.885481,0.939263,0.93497,0.885481,0.811002,0.894852,0.813202,0.814302,0.896805,0.816609,0.647104,0.724613,0.683989,0.646573,0.727417,0.681829,0.746188,0.840321,0.748361,0.744232,0.840313,0.746158,0.697106,8.542,41.24876259,512,16,10356.30617,0.412502289,7.542,36.41982761
simvarmass_97e645de,2090,1990,500,4110,0.286552,0.511949,5;3,1898,0.909091,0.952381,0.951856,0.909091,1898,0.944804,0.971619,0.971092,0.944804,1978,0.932057,0.964834,0.957719,0.932057,1877,0.933668,0.965696,0.960952,0.933668,0.838763,0.912116,0.840191,0.848114,0.917641,0.849246,0.734218,0.758033,0.773206,0.735943,0.759906,0.773869,0.619125,0.752968,0.62201,0.61757,0.752366,0.620342,0.62062,8.22,28.68589296,512,16,10356.30617,0.201809406,7.22,25.19612496
simvarmass_97f8c504,753,708,500,4462,0.418221,0.600471,5;3,692,0.921634,0.958506,0.957785,0.921647,692,0.962538,0.980198,0.979476,0.962552,778,0.954847,0.976902,0.939255,0.954847,716,0.954802,0.976879,0.949438,0.954802,0.83219,0.907112,0.840637,0.841906,0.912442,0.84887,0.764837,0.782032,0.796813,0.766404,0.786987,0.797737,0.61133,0.732959,0.618858,0.608818,0.735192,0.614731,0.553137,8.924,21.33800072,512,16,10356.30617,0.072709322,7.924,18.94692041
simvarmass_9819ab98,3581,3376,500,3017,0.149089,0.540548,5;3,1345,0.867914,0.929148,0.546082,0.867914,1345,0.910636,0.953082,0.565364,0.910636,3230,0.890813,0.942254,0.93672,0.890813,3040,0.892476,0.943184,0.939214,0.892476,0.815485,0.89774,0.816252,0.820922,0.900992,0.821735,0.642533,0.710898,0.682212,0.63989,0.710808,0.67891,0.591348,0.734969,0.593968,0.587531,0.732768,0.590086,0.681646,6.034,40.47246946,512,16,10356.30617,0.345779657,5.034,33.7650665
simvarmass_983b3ec5,1094,1039,500,2936,0.139261,0.425602,5;3,1007,0.923213,0.959582,0.958591,0.923218,1007,0.95916,0.978661,0.97767,0.959164,1082,0.952468,0.975655,0.957721,0.952468,1019,0.952839,0.97585,0.962099,0.952839,0.823339,0.902903,0.824497,0.826512,0.904787,0.827719,0.845827,0.831798,0.88574,0.84825,0.835895,0.886429,0.689597,0.788291,0.693784,0.685592,0.786467,0.689189,0.596099,5.872,42.16543038,512,16,10356.30617,0.10563612,4.872,34.98466907
simvarmass_98de8b85,1665,1567,500,4548,0.139319,0.221288,5;3,1528,0.924324,0.960674,0.957094,0.924324,1528,0.966709,0.983073,0.979487,0.966709,1623,0.963363,0.98134,0.975669,0.963363,1515,0.96171,0.980481,0.977936,0.96171,0.856052,0.922032,0.856456,0.863009,0.926027,0.863433,0.831569,0.818096,0.87027,0.832542,0.820289,0.869815,0.920823,0.938404,0.923724,0.918042,0.936997,0.920716,0.637248,9.096,65.28901298,512,16,10356.30617,0.160771608,8.096,58.11124111
simvarmass_98f00cc4,3232,3072,500,1514,0.387056,0.565914,5;3,2843,0.880424,0.929804,0.928724,0.883045,2843,0.915256,0.948993,0.947917,0.91798,3382,0.879501,0.936627,0.871485,0.891708,3147,0.882561,0.938111,0.879884,0.890625,0.816328,0.890745,0.851795,0.820337,0.893023,0.856167,0.229315,0.372496,0.232983,0.225492,0.367582,0.228767,0.543542,0.694899,0.545792,0.541567,0.693878,0.543734,0.587652,3.028,7.823157373,512,16,10356.30617,0.312080383,2.028,5.239551899
simvarmass_99146b12,2331,2200,500,1573,0.251346,0.192421,5;3,2104,0.90598,0.948839,0.948816,0.906478,2104,0.947438,0.971165,0.971152,0.947959,23338,0.930959,0.96442,0.170011,0.936079,21693,0.932295,0.965114,0.172519,0.936818,0.841699,0.913448,0.85414,0.847327,0.916728,0.859609,0.525767,0.661979,0.54526,0.521053,0.659989,0.539336,0.898369,0.927305,0.90133,0.899422,0.930585,0.901961,0.594983,3.146,12.51661057,512,16,10356.30617,0.225080252,2.146,8.53803124
simvarmass_999606ec,3393,3241,500,738,0.072076,0.446618,5;3,3449,0.887624,0.938878,0.880737,0.888005,3449,0.918204,0.955761,0.895527,0.918598,21183,0.901857,0.948396,0.249023,0.901857,19626,0.901574,0.948239,0.255565,0.901574,0.810835,0.894703,0.819923,0.81876,0.899729,0.827522,0.547653,0.669188,0.573534,0.546887,0.670163,0.571737,0.627951,0.759993,0.630416,0.627546,0.760232,0.629721,0.649293,1.476,20.47838393,512,16,10356.30617,0.327626467,0.476,6.604140074
simvarmass_9998f2a4,4338,4117,500,1506,0.309515,0.836003,5;3,3508,0.835484,0.891463,0.886311,0.84071,3508,0.870814,0.911666,0.906649,0.876261,20681,0.818297,0.896756,0.294976,0.850622,19177,0.823787,0.899399,0.299906,0.848433,0.774832,0.844683,0.83195,0.779584,0.847509,0.83552,0.286729,0.441478,0.297372,0.282099,0.435636,0.291201,0.430628,0.596056,0.431996,0.428309,0.594013,0.429684,0.615748,3.012,9.731353892,512,16,10356.30617,0.418875217,2.012,6.500492706
simvarmass_99f8a9e3,2456,2329,500,3942,0.397395,0.464274,5;3,2202,0.898092,0.94547,0.94547,0.898208,2202,0.938202,0.967274,0.967274,0.938324,2354,0.927932,0.962619,0.947609,0.927932,2204,0.926578,0.96189,0.952129,0.926578,0.837514,0.910702,0.843648,0.845716,0.915522,0.851375,0.643395,0.722307,0.678339,0.641845,0.722681,0.675827,0.643695,0.769715,0.647801,0.638126,0.76635,0.642304,0.61697,7.884,19.83920281,512,16,10356.30617,0.237150192,6.884,17.32281483
simvarmass_9a8152e0,4740,4504,500,2910,0.499482,0.283413,5;3,4040,0.852614,0.919836,0.91959,0.852743,4040,0.888999,0.940615,0.940368,0.889133,19851,0.871521,0.931442,0.336465,0.872785,18367,0.871226,0.931231,0.343404,0.871892,0.801196,0.88829,0.818354,0.807187,0.892108,0.823347,0.342084,0.506525,0.35211,0.333689,0.497905,0.343028,0.729557,0.83074,0.732068,0.726981,0.829497,0.729477,0.635953,5.82,11.65207155,512,16,10356.30617,0.457692146,4.82,9.649997397
simvarmass_9a9434af,4437,4175,500,2371,0.408658,0.285977,5;3,3802,0.858793,0.921938,0.921714,0.859139,3802,0.90082,0.945704,0.945468,0.901182,4183,0.884615,0.938946,0.913457,0.887311,3877,0.884551,0.938786,0.918033,0.885269,0.817474,0.898687,0.831418,0.821844,0.901353,0.835131,0.353966,0.516211,0.36421,0.34982,0.512856,0.358323,0.725909,0.827851,0.728871,0.725279,0.829008,0.727992,0.63191,4.742,11.60383499,512,16,10356.30617,0.42843461,3.742,9.156801041
simvarmass_9ab1bb36,1098,1046,500,2814,0.126437,0.173835,5;3,1026,0.934426,0.966102,0.966102,0.934426,1026,0.966102,0.982759,0.982759,0.966102,1065,0.960838,0.980028,0.975497,0.960838,1013,0.961759,0.980507,0.977173,0.961759,0.844269,0.914568,0.845173,0.852779,0.919505,0.853728,0.848972,0.831545,0.887978,0.848837,0.834417,0.887189,0.95913,0.96,0.964481,0.95822,0.961802,0.963567,0.599225,5.628,44.51228675,512,16,10356.30617,0.106022358,4.628,36.6032095
simvarmass_9ac0b1e7,4173,3945,500,2556,0.44849,0.745005,5;3,3501,0.844145,0.91044,0.910086,0.844716,3501,0.882198,0.932285,0.931946,0.882795,20518,0.854909,0.92091,0.289012,0.85502,19032,0.852359,0.919496,0.292728,0.852471,0.788326,0.871354,0.815001,0.791465,0.873243,0.817744,0.350846,0.509771,0.365684,0.349179,0.508072,0.363083,0.477313,0.639987,0.479032,0.476953,0.640285,0.478669,0.623026,5.112,11.39824745,512,16,10356.30617,0.402942896,4.112,9.168543334
simvarmass_9ad6b4cd,2623,2481,500,1374,0.249349,0.607775,5;3,2321,0.886822,0.936514,0.936084,0.887915,2321,0.923802,0.956827,0.956396,0.92494,22871,0.88391,0.93934,0.186554,0.906596,21218,0.887116,0.940881,0.189451,0.904512,0.829475,0.90375,0.853222,0.836112,0.907615,0.859331,0.391245,0.551335,0.409455,0.389446,0.548774,0.405721,0.557514,0.706024,0.560808,0.553265,0.704139,0.556543,0.594529,2.748,11.0206979,512,16,10356.30617,0.253275633,1.748,7.010254703
simvarmass_9b3ab504,3992,3795,500,4364,0.101512,0.832787,5;3,3341,0.836924,0.911223,0.911223,0.836924,3341,0.870959,0.93103,0.93103,0.870959,3395,0.845691,0.916395,0.914038,0.845691,3204,0.841897,0.914163,0.912988,0.841897,0.80036,0.889167,0.801854,0.803965,0.891384,0.805534,0.590503,0.678399,0.632515,0.588211,0.680251,0.62882,NaN,NaN,NaN,NaN,NaN,NaN,0.716039,8.728,85.97998266,512,16,10356.30617,0.385465622,7.728,76.12893057
simvarmass_9b532070,44,44,500,2935,0.262865,0.835813,5;3,29,0.659091,0.794521,0.794521,0.659091,29,0.659091,0.794521,0.794521,0.659091,36,0.659091,0.794521,0.725,0.659091,32,0.659091,0.794521,0.763158,0.659091,0.602278,0.742857,0.613636,0.602278,0.742857,0.613636,0.545455,0.705882,0.545455,0.545455,0.705882,0.545455,0.681818,0.810811,0.681818,0.681818,0.810811,0.681818,0.518844,5.87,22.33085424,512,16,10356.30617,0.004248619,4.87,18.52662013
simvarmass_9b627c8d,4728,4464,500,518,0.249562,0.277579,5;3,3999,0.849821,0.903408,0.894924,0.862944,3999,0.890109,0.925763,0.91742,0.903855,20176,0.228683,0.402749,0.331834,0.873942,18674,0.233404,0.409418,0.33669,0.872731,0.796761,0.852671,0.867597,0.800069,0.855119,0.870744,0.004969,0.010097,0.005076,0.003808,0.007588,0.003808,0.564465,0.712543,0.568316,0.562848,0.711243,0.56639,0.570072,1.036,4.15127303,512,16,10356.30617,0.456533432,0.036,0.144252731
simvarmass_9ba43122,4180,3935,500,2084,0.22968,0.407196,5;3,3592,0.860762,0.924798,0.924344,0.860766,3592,0.903789,0.949077,0.948633,0.903793,3802,0.8811,0.936793,0.922826,0.8811,3539,0.880305,0.936343,0.926947,0.880305,0.81331,0.89607,0.820335,0.820803,0.900697,0.826982,0.512832,0.652301,0.535885,0.507252,0.648362,0.528216,0.641163,0.769143,0.642823,0.639789,0.768267,0.641399,0.652717,4.168,18.14698711,512,16,10356.30617,0.403618813,3.168,13.79310345
simvarmass_9bfb66b5,1059,1012,500,1054,0.087643,0.858543,5;3,971,0.917016,0.951351,0.948768,0.917847,971,0.953949,0.970913,0.968326,0.954813,1031,0.948025,0.971845,0.959809,0.948064,969,0.945629,0.971051,0.965169,0.945652,0.811922,0.889817,0.823418,0.815076,0.892039,0.827075,0.64578,0.712493,0.678942,0.6435,0.710581,0.676877,0.478453,0.633121,0.481586,0.47515,0.6313,0.478218,0.583498,2.108,24.05212053,512,16,10356.30617,0.102256536,1.108,12.64219618
simvarmass_9c6368fd,989,941,500,831,0.22712,0.459412,5;3,909,0.917881,0.953586,0.952582,0.923155,909,0.954557,0.973089,0.972043,0.960042,25529,0.747354,0.86054,0.070971,0.951466,23739,0.775979,0.878312,0.072528,0.951116,0.827909,0.898901,0.857432,0.83508,0.902818,0.865037,0.229008,0.371315,0.235592,0.21997,0.360101,0.226355,0.664942,0.788936,0.667341,0.659732,0.786574,0.662062,0.542726,1.662,7.317717506,512,16,10356.30617,0.09549737,0.662,2.914758718
simvarmass_9ca707ab,273,259,500,4981,0.262934,0.379046,5;3,247,0.908425,0.952015,0.95,0.908425,247,0.950192,0.97446,0.972441,0.950192,265,0.956044,0.977528,0.97026,0.956044,249,0.953668,0.976285,0.972441,0.953668,0.831502,0.908,0.831502,0.837838,0.911765,0.837838,0.866312,0.865275,0.893773,0.863014,0.868,0.888031,0.843573,0.869396,0.85348,0.839531,0.871369,0.848837,0.535471,9.962,37.88783497,512,16,10356.30617,0.02636075,8.962,34.08459918
simvarmass_9cab894e,4542,4314,500,2055,0.23309,0.242305,5;3,3905,0.859277,0.924097,0.923878,0.859313,3905,0.896585,0.945252,0.945023,0.896623,4085,0.875605,0.933678,0.921989,0.875605,3838,0.872074,0.931666,0.923096,0.872074,0.802807,0.889703,0.807574,0.807319,0.892481,0.811732,0.488953,0.634765,0.51255,0.486718,0.634153,0.507999,0.764068,0.853049,0.766843,0.760204,0.851914,0.762724,0.657285,4.11,17.63267407,512,16,10356.30617,0.43857336,3.11,13.34248574
simvarmass_9cf70bc5,3554,3369,500,1341,0.433141,0.204668,5;3,3136,0.879372,0.932515,0.932138,0.882105,3136,0.916775,0.953197,0.952788,0.919625,21342,0.846253,0.9198,0.258435,0.905177,19771,0.853213,0.923496,0.26344,0.90472,0.824161,0.899536,0.854811,0.831048,0.903687,0.861383,0.070365,0.132249,0.070906,0.063893,0.120435,0.064114,0.780518,0.860759,0.784468,0.781066,0.862142,0.784991,0.581929,2.682,6.191979055,512,16,10356.30617,0.34317255,1.682,3.883262032
simvarmass_9d0581dd,2846,2697,500,3701,0.19268,0.481213,5;3,1224,0.884399,0.938654,0.601474,0.884399,1224,0.91962,0.958127,0.618026,0.91962,2631,0.904779,0.950009,0.940296,0.904779,2473,0.902484,0.948743,0.941586,0.902484,0.814347,0.897059,0.814476,0.81867,0.899756,0.818687,0.70287,0.739936,0.742446,0.696669,0.736216,0.736647,0.618694,0.751861,0.621223,0.614775,0.749437,0.617069,0.658242,7.402,38.41602657,512,16,10356.30617,0.274808407,6.402,33.22607432
simvarmass_9d117033,3368,3168,500,536,0.27355,0.314067,5;3,2945,0.862958,0.905583,0.900998,0.882423,2945,0.905434,0.928594,0.924127,0.925857,21444,0.163592,0.302135,0.24472,0.901425,19929,0.164736,0.304443,0.246536,0.898958,0.791114,0.841216,0.879751,0.79663,0.844261,0.883486,0.009204,0.018241,0.009204,0.006629,0.01317,0.006629,0.553397,0.700056,0.558195,0.549836,0.698704,0.553905,0.555234,1.072,3.918844818,512,16,10356.30617,0.325212479,0.072,0.263205995
simvarmass_9d409a1f,1817,1714,500,1030,0.181536,0.319905,5;3,1639,0.904329,0.948221,0.947917,0.90809,1639,0.945435,0.970397,0.970092,0.949367,1833,0.936709,0.96732,0.932603,0.936709,1708,0.939907,0.969023,0.941555,0.939907,0.852296,0.918646,0.860209,0.859759,0.922884,0.868145,0.476476,0.629151,0.495322,0.475714,0.629146,0.492703,0.773392,0.85897,0.776004,0.77517,0.862159,0.777257,0.579548,2.06,11.34761149,512,16,10356.30617,0.175448656,1.06,5.839062225
simvarmass_9d6b4e07,83,79,500,4409,0.452549,0.46011,5;3,77,0.879518,0.935897,0.9125,0.879518,77,0.890244,0.941935,0.918239,0.890244,89,0.891566,0.942675,0.860465,0.891566,77,0.886076,0.939597,0.897436,0.886076,0.783133,0.878378,0.783133,0.78481,0.879433,0.78481,0.768186,0.784314,0.807229,0.761239,0.786207,0.797468,0.773592,0.878981,0.831325,0.77682,0.88,0.835443,0.518319,8.818,19.48518282,512,16,10356.30617,0.008014441,7.818,17.27547735
simvarmass_9d84f4be,638,609,500,1935,0.367346,0.193585,5;3,607,0.951942,0.974277,0.973494,0.956113,607,0.982749,0.990196,0.989388,0.987055,25803,0.4014,0.576676,0.047502,0.984326,23989,0.428979,0.603926,0.048784,0.985222,0.870611,0.92953,0.887147,0.879024,0.934268,0.894737,0.605365,0.723288,0.62069,0.604718,0.723608,0.619048,0.949901,0.969502,0.956113,0.952393,0.970464,0.958746,0.537932,3.87,10.53502692,512,16,10356.30617,0.061604977,2.87,7.812797744
simvarmass_9e509889,1435,1351,500,2183,0.240099,0.387543,5;3,1300,0.907275,0.951023,0.95064,0.907317,1300,0.955201,0.976727,0.976342,0.955246,1432,0.938749,0.968639,0.948029,0.947038,1333,0.942259,0.970432,0.954156,0.948148,0.844011,0.914372,0.853659,0.851958,0.918962,0.861481,0.723308,0.768794,0.755401,0.725835,0.772195,0.756477,0.709,0.814087,0.711498,0.706524,0.812339,0.708767,0.580729,4.366,18.1841657,512,16,10356.30617,0.138562918,3.366,14.01921707
simvarmass_9e65e1b9,4478,4225,500,4101,0.380075,0.360938,5;3,199,0.853282,0.920853,0.085097,0.853506,199,0.896948,0.945688,0.089258,0.897183,4051,0.877613,0.934697,0.921327,0.877624,3798,0.877386,0.934561,0.923844,0.877396,0.809878,0.893743,0.814649,0.81555,0.897172,0.820398,0.538744,0.667458,0.564984,0.538176,0.668162,0.564024,0.660809,0.781682,0.663243,0.655679,0.779761,0.657814,0.664275,8.202,21.57995133,512,16,10356.30617,0.432393551,7.202,18.94889167
simvarmass_9e866580,4539,4313,500,830,0.312528,0.155218,5;3,3905,0.860267,0.919962,0.919706,0.865169,3905,0.89415,0.939086,0.93883,0.899244,20477,0.736061,0.85754,0.320995,0.884556,18938,0.751073,0.866515,0.327198,0.88178,0.814897,0.887565,0.85239,0.81999,0.89093,0.856679,0.024455,0.047742,0.024455,0.01924,0.037753,0.01924,0.724811,0.826141,0.729676,0.722891,0.82533,0.727273,0.582857,1.66,5.311524087,512,16,10356.30617,0.438283682,0.66,2.111810782
simvarmass_9eb1e2de,1704,1611,500,3118,0.439213,0.529005,5;3,1561,0.919434,0.956202,0.956202,0.920188,1561,0.956481,0.97593,0.97593,0.957265,1707,0.941901,0.970082,0.941073,0.941901,1591,0.942893,0.970607,0.948782,0.942893,0.84701,0.91619,0.853286,0.853303,0.919987,0.858385,0.594291,0.697128,0.626761,0.587872,0.694348,0.617629,0.607721,0.746763,0.609155,0.599773,0.741452,0.600872,0.580772,6.236,14.19812255,512,16,10356.30617,0.16453743,5.236,11.92132291
simvarmass_9f7ba4f3,638,609,500,3298,0.221838,0.704751,5;3,599,0.941237,0.969305,0.968472,0.942006,599,0.976438,0.987654,0.98682,0.977236,628,0.967085,0.983267,0.974724,0.967085,594,0.967159,0.983306,0.979219,0.967159,0.869906,0.930427,0.869906,0.871921,0.931579,0.871921,0.815093,0.807432,0.855799,0.813594,0.807111,0.853859,0.59645,0.729913,0.600313,0.592493,0.727829,0.596376,0.55749,6.596,29.73340906,512,16,10356.30617,0.061604977,5.596,25.22561509
simvarmass_9fe0ac99,3252,3054,500,3006,0.224686,0.081262,5;3,2881,0.886224,0.939527,0.939181,0.886224,2881,0.93148,0.964363,0.964017,0.93148,3082,0.916667,0.956522,0.941269,0.916667,2876,0.916503,0.956433,0.944013,0.916503,0.825247,0.903856,0.826261,0.832311,0.908052,0.833388,0.696487,0.750907,0.731857,0.69817,0.753365,0.732897,0.950533,0.966566,0.951415,0.952288,0.96857,0.953038,0.653112,6.012,26.75734136,512,16,10356.30617,0.314011574,5.012,22.30668577
simvarmass_9fe70cf3,2909,2754,500,2044,0.463071,0.325829,5;3,2581,0.890288,0.93957,0.939526,0.892403,2581,0.928593,0.960551,0.960521,0.9308,22335,0.569685,0.740988,0.210902,0.915091,20732,0.589679,0.756464,0.214255,0.91358,0.821536,0.900867,0.842901,0.82796,0.904979,0.848529,0.283671,0.442712,0.292884,0.279585,0.436877,0.286596,0.728932,0.826661,0.731179,0.72699,0.826248,0.728795,0.589626,4.088,8.828019893,512,16,10356.30617,0.280891657,3.088,6.668523833
simvarmass_a07a3e42,348,323,500,4683,0.493218,0.677371,5;3,317,0.913758,0.953383,0.953383,0.913793,317,0.954918,0.975385,0.975385,0.954955,344,0.954023,0.976471,0.959538,0.954023,313,0.950464,0.974603,0.965409,0.950464,0.822554,0.905956,0.841954,0.812182,0.89983,0.832817,0.737971,0.774495,0.770115,0.728178,0.772109,0.755418,0.599046,0.735346,0.603448,0.597908,0.733205,0.602484,0.531419,9.366,18.98957459,512,16,10356.30617,0.033602715,8.366,16.96207357
simvarmass_a0a643b8,691,647,500,2998,0.120672,0.356507,5;3,642,0.92764,0.96174,0.96174,0.927641,642,0.974163,0.986154,0.986154,0.974164,690,0.975398,0.987546,0.976104,0.975398,639,0.973725,0.986688,0.979782,0.973725,0.863251,0.926185,0.863965,0.878681,0.934979,0.879444,0.871389,0.838323,0.914616,0.873471,0.8384,0.916409,0.821323,0.870643,0.827786,0.810494,0.865546,0.817187,0.577578,5.996,49.68841156,512,16,10356.30617,0.066722631,4.996,41.40148502
simvarmass_a0b632e5,2230,2080,500,1142,0.213749,0.335893,5;3,1981,0.891347,0.940674,0.940394,0.893274,1981,0.94204,0.968246,0.967978,0.944076,23375,0.69291,0.826915,0.162703,0.934081,21719,0.705605,0.835378,0.163116,0.933173,0.82749,0.904587,0.842152,0.836331,0.909995,0.850962,0.416112,0.574058,0.433632,0.407761,0.567846,0.424315,0.74246,0.837989,0.743498,0.741788,0.83834,0.742651,0.586544,2.284,10.68543011,512,16,10356.30617,0.21532774,1.284,6.007045647
simvarmass_a0fa54cc,4873,4641,500,3543,0.069335,0.855258,5;3,3984,0.816725,0.899176,0.899176,0.817156,3984,0.850588,0.919312,0.919312,0.851037,4055,0.82941,0.906664,0.905242,0.829468,3850,0.827349,0.905425,0.904252,0.827408,0.786884,0.880422,0.787195,0.79196,0.883576,0.792286,0.5524,0.66078,0.591217,0.548596,0.658528,0.58669,NaN,NaN,NaN,NaN,NaN,NaN,0.734777,7.086,102.1994664,512,16,10356.30617,0.470534563,6.086,87.77673614
simvarmass_a107a7a1,1477,1398,500,1434,0.37622,0.373692,5;3,1358,0.918968,0.955877,0.955203,0.923494,1358,0.95788,0.97656,0.975856,0.962597,1530,0.901896,0.949679,0.935151,0.95193,1414,0.914797,0.956428,0.944523,0.949928,0.848941,0.915627,0.8761,0.855287,0.919274,0.881259,0.244858,0.394471,0.251185,0.237989,0.38479,0.242489,0.705813,0.813281,0.712255,0.701039,0.811258,0.707527,0.552497,2.868,7.623199192,512,16,10356.30617,0.142618418,1.868,4.965179948
simvarmass_a13aa03e,1680,1589,500,1866,0.187566,0.277141,5;3,1539,0.917837,0.956522,0.956198,0.918452,1539,0.960129,0.979021,0.978696,0.960772,1732,0.952381,0.97561,0.937866,0.952381,1613,0.950913,0.974839,0.943785,0.950913,0.826951,0.904886,0.829762,0.834637,0.909465,0.837004,0.73557,0.766137,0.768452,0.736249,0.769178,0.76589,0.815854,0.879526,0.819643,0.810203,0.877144,0.81388,0.596157,3.732,19.89699626,512,16,10356.30617,0.162220001,2.732,14.5655396
simvarmass_a14988c5,4888,4630,500,4186,0.486818,0.645412,5;3,4084,0.836316,0.910549,0.909942,0.836334,4084,0.873859,0.93236,0.931751,0.873878,19222,0.845336,0.916186,0.342762,0.845336,17746,0.843197,0.914929,0.348945,0.843197,0.791967,0.881836,0.805033,0.797784,0.885392,0.811015,0.434578,0.586649,0.453969,0.429756,0.581777,0.447516,0.49792,0.657066,0.499386,0.492058,0.652093,0.493512,0.658621,8.372,17.19739204,512,16,10356.30617,0.471982956,7.372,15.14323628
simvarmass_a15e4569,2978,2801,500,4770,0.37428,0.387929,5;3,2635,0.887507,0.939858,0.938892,0.887508,2635,0.93096,0.963693,0.962733,0.930962,2830,0.915715,0.956004,0.93905,0.915715,2631,0.914704,0.955452,0.943493,0.914704,0.823456,0.902668,0.825722,0.83376,0.908808,0.835832,0.672137,0.735885,0.70685,0.673822,0.739236,0.707709,0.691868,0.80522,0.69409,0.689836,0.805336,0.691729,0.643438,9.54,25.48893876,512,16,10356.30617,0.287554264,8.54,22.81714225
simvarmass_a1a8f156,320,306,500,3456,0.10276,0.87888,5;3,296,0.927781,0.961039,0.961039,0.928125,296,0.963928,0.980132,0.980132,0.964286,310,0.959375,0.979266,0.974603,0.959375,295,0.957516,0.978297,0.975042,0.957516,0.840625,0.913413,0.840625,0.843137,0.914894,0.843137,0.870024,0.855241,0.903125,0.867292,0.852174,0.901961,0.621353,0.748092,0.625,0.611482,0.740891,0.615132,0.557546,6.912,67.26352666,512,16,10356.30617,0.030899048,5.912,57.53211366
simvarmass_a1c6098e,308,286,500,2611,0.150466,0.212492,5;3,284,0.922078,0.959459,0.959459,0.922078,284,0.982699,0.991274,0.991274,0.982699,313,0.983766,0.991817,0.975845,0.983766,285,0.986014,0.992958,0.987741,0.986014,0.853896,0.921191,0.853896,0.874126,0.932836,0.874126,0.907675,0.868852,0.944805,0.911234,0.871143,0.947552,0.963724,0.952381,0.980519,0.966136,0.953901,0.982456,0.544587,5.222,34.70551487,512,16,10356.30617,0.029740334,4.222,28.05949517
simvarmass_a2157ead,653,618,500,2015,0.364158,0.533428,5;3,605,0.927658,0.960254,0.960254,0.93415,605,0.966126,0.980519,0.980519,0.972887,709,0.860002,0.926579,0.926579,0.966309,649,0.885644,0.940805,0.940805,0.964401,0.867615,0.927869,0.87902,0.873767,0.930915,0.881877,0.533652,0.662374,0.551302,0.536885,0.664729,0.555016,0.642219,0.768236,0.644717,0.644346,0.772239,0.646104,0.53842,4.03,11.06662493,512,16,10356.30617,0.06305337,3.03,8.320564151
simvarmass_a2616bb5,3394,3196,500,2653,0.198483,0.165864,5;3,3017,0.889698,0.941543,0.940883,0.889806,3017,0.93285,0.965165,0.964503,0.932963,3193,0.921626,0.959215,0.94975,0.921626,2993,0.92209,0.959466,0.952335,0.92209,0.828225,0.905575,0.82911,0.834479,0.909277,0.835419,0.655104,0.725609,0.689157,0.652526,0.727273,0.684392,0.926557,0.951385,0.928403,0.925416,0.95082,0.927204,0.656103,5.306,26.73276805,512,16,10356.30617,0.327723026,4.306,21.69455319
simvarmass_a28e99ef,2192,2064,500,3813,0.498291,0.345276,5;3,1985,0.908541,0.950694,0.950443,0.909672,1985,0.952881,0.974485,0.974233,0.954067,23258,0.906116,0.951854,0.162358,0.942518,21609,0.91643,0.957185,0.164322,0.942345,0.83687,0.909633,0.85219,0.844008,0.91406,0.857974,0.605073,0.70141,0.635493,0.606907,0.703356,0.634383,0.748403,0.840185,0.750912,0.745737,0.840722,0.748173,0.598599,7.626,15.30431013,512,16,10356.30617,0.211658478,6.626,13.29745069
simvarmass_a29ec531,2916,2753,500,3241,0.11153,0.835785,5;3,1243,0.876542,0.93404,0.59774,0.876543,1243,0.919754,0.958021,0.6181,0.919755,2646,0.893347,0.94367,0.936713,0.893347,2478,0.892481,0.943186,0.9394,0.892481,0.821096,0.902086,0.823388,0.832087,0.908767,0.834363,0.63874,0.702655,0.676269,0.641021,0.705905,0.677935,0.474038,0.634202,0.475652,0.471453,0.632425,0.473052,0.677104,6.482,58.11889178,512,16,10356.30617,0.281567574,5.482,49.15269434
simvarmass_a2d36323,3215,3042,500,876,0.436924,0.61375,5;3,2466,0.855231,0.878473,0.851963,0.887092,2466,0.890981,0.897861,0.871758,0.924174,22312,0.177067,0.323388,0.226114,0.897667,20655,0.18075,0.329398,0.229828,0.895429,0.749125,0.784497,0.876516,0.753541,0.788366,0.880843,0.020131,0.039622,0.020218,0.016437,0.032342,0.016437,0.452497,0.61519,0.454743,0.450028,0.613393,0.452271,0.551791,1.752,4.009850683,512,16,10356.30617,0.310438871,0.752,1.721123124
simvarmass_a2ece752,4081,3856,500,1713,0.103002,0.186112,5;3,3425,0.869743,0.930312,0.91207,0.87013,3425,0.912213,0.954057,0.935757,0.912619,3713,0.896104,0.945205,0.938414,0.896104,3499,0.897044,0.945728,0.940585,0.897044,0.817341,0.898895,0.818182,0.820217,0.900598,0.821104,0.627891,0.714267,0.666748,0.627281,0.716339,0.665198,0.879371,0.91887,0.881402,0.876396,0.918647,0.878213,0.68361,3.426,33.26149007,512,16,10356.30617,0.39405942,2.426,23.55294072
simvarmass_a2f8d796,181,174,500,582,0.486277,0.091348,5;3,74,0.784203,0.780488,0.580392,0.883978,74,0.81109,0.795031,0.594378,0.914286,20824,0.007223,0.015711,0.015711,0.911602,19345,0.007416,0.016189,0.016189,0.908046,0.389477,0.453947,0.861878,0.395044,0.46332,0.862069,0.01105,0.021858,0.01105,0.011494,0.022727,0.011494,0.121547,0.216749,0.121547,0.126437,0.22449,0.126437,0.51506,1.164,2.393697419,512,16,10356.30617,0.017477274,0.164,0.337256337
simvarmass_a3049b62,3579,3415,500,1102,0.257693,0.519617,5;3,3143,0.880235,0.933868,0.933056,0.88209,3143,0.912619,0.951833,0.951024,0.914542,21694,0.88684,0.940044,0.251256,0.887119,20092,0.887262,0.940264,0.257796,0.887262,0.806188,0.88755,0.837944,0.814374,0.892684,0.845974,0.235635,0.383513,0.243085,0.229511,0.375758,0.236018,0.558836,0.707021,0.56133,0.558089,0.706208,0.560411,0.598894,2.204,8.552812843,512,16,10356.30617,0.345586538,1.204,4.672226254
simvarmass_a33ed321,4768,4539,500,3836,0.128699,0.451512,5;3,1376,0.850881,0.919433,0.447917,0.850881,1376,0.887164,0.940209,0.462599,0.887164,4166,0.863255,0.92661,0.921424,0.863255,3944,0.862965,0.926443,0.923494,0.862965,0.807796,0.892803,0.808725,0.812642,0.895714,0.813615,0.604155,0.700229,0.64031,0.605137,0.701543,0.64111,NaN,NaN,NaN,NaN,NaN,NaN,0.716846,7.672,59.6119628,512,16,10356.30617,0.460395813,6.672,51.84189465
simvarmass_a358d303,4852,4601,500,4930,0.311951,0.603358,5;3,917,0.834293,0.909561,0.317906,0.834295,917,0.872976,0.932075,0.330212,0.872978,4170,0.844394,0.915633,0.908224,0.844394,3927,0.844449,0.915665,0.911372,0.844449,0.787438,0.881208,0.788541,0.794359,0.885528,0.795524,0.53418,0.658578,0.564922,0.532597,0.659621,0.562432,0.525119,0.67922,0.527824,0.520586,0.675957,0.52298,0.688208,9.86,31.60752811,512,16,10356.30617,0.468506813,8.86,28.40189645
simvarmass_a35f44e1,4772,4535,500,3839,0.076107,0.797147,5;3,3917,0.82062,0.90137,0.90137,0.82062,3917,0.858583,0.923803,0.923803,0.858584,3995,0.833822,0.909382,0.907722,0.833822,3781,0.832011,0.908303,0.907539,0.832011,0.787076,0.880721,0.788349,0.791513,0.883538,0.792769,0.567413,0.674047,0.606035,0.567027,0.675216,0.603616,NaN,NaN,NaN,NaN,NaN,NaN,0.731858,7.678,100.8842813,512,16,10356.30617,0.460782051,6.678,87.74488549
simvarmass_a37b32b1,831,780,500,4913,0.099387,0.178646,5;3,762,0.916968,0.956685,0.956685,0.916968,762,0.959698,0.979434,0.979434,0.959698,811,0.961492,0.980368,0.973203,0.961492,756,0.961538,0.980392,0.976562,0.961538,0.834596,0.908972,0.835138,0.837886,0.910864,0.838462,0.879414,0.860229,0.913357,0.880698,0.862745,0.912821,0.956204,0.958616,0.960289,0.958749,0.962574,0.962677,0.602805,9.826,98.86604888,512,16,10356.30617,0.080240965,8.826,88.80437079
simvarmass_a3a7f137,627,590,500,556,0.084815,0.403115,5;3,578,0.924164,0.959336,0.959336,0.92823,578,0.968981,0.982993,0.982993,0.973244,26552,0.974484,0.987097,0.045035,0.976077,24710,0.974576,0.987124,0.045455,0.974576,0.835163,0.908616,0.85008,0.841752,0.912442,0.855932,0.593893,0.699909,0.61563,0.594401,0.700096,0.615254,0.718514,0.826283,0.732057,0.715064,0.823529,0.727428,0.55936,1.112,13.1108884,512,16,10356.30617,0.060542822,0.112,1.320521134
simvarmass_a3e1508d,784,744,500,1767,0.39957,0.524875,5;3,721,0.913718,0.952,0.948837,0.917092,721,0.947559,0.970109,0.966825,0.951058,25891,0.942536,0.969974,0.055783,0.94898,24085,0.943472,0.970365,0.056788,0.947581,0.811692,0.891549,0.829082,0.817704,0.89497,0.834677,0.414032,0.574074,0.434949,0.405815,0.566816,0.424731,0.622772,0.76198,0.625,0.620579,0.761194,0.622312,0.537652,3.534,8.844507846,512,16,10356.30617,0.075702667,2.534,6.341817454
simvarmass_a3fb0822,329,313,500,1577,0.143096,0.456082,5;3,299,0.911854,0.953895,0.952229,0.911854,299,0.955414,0.977199,0.97553,0.955414,339,0.957447,0.978261,0.943114,0.957447,315,0.955272,0.977124,0.952229,0.955272,0.822254,0.901503,0.829787,0.825948,0.903678,0.833866,0.814471,0.831081,0.844985,0.818405,0.836879,0.846645,0.688799,0.795139,0.696049,0.694408,0.797814,0.699681,0.542676,3.154,22.0411472,512,16,10356.30617,0.031768084,2.154,15.05283167
simvarmass_a3fc51dc,4537,4295,500,3518,0.299265,0.253127,5;3,3631,0.858056,0.923606,0.889079,0.858056,3631,0.897625,0.946051,0.911396,0.897625,19244,0.881199,0.936848,0.336235,0.881199,17813,0.878696,0.935432,0.341415,0.878696,0.805498,0.89141,0.808464,0.810699,0.894541,0.813824,0.560232,0.676872,0.589597,0.555416,0.675192,0.583935,0.78298,0.86421,0.785541,0.778818,0.862659,0.781301,0.672257,7.036,23.51093512,512,16,10356.30617,0.438090563,6.036,20.16941507
simvarmass_a41fe574,5085,4824,500,4373,0.115374,0.152741,5;3,2139,0.853018,0.920531,0.592193,0.853097,2139,0.892693,0.943146,0.611318,0.892776,4521,0.883776,0.938303,0.935665,0.883776,4279,0.883731,0.938277,0.936731,0.883731,0.803692,0.890679,0.804326,0.810492,0.894809,0.811153,0.6206,0.709677,0.659784,0.619185,0.710927,0.657622,NaN,NaN,NaN,NaN,NaN,NaN,0.726429,8.746,75.80564079,512,16,10356.30617,0.491005182,7.746,67.13817671
simvarmass_a4851b19,847,797,500,1171,0.157885,0.852548,5;3,754,0.908518,0.94314,0.934416,0.912633,754,0.95237,0.966434,0.957746,0.956683,26305,0.945998,0.966687,0.059075,0.946871,24513,0.946415,0.968367,0.059584,0.947236,0.829161,0.891332,0.861865,0.836853,0.895134,0.869347,0.542376,0.657803,0.563164,0.541471,0.657718,0.562108,0.480625,0.633922,0.487603,0.474709,0.629417,0.481156,0.55605,2.342,14.8335814,512,16,10356.30617,0.081785917,1.342,8.499857491
simvarmass_a4cf1575,4622,4379,500,4737,0.345196,0.259928,5;3,3302,0.856449,0.922754,0.833165,0.856772,3302,0.894578,0.944431,0.854407,0.894915,4206,0.880788,0.936616,0.922293,0.880788,3951,0.878054,0.935068,0.923169,0.878054,0.801764,0.889556,0.802466,0.809493,0.894272,0.810231,0.572124,0.682885,0.607313,0.569256,0.683305,0.603196,0.755433,0.847663,0.757248,0.751827,0.847183,0.753375,0.679332,9.474,27.44527747,512,16,10356.30617,0.446298122,8.474,24.54837252
simvarmass_a55cfb82,15,15,500,4392,0.125658,0.688389,5;3,11,0.333333,0.5,0.384615,0.333333,11,0.333333,0.5,0.384615,0.333333,18,0.333333,0.5,0.30303,0.333333,13,0.333333,0.5,0.357143,0.333333,0.333333,0.5,0.333333,0.333333,0.5,0.333333,0.333333,0.5,0.333333,0.333333,0.5,0.333333,0.4,0.571429,0.4,0.4,0.571429,0.4,0.528794,8.784,69.90402521,512,16,10356.30617,0.001448393,7.784,61.94591669
simvarmass_a56371c0,2799,2638,500,4324,0.211295,0.217199,5;3,2091,0.892819,0.943375,0.855215,0.892819,2091,0.934206,0.965984,0.877465,0.934206,2612,0.924973,0.961024,0.95694,0.924973,2449,0.923048,0.959984,0.957342,0.923048,0.822069,0.901392,0.822437,0.828582,0.905246,0.828972,0.740075,0.760813,0.782422,0.743297,0.765839,0.783251,0.880143,0.918721,0.881743,0.877463,0.917386,0.878949,0.65933,8.648,40.9285596,512,16,10356.30617,0.270270109,7.648,36.19583994
simvarmass_a57c2d34,1458,1378,500,2479,0.280013,0.771617,5;3,1333,0.91887,0.955619,0.954497,0.919753,1333,0.958993,0.976948,0.975824,0.959914,1435,0.94513,0.971791,0.952644,0.94513,1342,0.945573,0.972025,0.958088,0.945573,0.865015,0.924265,0.878601,0.871033,0.927547,0.884699,0.578953,0.683417,0.60631,0.578965,0.685315,0.604938,0.505417,0.657825,0.510288,0.500883,0.655042,0.505822,0.578269,4.958,17.70632078,512,16,10356.30617,0.140783787,3.958,14.13505802
simvarmass_a60820cd,4191,3963,500,1247,0.080844,0.142705,5;3,3667,0.874136,0.932807,0.932807,0.874493,3667,0.915419,0.955796,0.955796,0.915792,19787,0.904796,0.950019,0.31629,0.904796,18349,0.905146,0.950212,0.321606,0.905146,0.819981,0.900183,0.822,0.827293,0.904525,0.829422,0.617792,0.712902,0.649964,0.618879,0.715318,0.649419,0.916522,0.943401,0.918397,0.915894,0.943989,0.917659,0.682315,2.494,30.84953738,512,16,10356.30617,0.404680967,1.494,18.48003562
simvarmass_a624eb18,42,41,500,3701,0.163729,0.661234,5;3,36,0.857143,0.923077,0.923077,0.857143,36,0.878049,0.935065,0.935065,0.878049,47,0.880952,0.936709,0.831461,0.880952,42,0.878049,0.935065,0.86747,0.878049,0.833333,0.909091,0.833333,0.853659,0.921053,0.853659,0.842649,0.857143,0.857143,0.863201,0.868421,0.878049,0.894187,0.928571,0.928571,0.894886,0.938272,0.926829,0.525934,7.402,45.20885121,512,16,10356.30617,0.0040555,6.402,39.10119771
simvarmass_a695da7f,3493,3306,500,4433,0.425337,0.057313,5;3,3088,0.885771,0.939104,0.938459,0.885772,3088,0.923582,0.95995,0.959304,0.923582,21025,0.915545,0.955911,0.26087,0.915545,19507,0.913491,0.95479,0.264761,0.913491,0.819073,0.900173,0.82422,0.826439,0.904581,0.831872,0.628377,0.724387,0.659891,0.627006,0.724875,0.656884,0.944001,0.962557,0.945892,0.943848,0.963056,0.945659,0.646028,8.866,20.84464789,512,16,10356.30617,0.337282419,7.866,18.49357098
simvarmass_a6b9dbf6,2363,2239,500,903,0.321601,0.615888,5;3,2066,0.881825,0.918919,0.917137,0.894625,2066,0.918762,0.93901,0.93724,0.932099,23310,0.142948,0.268039,0.167413,0.909437,21642,0.146465,0.27386,0.170268,0.9084,0.794846,0.848327,0.854846,0.797233,0.85,0.85625,0.101199,0.18418,0.101989,0.096177,0.175467,0.096472,0.523798,0.676471,0.525603,0.520055,0.673995,0.52172,0.556634,1.806,5.61565418,512,16,10356.30617,0.228170156,0.806,2.506211113
simvarmass_a6f53098,2129,2015,500,3542,0.111949,0.851291,5;3,966,0.889861,0.941381,0.624233,0.890089,966,0.930051,0.963396,0.643357,0.93029,1960,0.909817,0.952779,0.94742,0.909817,1843,0.908685,0.952158,0.949196,0.908685,0.823135,0.90306,0.82527,0.827617,0.905742,0.829861,0.692843,0.733873,0.737435,0.693705,0.736784,0.736476,0.471599,0.631217,0.473931,0.469082,0.629102,0.471202,0.65249,7.084,63.27881446,512,16,10356.30617,0.205575228,6.084,54.34617549
simvarmass_a7fe0bd2,4353,4099,500,1862,0.143253,0.175345,5;3,997,0.868378,0.929695,0.372336,0.868826,997,0.910856,0.953485,0.387022,0.911325,19397,0.897312,0.945877,0.328926,0.897312,17976,0.896291,0.945309,0.33279,0.896291,0.818876,0.900114,0.820813,0.826349,0.904622,0.828209,0.594262,0.69927,0.627383,0.590192,0.697173,0.622287,0.885944,0.924549,0.888123,0.885499,0.925808,0.88761,0.676786,3.724,25.99596518,512,16,10356.30617,0.42032361,2.724,19.01530858
simvarmass_a83a67fa,3958,3742,500,2940,0.379168,0.487377,5;3,3438,0.87062,0.930126,0.929692,0.870642,3438,0.909692,0.951999,0.951564,0.909715,20468,0.882516,0.937592,0.286007,0.882516,18919,0.883249,0.938005,0.291766,0.883249,0.806131,0.891933,0.816827,0.811406,0.895241,0.822382,0.468676,0.615922,0.489641,0.463433,0.611553,0.482491,0.588423,0.729991,0.592218,0.586984,0.729018,0.59019,0.639389,5.88,15.50763778,512,16,10356.30617,0.382182598,4.88,12.87028441
simvarmass_a8609fa2,277,258,500,4183,0.195979,0.105677,5;3,257,0.927798,0.962547,0.962547,0.927798,257,0.977186,0.988462,0.988462,0.977186,281,0.978339,0.989051,0.971326,0.978339,255,0.976744,0.988235,0.982456,0.976744,0.861697,0.924565,0.862816,0.866956,0.927536,0.868217,0.874912,0.855019,0.909747,0.881563,0.860558,0.914729,0.967482,0.952555,0.974729,0.97152,0.958743,0.976654,0.54163,8.366,42.68824721,512,16,10356.30617,0.026746988,7.366,37.58565969
simvarmass_a9128447,4769,4511,500,4803,0.461591,0.17761,5;3,3027,0.853617,0.921059,0.776296,0.853848,3027,0.89549,0.944889,0.799155,0.895733,4348,0.881736,0.937152,0.922453,0.881736,4086,0.881623,0.937088,0.925206,0.881623,0.80291,0.889974,0.8052,0.809152,0.893763,0.811572,0.535786,0.666253,0.562382,0.530922,0.66367,0.556294,0.858742,0.907663,0.860558,0.85757,0.909326,0.859302,0.668808,9.606,20.81063106,512,16,10356.30617,0.460492373,8.606,18.644211
simvarmass_a975be17,3505,3305,500,4572,0.265326,0.284549,5;3,1143,0.877491,0.93467,0.491824,0.877603,1143,0.919738,0.958106,0.509472,0.919856,20346,0.903852,0.949498,0.265649,0.903852,18887,0.90469,0.94996,0.269466,0.90469,0.826317,0.904918,0.826819,0.835475,0.910379,0.836006,0.67225,0.728574,0.71184,0.673875,0.731283,0.712685,0.787454,0.864899,0.79087,0.782285,0.864367,0.785453,0.670735,9.144,34.46326406,512,16,10356.30617,0.338441133,8.144,30.69431567
simvarmass_a9b6d7d9,3114,2958,500,4725,0.050064,0.465169,5;3,2752,0.883751,0.938288,0.938288,0.883751,2752,0.920401,0.958551,0.958551,0.920401,2826,0.905267,0.950278,0.949158,0.905267,2679,0.905341,0.950319,0.950151,0.905341,0.81748,0.899189,0.819204,0.821404,0.901518,0.823191,0.741447,0.753171,0.794155,0.744083,0.756447,0.794794,NaN,NaN,NaN,NaN,NaN,NaN,0.725795,9.45,188.7583893,512,16,10356.30617,0.300686359,8.45,168.7839565
simvarmass_aa1d5e84,1240,1184,500,3865,0.286282,0.303255,5;3,1165,0.941567,0.969244,0.968815,0.941935,1165,0.972953,0.98563,0.985201,0.973333,25102,0.967742,0.983607,0.091109,0.967742,23317,0.96875,0.984127,0.093629,0.96875,0.854797,0.920801,0.858065,0.858053,0.922657,0.860642,0.813278,0.817453,0.842742,0.817322,0.820251,0.846414,0.821673,0.87724,0.825806,0.820268,0.879586,0.823331,0.58466,7.73,27.00134832,512,16,10356.30617,0.11973381,6.73,23.50828903
simvarmass_aa8bf7c3,765,729,500,3586,0.12159,0.282038,5;3,715,0.935933,0.966216,0.966216,0.935948,715,0.968862,0.983494,0.983494,0.968877,758,0.968627,0.984064,0.973079,0.968627,712,0.967078,0.983264,0.978487,0.967078,0.845752,0.916431,0.845752,0.851852,0.92,0.851852,0.871893,0.849108,0.911111,0.873254,0.848092,0.910837,0.842113,0.88227,0.849673,0.835336,0.87922,0.842975,0.585276,7.172,58.98511391,512,16,10356.30617,0.073868036,6.172,50.76075335
simvarmass_ab2044d4,1509,1425,500,811,0.075059,0.788712,5;3,1377,0.917357,0.95511,0.952183,0.917826,1377,0.957988,0.976695,0.973777,0.958478,24714,0.944997,0.971721,0.108759,0.944997,22953,0.943158,0.970748,0.110263,0.943158,0.842199,0.912621,0.855533,0.851088,0.917772,0.86386,0.607646,0.696499,0.639496,0.606025,0.694455,0.637193,0.504795,0.658935,0.508284,0.50306,0.657234,0.505973,0.601213,1.622,21.60966706,512,16,10356.30617,0.145708323,0.622,8.286814373
simvarmass_ab301292,489,464,500,2886,0.247992,0.223543,5;3,444,0.913633,0.951768,0.951768,0.91411,444,0.950567,0.971554,0.971554,0.951064,480,0.94274,0.970526,0.951496,0.94274,451,0.946121,0.972315,0.959563,0.946121,0.791395,0.882286,0.791411,0.799552,0.88729,0.799569,0.817047,0.827969,0.852761,0.825391,0.834112,0.859914,0.874175,0.900524,0.883436,0.872787,0.902793,0.880694,0.543747,5.772,23.27494435,512,16,10356.30617,0.047217607,4.772,19.24255621
simvarmass_ab30392f,1952,1844,500,756,0.460426,0.543023,5;3,1484,0.855473,0.862239,0.834692,0.911373,1484,0.896341,0.883826,0.856887,0.954911,23173,0.072706,0.144318,0.144318,0.929303,21507,0.074033,0.146717,0.146717,0.929501,0.705186,0.734694,0.896004,0.710218,0.737508,0.898535,0.004611,0.009179,0.004611,0.004338,0.008639,0.004338,0.498335,0.653236,0.50666,0.493508,0.650441,0.501087,0.533182,1.512,3.283915331,512,16,10356.30617,0.188484192,0.512,1.112013657
simvarmass_ab725cdf,3744,3536,500,4421,0.172916,0.285201,5;3,1740,0.879274,0.935759,0.634573,0.879274,1740,0.920067,0.95837,0.654381,0.920067,3449,0.907318,0.951407,0.944529,0.907318,3234,0.904977,0.950119,0.945347,0.904977,0.83589,0.910307,0.836538,0.841227,0.913444,0.841912,0.677809,0.736943,0.721688,0.677838,0.738381,0.720543,0.792296,0.867298,0.795139,0.785752,0.865328,0.788145,0.696839,8.842,51.13465498,512,16,10356.30617,0.36151886,7.842,45.35150015
simvarmass_ab7ec007,4354,4091,500,1567,0.169784,0.240188,5;3,3739,0.858042,0.923286,0.923267,0.858291,3739,0.904799,0.949682,0.94967,0.905062,20043,0.886082,0.939601,0.316268,0.886082,18596,0.887775,0.940552,0.320109,0.887775,0.812377,0.895538,0.819247,0.823144,0.902213,0.829584,0.516213,0.652693,0.539963,0.514119,0.651142,0.536413,0.790465,0.868285,0.792605,0.78921,0.869109,0.791125,0.658969,3.134,18.45874759,512,16,10356.30617,0.42042017,2.134,12.56891109
simvarmass_ab8d80a1,450,425,500,2928,0.071632,0.100051,5;3,418,0.931111,0.964327,0.963134,0.931111,418,0.974419,0.987044,0.985849,0.974419,448,0.971111,0.985344,0.973274,0.971111,418,0.969412,0.984468,0.977461,0.969412,0.831063,0.90644,0.831111,0.83524,0.908858,0.835294,0.875647,0.849598,0.911111,0.874424,0.851711,0.908235,0.976859,0.971942,0.984444,0.975734,0.970203,0.983491,0.576488,5.856,81.75117266,512,16,10356.30617,0.043451786,4.856,67.79093143
simvarmass_abc4715b,3992,3788,500,1722,0.388901,0.156133,5;3,3501,0.879148,0.933262,0.933138,0.880762,3501,0.913948,0.952589,0.952459,0.915625,20665,0.82749,0.909576,0.290465,0.897044,19142,0.837067,0.914725,0.296132,0.896488,0.820519,0.900083,0.838677,0.82605,0.903487,0.843065,0.215451,0.355338,0.218437,0.201541,0.336094,0.203484,0.857865,0.906547,0.86022,0.855263,0.905935,0.857446,0.608482,3.444,8.855724207,512,16,10356.30617,0.385465622,2.444,6.284375715
simvarmass_ac32dc12,596,565,500,1518,0.352363,0.493537,5;3,581,0.928456,0.96,0.937978,0.931208,581,0.965724,0.979592,0.956672,0.968586,25990,0.937095,0.967199,0.043331,0.966443,24214,0.947244,0.972346,0.04407,0.966372,0.850803,0.914545,0.875839,0.856762,0.917782,0.881416,0.354691,0.512281,0.36745,0.345467,0.501873,0.355752,0.71207,0.821463,0.714765,0.710496,0.819773,0.713274,0.531986,3.036,8.616114632,512,16,10356.30617,0.057549477,2.036,5.77813221
simvarmass_ac455b12,3204,3026,500,4490,0.463842,0.262435,5;3,2856,0.893779,0.942843,0.941914,0.893883,2856,0.930971,0.96315,0.962239,0.931079,3082,0.922909,0.959909,0.940821,0.922909,2886,0.922009,0.959422,0.943843,0.922009,0.817177,0.898695,0.820225,0.824236,0.902934,0.827165,0.629834,0.718841,0.657928,0.625844,0.716591,0.652792,0.811314,0.881385,0.813046,0.805487,0.878463,0.807105,0.635767,8.98,19.3600407,512,16,10356.30617,0.309376717,7.98,17.20413417
simvarmass_ac7ebfb5,104,97,500,4454,0.481251,0.712236,5;3,88,0.836538,0.910995,0.90625,0.836538,88,0.887755,0.940541,0.935484,0.887755,118,0.894231,0.944162,0.837838,0.894231,101,0.886598,0.939891,0.868687,0.886598,0.798077,0.887701,0.798077,0.804124,0.891429,0.804124,0.740171,0.761905,0.778846,0.750203,0.774566,0.783505,0.759083,0.850829,0.759615,0.759996,0.853801,0.760417,0.518662,8.908,18.51009141,512,16,10356.30617,0.010042191,7.908,16.43217365
simvarmass_acb48fa0,4359,4114,500,2770,0.336271,0.561079,5;3,3697,0.848785,0.917711,0.917577,0.848819,3697,0.888747,0.940593,0.940458,0.888782,3857,0.857077,0.923058,0.909688,0.857307,3611,0.857073,0.923037,0.91288,0.857073,0.79858,0.886422,0.811195,0.806508,0.891193,0.818425,0.454994,0.602091,0.475568,0.452913,0.601825,0.472904,0.539821,0.690835,0.542097,0.53698,0.689956,0.538986,0.649557,5.54,16.47480752,512,16,10356.30617,0.420902967,4.54,13.50101555
simvarmass_acef0cf2,1771,1670,500,2786,0.381492,0.776856,5;3,1598,0.905083,0.946714,0.946275,0.906832,1598,0.948463,0.969973,0.969586,0.950296,1743,0.937879,0.967347,0.945361,0.937888,1632,0.937723,0.967543,0.948516,0.937725,0.841961,0.909314,0.858272,0.852803,0.91567,0.867066,0.536667,0.651163,0.561265,0.541005,0.654583,0.562612,0.500986,0.655859,0.504235,0.496968,0.65377,0.4997,0.581044,5.572,14.60581087,512,16,10356.30617,0.171006918,4.572,11.98452392
simvarmass_ad1993c7,1943,1830,500,834,0.431815,0.206547,5;3,1843,0.889027,0.926395,0.913365,0.908389,1843,0.930198,0.948385,0.934595,0.950458,22789,0.085885,0.167787,0.146369,0.931549,21184,0.087365,0.170234,0.148264,0.93275,0.794,0.844635,0.885744,0.804915,0.850935,0.89083,0.00772,0.015322,0.00772,0.004918,0.009788,0.004918,0.729392,0.816581,0.740093,0.727167,0.81774,0.736324,0.537347,1.668,3.862765305,512,16,10356.30617,0.187615156,0.668,1.546958767
simvarmass_ad3c8ef6,1083,1024,500,667,0.135052,0.548286,5;3,999,0.92455,0.957814,0.956772,0.927054,999,0.963703,0.978452,0.977429,0.966314,1137,0.939257,0.969014,0.92973,0.952909,1055,0.95315,0.976119,0.943723,0.958008,0.829739,0.903421,0.852262,0.836081,0.90726,0.856445,0.392798,0.543225,0.409049,0.387695,0.540117,0.404297,0.601266,0.740238,0.603878,0.602858,0.741452,0.604697,0.558201,1.334,9.877676747,512,16,10356.30617,0.104573965,0.334,2.473121464
simvarmass_ad491f84,3634,3416,500,4134,0.388328,0.426797,5;3,3113,0.8569,0.922644,0.922484,0.856907,3113,0.901556,0.947929,0.947769,0.901563,20815,0.881948,0.937272,0.262178,0.881948,19322,0.881148,0.936819,0.264755,0.881148,0.815574,0.898046,0.820583,0.822469,0.902231,0.827283,0.572849,0.683011,0.601816,0.569927,0.682487,0.59795,0.630161,0.762996,0.632086,0.62592,0.761837,0.627566,0.64798,8.268,21.29127954,512,16,10356.30617,0.350897312,7.268,18.71613687
simvarmass_ad5bd7df,2529,2399,500,1675,0.310619,0.219766,5;3,2290,0.908745,0.950207,0.94999,0.910241,2290,0.941892,0.968083,0.967865,0.943443,2679,0.933295,0.96581,0.916667,0.943851,2489,0.935443,0.966859,0.925123,0.942476,0.833995,0.908425,0.848161,0.842801,0.913614,0.856547,0.423994,0.582827,0.436141,0.416223,0.576004,0.42744,0.852417,0.907777,0.854093,0.849339,0.906757,0.850984,0.591955,3.35,10.78491657,512,16,10356.30617,0.244199038,2.35,7.565538489
simvarmass_ad6ab13a,2344,2202,500,738,0.14282,0.369616,5;3,2095,0.896807,0.942658,0.942104,0.898891,2095,0.942231,0.967236,0.966713,0.94442,2443,0.830673,0.911218,0.911218,0.930461,2247,0.851009,0.922454,0.922454,0.93188,0.83259,0.907907,0.854949,0.837582,0.911023,0.858117,0.370465,0.530905,0.379266,0.365828,0.52608,0.373636,0.710136,0.817935,0.712884,0.708909,0.81847,0.711223,0.591246,1.476,10.33468702,512,16,10356.30617,0.226335526,0.476,3.332866545
simvarmass_ad88da2f,3822,3638,500,2391,0.077778,0.564722,5;3,3330,0.871009,0.930928,0.930928,0.87101,3330,0.907578,0.951415,0.951415,0.907579,3421,0.884877,0.938923,0.933867,0.884877,3244,0.884277,0.938585,0.934903,0.884277,0.818946,0.900474,0.820251,0.826566,0.905048,0.827927,0.644691,0.717864,0.686028,0.644692,0.720312,0.68489,NaN,NaN,NaN,NaN,NaN,NaN,0.702853,4.782,61.48268148,512,16,10356.30617,0.369050503,3.782,48.62557536
simvarmass_adabbca0,1287,1228,500,1801,0.380777,0.376028,5;3,1178,0.916353,0.954509,0.954158,0.919192,1178,0.948791,0.971878,0.971499,0.95173,1411,0.816938,0.902891,0.902891,0.946387,1311,0.837266,0.914533,0.914533,0.94544,0.841582,0.914454,0.863248,0.842718,0.915269,0.864007,0.409597,0.566962,0.422688,0.408687,0.567982,0.421824,0.712379,0.818792,0.714064,0.713067,0.821142,0.714052,0.553436,3.602,9.459604966,512,16,10356.30617,0.124272108,2.602,6.833395925
simvarmass_ae46c111,3965,3748,500,4686,0.100542,0.746323,5;3,3352,0.845397,0.916222,0.916222,0.845397,3352,0.886538,0.939857,0.939857,0.886538,3453,0.865826,0.928089,0.925586,0.865826,3251,0.865261,0.927764,0.926704,0.865261,0.800346,0.888454,0.801513,0.80587,0.891804,0.807097,0.625517,0.701614,0.663304,0.621676,0.700525,0.658751,NaN,NaN,NaN,NaN,NaN,NaN,0.71907,9.372,93.21477591,512,16,10356.30617,0.382858515,8.372,83.26868373
simvarmass_ae8f484a,2230,2111,500,2153,0.431831,0.601996,5;3,2004,0.898265,0.943316,0.943316,0.901345,2004,0.938675,0.965201,0.965201,0.941893,23493,0.858966,0.926589,0.161023,0.9287,21809,0.869147,0.93203,0.163462,0.926101,0.823471,0.899164,0.850224,0.829627,0.902692,0.856061,0.39217,0.549257,0.406278,0.386644,0.546044,0.399052,0.562359,0.70906,0.565022,0.563249,0.710938,0.565733,0.578601,4.306,9.971493478,512,16,10356.30617,0.21532774,3.306,7.655772744
simvarmass_aecd1d80,13,12,500,890,0.086811,0.57979,5;3,8,0.615385,0.761905,0.761905,0.615385,8,0.666667,0.8,0.8,0.666667,16,0.692308,0.818182,0.62069,0.692308,8,0.666667,0.8,0.8,0.666667,0.307692,0.470588,0.307692,0.333333,0.5,0.333333,0.769231,0.869565,0.769231,0.75,0.857143,0.75,0.769231,0.869565,0.769231,0.75,0.857143,0.75,0.536304,1.78,20.50431397,512,16,10356.30617,0.001255274,0.78,8.985036459
simvarmass_af471a8b,2257,2139,500,710,0.267228,0.871243,5;3,1705,0.83806,0.856862,0.845533,0.902525,1705,0.876507,0.878208,0.867202,0.94393,23636,0.165296,0.3024,0.159039,0.912716,21957,0.170383,0.309841,0.162185,0.913978,0.725339,0.778678,0.875942,0.73334,0.783879,0.883178,0.133157,0.237432,0.136021,0.132492,0.236401,0.135173,0.440098,0.60492,0.441294,0.441516,0.607269,0.442677,0.554546,1.42,5.313814421,512,16,10356.30617,0.217934847,0.42,1.571691589
simvarmass_af5f72db,3968,3757,500,3764,0.461015,0.748439,5;3,3339,0.842204,0.913371,0.913371,0.842238,3339,0.880597,0.93552,0.93552,0.880632,20658,0.849294,0.918506,0.273694,0.849294,19137,0.848283,0.917915,0.278414,0.848283,0.798827,0.884961,0.808972,0.805918,0.889414,0.816245,0.457539,0.604563,0.484123,0.452297,0.601071,0.478296,0.474456,0.634654,0.47631,0.471315,0.63278,0.473067,0.639238,7.528,16.32918669,512,16,10356.30617,0.383148193,6.528,14.16005987
simvarmass_af7051e3,780,736,500,4873,0.26003,0.642225,5;3,715,0.917918,0.956522,0.956522,0.917949,715,0.957187,0.977444,0.977444,0.957219,760,0.947436,0.973009,0.95974,0.947436,710,0.945652,0.972067,0.962656,0.945652,0.825516,0.90386,0.828205,0.827315,0.904903,0.830163,0.835753,0.821237,0.869231,0.835529,0.828571,0.865489,0.597474,0.723634,0.602564,0.590822,0.720988,0.595918,0.568224,9.746,37.48029074,512,16,10356.30617,0.075316429,8.746,33.63458063
simvarmass_afa08bc2,680,640,500,2918,0.227224,0.738451,5;3,634,0.933071,0.96347,0.96347,0.933824,634,0.970166,0.982919,0.982919,0.970948,690,0.967647,0.983558,0.960584,0.967647,641,0.965625,0.982512,0.964871,0.965625,0.86586,0.927445,0.866176,0.865625,0.927973,0.865625,0.73151,0.762777,0.770588,0.730095,0.763844,0.767188,0.547079,0.689214,0.554412,0.545046,0.690196,0.551724,0.555481,5.836,25.68390663,512,16,10356.30617,0.065660477,4.836,21.28296307
simvarmass_b075c428,3767,3574,500,4731,0.484973,0.729772,5;3,3238,0.859028,0.923911,0.923911,0.859039,3238,0.896635,0.945231,0.945231,0.896647,20600,0.876029,0.933918,0.270858,0.876029,19032,0.87549,0.933612,0.276829,0.87549,0.810204,0.893842,0.818423,0.813669,0.896052,0.822328,0.512428,0.64126,0.540483,0.510143,0.641,0.537601,0.496134,0.655233,0.496947,0.493523,0.652971,0.494256,0.646709,9.462,19.51036449,512,16,10356.30617,0.363739729,8.462,17.44839403
simvarmass_b107e328,4353,4128,500,4312,0.187151,0.151671,5;3,288,0.867677,0.929151,0.124111,0.867677,288,0.906843,0.951146,0.129351,0.906843,3957,0.892488,0.94319,0.935018,0.892488,3732,0.891473,0.942623,0.936387,0.891473,0.813967,0.896482,0.814611,0.81847,0.899481,0.818842,0.637271,0.719505,0.68091,0.636972,0.721665,0.679739,0.905567,0.936282,0.906961,0.904317,0.936564,0.905688,0.699499,8.624,46.08043772,512,16,10356.30617,0.42032361,7.624,40.73715876
simvarmass_b11be187,1261,1197,500,704,0.407081,0.255655,5;3,1314,0.906257,0.92991,0.893981,0.930214,1314,0.942896,0.948857,0.911322,0.967822,23368,0.04895,0.097527,0.097527,0.952419,21660,0.050037,0.099663,0.099663,0.951546,0.780146,0.809274,0.885012,0.784686,0.811727,0.886477,0.003965,0.007899,0.003965,0.003342,0.006661,0.003342,0.61646,0.746579,0.62728,0.617987,0.749501,0.627926,0.528183,1.408,3.458771105,512,16,10356.30617,0.12176156,0.408,1.002257536
simvarmass_b13532b4,4913,4649,500,2634,0.066944,0.549359,5;3,4147,0.843873,0.915232,0.915232,0.843884,4147,0.884186,0.938434,0.938434,0.884197,4255,0.859149,0.924239,0.920812,0.859149,4005,0.856989,0.922988,0.920855,0.856989,0.792232,0.884101,0.793405,0.799109,0.888358,0.800344,0.582464,0.683316,0.618156,0.580388,0.683457,0.615699,NaN,NaN,NaN,NaN,NaN,NaN,0.725451,5.268,78.69263862,512,16,10356.30617,0.474396944,4.268,63.75478011
simvarmass_b15828e2,2652,2517,500,2441,0.38739,0.284595,5;3,2382,0.899561,0.945173,0.945173,0.90083,2382,0.93591,0.964916,0.964916,0.93723,2588,0.924586,0.960846,0.936641,0.925339,2420,0.922894,0.959934,0.941653,0.923688,0.829709,0.906546,0.838235,0.837207,0.911015,0.845054,0.502136,0.645056,0.521493,0.494555,0.640377,0.512708,0.798543,0.871467,0.800905,0.791807,0.868917,0.794106,0.60134,4.882,12.6022871,512,16,10356.30617,0.256075859,3.882,10.02090916
simvarmass_b1802c78,4902,4646,500,1610,0.081932,0.409919,5;3,4156,0.847817,0.917642,0.917642,0.847817,4156,0.886519,0.939846,0.939846,0.886519,4282,0.859241,0.924292,0.917247,0.859241,4035,0.859234,0.924288,0.91971,0.859234,0.810934,0.894968,0.81171,0.815843,0.897916,0.816656,0.57048,0.682932,0.605263,0.568317,0.682867,0.601549,NaN,NaN,NaN,NaN,NaN,NaN,0.701625,3.22,39.30088366,512,16,10356.30617,0.473334789,2.22,27.09564029
simvarmass_b1a81dd6,1268,1214,500,1579,0.293831,0.658623,5;3,1186,0.92674,0.958725,0.95599,0.927445,1186,0.956927,0.974657,0.971831,0.957655,1376,0.822997,0.906475,0.905446,0.944006,1284,0.843845,0.918269,0.917534,0.943987,0.838505,0.906438,0.858044,0.839572,0.90681,0.859967,0.451575,0.594246,0.472397,0.44704,0.591432,0.465844,0.56068,0.712792,0.564669,0.558444,0.711088,0.562603,0.557316,3.158,10.74767468,512,16,10356.30617,0.122437477,2.158,7.344357811
simvarmass_b26dd97e,2266,2147,500,4311,0.234305,0.206601,5;3,2050,0.908207,0.951676,0.949954,0.908208,2050,0.946206,0.97213,0.970414,0.946207,2173,0.943071,0.970702,0.962829,0.943071,2042,0.940848,0.969522,0.964431,0.940848,0.841797,0.913752,0.842012,0.847934,0.917339,0.84816,0.779245,0.780788,0.822154,0.779132,0.78165,0.82068,0.89968,0.933241,0.90203,0.895201,0.932116,0.897376,0.639183,8.622,36.79819039,512,16,10356.30617,0.218803883,7.622,32.53024903
simvarmass_b2d72e73,4839,4574,500,4689,0.054408,0.329481,5;3,4110,0.849349,0.918538,0.918538,0.849349,4110,0.890574,0.94212,0.94212,0.890574,4258,0.877247,0.93461,0.933275,0.877247,4007,0.875109,0.933396,0.932743,0.875109,0.80516,0.892086,0.807192,0.809589,0.894781,0.811721,0.632163,0.70724,0.671213,0.6313,0.70739,0.670387,NaN,NaN,NaN,NaN,NaN,NaN,0.745773,9.378,172.3643582,512,16,10356.30617,0.467251539,8.378,153.9847081
simvarmass_b2ddc1d6,4474,4265,500,4032,0.244187,0.499407,5;3,1852,0.860304,0.924796,0.58552,0.860304,1852,0.893039,0.943382,0.601104,0.893039,18982,0.87148,0.931327,0.332452,0.87148,17510,0.869667,0.930291,0.340742,0.869667,0.808799,0.894373,0.810684,0.811618,0.896097,0.813599,0.569645,0.68002,0.603263,0.568283,0.67983,0.601125,0.577785,0.72216,0.579794,0.574938,0.720564,0.576164,0.686913,8.064,33.02387105,512,16,10356.30617,0.432007313,7.064,28.92864895
simvarmass_b342ca83,3015,2857,500,2393,0.310762,0.365348,5;3,2664,0.885826,0.937676,0.937489,0.886235,2664,0.92446,0.958949,0.958761,0.924888,2861,0.912106,0.954033,0.936011,0.912106,2680,0.909314,0.952503,0.938223,0.909314,0.811842,0.895479,0.822222,0.818127,0.899288,0.828782,0.555308,0.677282,0.578441,0.553621,0.677798,0.576034,0.679222,0.797744,0.68325,0.674727,0.796354,0.678735,0.618947,4.786,15.40085339,512,16,10356.30617,0.291126966,3.786,12.18295673
simvarmass_b382a692,310,298,500,3183,0.39724,0.556879,5;3,283,0.914964,0.954469,0.954469,0.922581,283,0.936102,0.96587,0.96587,0.943894,330,0.941935,0.9701,0.9125,0.941935,305,0.939597,0.968858,0.92869,0.939597,0.817172,0.897163,0.832258,0.823243,0.900735,0.838926,0.734287,0.783069,0.758065,0.736507,0.785185,0.758389,0.60361,0.748515,0.612903,0.593254,0.740125,0.602694,0.528712,6.366,16.02557648,512,16,10356.30617,0.029933453,5.366,13.50820663
simvarmass_b388075f,1847,1751,500,2911,0.441661,0.57821,5;3,1670,0.906419,0.949104,0.949104,0.907417,1670,0.942125,0.968378,0.968378,0.943163,23785,0.931786,0.964765,0.134597,0.933947,22125,0.932611,0.965171,0.136958,0.933752,0.827829,0.904523,0.842447,0.830361,0.905978,0.845802,0.508008,0.637728,0.528966,0.501713,0.633994,0.521143,0.572306,0.717879,0.574986,0.566184,0.713977,0.568897,0.579952,5.822,13.18205592,512,16,10356.30617,0.178345442,4.822,10.91787593
simvarmass_b3ac667b,1165,1100,500,871,0.346413,0.681369,5;3,992,0.892266,0.901522,0.897543,0.924464,992,0.929776,0.920943,0.917536,0.963327,1229,0.825272,0.898539,0.898079,0.95279,1128,0.849548,0.91162,0.911131,0.953636,0.76595,0.801167,0.88927,0.771757,0.806352,0.891818,0.101394,0.185615,0.103004,0.095604,0.176422,0.097361,0.520234,0.675511,0.524464,0.523006,0.677986,0.527322,0.534261,1.742,5.02867964,512,16,10356.30617,0.112491846,0.742,2.141951948
simvarmass_b3f59233,1664,1578,500,4086,0.090315,0.56837,5;3,1530,0.919471,0.958046,0.958046,0.919471,1530,0.953271,0.976077,0.976077,0.953271,1583,0.942308,0.970297,0.965815,0.942308,1497,0.943599,0.970981,0.968455,0.943599,0.833224,0.908377,0.834736,0.839335,0.911967,0.840938,0.833664,0.832066,0.86899,0.834838,0.832165,0.869538,0.601371,0.730625,0.604567,0.593237,0.727132,0.596313,0.650604,8.172,90.48330842,512,16,10356.30617,0.160675049,7.172,79.41095056
simvarmass_b42e4fc2,331,313,500,4543,0.424012,0.496207,5;3,309,0.937852,0.965625,0.965625,0.942598,309,0.96108,0.977848,0.977848,0.965944,398,0.969789,0.984663,0.880658,0.969789,350,0.968051,0.983766,0.914027,0.968051,0.870104,0.928803,0.873112,0.872219,0.929915,0.875399,0.797202,0.820598,0.830816,0.789353,0.816254,0.821086,0.737968,0.830769,0.743202,0.728731,0.824818,0.733974,0.532661,9.086,21.42863881,512,16,10356.30617,0.031961203,8.086,19.07021499
simvarmass_b44abeec,1592,1511,500,912,0.436153,0.248765,5;3,1452,0.903446,0.938134,0.936925,0.917714,1452,0.940671,0.957888,0.956726,0.955526,23541,0.06107,0.120867,0.119842,0.94598,21872,0.062354,0.123269,0.122226,0.945731,0.814462,0.874313,0.876884,0.825713,0.880807,0.88668,0.008166,0.016199,0.008166,0.007942,0.015758,0.007942,0.748728,0.836806,0.75691,0.747042,0.837312,0.754967,0.535949,1.824,4.182018695,512,16,10356.30617,0.153722763,0.824,1.889245288
simvarmass_b4db6b08,2243,2134,500,4674,0.444341,0.50583,5;3,2039,0.910289,0.952381,0.952359,0.910388,2039,0.94265,0.969812,0.969798,0.942752,23181,0.929559,0.963494,0.164018,0.929559,21469,0.927835,0.962567,0.167775,0.927835,0.821353,0.901491,0.826572,0.826738,0.904713,0.831771,0.676678,0.743733,0.714222,0.67581,0.745946,0.711007,0.61974,0.752427,0.621935,0.615263,0.749004,0.617261,0.612739,9.348,21.03789657,512,16,10356.30617,0.216583014,8.348,18.78737276
simvarmass_b4e2af64,3080,2897,500,621,0.144533,0.259467,5;3,2685,0.871343,0.929402,0.929402,0.874351,2685,0.918773,0.955762,0.955762,0.921945,21937,0.814693,0.902533,0.225047,0.913961,20383,0.825671,0.908654,0.22731,0.913043,0.819675,0.899697,0.843182,0.827184,0.904322,0.849741,0.217853,0.358327,0.221104,0.210558,0.348318,0.212781,0.777832,0.858262,0.782468,0.776662,0.857849,0.780969,0.596759,1.242,8.59319325,512,16,10356.30617,0.297403336,0.242,1.674358105
simvarmass_b4eb448d,4771,4500,500,2653,0.19435,0.267009,5;3,3360,0.848754,0.918055,0.826221,0.848879,3360,0.893908,0.943836,0.851458,0.89404,18898,0.871935,0.931587,0.351515,0.871935,17495,0.873055,0.932226,0.357114,0.873055,0.800781,0.888682,0.802557,0.808106,0.89312,0.809735,0.564933,0.680511,0.597569,0.564552,0.681089,0.594931,0.741078,0.837704,0.74324,0.738734,0.83745,0.740749,0.68303,5.306,27.30126061,512,16,10356.30617,0.460685492,4.306,22.1559043
simvarmass_b530d3e7,4822,4561,500,1942,0.124486,0.643341,5;3,2875,0.829116,0.906473,0.747044,0.829117,2875,0.868752,0.929659,0.769025,0.868753,4099,0.839486,0.91274,0.907522,0.839486,3862,0.839325,0.912645,0.909069,0.839325,0.785391,0.879582,0.786396,0.791484,0.883374,0.792544,0.514611,0.644097,0.542513,0.511965,0.643633,0.539018,0.505626,0.660989,0.507051,0.50237,0.658817,0.503512,0.688851,3.884,31.20029562,512,16,10356.30617,0.465610027,2.884,23.16726379
simvarmass_b54d34c8,610,584,500,1459,0.147056,0.602786,5;3,568,0.935227,0.964346,0.964346,0.936066,568,0.965294,0.980155,0.980155,0.966159,643,0.962295,0.980785,0.936951,0.962295,603,0.960616,0.979913,0.94524,0.960616,0.845381,0.914742,0.854098,0.8505,0.917669,0.859589,0.77109,0.777874,0.813115,0.770772,0.778077,0.813356,0.640231,0.751229,0.65082,0.644837,0.756423,0.654639,0.556505,2.918,19.84278098,512,16,10356.30617,0.05890131,1.918,13.04265042
simvarmass_b5ad4ebf,1864,1771,500,4856,0.067691,0.776507,5;3,1697,0.910408,0.953103,0.953103,0.910408,1697,0.948045,0.97333,0.97333,0.948045,1732,0.926502,0.961849,0.960512,0.926502,1647,0.927724,0.962507,0.961381,0.927724,0.850602,0.919201,0.851395,0.857433,0.92317,0.858272,0.780696,0.785185,0.822425,0.780898,0.783531,0.822799,0.502479,0.656914,0.505901,0.496493,0.652158,0.499435,0.673045,9.712,143.475499,512,16,10356.30617,0.179986954,8.712,128.7024863
simvarmass_b5cc821e,3924,3728,500,4674,0.496139,0.484742,5;3,3397,0.865168,0.927596,0.927469,0.865443,3397,0.902424,0.948589,0.948456,0.902711,3588,0.883028,0.937881,0.922524,0.883028,3378,0.88117,0.936832,0.924571,0.88117,0.808937,0.893647,0.815749,0.813629,0.89648,0.820547,0.51758,0.651311,0.547655,0.513454,0.648917,0.542505,0.600056,0.738471,0.601937,0.598551,0.738268,0.600376,0.648698,9.348,18.84149402,512,16,10356.30617,0.378899574,8.348,16.82592983
simvarmass_b6bf924d,3993,3741,500,544,0.097905,0.440902,5;3,3400,0.849275,0.916858,0.916543,0.850989,3400,0.899034,0.945095,0.944785,0.900848,3743,0.858846,0.925274,0.904343,0.876033,3481,0.86679,0.92949,0.910828,0.879177,0.805426,0.890153,0.828199,0.813546,0.895047,0.836631,0.301347,0.463142,0.311545,0.291145,0.451146,0.30008,0.610963,0.74897,0.614576,0.605238,0.744629,0.608253,0.625916,1.088,11.11281344,512,16,10356.30617,0.385562181,0.088,0.898830499
simvarmass_b6c3b693,4561,4331,500,4250,0.279202,0.841589,5;3,3539,0.811872,0.895743,0.873827,0.811883,3539,0.846969,0.916698,0.894704,0.846981,3823,0.82715,0.905316,0.899809,0.827231,3603,0.82429,0.903683,0.899924,0.82429,0.787486,0.879725,0.789301,0.789959,0.881404,0.791734,0.503154,0.63432,0.528831,0.501734,0.634099,0.526462,0.447926,0.61025,0.449024,0.448069,0.610665,0.449098,0.680169,8.5,30.44390799,512,16,10356.30617,0.440407991,7.5,26.86227176
simvarmass_b6c93e18,2008,1879,500,1802,0.066333,0.223001,5;3,1831,0.905876,0.950366,0.947643,0.905876,1831,0.951359,0.974812,0.971948,0.95136,1915,0.935757,0.966812,0.95794,0.935757,1784,0.935604,0.966731,0.959869,0.935604,0.833202,0.908696,0.833665,0.841442,0.913559,0.841937,0.804515,0.79081,0.854084,0.805533,0.792593,0.853646,0.891993,0.926142,0.893924,0.889478,0.926585,0.891386,0.651493,3.604,54.33193132,512,16,10356.30617,0.193891525,2.604,39.25647868
simvarmass_b7123098,4764,4501,500,4976,0.373762,0.729381,5;3,1474,0.825965,0.904494,0.472587,0.825987,1474,0.866909,0.928504,0.490271,0.866931,18911,0.836272,0.910837,0.336558,0.836272,17510,0.834926,0.910038,0.341466,0.834926,0.797054,0.886398,0.798699,0.803217,0.890284,0.804932,0.493546,0.628369,0.521201,0.491437,0.62771,0.51823,0.477113,0.637929,0.47838,0.47818,0.639264,0.479199,0.677911,9.952,26.62656985,512,16,10356.30617,0.460009575,8.952,23.95107047
simvarmass_b72e650b,3190,3024,500,3679,0.175902,0.152417,5;3,2280,0.895813,0.945124,0.833272,0.896238,2280,0.93326,0.965552,0.853238,0.933703,20505,0.923824,0.960404,0.248744,0.923824,18981,0.922924,0.959917,0.25359,0.922924,0.842659,0.914004,0.843574,0.848812,0.917576,0.849768,0.718689,0.755473,0.768025,0.719673,0.756546,0.768926,0.947808,0.961644,0.94953,0.94692,0.96107,0.948539,0.674479,7.358,41.83010995,512,16,10356.30617,0.308024883,6.358,36.14512626
simvarmass_b74505e2,2616,2473,500,4251,0.089543,0.57748,5;3,2331,0.891055,0.942389,0.942389,0.891055,2331,0.929055,0.963223,0.963223,0.929055,2407,0.91055,0.953181,0.948437,0.91055,2262,0.909422,0.952562,0.949947,0.909422,0.823279,0.902551,0.825306,0.829241,0.906085,0.831379,0.755541,0.76583,0.800841,0.753659,0.765621,0.798788,0.578686,0.7247,0.579511,0.573339,0.72096,0.574149,0.68942,8.502,94.94879555,512,16,10356.30617,0.252599716,7.502,83.78097674
simvarmass_b757f60c,3989,3777,500,3034,0.213488,0.695767,5;3,665,0.853848,0.921038,0.285776,0.853848,665,0.893963,0.943882,0.297207,0.893963,20002,0.869892,0.93042,0.289275,0.869892,18499,0.868714,0.929745,0.294654,0.868714,0.806793,0.892525,0.809727,0.814419,0.897185,0.817315,0.545947,0.664932,0.576586,0.54565,0.666258,0.575701,0.504305,0.661531,0.505891,0.504111,0.662038,0.505567,0.672546,6.068,28.42314322,512,16,10356.30617,0.385175943,5.068,23.7390392
simvarmass_b7708d72,242,233,500,2343,0.208065,0.052681,5;3,229,0.946281,0.972399,0.972399,0.946281,229,0.966245,0.982833,0.982833,0.966245,268,0.966942,0.983193,0.917647,0.966942,250,0.965665,0.982533,0.931677,0.965665,0.836783,0.90991,0.838843,0.839063,0.911215,0.841202,0.875608,0.854839,0.904959,0.875685,0.85654,0.901288,0.976403,0.973306,0.979339,0.975734,0.97593,0.978448,0.533228,4.686,22.52180809,512,16,10356.30617,0.023367405,3.686,17.71561772
simvarmass_b79172d4,487,466,500,4387,0.123156,0.660531,5;3,458,0.940452,0.969312,0.969312,0.940452,458,0.962185,0.980728,0.980728,0.962185,472,0.963039,0.981172,0.978102,0.963039,449,0.961373,0.980306,0.979235,0.961373,0.858316,0.923757,0.858316,0.860515,0.925029,0.860515,0.868333,0.853162,0.901437,0.864553,0.852018,0.896996,0.630719,0.742857,0.640657,0.626701,0.739076,0.636559,0.568009,8.774,71.24297639,512,16,10356.30617,0.047024488,7.774,63.12319335
simvarmass_b792ab90,3433,3258,500,2980,0.240855,0.850564,5;3,2941,0.861345,0.925364,0.922811,0.861346,2941,0.89742,0.945786,0.943233,0.89742,3101,0.874417,0.932401,0.918274,0.874454,2912,0.872002,0.931453,0.920583,0.872007,0.813917,0.894034,0.820856,0.81737,0.89633,0.824125,0.525963,0.643833,0.555782,0.525561,0.64477,0.554328,0.462297,0.625025,0.463443,0.4603,0.62362,0.461041,0.649868,5.96,24.74517863,512,16,10356.30617,0.331488848,4.96,20.59330302
simvarmass_b7d0f4c2,2048,1934,500,4662,0.106512,0.320107,5;3,1852,0.903104,0.948718,0.948718,0.90332,1852,0.944133,0.970874,0.970874,0.944359,1917,0.933105,0.965395,0.963934,0.933105,1811,0.935367,0.966604,0.966088,0.935367,0.833993,0.909043,0.834961,0.842829,0.914238,0.843847,0.803202,0.794945,0.848145,0.810769,0.800764,0.854339,0.761209,0.851237,0.76416,0.757044,0.849609,0.759979,0.664838,9.324,87.53943218,512,16,10356.30617,0.197753906,8.324,78.15081869
simvarmass_b7dd8b66,1165,1096,500,883,0.2693,0.224869,5;3,1077,0.920606,0.955357,0.954505,0.927897,1077,0.963617,0.978062,0.977169,0.971249,24617,0.056125,0.110424,0.086572,0.95794,22905,0.05707,0.112071,0.08758,0.958942,0.845533,0.911204,0.881545,0.855142,0.916872,0.886758,0.121885,0.21968,0.123605,0.109419,0.197206,0.109489,0.885921,0.922303,0.888412,0.886926,0.922852,0.889397,0.543674,1.766,6.557742295,512,16,10356.30617,0.112491846,0.766,2.844411437
simvarmass_b7eac224,4185,3965,500,4944,0.252144,0.655534,5;3,3310,0.848984,0.918325,0.883256,0.848984,3310,0.888917,0.941192,0.905981,0.888917,3668,0.864516,0.927336,0.921431,0.864516,3451,0.860782,0.925183,0.920442,0.860782,0.796629,0.885847,0.797611,0.806287,0.891741,0.807314,0.578841,0.675467,0.617443,0.577147,0.675818,0.614783,0.525954,0.679263,0.528315,0.523181,0.677751,0.525,0.689879,9.888,39.21568627,512,16,10356.30617,0.40410161,8.888,35.24969858
simvarmass_b830b9e5,4125,3918,500,2213,0.264228,0.796803,5;3,3476,0.847375,0.914698,0.913038,0.847515,3476,0.882237,0.934692,0.933047,0.882383,3666,0.852797,0.920157,0.90258,0.852848,3453,0.850937,0.919172,0.904355,0.850944,0.800284,0.883984,0.820848,0.802797,0.885682,0.823635,0.441803,0.590032,0.463515,0.436951,0.587676,0.457748,0.470244,0.631767,0.472485,0.46533,0.627963,0.4674,0.642973,4.426,16.75068501,512,16,10356.30617,0.398308039,3.426,12.96607475
simvarmass_b8ce6e85,530,505,500,1603,0.334961,0.712608,5;3,491,0.934432,0.958984,0.957884,0.937736,491,0.971076,0.978088,0.977023,0.97451,26661,0.536588,0.706454,0.037439,0.960377,24785,0.583914,0.744257,0.038434,0.962376,0.814634,0.880582,0.85283,0.826681,0.888649,0.865613,0.429179,0.579141,0.44717,0.429843,0.580645,0.447525,0.582132,0.726012,0.592453,0.582127,0.727273,0.591633,0.532191,3.206,9.57126352,512,16,10356.30617,0.051176548,2.206,6.585841337
simvarmass_b9176ae6,3018,2867,500,1515,0.078272,0.220691,5;3,2692,0.89165,0.942722,0.942557,0.89165,2692,0.927611,0.962446,0.962274,0.927611,2812,0.921471,0.959131,0.954031,0.921471,2650,0.919079,0.957834,0.955229,0.919079,0.825119,0.903846,0.826044,0.8344,0.909367,0.835368,0.726244,0.760236,0.769052,0.727761,0.76202,0.768399,0.878173,0.917184,0.880716,0.875148,0.917733,0.877622,0.671105,3.03,38.71116108,512,16,10356.30617,0.291416645,2.03,25.93520033
simvarmass_b93fce27,3946,3732,500,4971,0.16146,0.765381,5;3,2389,0.847911,0.917741,0.753907,0.848201,2389,0.88726,0.940301,0.775325,0.887563,3401,0.856564,0.922741,0.920103,0.856564,3212,0.858215,0.923698,0.922368,0.858215,0.800626,0.888701,0.801064,0.810577,0.894776,0.811043,0.588077,0.68245,0.628231,0.586794,0.68292,0.626238,NaN,NaN,NaN,NaN,NaN,NaN,0.703753,9.942,61.57562245,512,16,10356.30617,0.381023884,8.942,55.38213799
simvarmass_b9de1ff0,2902,2753,500,4208,0.429152,0.896829,5;3,2494,0.874806,0.925571,0.922165,0.875258,2494,0.909272,0.944716,0.941355,0.909742,21965,0.882521,0.932623,0.206137,0.883184,20346,0.882414,0.932817,0.210485,0.883037,0.815388,0.886519,0.835975,0.819668,0.889201,0.840116,0.530502,0.650689,0.561337,0.528498,0.6489,0.556806,0.456967,0.617818,0.458994,0.448954,0.611591,0.450909,0.623164,8.416,19.61076728,512,16,10356.30617,0.28021574,7.416,17.28059056
simvarmass_b9ef9fbd,3783,3563,500,3612,0.116881,0.441027,5;3,2984,0.862279,0.926047,0.881927,0.862279,2984,0.905859,0.950605,0.906302,0.905859,3405,0.888184,0.940781,0.934891,0.888184,3184,0.886332,0.939741,0.93612,0.886332,0.821156,0.901347,0.822892,0.825282,0.90379,0.827112,0.670265,0.72828,0.712398,0.669672,0.729317,0.709877,NaN,NaN,NaN,NaN,NaN,NaN,0.701436,7.224,61.80645272,512,16,10356.30617,0.365284681,6.224,53.25074221
simvarmass_ba0997f3,176,162,500,4548,0.328936,0.277811,5;3,153,0.891413,0.939759,0.930091,0.892045,153,0.945112,0.968944,0.959248,0.945783,191,0.948864,0.973761,0.910082,0.948864,169,0.944444,0.971429,0.924471,0.944444,0.781279,0.875399,0.784091,0.787067,0.878893,0.790123,0.849049,0.809524,0.897727,0.8635,0.819355,0.907407,0.860249,0.908537,0.863636,0.860874,0.910299,0.864198,0.525499,9.096,27.65279568,512,16,10356.30617,0.016994476,8.096,24.61269061
simvarmass_ba2250f9,4240,4019,500,562,0.170326,0.874577,5;3,3024,0.809588,0.852087,0.823789,0.839623,3024,0.844856,0.872481,0.844363,0.8762,21321,0.76886,0.858156,0.280271,0.845283,19773,0.777974,0.862603,0.284886,0.843742,0.73625,0.795053,0.845991,0.744263,0.800467,0.853161,0.16874,0.291212,0.173113,0.164449,0.284871,0.168285,0.423824,0.589426,0.425943,0.422173,0.587647,0.424159,0.595565,1.124,6.599109942,512,16,10356.30617,0.409412384,0.124,0.728015688
simvarmass_ba859da6,3542,3344,500,3441,0.251142,0.345808,5;3,2259,0.871541,0.931222,0.778831,0.871542,2259,0.912773,0.95425,0.800922,0.912774,3261,0.902033,0.948493,0.939291,0.902033,3056,0.900747,0.947782,0.941415,0.900747,0.812685,0.896294,0.813382,0.817579,0.899342,0.818182,0.65262,0.727218,0.683794,0.654537,0.730812,0.684195,0.703953,0.812601,0.706381,0.700609,0.811634,0.702849,0.661763,6.882,27.4028239,512,16,10356.30617,0.342013836,5.882,23.42101281
simvarmass_bad3aace,974,932,500,2384,0.345158,0.427396,5;3,908,0.935121,0.964931,0.964931,0.937372,908,0.966887,0.981622,0.981622,0.969214,25672,0.953887,0.976575,0.070405,0.963039,23834,0.956038,0.977632,0.072357,0.961373,0.851866,0.920266,0.859343,0.856981,0.923254,0.864807,0.631696,0.722096,0.650924,0.631874,0.724447,0.650215,0.704833,0.811509,0.709446,0.701358,0.810911,0.705502,0.555157,4.768,13.81396346,512,16,10356.30617,0.094048977,3.768,10.91673958
simvarmass_bb0d8b0d,1434,1360,500,4405,0.250543,0.111553,5;3,1323,0.924563,0.959739,0.959739,0.924686,1323,0.962835,0.98,0.98,0.962963,1401,0.961646,0.980448,0.97284,0.961646,1324,0.960294,0.979745,0.973174,0.960294,0.838475,0.910951,0.838912,0.841468,0.912645,0.841912,0.824727,0.81069,0.864714,0.828627,0.813307,0.868382,0.970271,0.973357,0.972803,0.97125,0.973724,0.973471,0.603627,8.81,35.16362461,512,16,10356.30617,0.138466358,7.81,31.17229378
simvarmass_bb1a47f7,4807,4549,500,630,0.301471,0.068717,5;3,4377,0.856156,0.91198,0.898084,0.869357,4377,0.893323,0.932712,0.918077,0.907098,19825,0.363279,0.562404,0.342725,0.878094,18377,0.371923,0.571695,0.348061,0.876923,0.801039,0.867073,0.863948,0.80644,0.870209,0.866974,0.005825,0.011582,0.005825,0.004616,0.00919,0.004616,0.68782,0.802116,0.693988,0.686388,0.80194,0.692375,0.571186,1.26,4.179506487,512,16,10356.30617,0.464161634,0.26,0.862437846
simvarmass_bb478e56,2091,1971,500,3746,0.088215,0.462329,5;3,1873,0.895744,0.945005,0.945005,0.895744,1873,0.938377,0.968209,0.968209,0.938377,1963,0.930655,0.964082,0.960039,0.930655,1841,0.929985,0.963722,0.9617,0.929985,0.832362,0.908238,0.833094,0.835544,0.910246,0.836124,0.784699,0.787942,0.832138,0.78437,0.788183,0.829281,0.625996,0.753009,0.628407,0.621811,0.750076,0.624175,0.665434,7.492,84.92886697,512,16,10356.30617,0.201905966,6.492,73.59292637
simvarmass_bbc725e1,2075,1969,500,3339,0.335704,0.253545,5;3,1907,0.920419,0.958072,0.95781,0.920482,1907,0.957328,0.977709,0.977447,0.957393,2064,0.94988,0.974296,0.952404,0.94988,1936,0.950736,0.974746,0.958771,0.950736,0.843144,0.913793,0.847229,0.845388,0.915292,0.849162,0.705955,0.754187,0.737831,0.704848,0.756729,0.735025,0.843664,0.901139,0.846265,0.8433,0.902889,0.845487,0.606561,6.678,19.89252437,512,16,10356.30617,0.200361013,5.678,16.9137097
simvarmass_bc1efc63,260,243,500,3914,0.283747,0.741566,5;3,225,0.865385,0.927835,0.927835,0.865385,225,0.910931,0.95339,0.95339,0.910931,245,0.911538,0.953722,0.938614,0.911538,224,0.90535,0.950324,0.942184,0.90535,0.762205,0.865217,0.765385,0.753928,0.859813,0.757202,0.76529,0.805907,0.792308,0.755348,0.802721,0.781893,0.565781,0.690141,0.573077,0.555583,0.688946,0.561983,0.530747,7.828,27.58795688,512,16,10356.30617,0.025105476,6.828,24.06369054
simvarmass_bcc4bfde,4476,4240,500,3635,0.068665,0.805131,5;3,3711,0.829088,0.906559,0.906559,0.829088,3711,0.86807,0.929376,0.929376,0.86807,3806,0.846291,0.916747,0.914755,0.846291,3590,0.84434,0.915601,0.914432,0.84434,0.788066,0.881208,0.788874,0.793008,0.884277,0.793868,0.573753,0.675692,0.613271,0.571369,0.675281,0.609998,NaN,NaN,NaN,NaN,NaN,NaN,0.730736,7.27,105.8763562,512,16,10356.30617,0.432200432,6.27,91.31289594
simvarmass_bd15c14a,2233,2112,500,1204,0.347789,0.247152,5;3,2047,0.90946,0.950059,0.946729,0.913569,2047,0.94633,0.969842,0.966373,0.950606,23027,0.586342,0.749911,0.166192,0.939991,21403,0.609321,0.767181,0.168999,0.940814,0.835843,0.90878,0.861621,0.843595,0.913758,0.870265,0.136647,0.24337,0.139722,0.127955,0.228619,0.129735,0.788635,0.870056,0.793103,0.789206,0.871447,0.793447,0.564434,2.408,6.923738244,512,16,10356.30617,0.215617418,1.408,4.048431664
simvarmass_bd7d09a7,3515,3310,500,764,0.234728,0.637255,5;3,2995,0.85941,0.910116,0.906912,0.866856,2995,0.901201,0.933292,0.930203,0.90901,3401,0.790945,0.888664,0.888664,0.875676,3157,0.802722,0.895176,0.895176,0.875566,0.796675,0.854459,0.846088,0.80327,0.858683,0.85287,0.143648,0.253984,0.147368,0.135975,0.242105,0.139057,0.492355,0.651913,0.494452,0.484538,0.645888,0.486372,0.582778,1.528,6.509662247,512,16,10356.30617,0.339406729,0.528,2.249412085
simvarmass_bdd233cf,1863,1753,500,2301,0.432858,0.355591,5;3,1668,0.898496,0.943674,0.943076,0.899087,1668,0.939336,0.965817,0.965217,0.939955,1895,0.935052,0.966473,0.928153,0.936125,1744,0.934969,0.966392,0.937375,0.934969,0.825578,0.903529,0.843264,0.832139,0.907505,0.848831,0.458313,0.606205,0.477187,0.454918,0.605177,0.473204,0.721985,0.82432,0.724101,0.719242,0.824144,0.721302,0.574596,4.602,10.63166212,512,16,10356.30617,0.179890394,3.602,8.321435667
simvarmass_be5467f1,1043,986,500,3319,0.298751,0.260829,5;3,951,0.912562,0.952859,0.952859,0.912752,951,0.953709,0.974859,0.974859,0.953908,1023,0.951103,0.974939,0.96031,0.951103,957,0.94929,0.973985,0.963459,0.94929,0.831088,0.907378,0.831256,0.835522,0.909994,0.8357,0.799854,0.803383,0.834132,0.802213,0.804482,0.8357,0.828781,0.882864,0.83605,0.826682,0.883442,0.833333,0.569465,6.638,22.21917249,512,16,10356.30617,0.100711584,5.638,18.87190336
simvarmass_beb154e3,1646,1569,500,3189,0.099932,0.125302,5;3,1530,0.925273,0.961186,0.959068,0.925273,1530,0.959068,0.979106,0.976908,0.959068,1600,0.95322,0.97605,0.966728,0.95322,1517,0.955386,0.977184,0.971484,0.955386,0.843251,0.914606,0.843256,0.847668,0.917184,0.847674,0.802452,0.801045,0.847509,0.800488,0.797529,0.846399,0.958347,0.96728,0.96051,0.960138,0.970174,0.961637,0.637542,6.378,63.82339991,512,16,10356.30617,0.158936977,5.378,53.81659528
simvarmass_bfbc137d,4710,4449,500,1235,0.429415,0.705012,5;3,3608,0.816412,0.873916,0.860543,0.828238,3608,0.856224,0.896951,0.883813,0.868626,20115,0.358345,0.566176,0.317986,0.838004,18653,0.36603,0.574588,0.322036,0.835955,0.77098,0.824096,0.847558,0.778742,0.828872,0.854031,0.088756,0.16382,0.089597,0.084118,0.15585,0.084757,0.452222,0.616472,0.453715,0.449426,0.614534,0.450857,0.587571,2.47,5.752011457,512,16,10356.30617,0.454795361,1.47,3.42326188
simvarmass_c058a35b,3556,3363,500,3442,0.170816,0.178511,5;3,970,0.879359,0.935807,0.428635,0.879359,970,0.918355,0.95744,0.443429,0.918355,3282,0.911136,0.953502,0.947646,0.911136,3095,0.910767,0.9533,0.948428,0.910767,0.816026,0.898174,0.816929,0.822017,0.901762,0.822969,0.688471,0.740772,0.730877,0.687421,0.74195,0.729272,0.891633,0.924955,0.894263,0.888543,0.924933,0.890817,0.680601,6.884,40.30067441,512,16,10356.30617,0.343365669,5.884,34.44642188
simvarmass_c1437e96,4684,4419,500,3748,0.288459,0.773184,5;3,2854,0.820876,0.901418,0.75723,0.82088,2854,0.863071,0.926283,0.780955,0.863075,4003,0.834742,0.909578,0.899965,0.834757,3753,0.835244,0.909965,0.903084,0.835257,0.785908,0.878574,0.789283,0.791955,0.882316,0.795203,0.491193,0.625404,0.516652,0.48881,0.625155,0.512217,0.469907,0.631413,0.471605,0.466242,0.628772,0.4678,0.676241,7.496,25.98636201,512,16,10356.30617,0.452284813,6.496,22.51966484
simvarmass_c1d5bf12,2285,2153,500,2402,0.057516,0.150324,5;3,2079,0.908228,0.952337,0.952337,0.909409,2079,0.953723,0.976733,0.976733,0.954963,2183,0.945733,0.97211,0.967323,0.945733,2055,0.948444,0.97354,0.970532,0.948444,0.839646,0.912764,0.840263,0.850257,0.918987,0.850906,0.785907,0.784569,0.835886,0.789287,0.788325,0.83844,0.951598,0.961712,0.953611,0.953443,0.963832,0.955266,0.676496,4.804,83.52458446,512,16,10356.30617,0.220638514,3.804,66.13811809
simvarmass_c1e14fbf,4800,4562,500,4567,0.352536,0.75274,5;3,3277,0.828125,0.905983,0.81144,0.828125,3277,0.863755,0.926898,0.831831,0.863755,18800,0.8341,0.909463,0.339322,0.834167,17396,0.832461,0.908482,0.345933,0.83253,0.787966,0.880866,0.79125,0.791859,0.883266,0.79531,0.482312,0.622183,0.508958,0.478974,0.620337,0.504601,0.471118,0.633031,0.473125,0.465922,0.629044,0.467604,0.676277,9.134,25.90941067,512,16,10356.30617,0.463485718,8.134,23.07282093
simvarmass_c2065f19,657,612,500,4925,0.362271,0.798448,5;3,615,0.93961,0.966981,0.966981,0.940639,615,0.978326,0.987159,0.987159,0.979398,660,0.978691,0.989231,0.976462,0.978691,608,0.977124,0.98843,0.980328,0.977124,0.851637,0.919408,0.853881,0.848896,0.917772,0.851307,0.772408,0.794767,0.800609,0.765931,0.789974,0.794118,0.554233,0.6918,0.5586,0.54963,0.692703,0.552459,0.552292,9.85,27.18959011,512,16,10356.30617,0.063439608,8.85,24.42922563
simvarmass_c3161682,3010,2849,500,3315,0.161165,0.500895,5;3,1656,0.892359,0.943118,0.709816,0.892359,1656,0.932963,0.965319,0.73032,0.932963,2792,0.913289,0.95468,0.947604,0.913289,2641,0.916111,0.956219,0.95082,0.916111,0.822583,0.902182,0.824917,0.83327,0.908535,0.835732,0.697843,0.739016,0.743189,0.698879,0.741947,0.744031,0.610456,0.747516,0.612292,0.609896,0.747154,0.611678,0.667138,6.63,41.1379642,512,16,10356.30617,0.290644169,5.63,34.93314305
simvarmass_c347b06f,862,806,500,2662,0.060498,0.299149,5;3,1464,0.918794,0.957678,0.680997,0.918794,1464,0.963504,0.981413,0.692913,0.963504,835,0.954756,0.976855,0.969947,0.954756,776,0.954094,0.976508,0.972187,0.954094,0.838718,0.911728,0.839907,0.841143,0.913131,0.842432,0.869107,0.846109,0.907193,0.869089,0.845671,0.906948,0.836731,0.877364,0.842227,0.831525,0.878272,0.836658,0.608386,5.324,88.00290919,512,16,10356.30617,0.08323431,4.324,71.47343714
simvarmass_c3b64c6f,3883,3688,500,4730,0.086701,0.675716,5;3,3307,0.850705,0.919054,0.919054,0.850888,3307,0.888219,0.940507,0.940507,0.888411,3361,0.860417,0.924972,0.922419,0.860417,3174,0.857646,0.923369,0.921889,0.857646,0.798824,0.888857,0.801185,0.803686,0.89179,0.805804,0.63656,0.705882,0.676796,0.636759,0.70802,0.676064,NaN,NaN,NaN,NaN,NaN,NaN,0.726545,9.46,109.1106216,512,16,10356.30617,0.374940634,8.46,97.57672922
simvarmass_c3c4bfa6,495,474,500,4364,0.489692,0.657189,5;3,452,0.915105,0.954593,0.954593,0.915152,452,0.945672,0.970999,0.970999,0.94572,489,0.939394,0.96875,0.945122,0.939394,462,0.938819,0.968444,0.950855,0.938819,0.846984,0.917031,0.854545,0.854952,0.92168,0.860759,0.689733,0.743941,0.727273,0.687409,0.744186,0.723629,0.574795,0.711908,0.579798,0.564774,0.705405,0.56871,0.538003,8.728,17.82344821,512,16,10356.30617,0.047796965,7.728,15.78134828
simvarmass_c3d45688,3925,3714,500,4655,0.115961,0.532564,5;3,2095,0.864713,0.927449,0.696013,0.864713,2095,0.905791,0.950567,0.71722,0.905791,3482,0.882803,0.937754,0.935601,0.882803,3294,0.884222,0.938554,0.937215,0.884222,0.811457,0.896155,0.813503,0.816362,0.899142,0.818525,0.667947,0.725091,0.70828,0.666954,0.726845,0.707101,NaN,NaN,NaN,NaN,NaN,NaN,0.715504,9.31,80.28561327,512,16,10356.30617,0.378996134,8.31,71.6620243
simvarmass_c3dc1c01,4366,4146,500,3668,0.454031,0.365134,5;3,3751,0.861654,0.925083,0.923987,0.861658,3751,0.89571,0.944368,0.943278,0.895714,3970,0.873568,0.932518,0.915067,0.873568,3744,0.873372,0.932406,0.917871,0.873372,0.802676,0.889595,0.807604,0.806287,0.891827,0.810856,0.473221,0.619573,0.49519,0.465902,0.613726,0.487223,0.656526,0.78066,0.658268,0.654107,0.779646,0.655706,0.648024,7.336,16.15748704,512,16,10356.30617,0.421578884,6.336,13.95499426
simvarmass_c400d673,2992,2811,500,1522,0.332836,0.559228,5;3,2601,0.874057,0.929643,0.929018,0.875668,2601,0.920837,0.95558,0.954972,0.922535,2946,0.896133,0.945658,0.911418,0.904412,2729,0.8994,0.947349,0.918968,0.905405,0.826323,0.90033,0.850602,0.830392,0.903075,0.854804,0.298885,0.457101,0.309826,0.295659,0.454137,0.305585,0.578931,0.723413,0.580882,0.574666,0.720196,0.576362,0.591532,3.044,9.145645303,512,16,10356.30617,0.288906097,2.044,6.141162615
simvarmass_c41fa130,3975,3735,500,718,0.104712,0.185449,5;3,3458,0.87356,0.930576,0.9291,0.873962,3458,0.919111,0.955862,0.954395,0.919534,3861,0.905158,0.950244,0.918836,0.90566,3587,0.904418,0.94981,0.922699,0.904418,0.804394,0.890252,0.817862,0.811608,0.894737,0.824317,0.422245,0.577674,0.435472,0.415649,0.573326,0.427577,0.869937,0.913832,0.872704,0.86836,0.9135,0.870898,0.639982,1.436,13.71380549,512,16,10356.30617,0.38382411,0.436,4.163801666
simvarmass_c4602667,3971,3752,500,1498,0.165869,0.445471,5;3,3441,0.867719,0.92886,0.928225,0.868043,3441,0.908919,0.951947,0.951327,0.909259,20317,0.895744,0.945005,0.292902,0.895744,18826,0.895256,0.944734,0.297546,0.895256,0.813325,0.896628,0.822463,0.818329,0.899663,0.827559,0.512366,0.646854,0.537144,0.505053,0.642452,0.528267,0.628572,0.759521,0.63032,0.622993,0.75639,0.624466,0.650818,2.996,18.06244687,512,16,10356.30617,0.383437872,1.996,12.03359278
simvarmass_c4662f60,2261,2140,500,3566,0.274485,0.860987,5;3,1978,0.878325,0.933082,0.931824,0.878372,1978,0.917695,0.954907,0.953646,0.917745,2086,0.902697,0.948617,0.939038,0.902698,1956,0.900934,0.947627,0.941406,0.900935,0.808897,0.890905,0.813799,0.817809,0.896161,0.82298,0.618057,0.703039,0.649713,0.619636,0.705972,0.649065,0.471863,0.630556,0.473684,0.471683,0.630299,0.473536,0.618594,7.132,25.98320491,512,16,10356.30617,0.218321085,6.132,22.34001858
simvarmass_c47275cd,4122,3925,500,1492,0.214145,0.860163,5;3,3357,0.833041,0.899391,0.894505,0.833819,3357,0.868655,0.919973,0.915185,0.869466,3708,0.842006,0.90945,0.887356,0.845949,3474,0.842156,0.90957,0.892553,0.844331,0.785854,0.862729,0.819262,0.790286,0.865407,0.823439,0.411797,0.56714,0.430859,0.409704,0.565657,0.428025,0.464615,0.627368,0.466036,0.461916,0.62556,0.463147,0.635154,2.984,13.93448364,512,16,10356.30617,0.39801836,1.984,9.26475052
simvarmass_c497c2ee,3129,2953,500,4477,0.21159,0.288165,5;3,2201,0.888463,0.940938,0.825891,0.888463,2201,0.928214,0.962771,0.84719,0.928214,20501,0.908917,0.952285,0.240711,0.908917,18986,0.908906,0.95228,0.244678,0.908906,0.829774,0.906806,0.830617,0.840313,0.913003,0.84084,0.714504,0.749287,0.755513,0.716694,0.752906,0.756601,0.782766,0.862794,0.784915,0.778277,0.861533,0.78038,0.672143,8.954,42.31768987,512,16,10356.30617,0.302134752,7.954,37.5915686
simvarmass_c49f6224,4303,4075,500,3452,0.406533,0.068795,5;3,3747,0.870132,0.930302,0.930186,0.870323,3747,0.911214,0.953278,0.953157,0.911414,4037,0.900999,0.947922,0.929736,0.900999,3791,0.899681,0.947192,0.932384,0.899681,0.803754,0.89075,0.806414,0.807971,0.893351,0.810599,0.526891,0.661736,0.551011,0.523424,0.659745,0.545633,0.933965,0.956312,0.934697,0.93245,0.956577,0.932972,0.650818,6.904,16.98263118,512,16,10356.30617,0.415495634,5.904,14.52280627
simvarmass_c4a0b581,2214,2095,500,2975,0.486396,0.181556,5;3,2018,0.914331,0.952988,0.952741,0.915537,2018,0.953523,0.973926,0.973678,0.954781,23302,0.81589,0.902146,0.164759,0.949413,21645,0.836299,0.913853,0.167565,0.949403,0.827162,0.904644,0.845528,0.835031,0.909563,0.853461,0.539932,0.670989,0.560976,0.540751,0.672202,0.559847,0.919531,0.943768,0.922764,0.919107,0.945852,0.921606,0.588507,5.95,12.23283086,512,16,10356.30617,0.213782787,4.95,10.1768929
simvarmass_c573dc3b,824,780,500,4285,0.294385,0.452356,5;3,758,0.924748,0.959596,0.958281,0.924757,758,0.960898,0.978751,0.977434,0.960908,806,0.95267,0.975761,0.96319,0.95267,756,0.951282,0.975033,0.966146,0.951282,0.835699,0.910053,0.837379,0.837968,0.911375,0.839744,0.824764,0.818667,0.856796,0.824631,0.821879,0.854033,0.679907,0.787791,0.682039,0.674036,0.783012,0.676093,0.564314,8.57,29.11153761,512,16,10356.30617,0.079565048,7.57,25.71462541
simvarmass_c5881458,1373,1295,500,3374,0.156029,0.674363,5;3,1250,0.911143,0.953506,0.953107,0.911143,1250,0.952055,0.975439,0.975039,0.952055,1313,0.939548,0.968832,0.960536,0.939548,1235,0.939815,0.968974,0.962465,0.939815,0.827936,0.906126,0.830299,0.833783,0.909626,0.836293,0.787017,0.785039,0.828842,0.787521,0.788791,0.826523,0.556037,0.699454,0.559359,0.552835,0.698444,0.556158,0.606722,6.748,43.2483705,512,16,10356.30617,0.132576227,5.748,36.83930551
simvarmass_c5f2b379,2070,1953,500,3212,0.248693,0.648959,5;3,1854,0.896582,0.945223,0.944954,0.896618,1854,0.937809,0.967658,0.967388,0.937847,1955,0.920773,0.958753,0.947081,0.920773,1821,0.91957,0.9581,0.951497,0.91957,0.841014,0.912907,0.845894,0.847256,0.916551,0.851947,0.690918,0.739194,0.727053,0.686318,0.739051,0.721085,0.558148,0.705847,0.559903,0.554108,0.702528,0.555897,0.616147,6.424,25.8310447,512,16,10356.30617,0.199878216,5.424,21.8100228
simvarmass_c66cd307,2707,2567,500,3653,0.052209,0.28009,5;3,2426,0.894551,0.944477,0.944477,0.895456,2426,0.931365,0.964584,0.964584,0.932308,2511,0.922793,0.959846,0.957455,0.922793,2370,0.921278,0.959026,0.957861,0.921278,0.822757,0.902,0.824529,0.829788,0.906157,0.831645,0.765496,0.775385,0.815294,0.764833,0.773984,0.815031,NaN,NaN,NaN,NaN,NaN,NaN,0.706537,7.306,139.9375587,512,16,10356.30617,0.261386633,6.306,120.7837729
simvarmass_c6e07f08,3005,2855,500,3511,0.485686,0.308753,5;3,2677,0.892744,0.94246,0.942274,0.892845,2677,0.930845,0.963309,0.963123,0.930951,21979,0.917804,0.95714,0.220781,0.917804,20386,0.91836,0.957443,0.225559,0.91836,0.832104,0.907737,0.839268,0.841154,0.913068,0.848687,0.538945,0.667722,0.56173,0.539394,0.669029,0.561975,0.752752,0.844453,0.756073,0.751549,0.844838,0.754478,0.616666,7.022,14.45790078,512,16,10356.30617,0.290161371,6.022,12.39895735
simvarmass_c6f7830b,92,88,500,991,0.073959,0.730747,5;3,78,0.847826,0.917647,0.917647,0.847826,78,0.857143,0.923077,0.923077,0.857143,89,0.858696,0.923977,0.872928,0.858696,82,0.852273,0.920245,0.882353,0.852273,0.728103,0.835443,0.728261,0.727101,0.834437,0.727273,0.706186,0.751592,0.73913,0.691226,0.738255,0.727273,0.656115,0.77707,0.663043,0.651463,0.773333,0.659091,0.544092,1.982,26.79863167,512,16,10356.30617,0.008883476,0.982,13.27762679
simvarmass_c7150cc2,3601,3405,500,3302,0.349604,0.125159,5;3,3184,0.885841,0.938559,0.938541,0.885865,3184,0.924613,0.959916,0.959904,0.924638,3413,0.914191,0.955172,0.938694,0.914191,3205,0.912188,0.954078,0.939788,0.912188,0.840376,0.912302,0.841711,0.846787,0.91615,0.848164,0.5937,0.69869,0.622049,0.591528,0.698839,0.618614,0.934173,0.955267,0.935573,0.93263,0.955549,0.933726,0.643762,6.604,18.88994405,512,16,10356.30617,0.347710848,5.604,16.02956488
simvarmass_c7d08b62,3240,3052,500,3732,0.096579,0.36847,5;3,2846,0.877477,0.934604,0.934604,0.877778,2846,0.920967,0.958706,0.958706,0.921283,2962,0.905247,0.950267,0.945824,0.905247,2777,0.904653,0.94994,0.947332,0.904653,0.830089,0.907102,0.83179,0.836024,0.910613,0.837811,0.714461,0.742874,0.760185,0.718531,0.745687,0.764744,0.701564,0.811963,0.703086,0.696419,0.809642,0.697636,0.697117,7.464,77.28388159,512,16,10356.30617,0.312852859,6.464,66.9296638
simvarmass_c812c142,4306,4083,500,2422,0.136649,0.613656,5;3,2668,0.848811,0.918111,0.765128,0.848816,2668,0.888209,0.940677,0.786673,0.888214,3766,0.861588,0.925649,0.919227,0.861588,3546,0.860642,0.925102,0.921222,0.860642,0.804925,0.891802,0.805852,0.809903,0.894836,0.810877,0.567243,0.676223,0.597074,0.566902,0.677347,0.595541,0.529619,0.681473,0.530887,0.528134,0.681006,0.529123,0.687986,4.844,35.4484848,512,16,10356.30617,0.415785313,3.844,28.13046565
simvarmass_c8f362b2,877,839,500,2035,0.319404,0.16636,5;3,822,0.940545,0.967059,0.966451,0.941847,822,0.971564,0.983254,0.982645,0.972909,963,0.950209,0.974771,0.923913,0.969213,896,0.954883,0.977136,0.936023,0.967819,0.83941,0.913473,0.851767,0.84643,0.917632,0.859356,0.64231,0.733499,0.671608,0.641404,0.732248,0.669845,0.952898,0.962275,0.957811,0.956703,0.964177,0.960621,0.550212,4.07,12.74248287,512,16,10356.30617,0.084682703,3.07,9.611651701
simvarmass_c8f52af5,3850,3650,500,878,0.180167,0.170309,5;3,3396,0.882557,0.936663,0.936517,0.883117,3396,0.921075,0.957945,0.957798,0.921659,21251,0.895733,0.945587,0.278316,0.907273,19667,0.899219,0.947338,0.283925,0.907098,0.828958,0.905403,0.845714,0.83383,0.908168,0.849822,0.260603,0.413877,0.266494,0.253097,0.40421,0.257879,0.871765,0.914286,0.874286,0.870918,0.915343,0.873108,0.615489,1.756,9.746512957,512,16,10356.30617,0.371754169,0.756,4.196106945
simvarmass_c92b8fb3,3708,3502,500,2049,0.101173,0.650111,5;3,2854,0.858654,0.92388,0.869552,0.859223,2854,0.898642,0.946524,0.891981,0.899238,3307,0.878101,0.935095,0.928297,0.878101,3094,0.875214,0.933455,0.929351,0.875214,0.805522,0.891606,0.808522,0.812552,0.895879,0.815481,0.609794,0.703866,0.648058,0.607466,0.7048,0.645447,0.537438,0.691217,0.539105,0.53114,0.686072,0.532609,0.682341,4.098,40.50487778,512,16,10356.30617,0.358042717,3.098,30.62081781
simvarmass_c98035bc,4058,3838,500,1214,0.31011,0.739437,5;3,3333,0.842245,0.898768,0.894602,0.847955,3333,0.881338,0.920966,0.916932,0.887313,21058,0.676131,0.820971,0.278548,0.862001,19490,0.693183,0.831778,0.283179,0.860604,0.784206,0.848569,0.841055,0.788462,0.851332,0.84353,0.212507,0.351037,0.219073,0.209011,0.346622,0.21516,0.465304,0.628212,0.466979,0.466553,0.629805,0.468041,0.599013,2.428,7.829479862,512,16,10356.30617,0.391838551,1.428,4.604817645
simvarmass_c9d6bfa6,3684,3489,500,811,0.409409,0.569834,5;3,2922,0.84459,0.873687,0.861944,0.869164,2922,0.881686,0.893896,0.882654,0.907339,21655,0.129081,0.253285,0.253285,0.871064,20067,0.131032,0.257111,0.257111,0.868368,0.760855,0.789292,0.873507,0.766903,0.794006,0.878545,0.013301,0.026252,0.013301,0.011465,0.022669,0.011465,0.452321,0.615103,0.455483,0.451524,0.614727,0.454467,0.556411,1.622,3.961808363,512,16,10356.30617,0.355725288,0.622,1.519263133
simvarmass_c9f6e910,3312,3152,500,1125,0.428424,0.175597,5;3,3088,0.890706,0.937799,0.919687,0.895531,3088,0.926222,0.957187,0.938307,0.93124,21489,0.428764,0.618888,0.245474,0.919082,19918,0.443403,0.633216,0.250542,0.916878,0.82964,0.899273,0.870773,0.833786,0.902578,0.873691,0.024858,0.048852,0.02506,0.019987,0.039191,0.019987,0.759505,0.848343,0.765097,0.759392,0.848378,0.765024,0.567443,2.25,5.251806621,512,16,10356.30617,0.319805145,1.25,2.917670345
simvarmass_ca1004cd,2178,2055,500,4150,0.497043,0.45513,5;3,1967,0.905216,0.948866,0.948613,0.905418,1967,0.946955,0.971358,0.971104,0.947166,2147,0.930689,0.964243,0.941503,0.934803,2013,0.934765,0.966349,0.946152,0.936709,0.839417,0.911538,0.853994,0.847729,0.916404,0.861314,0.631819,0.72018,0.661157,0.631534,0.720702,0.659533,0.655562,0.778867,0.658402,0.657837,0.780798,0.660488,0.601325,8.3,16.69875645,512,16,10356.30617,0.210306644,7.3,14.68685808
simvarmass_ca611d34,3139,2979,500,2093,0.236701,0.715001,5;3,2741,0.874437,0.931474,0.931293,0.874801,2741,0.912519,0.952696,0.952513,0.912899,21643,0.89519,0.944697,0.226777,0.89519,20031,0.892917,0.94343,0.231204,0.892917,0.82111,0.901084,0.833705,0.827183,0.904823,0.839543,0.507297,0.636728,0.530742,0.505691,0.637007,0.528701,0.50975,0.667083,0.510991,0.506349,0.664611,0.507568,0.629481,4.186,17.68475841,512,16,10356.30617,0.303100348,3.186,13.46001918
simvarmass_ca6ca1ee,1093,1032,500,833,0.340299,0.057578,5;3,1028,0.927589,0.957055,0.956153,0.941446,1028,0.96374,0.975938,0.975,0.978137,23225,0.090839,0.170702,0.08726,0.970723,21547,0.093856,0.17554,0.088932,0.972868,0.847974,0.908552,0.886551,0.856443,0.912976,0.89438,0.011894,0.023508,0.011894,0.006783,0.013474,0.006783,0.920955,0.936069,0.927722,0.923481,0.937973,0.930165,0.533227,1.666,4.895694669,512,16,10356.30617,0.10553956,0.666,1.957102431
simvarmass_cb60fb8f,3620,3418,500,3607,0.41424,0.458579,5;3,3159,0.874016,0.932311,0.931996,0.874033,3159,0.915491,0.955418,0.955102,0.915509,20594,0.901105,0.94798,0.269431,0.901105,19092,0.901433,0.948162,0.273822,0.901433,0.815783,0.898313,0.824309,0.822997,0.902678,0.83148,0.530535,0.66296,0.559945,0.527343,0.661678,0.556011,0.623247,0.755593,0.625138,0.623795,0.756115,0.625513,0.640669,7.214,17.41502511,512,16,10356.30617,0.349545479,6.214,15.00096562
simvarmass_cb9efa31,1175,1110,500,4996,0.175259,0.445731,5;3,1079,0.918298,0.957409,0.957409,0.918298,1079,0.959964,0.979573,0.979573,0.959964,1130,0.953191,0.976035,0.9718,0.953191,1062,0.952252,0.975542,0.973297,0.952252,0.842553,0.91455,0.842553,0.851351,0.919708,0.851351,0.84933,0.83603,0.885957,0.854094,0.839575,0.889189,0.693183,0.794547,0.700426,0.685684,0.792079,0.69196,0.605584,9.992,57.01276397,512,16,10356.30617,0.113457441,8.992,51.3069229
simvarmass_cc4375a8,2045,1946,500,893,0.28779,0.286222,5;3,1853,0.908439,0.947935,0.947665,0.912958,1853,0.942546,0.966275,0.966004,0.947235,23108,0.658548,0.80284,0.152825,0.939853,21447,0.678717,0.81692,0.156036,0.938303,0.824339,0.899839,0.860147,0.828114,0.902049,0.862866,0.088832,0.168901,0.092421,0.081264,0.156102,0.084789,0.740415,0.834978,0.744743,0.742095,0.836416,0.746261,0.557743,1.786,6.205914035,512,16,10356.30617,0.197464228,0.786,2.731158136
simvarmass_ccc0c5d5,4766,4510,500,869,0.061131,0.277863,5;3,4078,0.855017,0.921755,0.921755,0.855225,4078,0.894428,0.944174,0.944174,0.894644,4270,0.874528,0.933065,0.922532,0.874528,4003,0.872506,0.931912,0.924468,0.872506,0.812569,0.896241,0.816618,0.817057,0.898939,0.821326,0.538062,0.665926,0.566303,0.534491,0.664833,0.5625,0.738235,0.834338,0.740243,0.736007,0.833605,0.737847,0.686868,1.738,28.43074708,512,16,10356.30617,0.460202694,0.738,12.07243461
simvarmass_cd13e995,3844,3658,500,2682,0.153536,0.190707,5;3,3155,0.878103,0.934921,0.900986,0.878252,3155,0.915494,0.955697,0.92166,0.91565,19689,0.905567,0.950444,0.29584,0.905567,18251,0.904293,0.949742,0.301899,0.904293,0.831138,0.907284,0.831946,0.834986,0.909632,0.835703,0.660077,0.72938,0.69589,0.660334,0.729935,0.694915,0.897982,0.931514,0.899844,0.896389,0.931317,0.898245,0.683139,5.364,34.93643185,512,16,10356.30617,0.371174812,4.364,28.42330138
simvarmass_cd3977da,3944,3717,500,3376,0.196163,0.654143,5;3,2041,0.851103,0.919474,0.682038,0.851166,2041,0.891094,0.942316,0.702824,0.89116,3486,0.865619,0.92797,0.918977,0.865619,3259,0.863331,0.926653,0.920011,0.863331,0.798391,0.887667,0.798428,0.803297,0.890679,0.803336,0.579889,0.685106,0.612323,0.574053,0.682595,0.606884,0.518163,0.673781,0.520284,0.513354,0.670293,0.51538,0.677571,6.752,34.4203545,512,16,10356.30617,0.380830765,5.752,29.32255318
simvarmass_cd7b8fa7,3640,3440,500,1278,0.181906,0.564345,5;3,3128,0.862514,0.923645,0.923168,0.862912,3128,0.900617,0.945141,0.944663,0.901033,3308,0.878846,0.935517,0.920841,0.878846,3089,0.877035,0.93449,0.924184,0.877035,0.80396,0.889499,0.818132,0.809803,0.893248,0.823204,0.439027,0.590885,0.457692,0.432464,0.585809,0.449869,0.548271,0.696833,0.55,0.546859,0.696376,0.5485,0.629352,2.556,14.05121326,512,16,10356.30617,0.351476669,1.556,8.553868482
simvarmass_cdcf66fd,2811,2655,500,3163,0.135003,0.854872,5;3,1997,0.869085,0.929781,0.830699,0.869086,1997,0.907503,0.951324,0.851781,0.907504,2535,0.885092,0.938645,0.930789,0.885094,2381,0.885121,0.938849,0.93328,0.885122,0.816018,0.89863,0.817503,0.822159,0.902333,0.823729,0.640249,0.705685,0.673426,0.641387,0.708655,0.673823,0.466881,0.62804,0.468517,0.463083,0.625508,0.464528,0.664546,6.326,46.85821797,512,16,10356.30617,0.271428823,5.326,39.45097516
simvarmass_ce301f80,1724,1631,500,2243,0.390637,0.522673,5;3,1553,0.904649,0.947208,0.947208,0.907773,1553,0.938396,0.965474,0.965474,0.941637,1763,0.868371,0.931864,0.921709,0.932135,1639,0.878625,0.937326,0.92844,0.930717,0.838013,0.911097,0.854408,0.846475,0.916086,0.861435,0.486504,0.628201,0.50522,0.480445,0.623945,0.498467,0.606194,0.74189,0.610209,0.604733,0.740824,0.608615,0.571964,4.486,11.48380722,512,16,10356.30617,0.16646862,3.486,8.923885858
simvarmass_ce78f771,1188,1122,500,2750,0.261913,0.751938,5;3,1079,0.912009,0.951961,0.951919,0.9133,1079,0.949576,0.972097,0.972072,0.95092,25573,0.939365,0.968302,0.083405,0.939394,23783,0.937585,0.967326,0.084481,0.937611,0.826201,0.903404,0.8367,0.83582,0.908826,0.84492,0.654313,0.729464,0.68771,0.655813,0.731061,0.688057,0.530091,0.674086,0.535354,0.531911,0.67563,0.537433,0.573569,5.5,20.99933948,512,16,10356.30617,0.114712715,4.5,17.18127775
simvarmass_cf48b1ae,2303,2185,500,3968,0.205018,0.216711,5;3,2105,0.914893,0.955319,0.955082,0.914894,2105,0.951241,0.974774,0.974537,0.951242,2222,0.945723,0.972104,0.962652,0.945723,2094,0.943707,0.971038,0.963777,0.943707,0.837458,0.911022,0.838472,0.846004,0.916027,0.84707,0.774918,0.775303,0.820234,0.777665,0.777994,0.822344,0.891636,0.927041,0.894051,0.891756,0.928692,0.893793,0.642736,7.936,38.7087963,512,16,10356.30617,0.222376585,6.936,33.8311758
simvarmass_cfa1841c,1847,1770,500,4521,0.205415,0.483911,5;3,1693,0.920411,0.958557,0.956497,0.920411,1693,0.950252,0.974491,0.97243,0.950252,1759,0.935571,0.966713,0.958403,0.935571,1667,0.932806,0.965235,0.961024,0.932806,0.840039,0.91289,0.840282,0.83995,0.91283,0.840203,0.795188,0.789613,0.83974,0.794423,0.792336,0.836723,0.640708,0.764841,0.642664,0.635886,0.761677,0.637853,0.629045,9.042,44.01820704,512,16,10356.30617,0.178345442,8.042,39.15001339
simvarmass_cff078cd,4837,4576,500,2724,0.467101,0.43786,5;3,4038,0.837233,0.910115,0.909746,0.837296,4038,0.878078,0.93378,0.93341,0.878144,19692,0.855076,0.921912,0.337397,0.855489,18238,0.855988,0.922407,0.343386,0.855988,0.798673,0.886411,0.810833,0.808111,0.892166,0.820367,0.332704,0.495105,0.345049,0.327531,0.489177,0.338361,0.592784,0.733223,0.595204,0.589185,0.731066,0.591407,0.636496,5.448,11.66343039,512,16,10356.30617,0.46705842,4.448,9.522565783
simvarmass_d013d641,2817,2665,500,3420,0.133923,0.640099,5;3,2070,0.878239,0.935173,0.847145,0.878239,2070,0.917996,0.957245,0.868835,0.917996,2578,0.900248,0.947506,0.94013,0.900248,2415,0.898311,0.946432,0.94252,0.898311,0.828747,0.906377,0.830316,0.832119,0.908384,0.833771,0.707086,0.740923,0.749734,0.703096,0.741598,0.745216,0.545818,0.69634,0.547036,0.541055,0.692716,0.542105,0.670698,6.84,51.07412468,512,16,10356.30617,0.272008181,5.84,43.60714739
simvarmass_d053681a,4716,4445,500,2228,0.19458,0.054082,5;3,193,0.863656,0.92684,0.078631,0.863656,193,0.908949,0.952303,0.082585,0.908949,19206,0.89207,0.942956,0.351726,0.89207,17777,0.893813,0.94393,0.357574,0.893813,0.824742,0.902776,0.829304,0.833079,0.907753,0.837795,0.53566,0.66516,0.561493,0.531982,0.6631,0.557454,0.940194,0.960571,0.94084,0.942875,0.9622,0.943439,0.674254,4.456,22.90060643,512,16,10356.30617,0.455374718,3.456,17.7613321
simvarmass_d065c8b5,3698,3479,500,682,0.425461,0.167989,5;3,3371,0.860483,0.893082,0.890932,0.886155,3371,0.900925,0.914788,0.912357,0.927803,20425,0.201446,0.35837,0.276002,0.900487,18888,0.204983,0.363784,0.279596,0.898851,0.762075,0.792361,0.886696,0.770688,0.798334,0.892754,0.001893,0.003779,0.001893,0.001724,0.003442,0.001724,0.543704,0.696404,0.555165,0.544536,0.697632,0.555876,0.54608,1.364,3.205934269,512,16,10356.30617,0.357077122,0.364,0.855542576
simvarmass_d09ffdcc,280,261,500,1356,0.109936,0.10043,5;3,263,0.942178,0.968692,0.968692,0.942857,263,0.991766,0.994329,0.994329,0.992481,299,0.992857,0.996416,0.960276,0.992857,273,0.992337,0.996154,0.970037,0.992337,0.847296,0.917148,0.85,0.851544,0.919588,0.854406,0.913569,0.871324,0.942857,0.917058,0.871795,0.94636,0.983464,0.982079,0.989286,0.988239,0.986564,0.992337,0.546397,2.712,24.66889827,512,16,10356.30617,0.027036667,1.712,15.57269684
simvarmass_d174a7f0,588,563,500,1418,0.387835,0.467105,5;3,603,0.938913,0.963158,0.925273,0.942177,603,0.965176,0.976868,0.937872,0.968531,656,0.824664,0.906752,0.906752,0.959184,604,0.857516,0.92545,0.92545,0.959147,0.840787,0.906568,0.858844,0.840799,0.90628,0.857904,0.245602,0.38961,0.255102,0.239704,0.382393,0.246892,0.72792,0.826772,0.731293,0.722107,0.826087,0.724199,0.53007,2.836,7.312388,512,16,10356.30617,0.056777,1.836,4.733971921
simvarmass_d195f8ed,4451,4194,500,3750,0.269561,0.855531,5;3,3441,0.825403,0.903924,0.871769,0.825432,3441,0.867502,0.928599,0.8963,0.867532,3872,0.842498,0.914014,0.900877,0.842507,3622,0.841194,0.913331,0.902508,0.841202,0.791615,0.880752,0.799596,0.800572,0.886388,0.808059,0.495295,0.624514,0.523703,0.495033,0.625572,0.521335,0.466752,0.630527,0.46776,0.464924,0.629947,0.465727,0.674422,7.5,27.82301594,512,16,10356.30617,0.429786444,6.5,24.11328048
simvarmass_d2328572,865,821,500,1880,0.357371,0.566495,5;3,792,0.914815,0.95353,0.95353,0.915607,792,0.958009,0.976514,0.976514,0.958838,932,0.959543,0.9794,0.925988,0.96185,858,0.959805,0.97949,0.938654,0.959805,0.823259,0.903348,0.845087,0.826026,0.904983,0.847747,0.495839,0.637143,0.515607,0.497823,0.641509,0.517661,0.623452,0.756063,0.625434,0.62117,0.754887,0.623171,0.544053,3.76,10.52127901,512,16,10356.30617,0.083523989,2.76,7.723066505
simvarmass_d233262c,3328,3162,500,1238,0.249706,0.18443,5;3,2962,0.891586,0.941494,0.941494,0.892728,2962,0.928119,0.96152,0.96152,0.929309,3260,0.916166,0.956263,0.925926,0.916466,3063,0.916509,0.956436,0.931084,0.916509,0.813596,0.896643,0.834736,0.822031,0.901784,0.842188,0.313362,0.473813,0.319411,0.308858,0.469282,0.313942,0.86435,0.911621,0.866286,0.862183,0.91119,0.863868,0.60497,2.476,9.915660817,512,16,10356.30617,0.321350098,1.476,5.910951279
simvarmass_d2705cad,3360,3190,500,4948,0.085723,0.816272,5;3,2876,0.855632,0.922065,0.922065,0.855655,2876,0.895336,0.944636,0.944636,0.89536,2956,0.87619,0.93401,0.932236,0.87619,2802,0.875862,0.933824,0.932577,0.875862,0.81097,0.895704,0.812798,0.817818,0.899862,0.819749,0.660679,0.713517,0.710119,0.660732,0.715031,0.709091,NaN,NaN,NaN,NaN,NaN,NaN,0.716329,9.896,115.4415968,512,16,10356.30617,0.324440002,8.896,103.7761161
simvarmass_d276a605,2319,2179,500,2010,0.28658,0.368097,5;3,2090,0.903281,0.947846,0.947607,0.903838,2090,0.947831,0.971867,0.971628,0.948416,2353,0.934887,0.966377,0.928938,0.935748,2181,0.936668,0.967299,0.936239,0.936668,0.837132,0.910115,0.851229,0.847226,0.916046,0.860945,0.557828,0.677201,0.582147,0.556405,0.677385,0.580083,0.720553,0.824198,0.722294,0.717879,0.823655,0.71954,0.598326,4.02,14.02749669,512,16,10356.30617,0.223921537,3.02,10.53806965
simvarmass_d2845c5c,2620,2492,500,1134,0.367962,0.722376,5;3,2253,0.880161,0.91299,0.910733,0.894275,2253,0.913276,0.931056,0.928841,0.927921,22916,0.206463,0.364377,0.185777,0.905344,21239,0.213321,0.374479,0.18971,0.903291,0.791944,0.843884,0.86145,0.796502,0.847534,0.863965,0.15301,0.266971,0.156107,0.151457,0.264696,0.154494,0.476728,0.636755,0.479389,0.476424,0.637263,0.4791,0.565041,2.268,6.163679945,512,16,10356.30617,0.252985954,1.268,3.446008012
simvarmass_d2e1ee0e,148,135,500,2445,0.120106,0.283247,5;3,131,0.885135,0.939068,0.939068,0.885135,131,0.956204,0.977612,0.977612,0.956204,152,0.959459,0.97931,0.946667,0.959459,135,0.955556,0.977273,0.955556,0.955556,0.851351,0.919708,0.851351,0.866667,0.928571,0.866667,0.921049,0.901024,0.945946,0.923986,0.899628,0.948148,0.932603,0.9375,0.939189,0.927018,0.938931,0.933333,0.539022,4.89,40.71403593,512,16,10356.30617,0.01429081,3.89,32.38805722
simvarmass_d3b3e0e0,2873,2720,500,2511,0.188885,0.615521,5;3,2548,0.887922,0.940634,0.940048,0.887922,2548,0.930004,0.963733,0.963145,0.930004,21795,0.914375,0.955273,0.212988,0.914375,20235,0.915441,0.955854,0.216946,0.915441,0.808995,0.894524,0.81622,0.817423,0.899657,0.824697,0.633544,0.715359,0.66307,0.630301,0.713348,0.658465,0.562558,0.710762,0.566655,0.557884,0.70785,0.56174,0.642079,5.022,26.58760622,512,16,10356.30617,0.277415514,4.022,21.29337957
simvarmass_d3d3924d,1785,1694,500,1719,0.209398,0.239765,5;3,1642,0.921134,0.957993,0.957689,0.921569,1642,0.958172,0.977672,0.977367,0.958625,1810,0.952941,0.975904,0.946314,0.952941,1695,0.952774,0.975816,0.952493,0.952774,0.834441,0.910143,0.847619,0.843853,0.915709,0.857143,0.684912,0.752061,0.715406,0.684367,0.753741,0.713695,0.874893,0.918409,0.877311,0.870568,0.915625,0.873072,0.592768,3.438,16.41849492,512,16,10356.30617,0.172358751,2.438,11.64290012
simvarmass_d430e49c,4235,4010,500,3648,0.310323,0.180968,5;3,991,0.881432,0.936763,0.379258,0.881464,991,0.920558,0.958408,0.392786,0.920592,19587,0.904841,0.950043,0.321719,0.904841,18071,0.905463,0.950386,0.328804,0.905463,0.825874,0.903968,0.828571,0.831359,0.907211,0.834206,0.58657,0.694985,0.620071,0.583066,0.695235,0.614809,0.907187,0.935096,0.910035,0.906541,0.936494,0.908977,0.667547,7.296,23.51098694,512,16,10356.30617,0.408929586,6.296,20.28853807
simvarmass_d48ff508,1101,1052,500,1593,0.411212,0.365971,5;3,1023,0.92493,0.958491,0.956685,0.927339,1023,0.960705,0.977393,0.975516,0.963208,1196,0.883161,0.939651,0.915107,0.954587,1115,0.898865,0.948064,0.926627,0.954373,0.819294,0.897206,0.852861,0.825823,0.901614,0.857414,0.271485,0.423237,0.277929,0.268089,0.420131,0.273764,0.717613,0.825248,0.719346,0.719192,0.826681,0.720952,0.543892,3.186,7.747828371,512,16,10356.30617,0.106312037,2.186,5.315992724
simvarmass_d4a68a15,4753,4498,500,2863,0.052893,0.705327,5;3,3968,0.83442,0.909529,0.909529,0.83442,3968,0.873952,0.932518,0.932518,0.873953,4049,0.846623,0.916942,0.914338,0.846623,3813,0.843965,0.915381,0.913619,0.843965,0.801344,0.889407,0.802651,0.806586,0.892603,0.807957,0.574889,0.677249,0.619398,0.573476,0.679823,0.616085,NaN,NaN,NaN,NaN,NaN,NaN,0.733848,5.726,108.256291,512,16,10356.30617,0.45894742,4.726,89.35019757
simvarmass_d4f54e99,2757,2605,500,4946,0.228679,0.152317,5;3,830,0.899829,0.947328,0.462225,0.900254,830,0.940063,0.969153,0.477948,0.940508,2595,0.930722,0.964118,0.958894,0.930722,2441,0.930518,0.964009,0.960761,0.930518,0.824579,0.903277,0.82481,0.832087,0.907873,0.832246,0.75105,0.759893,0.797243,0.750315,0.761243,0.7944,0.939198,0.957275,0.94124,0.939068,0.957285,0.940995,0.661286,9.892,43.25714211,512,16,10356.30617,0.266214609,8.892,38.88420012
simvarmass_d50d1294,2659,2509,500,565,0.491971,0.183244,5;3,2134,0.836087,0.830302,0.817859,0.918766,2134,0.872852,0.849315,0.837428,0.959168,21199,0.107446,0.206304,0.206304,0.925536,19695,0.108952,0.208838,0.208838,0.925719,0.600822,0.612419,0.911245,0.604014,0.61367,0.914902,NaN,NaN,NaN,NaN,NaN,NaN,0.1577,0.272285,0.157954,0.153788,0.266391,0.15403,0.529005,1.13,2.296883353,512,16,10356.30617,0.256751776,0.13,0.264243218
simvarmass_d59a2975,992,939,500,1661,0.339569,0.133311,5;3,989,0.941137,0.966667,0.93892,0.946573,989,0.972508,0.983051,0.954336,0.978125,25014,0.222831,0.370101,0.074444,0.975806,23267,0.234797,0.385862,0.075766,0.976571,0.858596,0.923077,0.88004,0.863373,0.925799,0.884984,0.495357,0.639344,0.511089,0.489024,0.63569,0.502662,0.966001,0.972807,0.96875,0.967294,0.973442,0.970149,0.547408,3.322,9.782989613,512,16,10356.30617,0.095787048,2.322,6.838080037
simvarmass_d652ed10,4976,4706,500,4550,0.417086,0.278201,5;3,133,0.851373,0.919687,0.052065,0.851487,133,0.894894,0.944494,0.054654,0.895015,4502,0.873191,0.932303,0.91686,0.873191,4218,0.872716,0.932032,0.920439,0.872716,0.805953,0.891657,0.809285,0.812188,0.895452,0.815342,0.523925,0.655513,0.547227,0.523893,0.657125,0.546556,0.725769,0.826985,0.728095,0.721616,0.826044,0.72369,0.672657,9.1,21.81804232,512,16,10356.30617,0.480480194,8.1,19.42045525
simvarmass_d7365209,3920,3704,500,3555,0.182568,0.69924,5;3,263,0.854847,0.921744,0.125747,0.854847,263,0.896229,0.945275,0.131434,0.896229,3451,0.87398,0.932753,0.929589,0.87398,3252,0.87392,0.932719,0.930707,0.87392,0.797774,0.887156,0.798724,0.802942,0.890319,0.803943,0.591591,0.688667,0.62551,0.590237,0.688329,0.62338,0.513807,0.669316,0.515561,0.515496,0.67218,0.517195,0.683216,7.11,38.94439332,512,16,10356.30617,0.378513336,6.11,33.46698217
simvarmass_d7890311,1633,1557,500,811,0.486395,0.38059,5;3,6484,0.903467,0.91008,0.373044,0.935701,6484,0.931415,0.924577,0.37531,0.964646,22963,0.064152,0.126118,0.126118,0.949786,21309,0.065841,0.129275,0.129275,0.949261,0.74903,0.781101,0.885487,0.750531,0.781907,0.886889,0.004899,0.00975,0.004899,0.003211,0.006402,0.003211,0.561698,0.700337,0.573178,0.557712,0.697472,0.568211,0.53088,1.622,3.334738227,512,16,10356.30617,0.157681704,0.622,1.27879604
simvarmass_d78e020e,213,206,500,2723,0.113824,0.126381,5;3,185,0.868545,0.929648,0.929648,0.868545,185,0.885167,0.939086,0.939086,0.885167,194,0.887324,0.940299,0.928747,0.887324,182,0.883495,0.938144,0.938144,0.883495,0.798122,0.887728,0.798122,0.791262,0.883469,0.791262,0.830895,0.852217,0.85446,0.827463,0.849873,0.850242,0.91914,0.929782,0.924883,0.917076,0.933002,0.92233,0.545054,5.446,47.84579702,512,16,10356.30617,0.020567179,4.446,39.06030363
simvarmass_d80351b1,3128,2946,500,3796,0.149897,0.393209,5;3,2036,0.881074,0.936778,0.788536,0.881074,2036,0.926698,0.961955,0.812774,0.926698,2890,0.906969,0.951215,0.942838,0.906969,2707,0.907363,0.951432,0.945879,0.907363,0.816941,0.899034,0.818734,0.823674,0.903178,0.825187,0.704686,0.745779,0.748402,0.705573,0.747835,0.747962,0.690676,0.803711,0.692455,0.68692,0.802298,0.688307,0.679028,7.592,50.6481117,512,16,10356.30617,0.302038193,6.592,43.97686411
simvarmass_d82c18aa,2103,1991,500,2136,0.122086,0.468224,5;3,1904,0.907272,0.950885,0.950337,0.907275,1904,0.944084,0.97073,0.970191,0.944087,1991,0.930575,0.964039,0.956033,0.930575,1880,0.932697,0.965177,0.959442,0.932697,0.828406,0.905258,0.829767,0.835305,0.909639,0.836263,0.750196,0.772979,0.784593,0.751113,0.77549,0.785033,0.635857,0.762986,0.639087,0.632286,0.761473,0.634945,0.633186,4.272,34.99172714,512,16,10356.30617,0.20306468,3.272,26.80077978
simvarmass_d836cd73,1160,1092,500,636,0.207001,0.299189,5;3,1068,0.921921,0.952082,0.950628,0.932759,1068,0.959129,0.971664,0.970224,0.970404,24396,0.176585,0.307904,0.087494,0.963793,22662,0.183184,0.317811,0.08849,0.962454,0.834841,0.906279,0.884483,0.842533,0.91099,0.892661,0.099166,0.180967,0.1,0.094784,0.173623,0.095325,0.804794,0.869031,0.809483,0.807376,0.872287,0.811754,0.544637,1.272,6.144897851,512,16,10356.30617,0.112009048,0.272,1.314003314
simvarmass_d845be36,3265,3091,500,3008,0.364154,0.82618,5;3,2762,0.85868,0.919934,0.915215,0.858806,2762,0.89543,0.940701,0.936026,0.895561,2916,0.871647,0.930408,0.920563,0.871669,2741,0.870575,0.930289,0.922497,0.870592,0.811029,0.888587,0.82634,0.815705,0.891429,0.831501,0.479606,0.618168,0.502297,0.476154,0.61637,0.497898,0.467063,0.628771,0.469219,0.460743,0.624371,0.462861,0.623822,6.016,16.52048309,512,16,10356.30617,0.315266848,5.016,13.77439215
simvarmass_d8654c95,54,48,500,3038,0.347822,0.540554,5;3,39,0.722222,0.83871,0.83871,0.722222,39,0.795918,0.886364,0.886364,0.795918,54,0.759259,0.863158,0.759259,0.759259,48,0.791667,0.883721,0.791667,0.791667,0.694455,0.813187,0.703704,0.739595,0.843373,0.75,0.625777,0.752688,0.648148,0.642482,0.761905,0.666667,0.740741,0.851064,0.740741,0.791667,0.883721,0.791667,0.516705,6.076,17.46870526,512,16,10356.30617,0.005214214,5.076,14.59367148
simvarmass_d874cbbf,490,456,500,686,0.36298,0.671608,5;3,362,0.835126,0.836571,0.823944,0.930612,362,0.881922,0.862191,0.849879,0.982759,24736,0.018772,0.037818,0.037818,0.973469,23041,0.018763,0.037792,0.037792,0.973684,0.702941,0.734118,0.895918,0.70329,0.733681,0.899782,0.027535,0.055446,0.028571,0.02193,0.042918,0.02193,0.539587,0.689655,0.55102,0.533585,0.68603,0.545055,0.521106,1.372,3.77982258,512,16,10356.30617,0.047314167,0.372,1.024849854
simvarmass_d88b2079,1830,1745,500,1297,0.486174,0.829742,5;3,1464,0.865762,0.883303,0.876746,0.918579,1464,0.895616,0.899726,0.893288,0.950254,24151,0.077671,0.153257,0.131019,0.930055,22393,0.079941,0.157432,0.134394,0.929513,0.758234,0.805769,0.888525,0.760795,0.807641,0.892387,0.140949,0.249289,0.143716,0.136533,0.241879,0.138682,0.469943,0.632272,0.472131,0.467059,0.629715,0.469306,0.546323,2.594,5.335538305,512,16,10356.30617,0.17670393,1.594,3.278661549
simvarmass_d8c2ef0a,1958,1861,500,4537,0.293805,0.882859,5;3,1748,0.896771,0.943742,0.942256,0.896834,1748,0.932489,0.963187,0.961719,0.932554,1825,0.91417,0.954642,0.94581,0.914198,1715,0.913464,0.954494,0.950224,0.913487,0.825114,0.900785,0.827375,0.829441,0.903207,0.831811,0.661685,0.718676,0.695097,0.66164,0.719309,0.69425,0.469838,0.628144,0.47191,0.464792,0.625045,0.466846,0.61482,9.074,30.88443015,512,16,10356.30617,0.189063549,8.074,27.4808121
simvarmass_d8cb7e20,288,270,500,4882,0.217658,0.273932,5;3,262,0.909722,0.952727,0.952727,0.909722,262,0.952727,0.975791,0.975791,0.952727,279,0.951389,0.975089,0.96649,0.951389,258,0.948148,0.973384,0.969697,0.948148,0.808801,0.894837,0.8125,0.810909,0.89613,0.814815,0.905035,0.864111,0.944444,0.909524,0.866412,0.948148,0.902106,0.91833,0.909722,0.896207,0.917647,0.903346,0.540161,9.764,44.85936653,512,16,10356.30617,0.027809143,8.764,40.26500289
simvarmass_d95c32cd,1065,990,500,3155,0.162481,0.898661,5;3,957,0.902344,0.947628,0.946588,0.902347,957,0.962922,0.980072,0.979028,0.962926,1033,0.952112,0.975,0.966635,0.952113,951,0.949495,0.974093,0.968573,0.949495,0.847629,0.915565,0.851643,0.856277,0.920479,0.860606,0.735281,0.769879,0.77277,0.744949,0.779279,0.777778,0.480794,0.635135,0.485446,0.485213,0.640584,0.489858,0.586126,6.31,38.83530997,512,16,10356.30617,0.102835894,5.31,32.68074421
simvarmass_d96de116,3399,3214,500,2768,0.351235,0.544393,5;3,2961,0.87139,0.930379,0.930189,0.871433,2961,0.91078,0.952381,0.952197,0.910824,21325,0.89291,0.943426,0.24551,0.89291,19755,0.891446,0.942608,0.249543,0.891446,0.814655,0.896596,0.822006,0.821135,0.900461,0.828616,0.511311,0.647987,0.537511,0.506508,0.645393,0.531736,0.57672,0.722671,0.579582,0.57245,0.72078,0.57521,0.628822,5.536,15.76152718,512,16,10356.30617,0.328205824,4.536,12.91443051
simvarmass_d97954b4,1156,1093,500,2249,0.117964,0.684035,5;3,1051,0.910035,0.952899,0.952424,0.910035,1051,0.951175,0.974977,0.974502,0.951175,1106,0.942042,0.970156,0.962865,0.942042,1044,0.943275,0.97081,0.964904,0.943275,0.83349,0.908919,0.83391,0.844935,0.915675,0.84538,0.782969,0.793576,0.819204,0.783581,0.791812,0.820677,0.567468,0.705443,0.571799,0.564863,0.703284,0.568681,0.595981,4.498,38.13027703,512,16,10356.30617,0.11162281,3.498,29.65311451
simvarmass_d9947da0,435,405,500,991,0.42873,0.475435,5;3,2841,0.895929,0.919048,0.240537,0.914943,2841,0.939106,0.941463,0.242015,0.959036,25141,0.032347,0.065192,0.032609,0.958621,23390,0.032602,0.065884,0.032528,0.955556,0.807375,0.841969,0.887356,0.815514,0.846473,0.893827,0.059022,0.112554,0.05977,0.054321,0.103044,0.054321,0.662256,0.780293,0.673563,0.666273,0.782734,0.673267,0.521084,1.982,4.622956173,512,16,10356.30617,0.042003393,0.982,2.290485854
simvarmass_d9fdb7af,3293,3121,500,1838,0.416274,0.686941,5;3,2805,0.863709,0.91891,0.91571,0.866383,2805,0.901202,0.93992,0.936756,0.903992,3198,0.870908,0.9312,0.897242,0.885211,2985,0.873013,0.932407,0.901736,0.88273,0.806623,0.875358,0.84543,0.812989,0.879518,0.851425,0.296527,0.451729,0.305497,0.291993,0.446778,0.299904,0.488963,0.648583,0.490131,0.487118,0.647109,0.48829,0.59292,3.676,8.830722072,512,16,10356.30617,0.317970514,2.676,6.428458179
simvarmass_da05d504,2545,2411,500,1249,0.187056,0.463926,5;3,2300,0.90566,0.948607,0.948607,0.907662,2300,0.941546,0.967987,0.967987,0.943627,22645,0.92263,0.959984,0.187614,0.928487,20983,0.925772,0.961596,0.191588,0.92949,0.832465,0.907649,0.84558,0.836838,0.910199,0.85027,0.499235,0.63911,0.51945,0.495953,0.637295,0.515968,0.627706,0.760303,0.630648,0.62867,0.761523,0.631491,0.606196,2.498,13.35428962,512,16,10356.30617,0.24574399,1.498,8.008296981
simvarmass_da378e15,343,321,500,819,0.079373,0.783479,5;3,309,0.899358,0.943338,0.941718,0.900875,309,0.946257,0.968553,0.966929,0.947853,337,0.947522,0.973054,0.955882,0.947522,308,0.943925,0.971154,0.963434,0.943925,0.850857,0.911392,0.851312,0.853073,0.912162,0.853583,0.691155,0.765751,0.71137,0.684253,0.757785,0.70405,0.567689,0.71161,0.568513,0.556683,0.701613,0.557632,0.552712,1.638,20.63674045,512,16,10356.30617,0.033119917,0.638,8.037997808
simvarmass_daacaf19,2842,2693,500,3576,0.286651,0.609561,5;3,2509,0.884232,0.938189,0.937769,0.884236,2509,0.916145,0.95586,0.955446,0.91615,2615,0.900422,0.947602,0.937878,0.900422,2456,0.898255,0.946401,0.9396,0.898255,0.809291,0.894205,0.810697,0.816197,0.898385,0.817675,0.617843,0.708293,0.650598,0.615539,0.706764,0.647736,0.551635,0.702256,0.553132,0.548511,0.699953,0.550019,0.636034,7.152,24.95020077,512,16,10356.30617,0.274422169,6.152,21.46163802
simvarmass_db2ba867,443,426,500,1310,0.413472,0.417708,5;3,427,0.959831,0.975723,0.970115,0.961625,427,0.991154,0.991774,0.985981,0.993007,26424,0.016795,0.033327,0.032679,0.990971,24541,0.017382,0.034483,0.033805,0.99061,0.859429,0.915049,0.896163,0.861206,0.915723,0.896956,0.177814,0.302457,0.180587,0.166374,0.285714,0.169014,0.841948,0.896806,0.848758,0.83822,0.897698,0.84434,0.52466,2.62,6.336583856,512,16,10356.30617,0.042775869,1.62,3.918040399
simvarmass_db56d1d4,3138,2966,500,1514,0.364542,0.681666,5;3,2680,0.86347,0.919446,0.917154,0.865838,2680,0.904697,0.942496,0.940264,0.907179,3128,0.798323,0.893359,0.893074,0.891969,2905,0.809698,0.899642,0.899336,0.890425,0.800623,0.873445,0.840982,0.804198,0.875211,0.84356,0.262022,0.413844,0.270554,0.255217,0.405096,0.262555,0.494333,0.652512,0.495857,0.488669,0.648152,0.489679,0.587042,3.028,8.306313127,512,16,10356.30617,0.303003788,2.028,5.563144987
simvarmass_dbcabce0,516,485,500,3334,0.319852,0.568005,5;3,480,0.934109,0.965932,0.963855,0.934109,480,0.967871,0.983673,0.981595,0.967871,527,0.963178,0.981244,0.95302,0.963178,485,0.962887,0.981092,0.962887,0.962887,0.85153,0.91841,0.858527,0.854414,0.92,0.861856,0.770355,0.789189,0.802326,0.770933,0.7876,0.802469,0.62032,0.743707,0.629845,0.61322,0.740467,0.621901,0.541726,6.668,20.8471418,512,16,10356.30617,0.049824715,5.668,17.72069582
simvarmass_dc3c980d,620,593,500,3707,0.420241,0.204758,5;3,579,0.933544,0.964942,0.964137,0.935484,579,0.963057,0.980492,0.979661,0.965058,630,0.96129,0.980263,0.9536,0.96129,594,0.961214,0.980224,0.960404,0.961214,0.822552,0.903795,0.830645,0.829668,0.908088,0.838111,0.802989,0.811101,0.835484,0.804976,0.812383,0.836425,0.908969,0.932994,0.912903,0.909719,0.935111,0.913706,0.545234,7.414,17.64225766,512,16,10356.30617,0.059866905,6.414,15.26267071
simvarmass_dc583fb6,1591,1524,500,3715,0.234345,0.341221,5;3,1453,0.913891,0.955008,0.954665,0.913891,1453,0.945999,0.97225,0.971906,0.945999,1537,0.937775,0.967888,0.953964,0.937775,1451,0.935039,0.966429,0.957983,0.935039,0.846637,0.91695,0.846637,0.852362,0.920298,0.852362,0.787974,0.792491,0.831552,0.787281,0.794005,0.829508,0.731232,0.823142,0.733501,0.727462,0.823006,0.729605,0.606681,7.43,31.70539162,512,16,10356.30617,0.153626204,6.43,27.43817875
simvarmass_dcde65ef,5014,4754,500,674,0.356385,0.459502,5;3,5062,0.839958,0.881163,0.833466,0.859992,5062,0.876129,0.901244,0.850947,0.897025,20166,0.220134,0.396005,0.340111,0.854009,18655,0.226881,0.405184,0.347172,0.85432,0.767242,0.805043,0.868568,0.773043,0.808129,0.873136,0.006781,0.013471,0.006781,0.004628,0.009213,0.004628,0.456709,0.623286,0.462306,0.456773,0.623845,0.4623,0.565502,1.348,3.782426309,512,16,10356.30617,0.484149456,0.348,0.976472074
simvarmass_dd399522,2267,2149,500,4753,0.408723,0.359409,5;3,2043,0.902776,0.947832,0.947564,0.902955,2043,0.940963,0.968491,0.968231,0.941149,2196,0.931628,0.964604,0.946449,0.931628,2058,0.929735,0.963588,0.949845,0.929735,0.839311,0.912054,0.843405,0.843753,0.914502,0.847371,0.710015,0.750172,0.747243,0.707407,0.749575,0.744067,0.731251,0.829426,0.733569,0.727824,0.827823,0.729944,0.6183,9.506,23.25780541,512,16,10356.30617,0.218900442,8.506,20.81116061
simvarmass_dd6742a1,2655,2506,500,3156,0.074361,0.437778,5;3,2375,0.894539,0.944334,0.944334,0.894539,2375,0.936514,0.967216,0.967216,0.936514,2468,0.921281,0.959028,0.954909,0.921281,2317,0.920591,0.958654,0.956666,0.920591,0.829494,0.90625,0.830132,0.834528,0.909209,0.835196,0.748331,0.764598,0.795104,0.749439,0.765214,0.79481,0.651206,0.777053,0.652731,0.647856,0.775569,0.649319,0.687196,6.312,84.88320491,512,16,10356.30617,0.256365538,5.312,71.43529538
simvarmass_dded9e36,353,336,500,3359,0.35256,0.235329,5;3,327,0.930571,0.961765,0.961765,0.932011,327,0.960501,0.977578,0.977578,0.961988,385,0.957515,0.978355,0.918699,0.96034,354,0.958333,0.978723,0.933333,0.958333,0.862742,0.925419,0.869688,0.867702,0.92823,0.875,0.802538,0.807069,0.84136,0.8029,0.808709,0.839286,NaN,NaN,NaN,NaN,NaN,NaN,0.533542,6.718,19.05491264,512,16,10356.30617,0.034085512,5.718,16.218516
simvarmass_de3181ba,396,375,500,4886,0.0701,0.529501,5;3,4213,0.89899,0.946809,0.15448,0.89899,4213,0.941799,0.970027,0.155086,0.941799,374,0.939394,0.96875,0.966234,0.939394,354,0.944,0.971193,0.971193,0.944,0.810606,0.895397,0.810606,0.824,0.903509,0.824,0.876585,0.86911,0.909091,0.885503,0.874483,0.917333,0.700636,0.796562,0.707071,0.7036,0.803653,0.709333,0.577582,9.772,139.4008559,512,16,10356.30617,0.038237572,8.772,125.1355207
simvarmass_de9f2dc4,1945,1836,500,2434,0.355429,0.590543,5;3,1754,0.903868,0.948364,0.948364,0.904884,1754,0.945174,0.97067,0.97067,0.946237,24020,0.932648,0.96515,0.139727,0.932648,22312,0.930828,0.964175,0.141544,0.930828,0.830002,0.904802,0.844216,0.839407,0.910328,0.851852,0.525135,0.654188,0.548072,0.522884,0.653808,0.544662,0.581628,0.72524,0.583548,0.575453,0.720628,0.577133,0.584478,4.868,13.69612496,512,16,10356.30617,0.187808275,3.868,10.88262353
simvarmass_deaf7c95,1602,1519,500,4216,0.065381,0.783152,5;3,1459,0.910737,0.953283,0.953283,0.910737,1459,0.951108,0.974942,0.974942,0.951108,1513,0.938826,0.968448,0.96565,0.938826,1431,0.940711,0.96945,0.968464,0.940711,0.834258,0.910817,0.838327,0.843644,0.9164,0.847926,0.787909,0.788267,0.834582,0.788354,0.787793,0.83531,0.508567,0.662353,0.511236,0.50394,0.659785,0.506605,0.656895,8.432,128.9671311,512,16,10356.30617,0.154688358,7.432,113.6721678
simvarmass_decc66e0,1596,1521,500,3202,0.102552,0.856133,5;3,1438,0.899681,0.945982,0.945287,0.899749,1438,0.933609,0.964406,0.96371,0.93368,1510,0.926063,0.961276,0.951706,0.926065,1427,0.924391,0.960355,0.953867,0.924392,0.823615,0.903292,0.825188,0.826088,0.904779,0.827745,0.731747,0.775269,0.77005,0.731209,0.777535,0.768573,0.46483,0.623244,0.466792,0.458268,0.619262,0.460119,0.63084,6.404,62.44636867,512,16,10356.30617,0.154109001,5.404,52.69521804
simvarmass_ded2d912,4838,4583,500,2527,0.132773,0.091369,5;3,3908,0.86458,0.927202,0.89298,0.86482,3908,0.905768,0.950369,0.916022,0.90602,18392,0.892724,0.943322,0.371847,0.892724,16987,0.891314,0.942534,0.378692,0.891314,0.820569,0.900692,0.821,0.829354,0.905926,0.829806,0.599984,0.698883,0.633733,0.60099,0.700169,0.633726,0.937756,0.955718,0.939024,0.936978,0.956026,0.93802,0.699307,5.054,38.06496803,512,16,10356.30617,0.46715498,4.054,30.53331626
simvarmass_def0b7ad,3999,3787,500,2612,0.246477,0.643111,5;3,3355,0.859965,0.924587,0.912429,0.859965,3355,0.897443,0.94582,0.93363,0.897443,20079,0.872718,0.932034,0.289891,0.872718,18551,0.874307,0.932939,0.296446,0.874307,0.807458,0.892669,0.811953,0.81323,0.8962,0.817534,0.51447,0.644321,0.538385,0.511876,0.643868,0.534601,NaN,NaN,NaN,NaN,NaN,NaN,0.65586,5.224,21.19467537,512,16,10356.30617,0.386141539,4.224,17.13750167
simvarmass_df06413e,2713,2576,500,3984,0.085307,0.827273,5;3,2407,0.886833,0.939844,0.939844,0.886841,2407,0.92183,0.959139,0.959139,0.921839,2461,0.90564,0.950484,0.949749,0.90564,2327,0.90295,0.949,0.948807,0.90295,0.827033,0.905242,0.827497,0.830648,0.907396,0.831134,0.683051,0.725638,0.723922,0.683319,0.727854,0.722826,0.474425,0.632403,0.476226,0.47132,0.630052,0.473152,0.689265,7.968,93.40382384,512,16,10356.30617,0.26196599,6.968,81.68145639
simvarmass_df609ec6,2710,2570,500,2078,0.329907,0.573834,5;3,2404,0.889723,0.940579,0.940164,0.890406,2404,0.929152,0.962208,0.961792,0.929865,2661,0.89695,0.946422,0.920871,0.912546,2475,0.900484,0.948094,0.926858,0.909728,0.823546,0.902444,0.839114,0.828342,0.905268,0.844358,0.459058,0.600932,0.475646,0.454762,0.598811,0.470611,0.581019,0.725355,0.583764,0.577715,0.72444,0.580117,0.603328,4.156,12.5974896,512,16,10356.30617,0.261676311,3.156,9.56633233
simvarmass_df6d009d,3813,3612,500,2380,0.430324,0.699453,5;3,3256,0.85751,0.919966,0.919508,0.858117,3256,0.897033,0.942352,0.941892,0.897668,3548,0.864702,0.927682,0.901236,0.869919,3310,0.868498,0.929627,0.908697,0.870709,0.808949,0.889597,0.837398,0.816916,0.894304,0.844451,0.34818,0.504918,0.363493,0.341405,0.498739,0.355562,0.479892,0.641707,0.480986,0.476912,0.639347,0.47796,0.614229,4.76,11.06143278,512,16,10356.30617,0.368181467,3.76,8.737602365
simvarmass_df6de312,4872,4610,500,2433,0.254332,0.619327,5;3,3178,0.831683,0.907909,0.789565,0.831691,3178,0.871014,0.930852,0.81175,0.871023,4233,0.84688,0.917093,0.906315,0.84688,3971,0.845119,0.916059,0.908053,0.845119,0.798431,0.887165,0.80275,0.803248,0.890091,0.807809,0.446518,0.595678,0.466749,0.442957,0.593824,0.461255,NaN,NaN,NaN,NaN,NaN,NaN,0.664804,4.866,19.13247252,512,16,10356.30617,0.470438004,3.866,15.20060394
simvarmass_df8b24be,4108,3879,500,4430,0.084125,0.40876,5;3,3552,0.864654,0.927415,0.927415,0.864654,3552,0.904738,0.949987,0.949987,0.904738,3656,0.884372,0.938638,0.935858,0.884372,3432,0.88296,0.937842,0.936944,0.88296,0.815132,0.897669,0.815969,0.824335,0.903189,0.825213,0.665133,0.728848,0.70667,0.663575,0.729311,0.704124,NaN,NaN,NaN,NaN,NaN,NaN,0.726137,8.86,105.3194651,512,16,10356.30617,0.396666527,7.86,93.43239227
simvarmass_dfd9f0cb,4744,4525,500,717,0.440848,0.155626,5;3,4372,0.849706,0.892384,0.885037,0.871417,4372,0.881865,0.91007,0.902158,0.904397,19410,0.187036,0.343628,0.343628,0.874789,17935,0.193131,0.352538,0.352538,0.874917,0.764603,0.801871,0.865936,0.769607,0.805074,0.870285,0.001675,0.003366,0.001686,0.000884,0.001766,0.000884,0.537561,0.690826,0.544477,0.53746,0.690654,0.543945,0.554669,1.434,3.252821834,512,16,10356.30617,0.458078384,0.434,0.984466301
simvarmass_dfed5afd,3971,3763,500,3195,0.081875,0.821911,5;3,3378,0.850154,0.918764,0.918764,0.850164,3378,0.888411,0.940652,0.940652,0.888421,3463,0.866029,0.928205,0.925209,0.866029,3267,0.865001,0.927615,0.926031,0.865001,0.799581,0.888765,0.801058,0.805249,0.892253,0.806803,0.60114,0.690172,0.638378,0.602761,0.693141,0.637959,NaN,NaN,NaN,NaN,NaN,NaN,0.713917,6.39,78.04580153,512,16,10356.30617,0.383437872,5.39,65.83206107
simvarmass_e018a46b,2188,2072,500,2525,0.430173,0.620485,5;3,1984,0.908806,0.949689,0.949664,0.911335,1984,0.945089,0.969193,0.969178,0.947719,23349,0.7995,0.893365,0.159768,0.932358,21718,0.815615,0.902638,0.162505,0.932915,0.8243,0.901578,0.84415,0.833501,0.907368,0.853211,0.458644,0.602771,0.477148,0.454088,0.6,0.472008,0.553115,0.704784,0.554845,0.551063,0.703738,0.552441,0.584297,5.05,11.73946296,512,16,10356.30617,0.21127224,4.05,9.41481683
simvarmass_e05133fd,2814,2661,500,2274,0.060787,0.711363,5;3,2491,0.88486,0.938737,0.938737,0.884861,2491,0.923589,0.960093,0.960093,0.923591,2580,0.904762,0.95,0.944012,0.904762,2423,0.904135,0.949654,0.946292,0.904135,0.82047,0.900624,0.821962,0.827069,0.904537,0.828636,0.686894,0.72814,0.732409,0.685809,0.728807,0.729902,0.510259,0.667437,0.513149,0.509879,0.667812,0.512425,0.687173,4.548,74.81862898,512,16,10356.30617,0.271718502,3.548,58.3677431
simvarmass_e0c5c6fe,4783,4529,500,3525,0.161255,0.508288,5;3,3501,0.836997,0.911263,0.844761,0.837341,3501,0.87486,0.93324,0.866411,0.875219,4148,0.855321,0.922019,0.916135,0.855321,3896,0.852506,0.920381,0.916558,0.852506,0.798064,0.887132,0.798662,0.80286,0.890059,0.803489,0.57119,0.682149,0.607987,0.569312,0.681846,0.605124,NaN,NaN,NaN,NaN,NaN,NaN,0.703708,7.05,43.71957459,512,16,10356.30617,0.461844206,6.05,37.51821649
simvarmass_e0d59209,650,617,500,3475,0.12317,0.801075,5;3,604,0.928493,0.96255,0.961722,0.929231,604,0.96718,0.982913,0.982085,0.967949,642,0.969231,0.984375,0.975232,0.969231,605,0.967585,0.983526,0.977087,0.967585,0.841617,0.912427,0.843077,0.849357,0.916885,0.850891,0.855149,0.83266,0.893846,0.857514,0.834188,0.894652,NaN,NaN,NaN,NaN,NaN,NaN,0.575596,6.95,56.42607778,512,16,10356.30617,0.062763691,5.95,48.30721767
simvarmass_e1374a5a,346,329,500,1585,0.443375,0.325426,5;3,328,0.940915,0.967164,0.961424,0.947977,328,0.971811,0.983308,0.977376,0.979104,26126,0.05389,0.104434,0.025536,0.976879,24370,0.056078,0.108556,0.025993,0.975684,0.870223,0.927803,0.901734,0.881772,0.934189,0.911854,0.233693,0.381609,0.239884,0.220731,0.365432,0.224924,0.897257,0.933333,0.901734,0.892356,0.932476,0.896024,0.522971,3.17,7.149703975,512,16,10356.30617,0.033409595,2.17,4.894276854
simvarmass_e1427067,2924,2763,500,2111,0.158184,0.72225,5;3,2548,0.871747,0.931116,0.930921,0.871751,2548,0.911004,0.953058,0.952862,0.911008,2660,0.891245,0.942495,0.933381,0.891245,2503,0.891784,0.942797,0.935815,0.891784,0.809825,0.894886,0.811902,0.818296,0.90002,0.820485,0.602596,0.694559,0.633037,0.60068,0.695288,0.63034,0.521102,0.676555,0.522572,0.517708,0.6742,0.519029,0.644662,4.222,26.69043645,512,16,10356.30617,0.28234005,3.222,20.36868457
simvarmass_e14878ff,4837,4548,500,3425,0.269215,0.479941,5;3,2615,0.837296,0.911444,0.701825,0.837296,2615,0.883508,0.938151,0.72649,0.883508,4248,0.861278,0.925469,0.917116,0.861278,3973,0.862137,0.925965,0.920315,0.862137,0.786775,0.880176,0.788505,0.796536,0.886225,0.798373,0.533639,0.658649,0.560471,0.532725,0.660164,0.557802,0.581133,0.724589,0.583626,0.578367,0.722809,0.58078,0.681258,6.85,25.44434745,512,16,10356.30617,0.46705842,5.85,21.72984418
simvarmass_e165459e,1655,1551,500,933,0.426581,0.479693,5;3,1484,0.895608,0.919176,0.918764,0.912387,1484,0.9411,0.943089,0.942792,0.95873,23853,0.074228,0.144804,0.122863,0.946828,22185,0.074551,0.145766,0.123357,0.943907,0.783689,0.829987,0.870695,0.791748,0.834517,0.876933,0.023565,0.046045,0.023565,0.023856,0.046599,0.023856,0.592022,0.731871,0.594562,0.595567,0.734629,0.598191,0.538327,1.866,4.374315781,512,16,10356.30617,0.159806013,0.866,2.030095105
simvarmass_e18c1ab4,2568,2443,500,1624,0.08491,0.255751,5;3,2331,0.899533,0.947109,0.94305,0.899533,2331,0.93712,0.967539,0.963303,0.93712,21850,0.929128,0.963262,0.19543,0.929128,20208,0.931204,0.964377,0.200795,0.931204,0.82254,0.902262,0.823988,0.828544,0.905838,0.830057,0.738651,0.75747,0.785047,0.741182,0.75969,0.787556,0.830876,0.892153,0.832944,0.830381,0.893419,0.832102,0.655954,3.248,38.25226711,512,16,10356.30617,0.247964859,2.248,26.47509127
simvarmass_e1a008cd,2705,2557,500,3285,0.135951,0.572302,5;3,1384,0.88936,0.941315,0.676938,0.889464,1384,0.928132,0.962593,0.696177,0.928241,2486,0.90573,0.950533,0.943941,0.90573,2343,0.907313,0.951405,0.946939,0.907313,0.826667,0.905195,0.828096,0.836516,0.910832,0.837309,0.714571,0.745675,0.763031,0.713621,0.747605,0.76183,0.576438,0.721327,0.578928,0.572986,0.719134,0.575461,0.666916,6.57,48.32623519,512,16,10356.30617,0.261193514,5.57,40.97064383
simvarmass_e1db6151,2921,2774,500,3121,0.198292,0.482944,5;3,2616,0.896268,0.945297,0.944916,0.896268,2616,0.933666,0.965695,0.965314,0.933666,2712,0.916467,0.956413,0.95047,0.916467,2561,0.915315,0.955786,0.952024,0.915315,0.828764,0.906063,0.830537,0.837419,0.911194,0.839279,0.688492,0.742311,0.731256,0.690628,0.745645,0.731821,0.630417,0.761649,0.632318,0.624497,0.758651,0.626175,0.6537,6.242,31.4788292,512,16,10356.30617,0.282050371,5.242,26.4357614
simvarmass_e22b6a44,3076,2939,500,4844,0.331183,0.201929,5;3,2767,0.901482,0.94789,0.946089,0.901821,2767,0.933028,0.965037,0.963234,0.933378,21184,0.922627,0.959757,0.233965,0.922627,19563,0.921429,0.959108,0.240768,0.921429,0.834212,0.909123,0.83485,0.841511,0.913421,0.842177,0.69113,0.744727,0.728869,0.691971,0.745993,0.728231,0.896883,0.926663,0.89922,0.894962,0.927398,0.897129,0.653577,9.688,29.25270923,512,16,10356.30617,0.297017097,8.688,26.23323057
simvarmass_e23ab5dd,34,34,500,2116,0.250377,0.299401,5;3,25,0.676471,0.807018,0.779661,0.676471,25,0.676471,0.807018,0.779661,0.676471,28054,0.676471,0.807018,0.001638,0.676471,26142,0.676471,0.807018,0.001757,0.676471,0.661769,0.785714,0.676471,0.66177,0.785714,0.676471,0.716279,0.793651,0.735294,0.716279,0.793651,0.735294,0.705882,0.827586,0.705882,0.705882,0.827586,0.705882,0.519086,4.232,16.90251101,512,16,10356.30617,0.003283024,3.232,12.90853393
simvarmass_e287be37,3552,3377,500,790,0.054748,0.462718,5;3,3143,0.876169,0.934013,0.930246,0.876689,3143,0.912655,0.954337,0.950404,0.913196,20629,0.891329,0.942542,0.261858,0.891329,19097,0.891028,0.942374,0.267776,0.891028,0.816126,0.898092,0.818975,0.82301,0.902292,0.825829,0.58425,0.690743,0.616554,0.581002,0.690035,0.611901,0.620784,0.754245,0.622466,0.615332,0.751901,0.616756,0.66843,1.58,28.85950172,512,16,10356.30617,0.342979431,0.58,10.5939943
simvarmass_e2a72306,3095,2939,500,2249,0.212329,0.868517,5;3,2579,0.857288,0.919088,0.906591,0.857512,2579,0.892468,0.939022,0.926513,0.892701,2779,0.873015,0.931195,0.919986,0.873021,2613,0.871041,0.93052,0.92219,0.871045,0.796613,0.879453,0.809047,0.797501,0.879666,0.80967,0.539596,0.656006,0.569952,0.536403,0.653801,0.565395,0.461388,0.623965,0.462682,0.45772,0.62131,0.458944,0.633853,4.498,21.1841058,512,16,10356.30617,0.298851728,3.498,16.47443354
simvarmass_e2a8d5e2,1761,1682,500,4372,0.499275,0.106289,5;3,1632,0.927171,0.961981,0.961981,0.927314,1632,0.961006,0.979886,0.979886,0.961154,1767,0.956843,0.977945,0.955215,0.956843,1668,0.956573,0.977805,0.960287,0.956573,0.84766,0.917459,0.858035,0.85514,0.921845,0.86369,0.730231,0.768032,0.768881,0.728814,0.768625,0.768133,0.96953,0.976115,0.971607,0.969823,0.975831,0.971974,0.59163,8.744,17.51339442,512,16,10356.30617,0.170041323,7.744,15.51049021
simvarmass_e2aad6e7,2821,2666,500,1530,0.363392,0.735147,5;3,2441,0.878012,0.922727,0.921323,0.884084,2441,0.91736,0.944369,0.943007,0.923704,22563,0.89916,0.940738,0.200441,0.901808,20928,0.899009,0.940921,0.203526,0.9006,0.80214,0.867022,0.851826,0.812848,0.874194,0.859234,0.279418,0.435904,0.293513,0.277452,0.433809,0.290589,0.505641,0.662968,0.50833,0.50368,0.661584,0.50602,0.583254,3.06,8.420658683,512,16,10356.30617,0.272394419,2.06,5.66880944
simvarmass_e32a48a8,2827,2662,500,4966,0.286567,0.699383,5;3,2478,0.879731,0.935842,0.934213,0.879731,2478,0.923505,0.960046,0.958422,0.923505,2590,0.897771,0.946132,0.93705,0.897771,2423,0.898197,0.946368,0.940413,0.898197,0.82298,0.902751,0.824549,0.828561,0.906071,0.830203,0.654898,0.725785,0.690485,0.6546,0.725762,0.688956,0.516076,0.671252,0.517863,0.517425,0.672519,0.519006,0.650765,9.932,34.65856152,512,16,10356.30617,0.272973776,8.932,31.16897619
simvarmass_e356d4a7,3279,3110,500,1537,0.43253,0.433998,5;3,2916,0.885619,0.93564,0.934302,0.888381,2916,0.923059,0.956206,0.9548,0.925938,21734,0.454332,0.645399,0.237796,0.906984,20154,0.470441,0.660258,0.242091,0.905466,0.817889,0.894126,0.846905,0.82514,0.898551,0.852459,0.161429,0.280765,0.165599,0.154255,0.269347,0.157235,0.619944,0.754159,0.622141,0.618929,0.754156,0.620534,0.584635,3.074,7.107021478,512,16,10356.30617,0.316618681,2.074,4.795043118
simvarmass_e381c60b,929,882,500,4380,0.094889,0.246152,5;3,978,0.942949,0.970637,0.918721,0.942949,978,0.983165,0.991511,0.9374,0.983165,25304,0.979548,0.989668,0.069378,0.979548,23492,0.978458,0.989112,0.070813,0.978458,0.857966,0.923611,0.858988,0.865144,0.927747,0.866213,0.876304,0.851974,0.912809,0.875396,0.851558,0.911565,0.914569,0.932061,0.920344,0.911884,0.929209,0.917995,0.609664,8.76,92.31839307,512,16,10356.30617,0.089703798,7.76,81.77976372
simvarmass_e3c941c3,1086,1017,500,1760,0.290281,0.634424,5;3,999,0.920991,0.956355,0.956355,0.924494,999,0.962652,0.97841,0.97841,0.966314,25478,0.313939,0.489593,0.077925,0.953039,23721,0.328447,0.50627,0.078341,0.952802,0.861745,0.922925,0.876611,0.866084,0.925263,0.880039,0.51627,0.64,0.537753,0.510417,0.636845,0.531434,0.587324,0.72654,0.590239,0.582798,0.72322,0.585799,0.555285,3.52,12.12618118,512,16,10356.30617,0.104863644,2.52,8.681243347
simvarmass_e3fc6056,4572,4319,500,1322,0.342625,0.725655,5;3,3728,0.835391,0.892999,0.891807,0.840551,3728,0.874807,0.915651,0.914505,0.880211,20150,0.589158,0.763093,0.314619,0.850612,18649,0.600024,0.770899,0.3193,0.848843,0.788557,0.854859,0.842301,0.79645,0.86051,0.849965,0.202688,0.337375,0.206912,0.197787,0.330415,0.201112,0.461989,0.625848,0.463911,0.46164,0.62651,0.463449,0.603987,2.644,7.716891645,512,16,10356.30617,0.441470146,1.644,4.798248814
simvarmass_e426384c,4343,4099,500,3124,0.212381,0.479035,5;3,1880,0.853557,0.920994,0.60421,0.853557,1880,0.895411,0.94482,0.624585,0.895411,3878,0.867373,0.928977,0.916434,0.867373,3627,0.86561,0.927964,0.918597,0.86561,0.810642,0.894877,0.813723,0.815664,0.897877,0.818692,0.581211,0.688706,0.616394,0.579839,0.688986,0.614428,0.59641,0.735769,0.598204,0.591312,0.733041,0.592864,0.678758,6.248,29.41882748,512,16,10356.30617,0.419358015,5.248,24.71030836
simvarmass_e4790b66,2327,2192,500,4685,0.083487,0.414927,5;3,2097,0.90116,0.948011,0.948011,0.90116,2097,0.942049,0.97016,0.97016,0.942049,2166,0.927804,0.96255,0.961051,0.927804,2035,0.926585,0.961893,0.961211,0.926585,0.828709,0.905554,0.830254,0.834133,0.90873,0.835766,0.791065,0.792886,0.83627,0.79368,0.79676,0.837284,0.682865,0.797685,0.686291,0.678773,0.796351,0.681465,0.686265,9.37,112.2330423,512,16,10356.30617,0.224694014,8.37,100.2551295
simvarmass_e4c0b05b,3080,2913,500,677,0.063063,0.603002,5;3,3643,0.879915,0.934692,0.806783,0.880519,3643,0.918691,0.956168,0.822691,0.919322,2849,0.89513,0.944663,0.930005,0.89513,2674,0.89667,0.94552,0.935028,0.89667,0.816268,0.897711,0.825325,0.823461,0.902072,0.831789,0.527615,0.648495,0.556169,0.524503,0.646562,0.552198,0.532116,0.686131,0.534091,0.532252,0.686574,0.534251,0.644372,1.354,21.4705929,512,16,10356.30617,0.297403336,0.354,5.613434185
simvarmass_e6269848,3363,3164,500,4980,0.117816,0.407865,5;3,333,0.869759,0.930344,0.180195,0.869759,333,0.914062,0.955102,0.188508,0.914062,3044,0.900387,0.947583,0.945216,0.900387,2851,0.89823,0.946387,0.944971,0.89823,0.815823,0.898233,0.816236,0.823613,0.903014,0.823957,0.715301,0.747347,0.75617,0.714245,0.748072,0.754186,NaN,NaN,NaN,NaN,NaN,NaN,0.703868,9.96,84.53860257,512,16,10356.30617,0.324729681,8.96,76.05079106
simvarmass_e63a952e,4358,4114,500,3943,0.106782,0.750895,5;3,3660,0.839291,0.912447,0.912447,0.839376,3660,0.881144,0.936628,0.936628,0.881233,3751,0.853603,0.92102,0.917499,0.853603,3526,0.852698,0.920493,0.918325,0.852698,0.795336,0.886082,0.796925,0.803132,0.890892,0.804813,0.5904,0.683837,0.630564,0.58949,0.6833,0.628308,NaN,NaN,NaN,NaN,NaN,NaN,0.71696,7.886,73.85139818,512,16,10356.30617,0.420806408,6.886,64.48652395
simvarmass_e64faa7a,1081,1018,500,2726,0.223199,0.141092,5;3,1005,0.931544,0.964063,0.963567,0.931545,1005,0.973887,0.986275,0.985777,0.973888,1090,0.965772,0.982588,0.961769,0.965772,1016,0.971513,0.985551,0.972468,0.971513,0.856458,0.922465,0.86124,0.865747,0.928008,0.870334,0.816487,0.813814,0.856614,0.820336,0.816543,0.860511,0.966708,0.97259,0.968548,0.973528,0.977421,0.975345,0.577436,5.452,24.42663274,512,16,10356.30617,0.104380846,4.452,19.94632592
simvarmass_e6ae5632,4184,3954,500,3167,0.294417,0.198021,5;3,3608,0.86281,0.926216,0.926078,0.862811,3608,0.9025,0.948613,0.948475,0.9025,19675,0.892686,0.943301,0.313089,0.892686,18186,0.890996,0.942357,0.318248,0.890996,0.810982,0.894959,0.815249,0.816118,0.898079,0.820182,0.56886,0.687414,0.593929,0.566418,0.687095,0.589782,0.850426,0.90579,0.852533,0.847756,0.905921,0.849645,0.661896,6.334,21.51370335,512,16,10356.30617,0.404005051,5.334,18.11716035
simvarmass_e6d07cd9,4002,3768,500,1470,0.466072,0.377726,5;3,3441,0.862923,0.921155,0.921134,0.865567,3441,0.903326,0.943848,0.943833,0.906095,20633,0.390283,0.588372,0.287964,0.886307,19130,0.399714,0.59794,0.291541,0.885646,0.81937,0.894202,0.857821,0.827938,0.899535,0.865818,0.084244,0.157556,0.085707,0.076943,0.142892,0.076943,0.615766,0.751971,0.61969,0.614107,0.751863,0.617945,0.586131,2.94,6.308038243,512,16,10356.30617,0.386431217,1.94,4.162447004
simvarmass_e6e0008a,1987,1892,500,4464,0.344924,0.118256,5;3,1832,0.922492,0.959413,0.959413,0.922496,1832,0.955678,0.977067,0.977067,0.955683,1951,0.949673,0.974187,0.958354,0.949673,1842,0.947674,0.973134,0.960364,0.947674,0.837314,0.910734,0.83845,0.840499,0.912744,0.841438,0.750799,0.767097,0.793156,0.749436,0.768718,0.792283,0.962779,0.972737,0.964268,0.960859,0.971831,0.962394,0.61266,8.928,25.88396284,512,16,10356.30617,0.191863775,7.928,22.98477346
simvarmass_e6f0924e,2129,1999,500,1130,0.305105,0.159711,5;3,1913,0.900316,0.945104,0.944582,0.906059,1913,0.944223,0.968821,0.968298,0.950246,23300,0.259184,0.426066,0.157615,0.941287,21690,0.265877,0.434732,0.158723,0.94047,0.835026,0.908905,0.861907,0.843817,0.914317,0.8705,0.163482,0.283433,0.166745,0.154729,0.268966,0.156078,0.896977,0.928232,0.900423,0.897241,0.92874,0.900652,0.565149,2.26,7.407286016,512,16,10356.30617,0.205575228,1.26,4.129725832
simvarmass_e71cd64f,2868,2702,500,3071,0.334342,0.590335,5;3,2535,0.885952,0.938436,0.937627,0.886332,2535,0.928695,0.96191,0.961108,0.929094,2726,0.906904,0.951197,0.930282,0.907252,2543,0.906331,0.950864,0.933638,0.906331,0.824277,0.90235,0.833333,0.830034,0.905744,0.839319,0.563917,0.674423,0.596234,0.562867,0.674228,0.594224,0.579994,0.724235,0.581939,0.571131,0.718619,0.572917,0.623065,6.142,18.37041114,512,16,10356.30617,0.276932716,5.142,15.37946175
simvarmass_e7217135,623,595,500,3415,0.118646,0.121617,5;3,575,0.922953,0.959933,0.959933,0.922953,575,0.951987,0.975403,0.975403,0.951987,601,0.953451,0.976171,0.970588,0.953451,570,0.951261,0.975022,0.971674,0.951261,0.824461,0.903339,0.82504,0.831328,0.907424,0.831933,0.87126,0.861204,0.898876,0.870756,0.86278,0.897479,0.953229,0.950123,0.963082,0.952948,0.950904,0.961149,0.576305,6.83,57.56620535,512,16,10356.30617,0.060156584,5.83,49.13777118
simvarmass_e7415e3e,221,202,500,4075,0.129074,0.484403,5;3,204,0.927602,0.962441,0.96,0.927602,204,0.980861,0.990338,0.987893,0.980861,216,0.977376,0.988558,0.988558,0.977376,197,0.975248,0.987469,0.987469,0.975248,0.840966,0.911765,0.841629,0.83588,0.908602,0.836634,0.902253,0.861472,0.941176,0.908996,0.864608,0.945545,0.796579,0.846336,0.809955,0.786483,0.851064,0.79602,0.545638,8.15,63.14207354,512,16,10356.30617,0.021339655,7.15,55.39457985
simvarmass_e74193a0,1854,1759,500,4003,0.153899,0.129097,5;3,1670,0.916936,0.956669,0.947787,0.916936,1670,0.957207,0.978136,0.96924,0.957207,1776,0.949838,0.974274,0.970248,0.949838,1678,0.950568,0.974658,0.97324,0.950568,0.835668,0.909891,0.83657,0.846217,0.916077,0.847159,0.800095,0.789747,0.850593,0.803355,0.791262,0.853159,0.958227,0.966224,0.960086,0.957878,0.966822,0.959475,0.637271,8.006,52.02113074,512,16,10356.30617,0.179021358,7.006,45.52336272
simvarmass_e7425106,3785,3573,500,1865,0.463747,0.718679,5;3,3210,0.857318,0.91305,0.912366,0.861559,3210,0.897386,0.935616,0.934955,0.901825,21421,0.667652,0.815052,0.263033,0.875826,19851,0.684999,0.826248,0.267224,0.875524,0.81053,0.873932,0.857332,0.816857,0.878162,0.863573,0.237555,0.382255,0.243593,0.234403,0.37851,0.239642,0.493063,0.651357,0.494584,0.49061,0.65,0.491872,0.596715,3.73,8.043178716,512,16,10356.30617,0.3654778,2.73,5.886830535
simvarmass_e76e8e1d,3373,3199,500,4262,0.118089,0.282995,5;3,1035,0.888823,0.94114,0.469601,0.888823,1035,0.926166,0.961668,0.484551,0.926166,3098,0.90928,0.952484,0.947921,0.90928,2926,0.908721,0.952178,0.949224,0.908721,0.819433,0.900455,0.821227,0.826821,0.905055,0.828696,0.723553,0.745821,0.767269,0.722941,0.74737,0.766417,NaN,NaN,NaN,NaN,NaN,NaN,0.700079,8.524,72.18284514,512,16,10356.30617,0.325695276,7.524,63.7146559
simvarmass_e7d86f55,4572,4319,500,1231,0.311924,0.607704,5;3,3787,0.830184,0.900072,0.899629,0.833333,3787,0.870152,0.923247,0.922813,0.873453,4208,0.791242,0.888199,0.88041,0.845801,3918,0.800107,0.892857,0.886137,0.84537,0.790014,0.869501,0.827647,0.794475,0.872,0.832059,0.188737,0.32055,0.193788,0.182782,0.311171,0.186386,0.487995,0.648649,0.490814,0.484062,0.645151,0.486894,0.607354,2.462,7.892948282,512,16,10356.30617,0.441470146,1.462,4.687039151
simvarmass_e805a6ea,2882,2755,500,603,0.366299,0.225962,5;3,2534,0.875525,0.90393,0.898449,0.900416,2534,0.905369,0.91983,0.91449,0.931109,21922,0.11065,0.214499,0.211498,0.910132,20308,0.11393,0.220316,0.217144,0.908893,0.772679,0.808306,0.884455,0.7762,0.810193,0.889252,0.001706,0.003463,0.001735,0.001089,0.002175,0.001089,0.562406,0.707706,0.570437,0.559708,0.705909,0.567735,0.541556,1.206,3.292392281,512,16,10356.30617,0.27828455,0.206,0.562382098
simvarmass_e8772445,4395,4191,500,3407,0.172635,0.058571,5;3,194,0.873948,0.932734,0.08455,0.873948,194,0.910621,0.95322,0.087942,0.910621,4064,0.903072,0.949067,0.938409,0.903072,3847,0.901671,0.948293,0.940152,0.901671,0.823121,0.901697,0.824118,0.827839,0.904464,0.828878,0.632626,0.716295,0.672127,0.631676,0.718534,0.669133,0.941756,0.962353,0.942435,0.941195,0.962091,0.941796,0.692967,6.814,39.47055927,512,16,10356.30617,0.42437911,5.814,33.67799114
simvarmass_e88de22b,844,792,500,3773,0.184239,0.625448,5;3,787,0.932464,0.965052,0.965052,0.932464,787,0.975217,0.987453,0.987453,0.975217,827,0.959716,0.979444,0.969479,0.959716,771,0.959596,0.979381,0.972489,0.959596,0.850711,0.919334,0.850711,0.853535,0.920981,0.853535,0.843107,0.844389,0.873223,0.847726,0.846811,0.876419,0.60278,0.734513,0.60545,0.597996,0.731591,0.600506,0.576095,7.546,40.95766911,512,16,10356.30617,0.081496239,6.546,35.52993666
simvarmass_e8d201d7,2845,2693,500,3753,0.406073,0.69268,5;3,2506,0.882593,0.937068,0.936647,0.882601,2506,0.921459,0.958548,0.958134,0.921468,22077,0.902988,0.949021,0.206163,0.902988,20439,0.900483,0.947636,0.209666,0.900483,0.825122,0.903176,0.835149,0.831581,0.907029,0.841871,0.556681,0.665462,0.582425,0.554449,0.664114,0.579221,NaN,NaN,NaN,NaN,NaN,NaN,0.62298,7.506,18.48436119,512,16,10356.30617,0.274711847,6.506,16.02174978
simvarmass_e8e16044,3506,3316,500,4305,0.060724,0.201542,5;3,3068,0.875071,0.933374,0.933374,0.875071,3068,0.914456,0.955317,0.955317,0.914456,3183,0.903594,0.949356,0.947227,0.903594,2996,0.901689,0.948303,0.947402,0.901689,0.810447,0.895076,0.811466,0.813769,0.897078,0.814837,0.718661,0.747882,0.767827,0.716088,0.748008,0.764245,NaN,NaN,NaN,NaN,NaN,NaN,0.725078,8.61,141.7890785,512,16,10356.30617,0.338537693,7.61,125.3211251
simvarmass_e9c01814,2685,2541,500,1404,0.219344,0.86149,5;3,2263,0.866673,0.913402,0.910267,0.869274,2263,0.905454,0.935006,0.931926,0.908171,22731,0.880223,0.931404,0.186969,0.884916,21094,0.881897,0.932803,0.190396,0.885478,0.800419,0.870954,0.843203,0.806336,0.874126,0.847638,0.436571,0.582975,0.454004,0.435444,0.582021,0.450826,0.475088,0.637226,0.475605,0.472271,0.635232,0.472792,0.601553,2.808,12.80180903,512,16,10356.30617,0.259262323,1.808,8.242760231
simvarmass_ea197f0a,1379,1311,500,4267,0.147958,0.775281,5;3,1257,0.912975,0.953753,0.952959,0.91298,1257,0.949466,0.973308,0.972513,0.949472,1307,0.936911,0.967428,0.962025,0.936911,1235,0.935164,0.966496,0.963079,0.935164,0.849108,0.918071,0.849166,0.850432,0.91883,0.850496,0.793309,0.79414,0.836838,0.792538,0.794788,0.835366,0.519006,0.665127,0.522117,0.516328,0.665025,0.519084,0.616654,8.534,57.67853039,512,16,10356.30617,0.133155584,7.534,50.91985563
simvarmass_ea5cd2e0,4792,4506,500,913,0.125134,0.594193,5;3,3957,0.831619,0.906812,0.903875,0.831803,3957,0.876043,0.93263,0.929697,0.876237,4378,0.852462,0.920374,0.891167,0.852671,4069,0.85112,0.919573,0.89459,0.85112,0.795353,0.88458,0.809265,0.801502,0.888315,0.815883,0.376469,0.538462,0.394407,0.374293,0.53698,0.390011,0.530754,0.684189,0.532346,0.52504,0.679868,0.526444,0.652848,1.826,14.59235699,512,16,10356.30617,0.462713242,0.826,6.60092381
simvarmass_eab08179,4401,4152,500,4414,0.481106,0.700479,5;3,3688,0.839107,0.911943,0.911361,0.839127,3688,0.880942,0.936105,0.935533,0.880964,3830,0.849352,0.91854,0.908274,0.849352,3588,0.848507,0.918046,0.910336,0.848507,0.804579,0.890009,0.809134,0.810424,0.893651,0.814788,0.462452,0.607927,0.484435,0.459545,0.605518,0.480973,0.490788,0.649028,0.493297,0.485279,0.64544,0.487551,0.654075,8.828,18.34938662,512,16,10356.30617,0.424958467,7.828,16.2708426
simvarmass_ead1808a,4525,4324,500,1167,0.128723,0.559686,5;3,3839,0.84759,0.917155,0.917025,0.847956,3839,0.879464,0.935496,0.935366,0.879844,4059,0.858785,0.924028,0.905405,0.858785,3835,0.856614,0.92277,0.907954,0.856614,0.802718,0.888862,0.809724,0.805739,0.890683,0.812673,0.461409,0.605833,0.481989,0.459191,0.604991,0.479417,0.544532,0.696424,0.546519,0.5423,0.694868,0.544128,0.660012,2.334,18.13195777,512,16,10356.30617,0.436931849,1.334,10.36333833
simvarmass_eb091d20,2273,2144,500,1745,0.165608,0.200083,5;3,2052,0.901663,0.947514,0.947514,0.902772,2052,0.945333,0.97109,0.97109,0.946494,22858,0.937088,0.967522,0.169512,0.937088,21236,0.936567,0.967245,0.171771,0.936567,0.832402,0.908307,0.839859,0.840514,0.913087,0.847481,0.708902,0.758237,0.740871,0.712271,0.762562,0.742071,0.901347,0.932686,0.904971,0.900196,0.932749,0.903693,0.619521,3.49,21.07386117,512,16,10356.30617,0.219479799,2.49,15.03550553
simvarmass_eb0a5746,622,590,500,2030,0.44802,0.154152,5;3,586,0.937402,0.965919,0.961921,0.940514,586,0.975024,0.985581,0.981419,0.978261,726,0.815925,0.900593,0.900593,0.975884,659,0.850351,0.920737,0.920737,0.974576,0.824142,0.902203,0.839228,0.84,0.911602,0.852542,0.457294,0.612971,0.471061,0.451398,0.608213,0.464407,0.951157,0.967901,0.953376,0.955949,0.970486,0.957555,0.533871,4.06,9.062095442,512,16,10356.30617,0.060060024,3.06,6.83005223
simvarmass_eb38558e,517,486,500,2502,0.064806,0.702413,5;3,471,0.912959,0.954499,0.953441,0.912959,471,0.95935,0.979253,0.978193,0.95935,502,0.959381,0.979269,0.973503,0.959381,469,0.95679,0.977918,0.973822,0.95679,0.82205,0.902335,0.82205,0.831276,0.907865,0.831276,0.854353,0.847458,0.883946,0.860047,0.851064,0.888889,0.598492,0.730905,0.603482,0.589521,0.728192,0.59465,0.580592,5.004,77.21507268,512,16,10356.30617,0.049921274,4.004,61.78440268
simvarmass_eb67dbde,796,749,500,4338,0.334479,0.612662,5;3,731,0.919507,0.957433,0.957433,0.919598,731,0.964331,0.981208,0.981208,0.964427,792,0.963568,0.981446,0.965995,0.963568,735,0.962617,0.980952,0.971698,0.962617,0.848097,0.917007,0.849246,0.854583,0.920749,0.855808,0.787226,0.792651,0.830402,0.791008,0.794979,0.833111,0.620606,0.739323,0.630653,0.615056,0.736013,0.625167,0.559828,8.676,25.93884818,512,16,10356.30617,0.076861382,7.676,22.94912386
simvarmass_eb7e930c,4533,4278,500,4212,0.238767,0.460293,5;3,1378,0.843368,0.915181,0.465911,0.843812,1378,0.884746,0.938996,0.483243,0.885212,18693,0.863005,0.926465,0.336864,0.863005,17285,0.863955,0.927013,0.342809,0.863955,0.792641,0.883647,0.794617,0.801789,0.889263,0.803692,0.593564,0.695737,0.626517,0.589745,0.695323,0.62202,0.589077,0.728634,0.590558,0.586403,0.727484,0.587629,0.692548,8.424,35.28125746,512,16,10356.30617,0.437704325,7.424,31.093074
simvarmass_eb99d8ff,2871,2739,500,4956,0.163618,0.655401,5;3,1284,0.883664,0.93824,0.618051,0.883664,1284,0.918537,0.957539,0.634701,0.918537,2626,0.902821,0.948929,0.94306,0.902821,2499,0.903285,0.949185,0.944837,0.903285,0.840497,0.913389,0.841519,0.844969,0.916025,0.846042,0.682265,0.72567,0.731104,0.680657,0.728801,0.727472,0.545244,0.697468,0.546848,0.542604,0.696977,0.543892,0.677499,9.912,60.58013177,512,16,10356.30617,0.277222395,8.912,54.46833478
simvarmass_eba86414,3499,3314,500,1365,0.052202,0.573994,5;3,3036,0.867099,0.928539,0.928539,0.867105,3036,0.906748,0.950799,0.950799,0.906754,3124,0.881109,0.936797,0.930998,0.881109,2945,0.88111,0.936798,0.933056,0.88111,0.815322,0.898254,0.816233,0.824029,0.903503,0.824985,0.661662,0.728031,0.698485,0.659942,0.728768,0.695442,0.568253,0.715771,0.570734,0.568692,0.716435,0.57104,0.691413,2.73,52.29684686,512,16,10356.30617,0.337861776,1.73,33.1404927
simvarmass_ebb67b3a,184,176,500,1351,0.268924,0.796286,5;3,149,0.816846,0.891566,0.888889,0.826087,149,0.84915,0.910769,0.907975,0.858757,189,0.818457,0.890208,0.815013,0.842391,168,0.839565,0.900621,0.854651,0.852273,0.716952,0.801282,0.788043,0.721213,0.806667,0.795455,0.390192,0.540351,0.418478,0.385089,0.536765,0.414773,0.569113,0.724138,0.570652,0.569846,0.724638,0.571429,0.522703,2.702,10.04744835,512,16,10356.30617,0.017766953,1.702,6.328925644
simvarmass_ec107c19,2074,1958,500,1328,0.439441,0.290837,5;3,1890,0.910359,0.95,0.949041,0.914176,1890,0.95406,0.973351,0.972344,0.95806,22528,0.09936,0.189303,0.159255,0.944552,20886,0.100973,0.192266,0.161705,0.943309,0.828363,0.902105,0.864995,0.83408,0.905451,0.869632,0.083078,0.156291,0.085342,0.076566,0.142857,0.07712,0.752958,0.84417,0.757473,0.754483,0.845561,0.759098,0.555593,2.656,6.044042317,512,16,10356.30617,0.200264454,1.656,3.768423975
simvarmass_ec95a07e,3579,3385,500,1168,0.261385,0.489082,5;3,3095,0.869349,0.927224,0.926581,0.871472,3095,0.908173,0.948966,0.948321,0.910391,21243,0.862105,0.927709,0.256949,0.891031,19696,0.868162,0.930736,0.260821,0.889217,0.812953,0.893512,0.841576,0.819425,0.897582,0.847312,0.269915,0.423011,0.276334,0.264948,0.416705,0.269719,0.597997,0.737944,0.600726,0.593754,0.735074,0.596268,0.601637,2.336,8.937008627,512,16,10356.30617,0.345586538,1.336,5.111234386
simvarmass_ecf4b772,209,192,500,3483,0.160094,0.254211,5;3,191,0.913876,0.955,0.955,0.913876,191,0.969543,0.984536,0.984536,0.969543,208,0.961722,0.980488,0.964029,0.961722,189,0.96875,0.984127,0.976378,0.96875,0.849306,0.917098,0.851675,0.862004,0.92437,0.864583,0.858564,0.834606,0.894737,0.865077,0.837466,0.900524,0.94343,0.92233,0.961722,0.942833,0.935829,0.957895,0.539556,6.966,43.51193674,512,16,10356.30617,0.020180941,5.966,37.26560646
simvarmass_ecf95783,2752,2629,500,579,0.406781,0.789357,5;3,1751,0.777213,0.780042,0.747946,0.912064,1751,0.804094,0.795252,0.763546,0.943609,22158,0.099873,0.197832,0.197832,0.898256,20518,0.102983,0.203378,0.203378,0.897758,0.633986,0.668452,0.90843,0.636917,0.669923,0.911888,0.0034,0.007236,0.003634,0.003043,0.006068,0.003043,0.392736,0.55437,0.396439,0.390622,0.552885,0.394136,0.536069,1.158,2.846740629,512,16,10356.30617,0.265731812,0.158,0.388415388
simvarmass_edff7110,3193,3028,500,4987,0.443519,0.339032,5;3,2836,0.889131,0.940981,0.940786,0.889132,2836,0.92808,0.96236,0.962171,0.928081,3015,0.911995,0.953972,0.938144,0.911995,2828,0.910862,0.953352,0.942121,0.910862,0.824868,0.902706,0.83182,0.831766,0.906801,0.838507,0.632762,0.718961,0.667397,0.63524,0.723275,0.668318,0.726656,0.82453,0.728469,0.723041,0.824416,0.724743,0.642314,9.974,22.48832632,512,16,10356.30617,0.308314562,8.974,20.23363148
simvarmass_ee037e89,2475,2343,500,4072,0.411958,0.863887,5;3,2124,0.879802,0.932817,0.922809,0.88,2124,0.919945,0.955026,0.945001,0.920152,2266,0.89805,0.945083,0.936933,0.898182,2141,0.899683,0.946092,0.939786,0.899701,0.797039,0.876415,0.811313,0.803008,0.880267,0.816631,0.564169,0.666667,0.589495,0.56365,0.669261,0.587281,0.454214,0.617993,0.456566,0.452641,0.616589,0.455051,0.611338,8.144,19.76900558,512,16,10356.30617,0.238984823,7.144,17.34157366
simvarmass_ee0b04b9,1850,1743,500,2613,0.079168,0.168367,5;3,1694,0.914054,0.955097,0.954289,0.914054,1694,0.954828,0.976892,0.976046,0.954828,1783,0.947027,0.972793,0.964492,0.947027,1673,0.948939,0.9738,0.968384,0.948939,0.84945,0.917908,0.85027,0.853415,0.920173,0.854274,0.822364,0.802289,0.86973,0.825007,0.805211,0.870986,0.939509,0.958171,0.940541,0.937436,0.958421,0.938435,0.652506,5.226,66.01151981,512,16,10356.30617,0.17863512,4.226,53.3801536
simvarmass_ee758b42,3992,3769,500,1648,0.468017,0.608045,5;3,3365,0.84902,0.909807,0.909338,0.853206,3365,0.888411,0.93222,0.931755,0.892792,21178,0.787746,0.887201,0.273739,0.862976,19642,0.800319,0.894021,0.277818,0.862828,0.792604,0.86377,0.839178,0.800946,0.869296,0.847359,0.169647,0.290794,0.172094,0.165547,0.284685,0.167728,0.503048,0.66077,0.505261,0.502841,0.661321,0.50479,0.591664,3.296,7.042479226,512,16,10356.30617,0.385465622,2.296,4.905804704
simvarmass_ef76d16c,1829,1725,500,2642,0.353013,0.407834,5;3,1674,0.917653,0.955803,0.95461,0.917988,1674,0.956891,0.97669,0.975496,0.957241,1821,0.945325,0.971894,0.947397,0.945325,1697,0.946087,0.972297,0.953828,0.946087,0.849517,0.917849,0.857299,0.852631,0.919612,0.86087,0.608692,0.710518,0.640787,0.606023,0.71091,0.636522,0.693314,0.803026,0.696555,0.693003,0.803218,0.696107,0.586159,5.284,14.96828729,512,16,10356.30617,0.17660737,4.284,12.13553042
simvarmass_efa9c49e,3088,2912,500,4869,0.060862,0.773956,5;3,2683,0.868847,0.929822,0.929822,0.868847,2683,0.911345,0.953616,0.953616,0.911345,2741,0.884067,0.938467,0.936696,0.884067,2576,0.881868,0.937226,0.93586,0.881868,0.814843,0.897349,0.81671,0.821177,0.901128,0.823146,0.676289,0.715298,0.719236,0.675329,0.717455,0.716346,NaN,NaN,NaN,NaN,NaN,NaN,0.719547,9.738,160.0013144,512,16,10356.30617,0.298175812,8.738,143.5707009
simvarmass_f007f81e,160,148,500,4969,0.318915,0.660784,5;3,144,0.90625,0.95082,0.947368,0.90625,144,0.935484,0.966667,0.963211,0.935484,162,0.9375,0.967742,0.931677,0.9375,146,0.932432,0.965035,0.938776,0.932432,0.80625,0.892734,0.80625,0.804054,0.891386,0.804054,0.827145,0.82623,0.8625,0.817264,0.820144,0.851351,0.676283,0.775665,0.68125,0.670999,0.773663,0.675676,0.526216,9.938,31.16190835,512,16,10356.30617,0.015449524,8.938,28.02627659
simvarmass_f010b067,3390,3219,500,4572,0.352302,0.213195,5;3,2977,0.887906,0.940625,0.935134,0.887906,2977,0.924163,0.960587,0.955085,0.924163,3166,0.912094,0.954027,0.943258,0.912094,2978,0.911153,0.953511,0.946587,0.911153,0.8278,0.905131,0.831563,0.834411,0.908875,0.837217,0.647427,0.722153,0.684661,0.646072,0.722991,0.682101,0.871591,0.914476,0.873451,0.868341,0.914398,0.870162,0.654277,9.144,25.95500451,512,16,10356.30617,0.327336788,8.144,23.1165307
simvarmass_f05c0e48,1314,1242,500,3798,0.497504,0.21805,5;3,1222,0.932241,0.963722,0.963722,0.932268,1222,0.968352,0.98271,0.98271,0.968379,1400,0.964992,0.982184,0.934414,0.964992,1294,0.965378,0.982384,0.945584,0.965378,0.854678,0.921817,0.863775,0.862482,0.926261,0.871176,0.727588,0.772763,0.755708,0.72703,0.772465,0.754428,0.919512,0.941409,0.922374,0.921768,0.943745,0.924255,0.570822,7.596,15.26821895,512,16,10356.30617,0.126879215,6.596,13.25818486
simvarmass_f117aadd,4019,3788,500,3052,0.199824,0.801091,5;3,2563,0.834917,0.909732,0.778487,0.835034,2563,0.878411,0.934949,0.802757,0.878534,3478,0.850709,0.919333,0.912098,0.850709,3264,0.850845,0.919412,0.914067,0.850845,0.799404,0.888091,0.800946,0.806652,0.892523,0.808292,0.536062,0.652411,0.565564,0.534017,0.652074,0.56245,0.463538,0.624624,0.464543,0.459791,0.621873,0.460561,0.672276,6.104,30.54688126,512,16,10356.30617,0.388072729,5.104,25.54247738
simvarmass_f1184a43,4552,4303,500,4181,0.305017,0.794712,5;3,826,0.817646,0.899251,0.307177,0.817663,826,0.857191,0.922657,0.319659,0.857209,3919,0.835237,0.910223,0.897651,0.835237,3682,0.835231,0.910219,0.900188,0.835231,0.787476,0.879764,0.791081,0.794241,0.883908,0.798048,0.501945,0.634512,0.530316,0.505324,0.637919,0.533008,0.466813,0.630551,0.467926,0.465602,0.62981,0.466605,0.674953,8.362,27.4148654,512,16,10356.30617,0.439538956,7.362,24.13635961
simvarmass_f12c1da8,869,823,500,4359,0.283319,0.57736,5;3,799,0.921425,0.958658,0.958034,0.921749,799,0.96356,0.980993,0.980368,0.963899,858,0.964327,0.981839,0.970469,0.964327,802,0.962333,0.980805,0.974769,0.962333,0.847866,0.917237,0.848101,0.849081,0.917925,0.849332,0.836013,0.840633,0.864212,0.836563,0.839538,0.865128,0.611042,0.739532,0.613349,0.607981,0.738484,0.610231,0.569162,8.718,30.77096841,512,16,10356.30617,0.083910227,7.718,27.24137809
simvarmass_f15dc045,933,878,500,3295,0.178063,0.53564,5;3,861,0.925991,0.961024,0.959866,0.926045,861,0.963155,0.980682,0.979522,0.963211,916,0.951768,0.975288,0.960519,0.951768,855,0.951025,0.974898,0.963647,0.951025,0.835518,0.910047,0.836013,0.841686,0.914038,0.841686,0.837203,0.814318,0.879957,0.836612,0.813056,0.879271,0.650946,0.764557,0.655949,0.645659,0.76339,0.650286,0.579769,6.59,37.00937309,512,16,10356.30617,0.090090036,5.59,31.39338324
simvarmass_f15e1b2a,4546,4288,500,1383,0.18742,0.468364,5;3,3855,0.847688,0.916488,0.916081,0.847778,3855,0.891003,0.941234,0.940831,0.891098,19824,0.866487,0.928697,0.324415,0.869556,18371,0.86661,0.928696,0.328788,0.868703,0.803688,0.890189,0.814342,0.81082,0.894581,0.82132,0.413701,0.570015,0.430708,0.41066,0.567257,0.42574,0.600587,0.739711,0.602948,0.594648,0.736311,0.596963,0.648928,2.766,14.75829687,512,16,10356.30617,0.438959599,1.766,9.422687013
simvarmass_f1a37d16,778,725,500,2989,0.341349,0.702926,5;3,722,0.931218,0.962076,0.961333,0.931877,722,0.983022,0.989056,0.988348,0.983718,806,0.974293,0.986979,0.957071,0.974293,742,0.973793,0.986723,0.962509,0.973793,0.871365,0.930584,0.880463,0.885248,0.938507,0.892414,0.674746,0.742702,0.703085,0.670296,0.74504,0.698347,0.559259,0.700637,0.565553,0.554091,0.695205,0.56,0.551149,5.978,17.51286806,512,16,10356.30617,0.07512331,4.978,14.58331502
simvarmass_f1a58a86,195,179,500,3590,0.454758,0.558979,5;3,189,0.919855,0.951613,0.927083,0.923077,189,0.974846,0.980609,0.954424,0.978261,27675,0.195488,0.331597,0.013706,0.979487,25794,0.208646,0.35035,0.013476,0.977654,0.87443,0.931507,0.892308,0.868763,0.928144,0.882682,0.730028,0.77635,0.774359,0.718752,0.770538,0.759777,0.785156,0.86533,0.789744,0.787543,0.873065,0.792135,0.522662,7.18,15.78861724,512,16,10356.30617,0.018829107,6.18,13.58964548
simvarmass_f20eaa64,1726,1629,500,1530,0.401746,0.151846,5;3,1577,0.910281,0.951138,0.948834,0.914253,1577,0.952209,0.973594,0.971181,0.956364,2018,0.774077,0.877137,0.877137,0.951333,1851,0.79472,0.889655,0.889655,0.950276,0.85174,0.918597,0.8708,0.859509,0.923077,0.877301,0.213132,0.352444,0.217265,0.204819,0.340875,0.208103,0.913565,0.941499,0.915411,0.911617,0.941748,0.913231,0.557849,3.06,7.616752874,512,16,10356.30617,0.166661739,2.06,5.127617948
simvarmass_f21954be,4601,4347,500,4541,0.380556,0.397426,5;3,3855,0.848185,0.917597,0.911069,0.848294,3855,0.890169,0.941616,0.935065,0.890283,18950,0.866551,0.928505,0.338584,0.866551,17546,0.866575,0.928519,0.344128,0.866575,0.804212,0.890495,0.810476,0.812167,0.895378,0.818726,0.542609,0.667851,0.571832,0.539815,0.666937,0.56791,0.630378,0.761057,0.632037,0.628358,0.759972,0.629954,0.67293,9.082,23.86508162,512,16,10356.30617,0.444270372,8.082,21.23734746
simvarmass_f294b35b,618,583,500,3881,0.478904,0.52753,5;3,567,0.920523,0.957841,0.956962,0.920712,567,0.95933,0.978467,0.977586,0.959528,646,0.956311,0.977667,0.935127,0.956311,595,0.955403,0.977193,0.945671,0.955403,0.856885,0.922406,0.864078,0.867161,0.928309,0.874786,0.717074,0.761506,0.749191,0.721691,0.766904,0.753002,0.641772,0.756598,0.647249,0.637795,0.754441,0.642487,0.542983,7.762,16.20784124,512,16,10356.30617,0.059673786,6.762,14.11974007
simvarmass_f34e527c,4249,4036,500,3927,0.387741,0.699735,5;3,3572,0.84159,0.913482,0.912927,0.84161,3572,0.877094,0.934013,0.933455,0.877116,3740,0.853377,0.920889,0.907748,0.853377,3519,0.852292,0.920257,0.910511,0.852292,0.796351,0.885598,0.800188,0.801661,0.888828,0.8057,0.497371,0.632045,0.521299,0.494146,0.630149,0.517344,0.493646,0.654738,0.495175,0.486981,0.649934,0.488337,0.657597,7.854,20.2557893,512,16,10356.30617,0.41028142,6.854,17.67674814
simvarmass_f38ffa44,1988,1892,500,4199,0.450519,0.775923,5;3,1798,0.905822,0.949036,0.948759,0.906942,1798,0.943308,0.969256,0.968978,0.944474,23768,0.927542,0.962151,0.14319,0.927565,22037,0.928626,0.962719,0.146851,0.928647,0.842581,0.912319,0.853119,0.85049,0.916881,0.861067,0.595799,0.688889,0.623742,0.595302,0.689352,0.621364,0.487607,0.646961,0.48994,0.488013,0.647759,0.490196,0.59644,8.398,18.64072325,512,16,10356.30617,0.191960335,7.398,16.42106104
simvarmass_f46f4548,3419,3234,500,4670,0.453439,0.665487,5;3,2968,0.86802,0.928929,0.928762,0.86809,2968,0.908128,0.951419,0.951251,0.908201,3119,0.885932,0.939516,0.926583,0.885932,2926,0.883117,0.937931,0.927273,0.883117,0.809964,0.894277,0.816028,0.817679,0.899133,0.823802,0.547597,0.660279,0.574437,0.548755,0.662857,0.573902,0.531274,0.68354,0.533197,0.532057,0.68466,0.53389,0.641874,9.34,20.59813999,512,16,10356.30617,0.330137014,8.34,18.39277168
simvarmass_f4c0e856,630,590,500,4691,0.180074,0.503557,5;3,587,0.934796,0.965517,0.964667,0.934921,587,0.978275,0.988235,0.987384,0.978405,628,0.97619,0.987952,0.977742,0.97619,583,0.974576,0.987124,0.980392,0.974576,0.860317,0.924915,0.860317,0.864407,0.927273,0.864407,0.871632,0.848631,0.906349,0.87775,0.851752,0.912014,0.690814,0.787273,0.701587,0.685843,0.787295,0.695578,0.568317,9.382,52.100803,512,16,10356.30617,0.0608325,8.382,46.54753046
simvarmass_f5080c19,2593,2448,500,2458,0.361728,0.730299,5;3,2306,0.890163,0.938725,0.938151,0.891631,2306,0.930723,0.960903,0.960301,0.932258,23010,0.907078,0.951097,0.184744,0.912071,21369,0.911772,0.953578,0.188101,0.915033,0.819158,0.89718,0.841496,0.82635,0.901364,0.848856,0.47263,0.611243,0.494794,0.468041,0.608651,0.488562,0.50899,0.66466,0.510991,0.507291,0.663996,0.509009,0.600397,4.916,13.59032201,512,16,10356.30617,0.250378847,3.916,10.82581387
simvarmass_f5160ca2,4559,4321,500,938,0.379716,0.447889,5;3,4052,0.857266,0.910184,0.904192,0.864225,4052,0.895777,0.931708,0.925253,0.903048,20521,0.193826,0.354225,0.317065,0.872121,19025,0.198534,0.361015,0.322882,0.872252,0.804389,0.861415,0.864883,0.812064,0.866777,0.868226,0.031434,0.061211,0.031586,0.026846,0.052288,0.026846,0.54166,0.692512,0.544637,0.542455,0.693817,0.545096,0.577714,1.876,4.940534505,512,16,10356.30617,0.440214872,0.876,2.306987327
simvarmass_f54fb0ed,1549,1473,500,4109,0.141226,0.438758,5;3,1411,0.91091,0.953378,0.953378,0.91091,1411,0.943182,0.97076,0.97076,0.943182,1474,0.938025,0.968021,0.961297,0.938025,1389,0.935506,0.966678,0.962963,0.935506,0.838966,0.911321,0.839251,0.846281,0.915565,0.846572,0.821957,0.820582,0.859264,0.82404,0.822609,0.860923,0.655469,0.773606,0.658489,0.649871,0.771094,0.652322,0.627269,8.218,58.19041819,512,16,10356.30617,0.149570704,7.218,51.10956906
simvarmass_f6203b49,2683,2538,500,900,0.143439,0.776543,5;3,2287,0.874296,0.926354,0.91831,0.877376,2287,0.914518,0.948634,0.940643,0.917739,22853,0.895135,0.942266,0.188205,0.895639,21205,0.895522,0.94294,0.191467,0.895587,0.813523,0.883491,0.842341,0.822605,0.888841,0.850217,0.428935,0.577767,0.446515,0.428965,0.578141,0.445845,0.488923,0.649209,0.48975,0.489312,0.649752,0.490134,0.604107,1.8,12.54888838,512,16,10356.30617,0.259069204,0.8,5.577283723
simvarmass_f620bf30,2223,2119,500,4706,0.281522,0.827422,5;3,1810,0.882575,0.936963,0.897595,0.882591,1810,0.917235,0.95614,0.916688,0.917251,22988,0.905533,0.950425,0.159692,0.905533,21321,0.903728,0.94943,0.163396,0.903728,0.814283,0.897798,0.818713,0.819278,0.900854,0.823502,0.63492,0.705406,0.666217,0.632245,0.706237,0.662577,0.483222,0.638675,0.48583,0.480228,0.636732,0.482514,0.626408,9.412,33.43255589,512,16,10356.30617,0.214651823,8.412,29.88043563
simvarmass_f6405985,1188,1113,500,4033,0.338298,0.71718,5;3,1088,0.916381,0.954346,0.954306,0.916667,1088,0.961715,0.978398,0.978378,0.962014,1186,0.948653,0.97365,0.949452,0.948653,1097,0.950584,0.974666,0.957466,0.950584,0.843766,0.914077,0.846801,0.85269,0.919417,0.854447,0.716234,0.758116,0.748316,0.716063,0.758759,0.748201,0.552768,0.696665,0.559764,0.551672,0.696579,0.558956,0.57744,8.066,23.84288408,512,16,10356.30617,0.114712715,7.066,20.88691036
simvarmass_f6871db9,4412,4164,500,4704,0.413687,0.112791,5;3,3822,0.867634,0.929013,0.928346,0.867634,3822,0.909264,0.952357,0.951693,0.909264,4162,0.898005,0.946262,0.924189,0.898005,3901,0.899592,0.947142,0.928819,0.899592,0.817612,0.899377,0.820716,0.823793,0.903209,0.826567,0.56973,0.686699,0.600861,0.567586,0.686242,0.597886,0.929552,0.950411,0.93087,0.929733,0.951131,0.931034,0.666055,9.408,22.74183138,512,16,10356.30617,0.426020622,8.408,20.32454489
simvarmass_f767fb2a,2466,2315,500,2536,0.400488,0.789893,5;3,2153,0.883913,0.933534,0.929205,0.88605,2153,0.929522,0.958481,0.954202,0.93177,22873,0.855383,0.924687,0.177908,0.914031,21287,0.860902,0.927708,0.178883,0.911879,0.81219,0.886496,0.838605,0.816961,0.889685,0.843197,0.451703,0.592911,0.474858,0.45269,0.594011,0.475594,0.484436,0.644141,0.487024,0.482839,0.64298,0.484875,0.593897,5.072,12.66454925,512,16,10356.30617,0.238115788,4.072,10.16759553
simvarmass_f7a7b921,2394,2271,500,2901,0.392444,0.690741,5;3,2124,0.89128,0.939903,0.938911,0.892648,2124,0.928513,0.960271,0.959294,0.929939,23062,0.919382,0.957998,0.172926,0.919382,21413,0.917657,0.957061,0.175984,0.917657,0.829198,0.904773,0.83751,0.83436,0.907825,0.84148,0.507864,0.643074,0.531328,0.507322,0.644177,0.529956,0.515419,0.671003,0.517126,0.511087,0.668971,0.512583,0.599157,5.802,14.78427495,512,16,10356.30617,0.231163502,4.802,12.2361407
simvarmass_f7d7d223,2850,2695,500,1650,0.162244,0.605476,5;3,2492,0.87787,0.934206,0.93261,0.877895,2492,0.91814,0.956555,0.954955,0.918165,2648,0.903158,0.949115,0.93634,0.903158,2482,0.899443,0.94706,0.93645,0.899443,0.837884,0.910861,0.844912,0.843347,0.914033,0.85078,0.579061,0.687622,0.617895,0.576851,0.687811,0.615584,0.539672,0.690535,0.541404,0.534092,0.68671,0.535541,0.630815,3.3,20.33973521,512,16,10356.30617,0.275194645,2.3,14.17617909
simvarmass_f7da6ac3,3976,3770,500,1132,0.129149,0.173162,5;3,3462,0.86945,0.929551,0.929551,0.870473,3462,0.908762,0.951555,0.951555,0.909832,20607,0.894618,0.944378,0.289387,0.894618,19100,0.89443,0.944273,0.294884,0.89443,0.815314,0.89745,0.822938,0.822735,0.901921,0.830284,0.529294,0.665051,0.552062,0.525807,0.662809,0.54695,0.877736,0.919979,0.879024,0.875868,0.919168,0.877165,0.650752,2.264,17.53013961,512,16,10356.30617,0.38392067,1.264,9.78714508
simvarmass_f86b8d6a,2544,2412,500,3637,0.451845,0.159329,5;3,2300,0.905265,0.949845,0.949628,0.905267,2300,0.942691,0.970067,0.96985,0.942693,2522,0.940645,0.969415,0.94473,0.940645,2369,0.939029,0.968556,0.94728,0.939029,0.834831,0.909208,0.83805,0.842377,0.91363,0.845771,0.631158,0.718663,0.659198,0.628184,0.717401,0.655459,0.934914,0.952556,0.937893,0.934699,0.953413,0.937136,0.610553,7.274,16.09844084,512,16,10356.30617,0.24564743,6.274,13.88529252
simvarmass_f86bc8cd,4582,4328,500,506,0.260873,0.095022,5;3,3986,0.851146,0.905559,0.904762,0.86447,3986,0.892233,0.928341,0.927606,0.9062,19922,0.280053,0.46848,0.327538,0.875818,18488,0.286044,0.475933,0.331975,0.875202,0.786126,0.847482,0.863815,0.794018,0.852493,0.871765,0.004147,0.008259,0.004147,0.003697,0.007366,0.003697,0.629251,0.761295,0.636185,0.627155,0.760556,0.633943,0.565367,1.012,3.879282256,512,16,10356.30617,0.442435741,0.012,0.045999394
simvarmass_f8c8f68e,4050,3835,500,3698,0.383508,0.659286,5;3,3484,0.860696,0.924648,0.924343,0.860741,3484,0.89887,0.946239,0.945939,0.898917,3613,0.86963,0.930269,0.919222,0.86963,3401,0.869622,0.930265,0.92178,0.869622,0.805349,0.890409,0.816296,0.811188,0.894009,0.822164,0.497654,0.630827,0.522963,0.492877,0.628508,0.516819,0.527709,0.681616,0.529136,0.523323,0.678825,0.52453,0.651148,7.396,19.28512573,512,16,10356.30617,0.391066074,6.396,16.6776182
simvarmass_f8d14033,3505,3340,500,2137,0.430173,0.7459,5;3,3004,0.870666,0.923642,0.921493,0.872183,3004,0.904203,0.942389,0.940273,0.905778,3295,0.826631,0.908235,0.908235,0.882168,3098,0.834096,0.912084,0.912084,0.88024,0.805853,0.877237,0.837946,0.812404,0.882051,0.844059,0.343828,0.501507,0.356063,0.341863,0.499788,0.353188,0.488859,0.648445,0.490728,0.487599,0.647351,0.489496,0.604189,4.274,9.935537563,512,16,10356.30617,0.338441133,3.274,7.610891432
simvarmass_f8f49276,919,877,500,4653,0.07779,0.50075,5;3,873,0.943417,0.970885,0.967634,0.943417,873,0.973064,0.986348,0.982993,0.973064,891,0.96518,0.982281,0.98011,0.96518,847,0.963512,0.981417,0.980278,0.963512,0.830662,0.906603,0.831338,0.838516,0.911235,0.839225,0.8658,0.846196,0.904244,0.867524,0.847963,0.904219,0.675044,0.784925,0.680087,0.670642,0.781955,0.675799,0.615035,9.306,119.6297725,512,16,10356.30617,0.088738203,8.306,106.7746497
simvarmass_f9124705,2991,2816,500,3435,0.220867,0.717269,5;3,1884,0.877298,0.934473,0.772923,0.877299,1884,0.920378,0.958364,0.795776,0.920379,2749,0.897359,0.945903,0.935192,0.897359,2568,0.897372,0.945911,0.938707,0.897372,0.814333,0.896996,0.815446,0.81942,0.900039,0.820604,0.627456,0.705861,0.66232,0.626506,0.706464,0.66027,0.509886,0.667686,0.5112,0.507355,0.665578,0.508553,0.651466,6.87,31.10469196,512,16,10356.30617,0.288809538,5.87,26.57708032
simvarmass_f96456a7,1846,1754,500,1426,0.135616,0.470524,5;3,1692,0.917965,0.956767,0.956473,0.918202,1692,0.953072,0.975511,0.975216,0.953318,23872,0.941495,0.969866,0.135158,0.941495,22186,0.940707,0.969448,0.137845,0.940707,0.838266,0.912033,0.843987,0.844044,0.915432,0.850057,0.68216,0.742061,0.72156,0.677917,0.741003,0.716486,0.652088,0.778392,0.654388,0.644055,0.774394,0.646083,0.606473,2.852,21.02996697,512,16,10356.30617,0.178248882,1.852,13.65620576
simvarmass_f9908f84,2768,2617,500,1205,0.293991,0.201354,5;3,2462,0.891237,0.940727,0.940727,0.892702,2462,0.931978,0.963006,0.963006,0.93351,22456,0.835732,0.914122,0.202981,0.924855,20842,0.848779,0.921288,0.20607,0.92393,0.82948,0.904602,0.849711,0.835966,0.908372,0.856269,0.218019,0.357809,0.221821,0.209783,0.34704,0.212758,0.832822,0.894441,0.834176,0.830619,0.893783,0.831801,0.58332,2.41,8.197529856,512,16,10356.30617,0.267276764,1.41,4.796065186
simvarmass_fa2d5fb3,1948,1832,500,4534,0.058534,0.648783,5;3,1774,0.910678,0.953251,0.953251,0.910678,1774,0.950697,0.974725,0.974725,0.950697,1828,0.934805,0.966304,0.964513,0.934805,1717,0.935044,0.966432,0.965342,0.935044,0.836894,0.911322,0.838809,0.841833,0.914252,0.843886,0.797945,0.797576,0.843429,0.795945,0.796367,0.841157,0.556661,0.703932,0.558008,0.552268,0.701317,0.553611,0.68299,9.068,154.9185089,512,16,10356.30617,0.188097954,8.068,137.834421
simvarmass_fa4623eb,4441,4195,500,3633,0.068652,0.854005,5;3,3648,0.821437,0.901966,0.901966,0.821437,3648,0.8618,0.925771,0.925771,0.8618,3744,0.839225,0.912586,0.91069,0.839225,3524,0.837187,0.911379,0.909962,0.837187,0.792771,0.884991,0.795316,0.799704,0.8893,0.802384,0.564633,0.667745,0.604143,0.564385,0.668609,0.601525,NaN,NaN,NaN,NaN,NaN,NaN,0.727747,7.266,105.8381402,512,16,10356.30617,0.428820848,6.266,91.27192216
simvarmass_fa538008,3384,3197,500,747,0.241286,0.667544,5;3,2844,0.868439,0.910904,0.903661,0.879728,2844,0.90536,0.931241,0.924138,0.917129,21897,0.557541,0.734972,0.238915,0.892435,20369,0.570217,0.744806,0.241884,0.89174,0.795962,0.850674,0.859338,0.804597,0.856089,0.867753,0.129277,0.232198,0.132979,0.120979,0.218664,0.123866,0.485245,0.64587,0.486407,0.480725,0.642962,0.481667,0.578935,1.494,6.191822153,512,16,10356.30617,0.326757431,0.494,2.047362881
simvarmass_fa94dee8,537,509,500,2297,0.379007,0.59916,5;3,534,0.937025,0.96432,0.935574,0.945996,534,0.965801,0.979432,0.949763,0.975048,576,0.939788,0.969416,0.939802,0.973929,534,0.949477,0.974409,0.949185,0.972495,0.854216,0.919517,0.867784,0.860198,0.922914,0.872549,0.579427,0.684155,0.607076,0.576176,0.679956,0.603143,0.627999,0.754425,0.635009,0.632065,0.756694,0.638507,0.535282,4.594,12.12114816,512,16,10356.30617,0.051852465,3.594,9.482674462
simvarmass_fad5bda7,3145,2959,500,4071,0.497323,0.670134,5;3,2760,0.879036,0.934485,0.934462,0.879173,2760,0.922445,0.9585,0.958485,0.922589,3009,0.901431,0.948161,0.921352,0.901431,2797,0.901318,0.948098,0.926685,0.901318,0.825458,0.902945,0.83434,0.835202,0.908823,0.843528,0.510316,0.641581,0.536725,0.512074,0.643972,0.537187,0.522144,0.675554,0.523688,0.521238,0.676458,0.522519,0.623779,8.142,16.37165383,512,16,10356.30617,0.303679705,7.142,14.3608882
simvarmass_faec5751,3816,3614,500,2345,0.071325,0.819016,5;3,3249,0.850889,0.919179,0.919179,0.850891,3249,0.888613,0.94075,0.94075,0.888615,3303,0.858484,0.923706,0.920073,0.858491,3117,0.858046,0.923444,0.921111,0.858052,0.80001,0.888921,0.802411,0.805697,0.892421,0.808246,0.596882,0.687278,0.634958,0.595628,0.687321,0.632089,NaN,NaN,NaN,NaN,NaN,NaN,0.703232,4.69,65.75534525,512,16,10356.30617,0.368471146,3.69,51.73501577
simvarmass_faff5b6e,719,673,500,2417,0.369067,0.738625,5;3,650,0.904623,0.945375,0.945215,0.905424,650,0.952305,0.97083,0.970743,0.953148,739,0.94854,0.97359,0.935528,0.94854,678,0.946508,0.972519,0.943005,0.946508,0.824247,0.89771,0.844228,0.834491,0.903487,0.854383,0.58411,0.678179,0.61057,0.588215,0.685616,0.61367,0.554879,0.698214,0.560501,0.553696,0.698473,0.559524,0.542835,4.834,13.09789279,512,16,10356.30617,0.069426298,3.834,10.38835767
simvarmass_fb0d8e36,3929,3720,500,3579,0.498763,0.406459,5;3,3404,0.868905,0.92826,0.928133,0.868923,3404,0.906272,0.949233,0.949101,0.906291,20638,0.887249,0.940256,0.283795,0.887249,19097,0.886828,0.94002,0.28917,0.886828,0.823631,0.902929,0.834564,0.827678,0.90535,0.838978,0.455821,0.607632,0.474166,0.450496,0.603708,0.468154,0.640534,0.768623,0.643421,0.641747,0.770595,0.644379,0.634912,7.158,14.35150562,512,16,10356.30617,0.379382372,6.158,12.34654535
simvarmass_fb3188b3,3694,3507,500,4940,0.263721,0.349855,5;3,1033,0.874662,0.933141,0.437064,0.874662,1033,0.911939,0.953942,0.451486,0.911939,3341,0.896318,0.945325,0.941294,0.896318,3158,0.895067,0.944628,0.941935,0.895067,0.81037,0.8948,0.811316,0.816918,0.898855,0.817793,0.668571,0.733529,0.7098,0.667781,0.734308,0.708262,0.698995,0.809189,0.700866,0.695094,0.807686,0.696771,0.677649,9.88,37.46383489,512,16,10356.30617,0.356690884,8.88,33.67194876
simvarmass_fb4a4559,3735,3548,500,3981,0.287035,0.368058,5;3,2855,0.874699,0.933162,0.866464,0.874699,2855,0.91257,0.954287,0.887335,0.91257,3462,0.894244,0.94417,0.928165,0.894244,3268,0.894307,0.944205,0.931045,0.894307,0.822635,0.902335,0.824364,0.82879,0.906009,0.830609,0.631981,0.71523,0.666399,0.631208,0.717395,0.663944,0.673376,0.793401,0.676037,0.670838,0.792553,0.673446,0.665051,7.962,27.7387775,512,16,10356.30617,0.360649824,6.962,24.25488181
simvarmass_fb7d4150,3143,2977,500,1686,0.151131,0.48177,5;3,2778,0.885664,0.938417,0.937679,0.885778,2778,0.923877,0.959462,0.958729,0.923996,2931,0.903277,0.949181,0.934804,0.903277,2755,0.90393,0.949541,0.938939,0.90393,0.831486,0.907388,0.838689,0.837844,0.911148,0.84481,0.616699,0.707169,0.648107,0.614207,0.706338,0.644803,0.616903,0.751737,0.619472,0.612732,0.749436,0.615022,0.64629,3.372,22.31176926,512,16,10356.30617,0.303486586,2.372,15.69499309
simvarmass_fbfaa1cf,2618,2491,500,2785,0.499293,0.661719,5;3,2345,0.898035,0.942385,0.942172,0.89916,2345,0.931849,0.960772,0.960559,0.933016,2605,0.901951,0.948749,0.9148,0.912529,2427,0.904482,0.949885,0.921513,0.909675,0.829115,0.90328,0.850649,0.833037,0.905908,0.854793,0.417195,0.570426,0.434683,0.414228,0.567646,0.430349,0.534542,0.685366,0.536669,0.531794,0.68329,0.533949,0.594128,5.57,11.15577426,512,16,10356.30617,0.252792835,4.57,9.15294226
simvarmass_fc3a9d18,91,82,500,4305,0.443515,0.269929,5;3,85,0.934066,0.965909,0.965909,0.934066,85,1,1,1,1,28009,0.053814,0.102132,0.006477,1,26130,0.055219,0.104659,0.006257,1,0.898871,0.935673,0.912088,0.911932,0.941935,0.926829,0.80706,0.79397,0.868132,0.810745,0.816568,0.853659,1,1,1,1,1,1,0.518634,8.61,19.41309764,512,16,10356.30617,0.008786917,7.61,17.15838247
simvarmass_fcb0bd6f,1036,979,500,1686,0.075789,0.854327,5;3,956,0.925242,0.960361,0.959839,0.925676,956,0.961435,0.979529,0.979007,0.961886,999,0.947876,0.973241,0.965111,0.947876,937,0.947906,0.973256,0.968685,0.947906,0.844214,0.915272,0.844595,0.851479,0.919515,0.85189,0.76904,0.776668,0.811776,0.768612,0.777963,0.81001,0.512588,0.657271,0.515444,0.504723,0.653491,0.507157,0.599711,3.372,44.49194474,512,16,10356.30617,0.100035667,2.372,31.29741783
simvarmass_fe115fac,1540,1454,500,4312,0.076708,0.520738,5;3,1413,0.917532,0.956993,0.956993,0.917532,1413,0.955375,0.977178,0.977178,0.955375,1487,0.947403,0.972991,0.963991,0.947403,1393,0.946355,0.972438,0.966632,0.946355,0.816516,0.898892,0.816883,0.824923,0.903955,0.825309,0.826927,0.819863,0.866234,0.829334,0.821442,0.868041,0.620685,0.74902,0.624026,0.614732,0.746745,0.618094,0.649673,8.624,112.4263441,512,16,10356.30617,0.148701668,7.624,99.38989414
simvarmass_fe214e9f,424,400,500,4070,0.405957,0.592075,5;3,388,0.915094,0.955665,0.955665,0.915094,388,0.960396,0.979798,0.979798,0.960396,454,0.962264,0.980769,0.929385,0.962264,415,0.96,0.979592,0.942331,0.96,0.820755,0.901554,0.820755,0.8275,0.905609,0.8275,0.757603,0.790476,0.783019,0.757575,0.797954,0.78,0.626317,0.73743,0.639151,0.622678,0.736215,0.635678,0.535828,8.14,20.05138475,512,16,10356.30617,0.040941238,7.14,17.58806967
simvarmass_fe39eea6,2344,2200,500,2936,0.42304,0.773595,5;3,2041,0.873294,0.929597,0.929076,0.874573,2041,0.918349,0.954609,0.954098,0.919695,2233,0.903582,0.948666,0.925497,0.903584,2074,0.903636,0.949128,0.930276,0.903636,0.815366,0.892815,0.837457,0.823926,0.898,0.846224,0.488769,0.625,0.509812,0.485031,0.622235,0.505,0.487815,0.646154,0.488908,0.481431,0.641968,0.482428,0.593768,5.872,13.88048411,512,16,10356.30617,0.226335526,4.872,11.51664145
simvarmass_fe535e59,2543,2404,500,1196,0.155878,0.306056,5;3,2305,0.912031,0.950752,0.950495,0.912702,2305,0.95092,0.971573,0.971332,0.95162,2541,0.939049,0.968579,0.939811,0.939442,2370,0.939684,0.968904,0.946376,0.939684,0.829555,0.906042,0.839953,0.835905,0.909791,0.846506,0.581241,0.70221,0.605977,0.574517,0.698713,0.598586,0.788908,0.867933,0.790798,0.78683,0.868487,0.788662,0.612834,2.392,15.34533417,512,16,10356.30617,0.245550871,1.392,8.930060688
simvarmass_fe619ce4,1220,1144,500,4202,0.358832,0.291227,5;3,1122,0.920491,0.958155,0.958155,0.920492,1122,0.966436,0.982487,0.982487,0.966437,1228,0.963934,0.981636,0.960784,0.963934,1136,0.961538,0.980392,0.964912,0.961538,0.841062,0.913218,0.843443,0.85236,0.919811,0.854895,0.811913,0.802962,0.858197,0.814996,0.805422,0.862009,0.832805,0.884599,0.840164,0.826925,0.884651,0.833479,0.578211,8.404,23.42043073,512,16,10356.30617,0.11780262,7.404,20.63361127
simvarmass_fe677c52,3296,3101,500,882,0.492587,0.306437,5;3,3070,0.858918,0.899006,0.889413,0.881068,3070,0.902453,0.92252,0.912196,0.925725,21051,0.172462,0.315862,0.243808,0.900485,19529,0.176257,0.321305,0.247106,0.901645,0.770212,0.813183,0.87591,0.781066,0.820085,0.883129,0.006675,0.013261,0.006675,0.00387,0.00771,0.00387,0.558299,0.702795,0.564624,0.556159,0.702463,0.562197,0.548875,1.764,3.581093289,512,16,10356.30617,0.318260193,0.764,1.550995053
simvarmass_fe7a8fb0,3534,3339,500,1827,0.053145,0.351474,5;3,3107,0.879174,0.935702,0.935702,0.879174,3107,0.918687,0.957621,0.957621,0.918687,3235,0.904641,0.949933,0.9446,0.904641,3042,0.904163,0.94967,0.946247,0.904163,0.815965,0.898334,0.816638,0.825886,0.904294,0.826595,0.691728,0.736245,0.734578,0.694894,0.73964,0.737204,NaN,NaN,NaN,NaN,NaN,NaN,0.702094,3.654,68.75529213,512,16,10356.30617,0.34124136,2.654,49.93884655
simvarmass_feb6f796,3705,3517,500,1712,0.43143,0.47737,5;3,3227,0.872847,0.927716,0.927582,0.875034,3227,0.907379,0.946981,0.946841,0.909652,21172,0.874216,0.933825,0.264903,0.889339,19557,0.876154,0.934731,0.270619,0.887941,0.82768,0.901096,0.854521,0.833796,0.905332,0.85889,0.205506,0.342595,0.211336,0.198025,0.332946,0.203583,0.578576,0.721784,0.580837,0.579429,0.722814,0.58172,0.595971,3.424,7.936397562,512,16,10356.30617,0.357753038,2.424,5.618524442
simvarmass_febefd1f,3922,3719,500,4559,0.302937,0.657982,5;3,2183,0.855941,0.922379,0.715152,0.855941,2183,0.894246,0.944171,0.735388,0.894246,19708,0.865375,0.927829,0.287262,0.865375,18230,0.862866,0.926386,0.292405,0.862866,0.806194,0.892121,0.807241,0.811012,0.895128,0.811996,0.558828,0.666094,0.59332,0.552783,0.663827,0.586717,0.508114,0.66489,0.508924,0.505406,0.662793,0.506186,0.669743,9.118,30.09866738,512,16,10356.30617,0.378706455,8.118,26.797651
simvarmass_fedb75d7,2008,1912,500,732,0.333327,0.246617,5;3,1841,0.905703,0.941268,0.941024,0.917829,1841,0.936002,0.957441,0.957188,0.948533,22138,0.181106,0.320293,0.155968,0.937749,20557,0.187511,0.329865,0.15942,0.936715,0.819394,0.875068,0.876992,0.823073,0.877253,0.879121,0.009462,0.018747,0.009462,0.007322,0.014538,0.007322,0.72959,0.823366,0.737052,0.728472,0.823323,0.735987,0.543663,1.464,4.39208345,512,16,10356.30617,0.193891525,0.464,1.392026449
simvarmass_ff505f61,4020,3794,500,2049,0.165669,0.119514,5;3,109,0.879104,0.935539,0.052797,0.879104,109,0.920312,0.958373,0.055204,0.920312,3818,0.912935,0.954486,0.936463,0.912935,3560,0.910385,0.953091,0.939353,0.910385,0.82386,0.903314,0.827363,0.827085,0.905263,0.830567,0.615296,0.713025,0.652985,0.614854,0.714306,0.651739,0.924551,0.949451,0.926119,0.922865,0.949209,0.924319,0.669391,4.098,24.73607012,512,16,10356.30617,0.388169289,3.098,18.69993783
simvarmass_ffa14762,4575,4332,500,1001,0.06962,0.833866,5;3,3802,0.828582,0.905205,0.905097,0.828634,3802,0.867054,0.927689,0.927575,0.867109,3954,0.839562,0.912527,0.900692,0.839563,3716,0.837719,0.911421,0.901839,0.837719,0.790867,0.880351,0.798907,0.793534,0.882058,0.801292,0.480785,0.615385,0.507104,0.475791,0.612262,0.501385,0.461282,0.624172,0.463388,0.45919,0.622541,0.461254,0.68142,2.002,28.75610457,512,16,10356.30617,0.441759825,1.002,14.39241597
simvarmass_CY5L_0187fc2d,1885,1776,186,1542,0.062611,0.641635,3;6,1681,0.891187,0.942232,0.942232,0.891247,1681,0.93535,0.96635,0.96635,0.935412,1751,0.920424,0.958564,0.954345,0.920424,1644,0.918965,0.957771,0.954692,0.918965,0.787929,0.882678,0.804244,0.79273,0.885811,0.809792,0.80796,0.792697,0.86366,0.808636,0.794028,0.86333,NaN,NaN,NaN,NaN,NaN,NaN,0.723191,8.290322581,132.4100011,512,16,10356.30617,0.182014704,7.290322581,116.4383668
simvarmass_CY5L_03be411c,995,940,157,1634,0.122412,0.719611,3;6,928,0.927631,0.960917,0.959958,0.927638,928,0.965474,0.980851,0.97983,0.965481,965,0.953769,0.976337,0.968367,0.953769,904,0.953191,0.976035,0.9718,0.953191,0.791474,0.884532,0.81608,0.792445,0.884793,0.817021,0.867959,0.831643,0.915578,0.871488,0.834764,0.919149,0.582654,0.723135,0.584925,0.581492,0.725581,0.583333,0.673252,10.40764331,85.02143019,512,16,10356.30617,0.096076727,9.407643312,76.85229644
simvarmass_CY5L_041707a3,620,577,204,1557,0.158274,0.730153,3;6,564,0.912142,0.953586,0.952703,0.912903,564,0.950467,0.974138,0.973253,0.951261,598,0.940323,0.969244,0.957307,0.940323,555,0.939341,0.968722,0.957597,0.939341,0.821082,0.902098,0.832258,0.818403,0.900376,0.830156,0.853884,0.829537,0.903226,0.850188,0.826014,0.901042,NaN,NaN,NaN,NaN,NaN,NaN,0.609245,7.632352941,48.22240508,512,16,10356.30617,0.059866905,6.632352941,41.90424796
simvarmass_CY5L_04cdf185,1968,1854,161,1617,0.149579,0.558991,3;6,1753,0.890752,0.94222,0.94222,0.890752,1753,0.933937,0.96584,0.96584,0.933937,1840,0.922256,0.959556,0.953256,0.922256,1723,0.920173,0.958427,0.953872,0.920173,0.796435,0.887518,0.80437,0.804468,0.892444,0.812837,0.811332,0.799894,0.864837,0.81429,0.802476,0.866703,0.617284,0.753006,0.620427,0.609828,0.748182,0.612554,0.690904,10.04347826,67.1449753,512,16,10356.30617,0.190029144,9.043478261,60.45954486
simvarmass_CY5L_06ba1502,1120,1059,189,1655,0.181903,0.514683,3;6,1270,0.922292,0.958701,0.864435,0.922321,1270,0.958226,0.977757,0.879898,0.958256,1074,0.945536,0.972006,0.96536,0.945536,1014,0.946176,0.972344,0.966715,0.946176,0.790858,0.877859,0.80625,0.790021,0.877121,0.806421,0.874649,0.841783,0.91875,0.879285,0.846331,0.919811,NaN,NaN,NaN,NaN,NaN,NaN,0.647634,8.756613757,48.13891886,512,16,10356.30617,0.108146667,7.756613757,42.64148341
simvarmass_CY5L_07960359,2521,2381,196,1503,0.144473,0.714961,3;6,2222,0.880008,0.935695,0.935695,0.880206,2222,0.918633,0.957084,0.957084,0.918841,2271,0.893296,0.943641,0.9399,0.893296,2144,0.893742,0.94389,0.940552,0.893742,0.813991,0.898331,0.821896,0.819291,0.90135,0.826963,0.714547,0.732352,0.768346,0.715306,0.733899,0.76752,0.518908,0.674371,0.520825,0.516094,0.672494,0.517662,0.690733,7.668367347,53.07820386,512,16,10356.30617,0.243426561,6.668367347,46.15649531
simvarmass_CY5L_07ecb936,2038,1926,153,1526,0.178653,0.667905,3;6,1796,0.876507,0.933751,0.933751,0.878312,1796,0.916062,0.955686,0.955686,0.917949,1851,0.89843,0.946498,0.94163,0.89843,1749,0.899273,0.946966,0.942585,0.899273,0.777073,0.874022,0.795388,0.78227,0.877133,0.801142,0.793368,0.790419,0.845437,0.795277,0.793738,0.845954,NaN,NaN,NaN,NaN,NaN,NaN,0.697175,9.973856209,55.8280925,512,16,10356.30617,0.196788311,8.973856209,50.23064941
simvarmass_CY5L_088d2413,986,928,184,1661,0.102284,0.620002,3;6,924,0.927849,0.962145,0.958115,0.927992,924,0.968105,0.983342,0.979133,0.968254,969,0.965517,0.982456,0.973913,0.965517,909,0.963362,0.981339,0.973326,0.963362,0.827822,0.906681,0.832657,0.835459,0.911215,0.840517,0.842396,0.822382,0.894523,0.846141,0.823721,0.89774,0.591658,0.727612,0.597363,0.596299,0.733289,0.600432,0.648228,9.027173913,88.25597271,512,16,10356.30617,0.095207691,8.027173913,78.47927255
simvarmass_CY5L_08a8e0d5,1434,1349,201,1529,0.093953,0.709315,3;6,1292,0.898866,0.945708,0.945708,0.898884,1292,0.936755,0.966267,0.966267,0.936773,1340,0.92887,0.963124,0.960346,0.92887,1256,0.927407,0.962337,0.96086,0.927407,0.7897,0.882737,0.801255,0.791955,0.884082,0.803558,0.824053,0.811024,0.878661,0.822884,0.809867,0.878428,NaN,NaN,NaN,NaN,NaN,NaN,0.693858,7.606965174,80.96564425,512,16,10356.30617,0.138466358,6.606965174,70.32202457
simvarmass_CY5L_08c1fcc9,736,692,199,1699,0.095827,0.519212,3;6,920,0.925272,0.961186,0.822464,0.925272,920,0.968706,0.984104,0.839187,0.968706,716,0.961957,0.980609,0.975207,0.961957,670,0.960983,0.980103,0.976505,0.960983,0.801609,0.895742,0.828804,0.800566,0.895476,0.82948,0.868234,0.807531,0.9375,0.865984,0.805617,0.936416,0.70085,0.801865,0.710598,0.701279,0.805302,0.710564,0.648726,8.537688442,89.09481088,512,16,10356.30617,0.07106781,7.537688442,78.65933862
simvarmass_CY5L_08f3289c,1631,1533,208,1565,0.16147,0.644506,3;6,1507,0.908645,0.952136,0.944551,0.908645,1507,0.954897,0.976928,0.968944,0.954897,1567,0.940527,0.969352,0.95935,0.940527,1464,0.943901,0.971141,0.965632,0.943901,0.832881,0.908849,0.837523,0.844403,0.915612,0.849315,0.799326,0.795958,0.847333,0.804828,0.797924,0.851924,NaN,NaN,NaN,NaN,NaN,NaN,0.647063,7.524038462,46.59712926,512,16,10356.30617,0.157488585,6.524038462,40.40402837
simvarmass_CY5L_093ec882,1384,1302,163,1601,0.138711,0.605573,3;6,1233,0.888707,0.940727,0.940008,0.888728,1233,0.938192,0.967742,0.966981,0.938215,1284,0.919075,0.957831,0.953523,0.919075,1209,0.922427,0.959648,0.956591,0.922427,0.807645,0.892137,0.815751,0.816407,0.897157,0.824117,0.841411,0.822416,0.890173,0.843618,0.822394,0.893241,0.585324,0.725893,0.587428,0.579052,0.720997,0.581216,0.673884,9.82208589,70.80971148,512,16,10356.30617,0.133638382,8.82208589,63.6004779
simvarmass_CY5L_0a302ca1,41,38,162,1551,0.112186,0.744674,3;6,21,0.536585,0.698413,0.677419,0.536585,21,0.578947,0.733333,0.711864,0.578947,25,0.609756,0.757576,0.757576,0.609756,22,0.578947,0.733333,0.733333,0.578947,0.570325,0.727273,0.585366,0.537738,0.7,0.552632,0.554813,0.666667,0.609756,0.51592,0.636364,0.578947,NaN,NaN,NaN,NaN,NaN,NaN,0.629846,9.574074074,85.34107709,512,16,10356.30617,0.003958941,8.574074074,76.42730888
simvarmass_CY5L_0ad43798,1349,1287,169,1664,0.165125,0.650456,3;6,1244,0.920674,0.958333,0.957964,0.920682,1244,0.950259,0.974118,0.973736,0.950268,1267,0.930319,0.963902,0.95948,0.930319,1203,0.931624,0.964602,0.963052,0.931624,0.808728,0.895994,0.820608,0.808134,0.895674,0.820513,0.823879,0.807736,0.876205,0.826097,0.808409,0.877234,0.58038,0.720663,0.582654,0.577089,0.718992,0.579316,0.660466,9.846153846,59.62848658,512,16,10356.30617,0.130258799,8.846153846,53.57246841
simvarmass_CY5L_0b18a890,1119,1056,204,1503,0.166613,0.523192,3;6,2648,0.909739,0.952247,0.540483,0.909741,2648,0.950512,0.974138,0.547459,0.950514,1072,0.9437,0.971034,0.963943,0.9437,1002,0.940341,0.969253,0.965015,0.940341,0.819585,0.900196,0.823056,0.823995,0.902792,0.827652,0.825307,0.803704,0.878463,0.824662,0.805093,0.876894,NaN,NaN,NaN,NaN,NaN,NaN,0.620185,7.367647059,44.22012123,512,16,10356.30617,0.108050108,6.367647059,38.21818861
simvarmass_CY5L_0d37d952,1261,1200,156,1686,0.121028,0.577119,3;6,1166,0.92387,0.960429,0.960033,0.92387,1166,0.958059,0.97858,0.97817,0.958059,1201,0.940523,0.96935,0.963444,0.940523,1137,0.939167,0.968629,0.964484,0.939167,0.799733,0.888889,0.812054,0.797915,0.887671,0.81,0.860987,0.8226,0.915147,0.860409,0.822701,0.914238,0.63303,0.758361,0.638382,0.630928,0.757968,0.636288,0.679395,10.80769231,89.29910688,512,16,10356.30617,0.12176156,9.807692308,81.03655607
simvarmass_CY5L_10670cf2,1113,1058,204,1669,0.068819,0.603524,3;6,1014,0.909742,0.952515,0.952515,0.910153,1014,0.943656,0.970771,0.970771,0.944082,1052,0.937107,0.967532,0.96351,0.937107,992,0.934844,0.966325,0.965383,0.934844,0.821616,0.901695,0.836478,0.820488,0.901121,0.835539,0.850146,0.802759,0.917341,0.847123,0.799807,0.915958,NaN,NaN,NaN,NaN,NaN,NaN,0.692547,8.181372549,118.8824678,512,16,10356.30617,0.107470751,7.181372549,104.3515969
simvarmass_CY5L_107b9d3d,1058,991,202,1631,0.051432,0.66977,3;6,963,0.909263,0.952475,0.952004,0.909263,963,0.957214,0.978139,0.977642,0.957214,1011,0.950851,0.974806,0.97245,0.950851,944,0.948537,0.973589,0.971576,0.948537,0.794699,0.886705,0.810019,0.797176,0.888154,0.81332,0.869543,0.833488,0.920605,0.873908,0.837209,0.924319,0.589524,0.725643,0.591682,0.596353,0.734564,0.597573,0.694543,8.074257426,156.988984,512,16,10356.30617,0.102159977,7.074257426,137.5458358
simvarmass_CY5L_10eeafd5,1466,1395,187,1738,0.191914,0.564188,3;6,1347,0.912002,0.953638,0.950587,0.912005,1347,0.94621,0.97201,0.968841,0.946214,1391,0.935198,0.966514,0.959748,0.935198,1320,0.936201,0.967049,0.962063,0.936201,0.80618,0.890462,0.816508,0.81214,0.893833,0.822222,0.829209,0.812391,0.888131,0.827514,0.8117,0.886022,NaN,NaN,NaN,NaN,NaN,NaN,0.651152,9.294117647,48.4285547,512,16,10356.30617,0.141556263,8.294117647,43.21788742
simvarmass_CY5L_10f3bb0a,1030,972,198,1534,0.137705,0.660599,3;6,1145,0.929126,0.962777,0.88,0.929126,1145,0.968623,0.983556,0.897328,0.968623,1016,0.957282,0.978175,0.963832,0.957282,953,0.955761,0.97738,0.965195,0.955761,0.819794,0.904339,0.839806,0.822416,0.905368,0.841564,0.864597,0.823194,0.92233,0.863096,0.821159,0.919753,0.605998,0.743195,0.609709,0.604319,0.74398,0.60766,0.645984,7.747474747,56.26139027,512,16,10356.30617,0.09945631,6.747474747,48.99948983
simvarmass_CY5L_11169287,738,682,209,1551,0.125772,0.508574,3;6,2248,0.922531,0.958421,0.456129,0.922764,2248,0.975398,0.986222,0.462322,0.975645,728,0.95664,0.977839,0.963165,0.95664,675,0.966276,0.982849,0.97126,0.966276,0.795081,0.887251,0.815718,0.803531,0.892235,0.825513,0.860713,0.808973,0.929539,0.865728,0.812112,0.935484,NaN,NaN,NaN,NaN,NaN,NaN,0.64814,7.421052632,59.00401227,512,16,10356.30617,0.071260929,6.421052632,51.053117
simvarmass_CY5L_1134940f,1885,1766,157,1718,0.142844,0.591685,3;6,1693,0.897064,0.945485,0.945221,0.897082,1693,0.941518,0.96961,0.969332,0.941537,1750,0.924668,0.96086,0.95901,0.924668,1642,0.926387,0.961787,0.960094,0.926387,0.794838,0.888049,0.81008,0.797727,0.890059,0.813703,0.810696,0.788546,0.864191,0.810406,0.788394,0.8641,0.581977,0.723334,0.584615,0.581627,0.722612,0.584327,0.694489,10.94267516,76.60577385,512,16,10356.30617,0.182014704,9.942675159,69.60512979
simvarmass_CY5L_12ac335e,1250,1182,175,1585,0.140362,0.702481,3;6,1141,0.907999,0.951342,0.949394,0.908,1141,0.945044,0.971306,0.969257,0.945046,1179,0.9384,0.968221,0.96583,0.9384,1109,0.935702,0.966783,0.965517,0.935702,0.797867,0.885714,0.8192,0.794633,0.883486,0.815567,0.832004,0.805578,0.8904,0.830324,0.804168,0.887479,NaN,NaN,NaN,NaN,NaN,NaN,0.676774,9.057142857,64.52702909,512,16,10356.30617,0.120699406,8.057142857,57.4025937
simvarmass_CY5L_13e08ce8,1868,1777,175,1709,0.196356,0.701512,3;6,1642,0.875633,0.932764,0.932764,0.876338,1642,0.913278,0.953685,0.953685,0.914015,1684,0.895075,0.944633,0.941441,0.895075,1596,0.893641,0.943834,0.941595,0.893641,0.756769,0.857227,0.781049,0.760776,0.859981,0.783905,0.788799,0.786435,0.841006,0.787089,0.784406,0.838873,0.581908,0.721745,0.584582,0.582331,0.723776,0.584746,0.685611,9.765714286,49.73473836,512,16,10356.30617,0.180373192,8.765714286,44.64194772
simvarmass_CY5L_14bcf616,642,609,209,1655,0.108683,0.568626,3;6,2046,0.91682,0.954619,0.438244,0.917445,2046,0.949352,0.971947,0.44186,0.95,616,0.948598,0.973621,0.968203,0.948598,580,0.945813,0.972152,0.968881,0.945813,0.785242,0.87809,0.802181,0.785391,0.878706,0.802956,0.863067,0.81952,0.928349,0.859426,0.816092,0.926108,NaN,NaN,NaN,NaN,NaN,NaN,0.646064,7.918660287,72.86015556,512,16,10356.30617,0.061991215,6.918660287,63.65908456
simvarmass_CY5L_14dede87,193,184,157,1617,0.11946,0.695443,3;6,122,0.865285,0.927778,0.774603,0.865285,122,0.893048,0.943503,0.789644,0.893048,171,0.88601,0.93956,0.93956,0.88601,163,0.88587,0.939481,0.939481,0.88587,0.795173,0.885714,0.803109,0.790855,0.882883,0.798913,0.81786,0.784211,0.875648,0.81139,0.779006,0.869565,0.59825,0.732484,0.601036,0.600881,0.74,0.603261,0.614048,10.29936306,86.21599747,512,16,10356.30617,0.018635988,9.299363057,77.84499462
simvarmass_CY5L_150a2128,1617,1530,206,1505,0.185393,0.612693,3;6,1481,0.899414,0.946307,0.939316,0.899814,1481,0.935876,0.966113,0.958814,0.936293,1509,0.918986,0.957783,0.950736,0.918986,1423,0.918301,0.957411,0.951575,0.918301,0.80522,0.888739,0.816945,0.809365,0.891258,0.821452,0.81818,0.807006,0.871367,0.821217,0.806971,0.875245,NaN,NaN,NaN,NaN,NaN,NaN,0.65588,7.305825243,39.40723351,512,16,10356.30617,0.156136751,6.305825243,34.0132866
simvarmass_CY5L_1562ae4c,1874,1776,184,1542,0.083966,0.692542,3;6,1682,0.894715,0.943195,0.943195,0.894877,1682,0.930464,0.962687,0.962687,0.930633,1719,0.912487,0.954241,0.951851,0.912487,1632,0.914977,0.955601,0.953638,0.914977,0.783739,0.879089,0.803095,0.79048,0.883165,0.810811,0.797796,0.788216,0.851121,0.798022,0.787309,0.851914,NaN,NaN,NaN,NaN,NaN,NaN,0.720037,8.380434783,99.80747901,512,16,10356.30617,0.180952549,7.380434783,87.89789656
simvarmass_CY5L_167c7182,327,308,173,1656,0.107847,0.534918,3;6,269,0.937238,0.966929,0.899329,0.938838,269,0.982297,0.990323,0.922547,0.983974,332,0.984709,0.992296,0.977238,0.984709,311,0.983766,0.991817,0.978998,0.983766,0.791088,0.882255,0.813456,0.791839,0.88225,0.814935,0.906432,0.824261,0.975535,0.904715,0.82314,0.974026,0.767382,0.846667,0.776758,0.77044,0.852575,0.779221,0.648434,9.572254335,88.7577247,512,16,10356.30617,0.031574965,8.572254335,79.48532954
simvarmass_CY5L_16a81823,670,638,172,1588,0.132016,0.551837,3;6,2524,0.91194,0.953942,0.382592,0.91194,2524,0.941448,0.969841,0.385124,0.941448,637,0.937313,0.967643,0.960979,0.937313,599,0.935737,0.966802,0.965238,0.935737,0.814904,0.899919,0.825373,0.813419,0.899145,0.824451,0.861899,0.831668,0.908955,0.86296,0.833603,0.909091,NaN,NaN,NaN,NaN,NaN,NaN,0.621397,9.23255814,69.93514528,512,16,10356.30617,0.064694881,8.23255814,62.36030587
simvarmass_CY5L_190a4024,1316,1249,188,1616,0.164643,0.696769,3;6,1284,0.918195,0.956832,0.93,0.918693,1284,0.954459,0.976162,0.948235,0.954976,1255,0.943769,0.971071,0.966161,0.943769,1182,0.940753,0.969472,0.96668,0.940753,0.827657,0.905863,0.833587,0.829531,0.907037,0.835869,0.821617,0.803628,0.871581,0.824794,0.808475,0.871898,0.537378,0.683978,0.540274,0.530318,0.679265,0.53328,0.639477,8.595744681,52.20838226,512,16,10356.30617,0.127072334,7.595744681,46.13463482
simvarmass_CY5L_1a06e206,1127,1066,155,1554,0.082518,0.50667,3;6,1021,0.905057,0.949721,0.949721,0.905058,1021,0.944444,0.970966,0.970966,0.944444,1052,0.93079,0.964154,0.962827,0.93079,1001,0.93621,0.967054,0.965651,0.93621,0.774341,0.872798,0.791482,0.787782,0.880206,0.803002,0.84239,0.812065,0.901508,0.846564,0.815068,0.904315,NaN,NaN,NaN,NaN,NaN,NaN,0.704936,10.02580645,121.4984179,512,16,10356.30617,0.108822584,9.025806452,109.3798499
simvarmass_CY5L_1ac1b13a,1515,1425,184,1510,0.104052,0.597161,3;6,1356,0.893502,0.943225,0.943225,0.893729,1356,0.934199,0.965419,0.965419,0.934438,1392,0.914851,0.955533,0.95356,0.914851,1309,0.915789,0.956044,0.954645,0.915789,0.77239,0.870709,0.786799,0.777775,0.873937,0.792982,0.820127,0.797771,0.880528,0.82474,0.800139,0.884912,NaN,NaN,NaN,NaN,NaN,NaN,0.699743,8.206521739,78.86942816,512,16,10356.30617,0.14628768,7.206521739,69.25884884
simvarmass_CY5L_1c94f091,1790,1689,156,1549,0.068496,0.617844,3;6,1636,0.907555,0.949796,0.949796,0.908939,1636,0.950014,0.972504,0.972504,0.951462,1674,0.926816,0.962018,0.957852,0.926816,1579,0.927176,0.962212,0.958384,0.927176,0.785191,0.880438,0.80838,0.789826,0.883317,0.813499,0.831251,0.80779,0.886034,0.832795,0.809524,0.886323,NaN,NaN,NaN,NaN,NaN,NaN,0.747288,9.929487179,144.9644823,512,16,10356.30617,0.172841549,8.929487179,130.3650896
simvarmass_CY5L_1c9c6a5f,706,675,203,1561,0.052115,0.545183,3;6,670,0.933427,0.964861,0.957849,0.933428,670,0.962043,0.979926,0.972694,0.962044,681,0.956088,0.976812,0.973324,0.956091,648,0.954072,0.975721,0.973545,0.954074,0.776219,0.87703,0.803116,0.780516,0.879742,0.807407,0.873233,0.81984,0.936261,0.872559,0.819572,0.934815,0.671163,0.788686,0.675637,0.670431,0.787511,0.675074,0.689711,7.689655172,147.5516679,512,16,10356.30617,0.068171024,6.689655172,128.3633344
simvarmass_CY5L_1d398611,1100,1052,164,1502,0.109747,0.501443,3;6,1011,0.919091,0.95784,0.95784,0.919091,1011,0.952875,0.975869,0.975869,0.952875,1053,0.95,0.974359,0.970739,0.95,1005,0.95057,0.974659,0.97229,0.95057,0.803121,0.890656,0.815455,0.80429,0.891429,0.81654,0.869676,0.834239,0.922727,0.868969,0.833168,0.922053,NaN,NaN,NaN,NaN,NaN,NaN,0.675802,9.158536585,83.45136164,512,16,10356.30617,0.106215477,8.158536585,74.33949525
simvarmass_CY5L_1dc6dcaa,367,343,184,1571,0.081097,0.738572,3;6,244,0.891008,0.942363,0.798691,0.891008,244,0.942363,0.970326,0.825719,0.942363,349,0.940054,0.969101,0.963687,0.940054,323,0.93586,0.966867,0.963964,0.93586,0.814627,0.900741,0.828338,0.82206,0.905363,0.836735,0.845868,0.835007,0.882834,0.838738,0.831008,0.874636,0.617589,0.74958,0.621253,0.607342,0.741818,0.611111,0.621174,8.538043478,105.2818659,512,16,10356.30617,0.035437346,7.538043478,92.95095353
simvarmass_CY5L_1e495a5d,77,74,179,1721,0.125023,0.524728,3;6,56,0.87013,0.930556,0.842105,0.87013,56,0.881579,0.937063,0.848485,0.881579,70,0.883117,0.937931,0.92517,0.883117,65,0.878378,0.935252,0.935252,0.878378,0.805195,0.892086,0.805195,0.810811,0.895522,0.810811,0.794496,0.845638,0.831169,0.792369,0.851064,0.824324,NaN,NaN,NaN,NaN,NaN,NaN,0.578017,9.61452514,76.90205114,512,16,10356.30617,0.007435083,8.61452514,68.90352287
simvarmass_CY5L_1f0383ed,643,596,160,1637,0.171313,0.717579,3;6,582,0.911489,0.95114,0.950204,0.912908,582,0.960799,0.977406,0.97651,0.962295,617,0.944012,0.9712,0.963492,0.944012,576,0.957983,0.978541,0.973527,0.957983,0.813947,0.896082,0.81804,0.826164,0.903285,0.830537,0.840991,0.808847,0.898911,0.857805,0.818588,0.911074,0.588922,0.716839,0.592535,0.58819,0.721244,0.590219,0.606457,10.23125,59.72255462,512,16,10356.30617,0.062087774,9.23125,53.885286
simvarmass_CY5L_1f2b45f8,1357,1271,201,1579,0.075924,0.635238,3;6,1198,0.88283,0.937769,0.937769,0.88283,1198,0.930124,0.963797,0.963797,0.930124,1251,0.917465,0.956956,0.954755,0.917465,1168,0.918175,0.957342,0.95695,0.918175,0.814009,0.896803,0.817244,0.821137,0.901033,0.824548,0.834853,0.822861,0.878408,0.83333,0.820202,0.877358,NaN,NaN,NaN,NaN,NaN,NaN,0.67501,7.855721393,103.4682234,512,16,10356.30617,0.131031275,6.855721393,90.29715759
simvarmass_CY5L_1f939cf0,1747,1639,166,1546,0.167687,0.631648,3;6,1579,0.903835,0.949489,0.949489,0.903835,1579,0.947779,0.97319,0.97319,0.947779,1640,0.930738,0.964127,0.960142,0.930738,1536,0.931666,0.964624,0.96189,0.931666,0.820553,0.902279,0.827705,0.824351,0.904683,0.831605,0.794765,0.78003,0.852891,0.798503,0.782469,0.8554,0.563282,0.709143,0.565541,0.562042,0.707373,0.564447,0.664363,9.313253012,55.53950522,512,16,10356.30617,0.168689489,8.313253012,49.57601372
simvarmass_CY5L_201f7a2d,422,405,178,1600,0.097457,0.588157,3;6,399,0.945498,0.971985,0.971985,0.945498,399,0.970803,0.985185,0.985185,0.970803,414,0.971564,0.985577,0.980861,0.971564,395,0.97037,0.984962,0.9825,0.97037,0.842544,0.913265,0.848341,0.840937,0.912234,0.846914,0.884076,0.859206,0.917062,0.882183,0.859296,0.91358,NaN,NaN,NaN,NaN,NaN,NaN,0.619039,8.988764045,92.23312892,512,16,10356.30617,0.040748119,7.988764045,81.97219333
simvarmass_CY5L_22977c18,716,688,199,1663,0.091126,0.591528,3;6,766,0.939939,0.9683,0.908232,0.939944,766,0.962799,0.980306,0.918771,0.962804,685,0.952514,0.97568,0.97359,0.952514,656,0.950581,0.974665,0.973214,0.950581,0.806177,0.888048,0.819832,0.811363,0.890637,0.822674,0.867487,0.815241,0.935754,0.866592,0.814981,0.934688,0.668807,0.788235,0.670391,0.666032,0.786219,0.667643,0.671612,8.35678392,91.70581305,512,16,10356.30617,0.06913662,7.35678392,80.73199657
simvarmass_CY5L_22d33ae7,1592,1513,203,1690,0.16836,0.672614,3;6,1460,0.914484,0.954754,0.954128,0.914573,1460,0.95092,0.974239,0.973587,0.951012,1503,0.935302,0.966569,0.962197,0.935302,1429,0.937211,0.967588,0.96397,0.937211,0.819736,0.900445,0.826633,0.823606,0.903017,0.8308,0.809043,0.794476,0.863065,0.811476,0.795439,0.863186,NaN,NaN,NaN,NaN,NaN,NaN,0.654007,8.325123153,49.44834374,512,16,10356.30617,0.153722763,7.325123153,43.50869062
simvarmass_CY5L_237f4c72,2510,2350,169,1625,0.059236,0.651353,3;6,2221,0.8844,0.938491,0.938491,0.884462,2221,0.929193,0.963124,0.963124,0.929259,2283,0.904781,0.95001,0.947632,0.904781,2139,0.907234,0.951361,0.949877,0.907234,0.79402,0.885827,0.807171,0.799753,0.889458,0.813271,0.787401,0.780301,0.843825,0.789383,0.78084,0.845663,NaN,NaN,NaN,NaN,NaN,NaN,0.749829,9.615384615,162.3233273,512,16,10356.30617,0.242364407,8.615384615,145.4417013
simvarmass_CY5L_2554166f,363,346,176,1533,0.090636,0.661585,3;6,324,0.894928,0.943231,0.943231,0.895317,324,0.922894,0.95858,0.95858,0.923295,337,0.92562,0.961373,0.96,0.92562,319,0.921965,0.959398,0.959398,0.921965,0.768018,0.86758,0.785124,0.762246,0.864,0.780347,0.835474,0.775811,0.911846,0.83203,0.77266,0.910145,0.66702,0.782051,0.672176,0.657786,0.776831,0.662791,0.65974,8.710227273,96.10118797,512,16,10356.30617,0.035051107,7.710227273,85.06804441
simvarmass_CY5L_258ca893,2390,2266,208,1528,0.083175,0.722025,3;6,2092,0.872222,0.930388,0.930388,0.872385,2092,0.907931,0.950319,0.950319,0.908101,2128,0.884519,0.938485,0.935812,0.884519,2012,0.883054,0.937676,0.935484,0.883054,0.763305,0.864877,0.782427,0.765656,0.865643,0.78376,0.767785,0.767315,0.819247,0.764822,0.76434,0.816498,NaN,NaN,NaN,NaN,NaN,NaN,0.728221,7.346153846,88.3216573,512,16,10356.30617,0.230777264,6.346153846,76.2988139
simvarmass_CY5L_25a36c92,1200,1134,190,1667,0.051198,0.730114,3;6,1103,0.915112,0.954407,0.954407,0.915833,1103,0.952414,0.974291,0.974291,0.953166,1126,0.936667,0.967298,0.966466,0.936667,1069,0.940917,0.969559,0.968679,0.940917,0.805416,0.894618,0.824167,0.809251,0.896947,0.828924,0.838505,0.807658,0.898333,0.839867,0.809052,0.898589,NaN,NaN,NaN,NaN,NaN,NaN,0.717797,8.773684211,171.3677138,512,16,10356.30617,0.115871429,7.773684211,151.8357008
simvarmass_CY5L_26f50e87,85,81,182,1589,0.15254,0.628809,3;6,67,0.941176,0.969697,0.881579,0.941176,67,0.97561,0.987654,0.899329,0.97561,87,0.976471,0.988095,0.965116,0.976471,82,0.975309,0.9875,0.969325,0.975309,0.74657,0.862745,0.776471,0.734767,0.855172,0.765432,0.895118,0.828729,0.952941,0.890041,0.825581,0.950617,NaN,NaN,NaN,NaN,NaN,NaN,0.575628,8.730769231,57.23593307,512,16,10356.30617,0.00820756,7.730769231,50.68027554
simvarmass_CY5L_28d950c6,2052,1953,191,1740,0.165214,0.738989,3;6,1848,0.900585,0.947692,0.947692,0.900585,1848,0.93475,0.966275,0.966275,0.93475,1890,0.91423,0.955193,0.951801,0.91423,1789,0.91193,0.953937,0.951897,0.91193,0.822071,0.902023,0.826511,0.824875,0.903658,0.829493,0.766323,0.765263,0.817251,0.765868,0.766116,0.815763,0.527501,0.678922,0.52924,0.526678,0.678078,0.528476,0.670503,9.109947644,55.14028862,512,16,10356.30617,0.198140144,8.109947644,49.0875328
simvarmass_CY5L_2c4ec817,2084,1974,186,1613,0.198705,0.618026,3;6,1850,0.886755,0.939502,0.939502,0.886756,1850,0.923076,0.959502,0.959502,0.923077,1906,0.90499,0.950126,0.945363,0.90499,1798,0.903797,0.949468,0.946197,0.903797,0.766607,0.865569,0.783109,0.770555,0.868178,0.786727,0.776375,0.778599,0.830614,0.776814,0.780317,0.830208,NaN,NaN,NaN,NaN,NaN,NaN,0.679981,8.672043011,43.6428022,512,16,10356.30617,0.201230049,7.672043011,38.6102162
simvarmass_CY5L_2cbc3d23,206,199,203,1685,0.08939,0.521489,3;6,200,0.970874,0.985222,0.985222,0.970874,200,1,1,1,1,215,0.995146,0.997567,0.973872,0.995146,205,0.994975,0.997481,0.980198,0.994975,0.853077,0.919481,0.864078,0.858106,0.922252,0.869347,0.908754,0.829384,0.980583,0.917281,0.836782,0.984925,0.782544,0.851648,0.786408,0.79158,0.86119,0.79397,0.608398,8.300492611,92.8570602,512,16,10356.30617,0.019891262,7.300492611,81.67012653
simvarmass_CY5L_2ee74e9f,455,411,203,1603,0.11199,0.737143,3;6,413,0.91133,0.952819,0.951613,0.912088,413,0.975659,0.986889,0.98568,0.976471,449,0.973626,0.986637,0.980088,0.973626,403,0.970803,0.985185,0.980344,0.970803,0.788412,0.887839,0.828571,0.793822,0.888889,0.829684,0.87874,0.822989,0.940659,0.882104,0.825921,0.939173,NaN,NaN,NaN,NaN,NaN,NaN,0.627523,7.896551724,70.51122175,512,16,10356.30617,0.043934584,6.896551724,61.58185306
simvarmass_CY5L_30cb6637,2077,1956,195,1692,0.114699,0.521667,3;6,1864,0.897448,0.945953,0.945953,0.897448,1864,0.940939,0.969571,0.969571,0.940939,1937,0.92441,0.960721,0.956652,0.92441,1818,0.924847,0.960956,0.958665,0.924847,0.822559,0.903564,0.830043,0.829626,0.907982,0.837423,0.794153,0.785751,0.850265,0.797401,0.790976,0.851151,0.61652,0.753521,0.618199,0.617123,0.755166,0.618779,0.688769,8.676923077,75.64950938,512,16,10356.30617,0.200554132,7.676923077,66.93103756
simvarmass_CY5L_32a3aeb6,2161,2049,181,1672,0.146721,0.658507,3;6,1922,0.887432,0.939505,0.939505,0.887552,1922,0.921105,0.958042,0.958042,0.92123,1983,0.90236,0.948674,0.94112,0.90236,1874,0.900439,0.947612,0.940607,0.900439,0.775931,0.873089,0.793151,0.780419,0.875971,0.798438,0.793111,0.791214,0.844516,0.792426,0.791049,0.843979,NaN,NaN,NaN,NaN,NaN,NaN,0.704232,9.237569061,62.96010156,512,16,10356.30617,0.208665133,8.237569061,56.14444463
simvarmass_CY5L_33842744,2381,2250,173,1618,0.063676,0.588916,3;6,2122,0.890718,0.942039,0.942039,0.890802,2122,0.930175,0.963653,0.963653,0.930263,2186,0.913902,0.955014,0.952923,0.913902,2055,0.911111,0.953488,0.952381,0.911111,0.819232,0.898856,0.824864,0.826115,0.902727,0.831111,0.786892,0.784093,0.839563,0.786402,0.783726,0.838294,NaN,NaN,NaN,NaN,NaN,NaN,0.734106,9.352601156,146.8779628,512,16,10356.30617,0.229908228,8.352601156,131.1734587
simvarmass_CY5L_340e180a,2205,2086,196,1633,0.068512,0.677314,3;6,1956,0.887075,0.940159,0.940159,0.887075,1956,0.92526,0.961179,0.961179,0.92526,17005,0.905669,0.9505,0.207913,0.905669,15641,0.902685,0.948854,0.212444,0.902685,0.808997,0.893204,0.813605,0.815025,0.897167,0.819751,0.78771,0.778553,0.841723,0.786958,0.777552,0.840288,NaN,NaN,NaN,NaN,NaN,NaN,0.720292,8.331632653,121.6083701,512,16,10356.30617,0.212913752,7.331632653,107.0123869
simvarmass_CY5L_3411b650,1251,1200,166,1567,0.075008,0.507157,3;6,1154,0.922462,0.959667,0.959667,0.922462,1154,0.950577,0.974662,0.974662,0.950577,1187,0.942446,0.97037,0.967186,0.942446,1136,0.9425,0.970399,0.968322,0.9425,0.811979,0.898513,0.820943,0.817618,0.902228,0.826667,0.853504,0.825994,0.898481,0.852322,0.826358,0.89658,NaN,NaN,NaN,NaN,NaN,NaN,0.683476,9.439759036,125.8500298,512,16,10356.30617,0.120795965,8.439759036,112.5181185
simvarmass_CY5L_3417dfb5,1726,1638,157,1553,0.123655,0.696507,3;6,1561,0.903803,0.949194,0.949194,0.903824,1561,0.939738,0.968643,0.968643,0.939759,1602,0.919467,0.958044,0.953726,0.919467,1513,0.918193,0.957352,0.954618,0.918193,0.811989,0.895268,0.822711,0.810853,0.894877,0.821734,0.802525,0.796903,0.858053,0.79898,0.794727,0.855311,0.561485,0.708517,0.563152,0.55826,0.707525,0.559902,0.696531,9.891719745,79.99449877,512,16,10356.30617,0.166661739,8.891719745,71.90748247
simvarmass_CY5L_34ee1647,2272,2128,165,1715,0.111328,0.532045,3;6,1997,0.877877,0.934645,0.934645,0.878081,1997,0.920839,0.958443,0.958443,0.921053,2075,0.90757,0.951546,0.9487,0.90757,1938,0.906999,0.951232,0.949594,0.906999,0.78791,0.882482,0.794894,0.798071,0.8886,0.804041,0.791593,0.78986,0.836268,0.795831,0.793043,0.839756,NaN,NaN,NaN,NaN,NaN,NaN,0.70904,10.39393939,93.36320956,512,16,10356.30617,0.21938324,9.393939394,84.38074333
simvarmass_CY5L_35a74d8f,1070,1020,183,1513,0.157742,0.697424,3;6,1033,0.915864,0.955588,0.932002,0.915888,1033,0.954211,0.976072,0.951456,0.954236,1012,0.942991,0.970659,0.96926,0.942991,966,0.944118,0.971256,0.969789,0.944118,0.80625,0.889561,0.824299,0.809318,0.891235,0.827451,0.834855,0.807459,0.895327,0.83671,0.810311,0.896282,NaN,NaN,NaN,NaN,NaN,NaN,0.653866,8.267759563,52.41317825,512,16,10356.30617,0.103318691,7.267759563,46.07371254
simvarmass_CY5L_3ac13591,2264,2125,169,1611,0.078726,0.577753,3;6,2030,0.896643,0.945505,0.945505,0.896643,2030,0.941122,0.969668,0.969668,0.941122,18025,0.921378,0.95908,0.205629,0.921378,16641,0.922353,0.959608,0.208888,0.922353,0.831653,0.909178,0.837898,0.836693,0.912147,0.842824,0.793702,0.782321,0.847615,0.796628,0.784836,0.849483,NaN,NaN,NaN,NaN,NaN,NaN,0.719344,9.532544379,121.0850847,512,16,10356.30617,0.218610764,8.532544379,108.3828008
simvarmass_CY5L_3baeb3a0,566,537,184,1720,0.142755,0.643562,3;6,535,0.946992,0.971844,0.971844,0.946996,535,0.979885,0.988909,0.988909,0.97989,558,0.977032,0.988382,0.983986,0.977032,526,0.975791,0.987747,0.985889,0.975791,0.848578,0.916981,0.858657,0.849951,0.917577,0.860335,0.883208,0.834275,0.931095,0.882876,0.835821,0.929236,0.638983,0.755274,0.646643,0.646777,0.760656,0.653631,0.618629,9.347826087,65.48160195,512,16,10356.30617,0.054652691,8.347826087,58.47659337
simvarmass_CY5L_3c3d0b00,47,45,187,1637,0.058273,0.71967,3;6,39,0.829787,0.906977,0.906977,0.829787,39,0.866667,0.928571,0.928571,0.866667,41,0.87234,0.931818,0.931818,0.87234,39,0.866667,0.928571,0.928571,0.866667,0.765957,0.86747,0.765957,0.777778,0.875,0.777778,0.817915,0.847826,0.893617,0.80831,0.840909,0.888889,0.744106,0.839506,0.744681,0.732698,0.831169,0.733333,0.630102,8.754010695,150.2241294,512,16,10356.30617,0.004538298,7.754010695,133.0635233
simvarmass_CY5L_3ce660ee,1288,1212,176,1705,0.126732,0.677295,3;6,1206,0.935212,0.966319,0.966319,0.935559,1206,0.969069,0.984075,0.984075,0.969429,1241,0.951087,0.97493,0.968762,0.951087,1163,0.950495,0.974619,0.970105,0.950495,0.838089,0.911987,0.845497,0.843161,0.915224,0.85066,0.85303,0.827476,0.906056,0.853207,0.827265,0.906096,0.562936,0.705824,0.567547,0.560207,0.703822,0.56493,0.663011,9.6875,76.44083578,512,16,10356.30617,0.124368668,8.6875,68.55016886
simvarmass_CY5L_3f293d0a,2034,1941,193,1585,0.054172,0.569118,3;6,1818,0.891555,0.941848,0.941848,0.891839,1818,0.926634,0.96106,0.96106,0.926929,1861,0.908063,0.951817,0.948395,0.908063,1772,0.907312,0.951404,0.948842,0.907312,0.772479,0.871739,0.788594,0.774927,0.873223,0.791345,0.79864,0.7909,0.853491,0.796717,0.789065,0.852138,NaN,NaN,NaN,NaN,NaN,NaN,0.735444,8.212435233,151.5992622,512,16,10356.30617,0.196402073,7.212435233,133.1395413
simvarmass_CY5L_3fbeb461,957,899,173,1581,0.054242,0.668527,3;6,862,0.899658,0.946674,0.946674,0.899687,862,0.944049,0.970688,0.970688,0.944079,895,0.9279,0.962602,0.958963,0.9279,843,0.929922,0.963689,0.959816,0.929922,0.777844,0.875143,0.798328,0.785323,0.879854,0.806452,0.852031,0.816086,0.910136,0.860289,0.820397,0.917686,NaN,NaN,NaN,NaN,NaN,NaN,0.720453,9.138728324,168.4806667,512,16,10356.30617,0.092407465,8.138728324,150.0447683
simvarmass_CY5L_404f03b0,2080,1963,206,1647,0.18057,0.666934,3;6,1839,0.882004,0.937484,0.937484,0.883173,1839,0.922357,0.95977,0.95977,0.92358,1905,0.907692,0.951613,0.947553,0.907692,1802,0.911315,0.9536,0.950053,0.911315,0.813719,0.896842,0.819712,0.823926,0.90294,0.830275,0.765207,0.767911,0.819712,0.767531,0.769306,0.82314,0.551564,0.70262,0.554327,0.551075,0.7023,0.553909,0.665695,7.995145631,44.27726439,512,16,10356.30617,0.200843811,6.995145631,38.73924589
simvarmass_CY5L_432f525a,1011,945,193,1661,0.083662,0.513369,3;6,927,0.915899,0.955624,0.955624,0.915925,927,0.95363,0.975764,0.975764,0.953656,967,0.948566,0.973604,0.969666,0.948566,900,0.946032,0.972268,0.969106,0.946032,0.797549,0.885211,0.81998,0.792676,0.882286,0.816931,0.853183,0.8147,0.911968,0.850999,0.814773,0.907937,0.723365,0.820803,0.727992,0.716277,0.819233,0.720339,0.696255,8.606217617,102.8688965,512,16,10356.30617,0.097621679,7.606217617,90.91603854
simvarmass_CY5L_433b52eb,607,580,151,1573,0.158053,0.52904,3;6,2008,0.940675,0.967797,0.436711,0.940692,2008,0.969422,0.982788,0.439738,0.96944,593,0.963756,0.981544,0.975,0.963756,562,0.963793,0.981563,0.978984,0.963793,0.826299,0.903795,0.84514,0.826909,0.904059,0.846552,0.882053,0.80897,0.955519,0.880628,0.807626,0.953448,0.743092,0.834897,0.746293,0.745685,0.838394,0.748276,0.654225,10.41721854,65.909654,512,16,10356.30617,0.058611631,9.417218543,59.58266242
simvarmass_CY5L_445780d7,1928,1815,161,1525,0.18201,0.602125,3;6,1703,0.882774,0.937483,0.937483,0.88278,1703,0.922487,0.959414,0.959414,0.922493,1779,0.907158,0.951319,0.94362,0.907158,1661,0.903581,0.949349,0.943613,0.903581,0.792783,0.884528,0.806535,0.801859,0.890292,0.815978,0.80614,0.796296,0.858921,0.805628,0.796997,0.857851,0.575809,0.719587,0.57832,0.57409,0.71931,0.576243,0.678865,9.472049689,52.04136965,512,16,10356.30617,0.186166763,8.472049689,46.54716603
simvarmass_CY5L_463f3d0e,1455,1376,174,1592,0.068906,0.620316,3;6,1317,0.904314,0.949495,0.949495,0.904467,1317,0.941185,0.969429,0.969429,0.941345,1364,0.932646,0.965149,0.962753,0.932646,1284,0.930959,0.964245,0.963158,0.930959,0.828948,0.906985,0.834364,0.832998,0.909377,0.838663,0.829037,0.810289,0.875601,0.828135,0.811056,0.87282,0.580502,0.72172,0.581443,0.581709,0.722881,0.582666,0.696527,9.149425287,132.7812569,512,16,10356.30617,0.140494108,8.149425287,118.2687326
simvarmass_CY5L_481edd78,2236,2111,175,1641,0.198991,0.68902,3;6,1983,0.883713,0.937189,0.937189,0.884168,1983,0.925519,0.960175,0.960175,0.925995,2032,0.898927,0.946773,0.941893,0.898927,1916,0.898626,0.946607,0.942141,0.898626,0.762552,0.863189,0.785331,0.766042,0.86554,0.789199,0.770937,0.779394,0.82737,0.771815,0.779516,0.82757,0.588214,0.730176,0.593023,0.586154,0.729191,0.590413,0.691292,9.377142857,47.1234521,512,16,10356.30617,0.215907097,8.377142857,42.0980992
simvarmass_CY5L_4824bda2,1733,1649,201,1719,0.085662,0.500739,3;6,1584,0.913379,0.954477,0.954477,0.913445,1584,0.947269,0.972657,0.972657,0.947337,1641,0.940565,0.969373,0.966212,0.940565,1555,0.94057,0.969375,0.968165,0.94057,0.819536,0.900126,0.822274,0.827347,0.904762,0.8302,0.826612,0.820235,0.875361,0.827623,0.820594,0.876289,0.645987,0.769388,0.64974,0.646606,0.77045,0.649848,0.687378,8.552238806,99.83701999,512,16,10356.30617,0.167337656,7.552238806,88.16323231
simvarmass_CY5L_4952c9ea,332,318,166,1736,0.146903,0.699641,3;6,312,0.939759,0.968944,0.968944,0.939759,312,0.962963,0.981132,0.981132,0.962963,326,0.966867,0.983155,0.975684,0.966867,311,0.965409,0.9824,0.976153,0.965409,0.807376,0.893268,0.819277,0.805298,0.891938,0.81761,0.881731,0.840237,0.945783,0.884433,0.842924,0.946541,0.607716,0.73823,0.611446,0.603617,0.734127,0.607595,0.610326,10.45783133,71.18868454,512,16,10356.30617,0.032057762,9.457831325,64.38147162
simvarmass_CY5L_4af3b5c2,1010,968,208,1744,0.112207,0.504881,3;6,990,0.944554,0.971487,0.954,0.944554,990,0.97546,0.987578,0.969512,0.97546,982,0.963366,0.981341,0.976908,0.963366,939,0.961777,0.980516,0.976403,0.961777,0.849443,0.917998,0.854455,0.853314,0.920177,0.858471,0.868426,0.835973,0.918812,0.869013,0.838814,0.91727,0.634957,0.757168,0.640594,0.642929,0.763415,0.648705,0.640387,8.384615385,74.72453042,512,16,10356.30617,0.09752512,7.384615385,65.81243046
simvarmass_CY5L_4b06e1a1,714,674,196,1561,0.155712,0.714918,3;6,651,0.914543,0.954612,0.953846,0.914566,651,0.954655,0.976048,0.975281,0.954678,686,0.942577,0.97044,0.961429,0.942577,641,0.939169,0.96863,0.962738,0.939169,0.804798,0.893974,0.820728,0.800867,0.891586,0.817507,0.847453,0.807558,0.910364,0.845547,0.810409,0.906528,0.57157,0.709447,0.57423,0.569627,0.711447,0.571429,0.623289,7.964285714,51.14753978,512,16,10356.30617,0.068943501,6.964285714,44.72542716
simvarmass_CY5L_4b8f9368,213,207,208,1741,0.140377,0.520785,3;6,177,0.901408,0.948148,0.907692,0.901408,177,0.914286,0.955224,0.914729,0.914286,208,0.915493,0.955882,0.926366,0.915493,192,0.913043,0.954545,0.947368,0.913043,0.7769,0.877285,0.788732,0.770267,0.873315,0.782609,0.811172,0.800959,0.85446,0.809699,0.804938,0.850242,0.721844,0.80829,0.732394,0.714079,0.802139,0.724638,0.578111,8.370192308,59.62652221,512,16,10356.30617,0.020567179,7.370192308,52.5028481
simvarmass_CY5L_4ba4183d,2241,2112,207,1670,0.05038,0.701302,3;6,1972,0.877891,0.934251,0.934251,0.878179,1972,0.914623,0.954645,0.954645,0.914923,2018,0.89826,0.946403,0.945292,0.89826,1895,0.895833,0.945055,0.944347,0.895833,0.784759,0.879764,0.798304,0.789036,0.882414,0.80303,0.777376,0.779325,0.830433,0.77673,0.778167,0.829626,NaN,NaN,NaN,NaN,NaN,NaN,0.745038,8.06763285,160.1356262,512,16,10356.30617,0.216389894,7.06763285,140.2864798
simvarmass_CY5L_4e1231de,168,151,160,1533,0.08179,0.6265,3;6,125,0.827381,0.905537,0.853242,0.827381,125,0.896774,0.945578,0.892857,0.896774,147,0.875,0.933333,0.933333,0.875,135,0.89404,0.944056,0.944056,0.89404,0.772113,0.873333,0.779762,0.786585,0.882353,0.794702,0.830525,0.83125,0.863095,0.85243,0.838926,0.887417,0.651627,0.774648,0.654762,0.672193,0.787645,0.675497,0.61183,9.58125,117.1445164,512,16,10356.30617,0.016222,8.58125,104.9180829
simvarmass_CY5L_500608c2,2515,2381,197,1550,0.064147,0.612966,3;6,2211,0.875177,0.931866,0.931866,0.875547,2211,0.911039,0.951805,0.951805,0.911424,2248,0.889861,0.941721,0.939744,0.889861,2124,0.889169,0.941333,0.94008,0.889169,0.767762,0.869317,0.786879,0.769114,0.870109,0.789164,0.775811,0.778203,0.8334,0.775021,0.778228,0.832423,NaN,NaN,NaN,NaN,NaN,NaN,0.747373,7.868020305,122.6560915,512,16,10356.30617,0.242847204,6.868020305,107.066898
simvarmass_CY5L_5090057d,1938,1843,164,1606,0.118822,0.613022,3;6,1740,0.896777,0.945079,0.945079,0.896801,1740,0.92889,0.962614,0.962614,0.928915,1769,0.909185,0.952432,0.950634,0.909185,1678,0.908302,0.951948,0.950866,0.908302,0.781065,0.875425,0.798246,0.789876,0.881115,0.806837,0.803428,0.788293,0.859649,0.802725,0.788854,0.858306,NaN,NaN,NaN,NaN,NaN,NaN,0.713691,9.792682927,82.41472898,512,16,10356.30617,0.187132359,8.792682927,73.99877907
simvarmass_CY5L_525c29df,1447,1371,208,1671,0.094311,0.731956,3;6,1335,0.921905,0.959022,0.959022,0.921907,1335,0.95971,0.979083,0.979083,0.959712,1386,0.946786,0.972666,0.967173,0.946786,1306,0.946025,0.972264,0.968995,0.946025,0.80835,0.895747,0.822391,0.809919,0.896743,0.824088,0.831543,0.801936,0.898411,0.832117,0.80335,0.897959,0.580088,0.722653,0.581894,0.577072,0.720401,0.578947,0.683373,8.033653846,85.18257516,512,16,10356.30617,0.139721632,7.033653846,74.57935815
simvarmass_CY5L_539f9527,403,387,206,1653,0.095974,0.715089,3;6,379,0.945409,0.971939,0.969309,0.945409,379,0.967005,0.983226,0.980595,0.967005,395,0.970223,0.984887,0.97995,0.970223,377,0.968992,0.984252,0.981675,0.968992,0.799204,0.889796,0.811414,0.798935,0.889518,0.81137,0.870873,0.821648,0.937965,0.869445,0.820051,0.935401,0.619772,0.741301,0.627792,0.620145,0.74168,0.628571,0.614984,8.024271845,83.6088091,512,16,10356.30617,0.038913488,7.024271845,73.18932049
simvarmass_CY5L_53d5d0cc,2003,1899,210,1513,0.166439,0.546594,3;6,1787,0.889121,0.940369,0.940369,0.889666,1787,0.92611,0.960647,0.960647,0.926677,1852,0.907139,0.951309,0.942672,0.907139,1749,0.907846,0.951697,0.945175,0.907846,0.770377,0.868637,0.792811,0.771771,0.86949,0.795155,0.806788,0.79844,0.859211,0.808937,0.799562,0.860074,0.670062,0.78444,0.67349,0.668555,0.785249,0.671941,0.682615,7.204761905,43.28770243,512,16,10356.30617,0.193408728,6.204761905,37.27949522
simvarmass_CY5L_5587e50e,1397,1330,151,1720,0.17395,0.706168,3;6,1278,0.912377,0.953271,0.953271,0.91267,1278,0.948356,0.97254,0.97254,0.948661,1294,0.921976,0.959404,0.957265,0.921976,1238,0.927068,0.962154,0.96028,0.927068,0.786649,0.879937,0.805297,0.792881,0.883892,0.812171,0.825865,0.798694,0.879742,0.830874,0.800642,0.884962,0.575093,0.720289,0.576951,0.573364,0.720686,0.574661,0.67996,11.39072848,65.48277365,512,16,10356.30617,0.134893656,10.39072848,59.73399527
simvarmass_CY5L_56136743,137,131,168,1660,0.188021,0.67852,3;6,129,0.941606,0.969925,0.969925,0.941606,129,0.977273,0.988506,0.988506,0.977273,140,0.978102,0.98893,0.967509,0.978102,133,0.977099,0.988417,0.969697,0.977099,0.732589,0.865079,0.79562,0.744156,0.872428,0.80916,0.89059,0.81457,0.963504,0.894639,0.815068,0.969466,0.70163,0.815126,0.722628,0.70344,0.815789,0.725191,0.587416,9.880952381,52.55238713,512,16,10356.30617,0.013228655,8.880952381,47.23383229
simvarmass_CY5L_56916148,1618,1533,207,1566,0.054312,0.534916,3;6,1479,0.913473,0.954472,0.954472,0.913473,1479,0.953548,0.9759,0.9759,0.953548,1529,0.936959,0.967454,0.963457,0.936959,1446,0.93803,0.968024,0.965425,0.93803,0.824276,0.903053,0.831891,0.831493,0.907296,0.83953,0.82612,0.796135,0.883807,0.826769,0.795537,0.885267,NaN,NaN,NaN,NaN,NaN,NaN,0.706564,7.565217391,139.2918212,512,16,10356.30617,0.156233311,6.565217391,120.8796839
simvarmass_CY5L_56d1e161,736,693,161,1500,0.1906,0.686085,3;6,677,0.921196,0.958982,0.958245,0.921196,677,0.957627,0.978355,0.977617,0.957627,709,0.947011,0.972784,0.964706,0.947011,662,0.943723,0.971047,0.965314,0.943723,0.799914,0.889219,0.8125,0.804347,0.891167,0.815296,0.850471,0.807692,0.913043,0.850057,0.806746,0.911977,0.56038,0.698573,0.565217,0.557939,0.699552,0.562771,0.618157,9.316770186,48.88127065,512,16,10356.30617,0.07106781,8.316770186,43.63468094
simvarmass_CY5L_57c005f7,189,180,184,1648,0.097016,0.548952,3;6,183,0.968254,0.983871,0.983871,0.968254,183,1,1,1,1,194,1,1,0.986945,1,182,1,1,0.994475,1,0.862416,0.926554,0.867725,0.861182,0.925816,0.866667,0.930167,0.860759,0.973545,0.930034,0.863271,0.972222,0.77488,0.83965,0.793651,0.772907,0.846626,0.788889,0.612593,8.956521739,92.32004761,512,16,10356.30617,0.01824975,7.956521739,82.01246948
simvarmass_CY5L_592532aa,2181,2056,163,1686,0.093836,0.7349,3;6,1927,0.880667,0.935248,0.935248,0.880789,1927,0.921658,0.957866,0.957866,0.921785,1965,0.897295,0.945868,0.944042,0.897295,1852,0.897374,0.945911,0.944217,0.897374,0.765596,0.866345,0.783586,0.771217,0.869869,0.788911,0.7833,0.776947,0.84365,0.783134,0.77551,0.843872,NaN,NaN,NaN,NaN,NaN,NaN,0.743588,10.34355828,110.2301705,512,16,10356.30617,0.210596323,9.343558282,99.57327979
simvarmass_CY5L_595bdded,802,747,201,1608,0.075712,0.736248,3;6,811,0.918948,0.957143,0.913825,0.918953,811,0.962137,0.980053,0.934686,0.962141,757,0.941397,0.969814,0.96857,0.941397,706,0.945114,0.971783,0.971783,0.945114,0.817785,0.899932,0.82419,0.823159,0.903132,0.829987,0.857449,0.822713,0.912718,0.859251,0.822657,0.914324,0.525502,0.673001,0.529925,0.524947,0.672355,0.52957,0.64331,8,105.6635672,512,16,10356.30617,0.077440739,7,92.4556213
simvarmass_CY5L_5a0cca46,299,286,186,1608,0.171149,0.721112,3;6,284,0.949833,0.974271,0.974271,0.949833,284,0.97931,0.989547,0.989547,0.97931,298,0.9699,0.98472,0.971524,0.9699,282,0.975524,0.987611,0.982394,0.975524,0.809423,0.89781,0.822742,0.814837,0.901141,0.828671,0.890593,0.840336,0.93311,0.892228,0.838938,0.937063,0.673898,0.7853,0.67893,0.682528,0.790323,0.687719,0.583014,8.64516129,50.51248497,512,16,10356.30617,0.028871298,7.64516129,44.6696229
simvarmass_CY5L_5ae7e106,889,838,183,1695,0.192857,0.681681,3;6,2799,0.914247,0.954118,0.441432,0.915636,2799,0.952831,0.97476,0.445783,0.954279,859,0.950506,0.974625,0.966819,0.950506,803,0.947494,0.973039,0.967703,0.947494,0.819389,0.899574,0.831271,0.825081,0.903226,0.835322,0.847078,0.807115,0.910011,0.840546,0.804348,0.904535,0.57186,0.715278,0.579303,0.570273,0.715134,0.577938,0.61996,9.262295082,48.02675082,512,16,10356.30617,0.085841417,8.262295082,42.84156179
simvarmass_CY5L_5ca999d3,2098,1992,175,1706,0.105294,0.610686,3;6,1881,0.895438,0.944458,0.944458,0.895615,1881,0.929094,0.962849,0.962849,0.929278,1942,0.916587,0.956478,0.95198,0.916587,1834,0.913655,0.954879,0.951385,0.913655,0.773966,0.873203,0.795996,0.772993,0.872487,0.795181,0.810177,0.798213,0.863203,0.804403,0.794549,0.857932,NaN,NaN,NaN,NaN,NaN,NaN,0.725511,9.748571429,92.58430137,512,16,10356.30617,0.202581882,8.748571429,83.08708406
simvarmass_CY5L_5cdea545,1144,1084,178,1749,0.192499,0.664769,3;6,1133,0.916882,0.955768,0.921388,0.916958,1133,0.948384,0.972622,0.937025,0.948463,1086,0.935315,0.966576,0.959641,0.935315,1024,0.934502,0.966142,0.961101,0.934502,0.808762,0.896258,0.826923,0.813864,0.898102,0.829336,0.843367,0.816253,0.895979,0.840765,0.812589,0.894834,0.620143,0.752381,0.623252,0.60915,0.745209,0.61183,0.646466,9.825842697,51.04360385,512,16,10356.30617,0.110464096,8.825842697,45.84877166
simvarmass_CY5L_5d7bbad5,1716,1624,157,1686,0.107073,0.672585,3;6,1536,0.893906,0.943419,0.943419,0.893939,1536,0.932488,0.964477,0.964477,0.932523,1588,0.918415,0.957473,0.953995,0.918415,1501,0.918719,0.957638,0.95488,0.918719,0.79686,0.885979,0.808275,0.801856,0.888964,0.813424,0.802027,0.796407,0.859557,0.802994,0.795311,0.860837,NaN,NaN,NaN,NaN,NaN,NaN,0.70813,10.7388535,100.2946915,512,16,10356.30617,0.165696144,9.738853503,90.95526887
simvarmass_CY5L_5df9ec3e,1856,1757,179,1553,0.147959,0.614565,3;6,1665,0.897091,0.945754,0.945754,0.897091,1665,0.928611,0.962984,0.962984,0.928611,1723,0.911099,0.953482,0.944957,0.911099,1626,0.909505,0.952608,0.944724,0.909505,0.782916,0.879336,0.799569,0.785574,0.881451,0.802504,0.794617,0.781788,0.853448,0.793621,0.780761,0.852189,0.595802,0.735333,0.599138,0.588502,0.730361,0.591686,0.685596,8.675977654,58.63771486,512,16,10356.30617,0.179214478,7.675977654,51.87908578
simvarmass_CY5L_5f692ce6,777,742,199,1663,0.190462,0.667113,3;6,720,0.925211,0.960588,0.960588,0.925354,720,0.962368,0.980232,0.980232,0.962517,755,0.957529,0.978304,0.971279,0.957529,716,0.956873,0.977961,0.973937,0.956873,0.81383,0.89338,0.827542,0.818958,0.896652,0.832884,0.863669,0.823678,0.924067,0.862071,0.823222,0.923181,0.632126,0.763407,0.634492,0.633106,0.76412,0.635501,0.620618,8.35678392,43.87638437,512,16,10356.30617,0.075026751,7.35678392,38.62599321
simvarmass_CY5L_6133f4b1,944,888,189,1549,0.071725,0.569163,3;6,866,0.914909,0.955801,0.955801,0.916314,866,0.95645,0.977954,0.977954,0.957918,906,0.952331,0.975583,0.971892,0.952331,847,0.95045,0.974596,0.972911,0.95045,0.824909,0.903448,0.832627,0.822892,0.9022,0.831081,0.865636,0.822501,0.920551,0.862758,0.820722,0.918919,0.629103,0.759949,0.631356,0.622254,0.756014,0.623874,0.672201,8.195767196,114.2665346,512,16,10356.30617,0.091152191,7.195767196,100.3243945
simvarmass_CY5L_626c8c6a,1667,1572,185,1730,0.100296,0.696568,3;6,1497,0.897415,0.945638,0.945638,0.897421,1497,0.938514,0.967972,0.967972,0.938519,1557,0.925015,0.961047,0.956576,0.925015,1461,0.922392,0.959629,0.956149,0.922392,0.818683,0.899575,0.825435,0.822414,0.90173,0.829517,0.801651,0.793383,0.862627,0.798611,0.792315,0.858868,0.544941,0.689291,0.54829,0.541287,0.687878,0.544643,0.690904,9.351351351,93.23753042,512,16,10356.30617,0.160964727,8.351351351,83.26704307
simvarmass_CY5L_629fcaa9,154,137,152,1671,0.185119,0.565601,3;6,120,0.779221,0.875912,0.875912,0.779221,120,0.863309,0.926641,0.926641,0.863309,140,0.844156,0.915493,0.884354,0.844156,126,0.861314,0.92549,0.897338,0.861314,0.738916,0.847584,0.74026,0.750222,0.854772,0.751825,0.749663,0.766667,0.811688,0.76271,0.768061,0.832117,0.641886,0.752768,0.662338,0.644324,0.774468,0.664234,0.582508,10.99342105,59.38569813,512,16,10356.30617,0.014870167,9.993421053,53.98376748
simvarmass_CY5L_63a09921,1749,1665,195,1539,0.150001,0.501746,3;6,1590,0.907837,0.951782,0.951782,0.908519,1590,0.943439,0.970975,0.970975,0.944147,1642,0.928531,0.962941,0.95783,0.928531,1555,0.926727,0.96197,0.958385,0.926727,0.814432,0.897476,0.823328,0.822782,0.901794,0.83003,0.812583,0.800602,0.85992,0.812867,0.802906,0.858258,0.620406,0.753363,0.624357,0.619258,0.75319,0.622289,0.664169,7.892307692,52.61503385,512,16,10356.30617,0.168882608,6.892307692,45.94841163
simvarmass_CY5L_6421c005,849,813,160,1565,0.105238,0.630453,3;6,782,0.910476,0.952498,0.947885,0.910483,782,0.935828,0.966208,0.961443,0.935835,795,0.931684,0.964634,0.962287,0.931684,758,0.928659,0.96301,0.961171,0.928659,0.781616,0.878866,0.803298,0.787402,0.882629,0.809348,0.859583,0.82218,0.911661,0.856541,0.82,0.908979,0.609769,0.740426,0.614841,0.605383,0.737313,0.609877,0.676873,9.78125,92.94408864,512,16,10356.30617,0.081979036,8.78125,83.44181759
simvarmass_CY5L_6464c463,1122,1069,197,1694,0.184499,0.730967,3;6,1203,0.917042,0.955793,0.885161,0.917112,1203,0.950066,0.97346,0.900262,0.950139,1069,0.942956,0.969725,0.965769,0.942959,1016,0.941999,0.969171,0.965947,0.942002,0.804018,0.887167,0.819073,0.807512,0.889002,0.820393,0.835177,0.80742,0.894831,0.833151,0.805363,0.894393,0.608921,0.744992,0.613191,0.608923,0.745299,0.612933,0.645964,8.598984772,46.60721615,512,16,10356.30617,0.108339787,7.598984772,41.18713257
simvarmass_CY5L_65b58cd3,7,7,205,1593,0.09994,0.691397,3;6,2,0.285714,0.444444,0.444444,0.285714,2,0.285714,0.444444,0.444444,0.285714,11,0.285714,0.444444,0.222222,0.285714,9,0.285714,0.444444,0.25,0.285714,0.285714,0.444444,0.285714,0.285714,0.444444,0.285714,0.285714,0.444444,0.285714,0.285714,0.444444,0.285714,0.127307,0.315789,0.714286,0.127308,0.315789,0.714286,0.612207,7.770731707,77.75396945,512,16,10356.30617,0.000675917,6.770731707,67.74796585
simvarmass_CY5L_66024d2b,1841,1744,157,1610,0.194488,0.506384,3;6,1660,0.901684,0.9483,0.9483,0.901684,1660,0.94051,0.969343,0.969343,0.94051,1732,0.9283,0.962817,0.956619,0.9283,1632,0.927179,0.962214,0.957938,0.927179,0.801585,0.889949,0.810429,0.806985,0.893283,0.81594,0.805282,0.794683,0.862032,0.803964,0.793196,0.861733,0.627278,0.760331,0.629006,0.622379,0.757022,0.623922,0.668496,10.25477707,52.72704265,512,16,10356.30617,0.177766085,9.25477707,47.58533724
simvarmass_CY5L_69b6847f,1740,1643,161,1632,0.156688,0.507846,3;6,1559,0.894649,0.943922,0.943922,0.894828,1559,0.933266,0.964983,0.964983,0.933453,1607,0.917816,0.957147,0.954287,0.917816,1517,0.918442,0.957487,0.955063,0.918442,0.802581,0.887771,0.811494,0.802004,0.887188,0.811321,0.814137,0.798429,0.870115,0.812924,0.79718,0.868533,0.663794,0.782961,0.665517,0.65745,0.779624,0.659133,0.694489,10.13664596,64.69318622,512,16,10356.30617,0.168013573,9.136645963,58.31107655
simvarmass_CY5L_6b04b8c7,1281,1209,207,1645,0.109846,0.536464,3;6,1154,0.900859,0.947844,0.947844,0.900859,1154,0.940505,0.969341,0.969341,0.940505,1204,0.928181,0.962753,0.956942,0.928181,1130,0.930521,0.96401,0.96195,0.930521,0.797722,0.886022,0.80484,0.802282,0.888687,0.80976,0.835752,0.812141,0.887588,0.839143,0.815425,0.890909,0.594668,0.731173,0.598751,0.593508,0.730867,0.596854,0.658426,7.946859903,72.34546459,512,16,10356.30617,0.123692751,6.946859903,63.24181038
simvarmass_CY5L_6c359100,859,812,184,1632,0.080352,0.674788,3;6,792,0.920832,0.958207,0.958207,0.920838,792,0.961111,0.979567,0.979567,0.961118,826,0.953434,0.976162,0.972107,0.953434,776,0.95197,0.975394,0.973552,0.95197,0.791846,0.886205,0.811409,0.791203,0.885599,0.810345,0.854062,0.808587,0.919674,0.850934,0.80531,0.916256,0.602842,0.739377,0.607683,0.596889,0.737717,0.601726,0.672823,8.869565217,110.3838762,512,16,10356.30617,0.082944632,7.869565217,97.93863522
simvarmass_CY5L_6ce031d4,236,224,199,1534,0.169938,0.708406,3;6,202,0.853638,0.917808,0.917808,0.855932,202,0.88359,0.934884,0.934884,0.885965,212,0.885593,0.939326,0.933036,0.885593,199,0.879464,0.935867,0.931442,0.879464,0.762338,0.861905,0.766949,0.753954,0.856423,0.758929,0.825981,0.817352,0.864407,0.822934,0.824096,0.857143,0.567316,0.702128,0.572034,0.548427,0.695652,0.54955,0.584077,7.708542714,45.36091229,512,16,10356.30617,0.022788048,6.708542714,39.47641324
simvarmass_CY5L_6dab5181,1821,1728,210,1699,0.089483,0.7423,3;6,1630,0.893605,0.943495,0.943495,0.894014,1630,0.933059,0.965027,0.965027,0.933486,1675,0.913234,0.95465,0.951373,0.913234,1585,0.912616,0.954312,0.952007,0.912616,0.794605,0.886425,0.81274,0.796525,0.887697,0.814236,0.797159,0.790658,0.856123,0.798254,0.793527,0.855903,NaN,NaN,NaN,NaN,NaN,NaN,0.709674,8.09047619,90.41355554,512,16,10356.30617,0.175834894,7.09047619,79.2382485
simvarmass_CY5L_707ed63b,1472,1391,188,1548,0.050413,0.748611,3;6,1335,0.90625,0.95082,0.950481,0.90625,1335,0.945429,0.971949,0.971595,0.945429,1396,0.936141,0.967018,0.960948,0.936141,1313,0.933861,0.965799,0.960799,0.933861,0.807485,0.892923,0.818614,0.809447,0.893767,0.819554,0.837222,0.820124,0.886549,0.835158,0.817455,0.884975,NaN,NaN,NaN,NaN,NaN,NaN,0.717098,8.234042553,163.331731,512,16,10356.30617,0.14213562,7.234042553,143.4955776
simvarmass_CY5L_71057227,89,84,203,1696,0.134806,0.704279,3;6,63,0.707865,0.828947,0.828947,0.707865,63,0.75,0.857143,0.857143,0.75,64,0.719101,0.836601,0.836601,0.719101,62,0.738095,0.849315,0.849315,0.738095,0.619021,0.767123,0.629213,0.644174,0.785714,0.654762,0.688564,0.72619,0.730337,0.708456,0.7375,0.75,0.538493,0.695652,0.539326,0.558623,0.712121,0.559524,0.57601,8.354679803,61.97557826,512,16,10356.30617,0.008593798,7.354679803,54.55751082
simvarmass_CY5L_750c4c5e,1580,1495,167,1522,0.151459,0.749208,3;6,1436,0.907581,0.951244,0.950928,0.907595,1436,0.948398,0.973193,0.972863,0.948413,1502,0.936709,0.96732,0.960415,0.936709,1411,0.933779,0.965756,0.960771,0.933779,0.826409,0.904581,0.831646,0.829475,0.906579,0.834783,0.80392,0.782295,0.856329,0.800638,0.780488,0.852371,0.519381,0.673511,0.521519,0.517301,0.672775,0.519437,0.662035,9.113772455,60.17319839,512,16,10356.30617,0.152564049,8.113772455,53.57075152
simvarmass_CY5L_75f255b1,1073,1018,159,1623,0.121129,0.740548,3;6,992,0.923476,0.959806,0.959806,0.923579,992,0.956457,0.977318,0.977318,0.956564,1018,0.941286,0.969755,0.966045,0.941286,967,0.943026,0.970677,0.967254,0.943026,0.817943,0.899598,0.836906,0.820013,0.900739,0.839882,0.859008,0.818357,0.917987,0.863409,0.820644,0.922397,0.575886,0.714369,0.581547,0.5769,0.717004,0.581532,0.685379,10.20754717,84.27005234,512,16,10356.30617,0.10360837,9.20754717,76.01439102
simvarmass_CY5L_76f02db6,2279,2163,156,1651,0.181968,0.579299,3;6,2029,0.889392,0.94104,0.94104,0.889425,2029,0.923007,0.959527,0.959527,0.923042,2071,0.906977,0.95122,0.950345,0.906977,1959,0.903837,0.94949,0.948569,0.903837,0.774346,0.870804,0.791136,0.775784,0.871886,0.79288,0.787334,0.791474,0.840281,0.78432,0.78865,0.83765,NaN,NaN,NaN,NaN,NaN,NaN,0.706025,10.58333333,58.16040916,512,16,10356.30617,0.220059156,9.583333333,52.66493742
simvarmass_CY5L_77874ae6,653,621,153,1718,0.083035,0.618501,3;6,590,0.892802,0.943366,0.938053,0.892802,590,0.925397,0.961253,0.955738,0.925397,607,0.926493,0.961844,0.960317,0.926493,574,0.922705,0.959799,0.958996,0.922705,0.784135,0.879325,0.797856,0.7844,0.879433,0.798712,0.842974,0.815308,0.892802,0.839333,0.812937,0.889068,0.595071,0.731163,0.601838,0.592273,0.732283,0.599034,0.668722,11.22875817,135.2292186,512,16,10356.30617,0.06305337,10.22875817,123.1861043
simvarmass_CY5L_78e70971,673,644,198,1739,0.193024,0.540161,3;6,626,0.93462,0.965464,0.963818,0.934621,626,0.972178,0.985121,0.983504,0.972179,658,0.965825,0.982615,0.976709,0.965825,628,0.965839,0.982622,0.977987,0.965839,0.798366,0.885621,0.806835,0.803266,0.888511,0.812112,0.874933,0.821352,0.937593,0.875373,0.823881,0.934783,0.678685,0.791379,0.682021,0.668614,0.786825,0.671875,0.612859,8.782828283,45.50122411,512,16,10356.30617,0.06498456,7.782828283,40.32052119
simvarmass_CY5L_7b75f26c,111,105,204,1508,0.148561,0.549416,3;6,91,0.81982,0.90099,0.90099,0.81982,91,0.858491,0.923858,0.923858,0.858491,99,0.855856,0.92233,0.904762,0.855856,92,0.847619,0.917526,0.903553,0.847619,0.702168,0.818653,0.711712,0.703986,0.819672,0.714286,0.757997,0.77533,0.846847,0.740319,0.762791,0.838095,0.705877,0.804124,0.711712,0.699368,0.804348,0.704762,0.589056,7.392156863,49.75839462,512,16,10356.30617,0.010718107,6.392156863,43.02715291
simvarmass_CY5L_7b9b6f0f,1677,1580,194,1671,0.15336,0.55342,3;6,1468,0.875373,0.933545,0.933545,0.875373,1468,0.915783,0.95604,0.95604,0.915783,1532,0.906977,0.95122,0.947959,0.906977,1437,0.903165,0.949119,0.945973,0.903165,0.772512,0.871457,0.788312,0.773804,0.872333,0.789241,0.807159,0.797538,0.85808,0.806986,0.797793,0.856962,0.616327,0.751537,0.619559,0.62269,0.756032,0.625475,0.676958,8.613402062,56.16459352,512,16,10356.30617,0.161930323,7.613402062,49.64398841
simvarmass_CY5L_7c070caf,1055,995,154,1578,0.071717,0.6358,3;6,964,0.913744,0.954928,0.954928,0.913744,964,0.948819,0.973737,0.973737,0.948819,997,0.94218,0.970229,0.968811,0.94218,939,0.940704,0.969446,0.967942,0.940704,0.825238,0.904124,0.83128,0.834192,0.909091,0.839196,0.866846,0.834214,0.914692,0.869284,0.83828,0.914573,0.581929,0.713626,0.585782,0.572353,0.70802,0.575605,0.682353,10.24675325,142.8776057,512,16,10356.30617,0.101870298,9.246753247,128.9339103
simvarmass_CY5L_7d1a3c5b,1691,1600,166,1554,0.160003,0.653685,3;6,1529,0.90358,0.949068,0.949068,0.903607,1529,0.9426,0.970159,0.970159,0.942628,16538,0.93081,0.964165,0.172692,0.93081,15275,0.92875,0.963059,0.176119,0.92875,0.811251,0.894669,0.824364,0.814655,0.896341,0.8275,0.814025,0.789762,0.874039,0.815059,0.791506,0.873125,0.600767,0.739398,0.603193,0.597374,0.737737,0.59975,0.682541,9.361445783,58.50793912,512,16,10356.30617,0.163282156,8.361445783,52.25805631
simvarmass_CY5L_80c68fc4,1541,1459,178,1705,0.182666,0.58523,3;6,1378,0.889501,0.941056,0.940733,0.89098,1378,0.92429,0.96014,0.959804,0.925826,1414,0.910448,0.953125,0.949577,0.910448,1329,0.908156,0.951868,0.950502,0.908156,0.74586,0.854989,0.774173,0.744901,0.854435,0.773818,0.811926,0.800657,0.872161,0.811999,0.801799,0.871321,0.611281,0.745576,0.617132,0.610689,0.745946,0.616495,0.675909,9.578651685,52.43806557,512,16,10356.30617,0.148798227,8.578651685,46.96359304
simvarmass_CY5L_80ee7cfe,1791,1693,167,1747,0.145537,0.692251,3;6,1600,0.892794,0.943085,0.943085,0.892797,1600,0.928029,0.962383,0.962383,0.928033,1656,0.912339,0.954161,0.948071,0.912339,1565,0.913763,0.954938,0.949662,0.913763,0.786183,0.880122,0.80402,0.790885,0.88315,0.808624,0.803621,0.792995,0.863205,0.805195,0.793323,0.864737,0.564183,0.708551,0.566723,0.563853,0.708983,0.565758,0.6945,10.46107784,71.87916368,512,16,10356.30617,0.172938108,9.461077844,65.00805874
simvarmass_CY5L_82f91e7d,6,6,191,1523,0.080223,0.746583,3;6,2,0.333333,0.5,0.5,0.333333,2,0.333333,0.5,0.5,0.333333,16,0.333333,0.5,0.181818,0.333333,12,0.333333,0.5,0.222222,0.333333,0.166667,0.285714,0.166667,0.166667,0.285714,0.166667,0.305556,0.444444,0.333333,0.305556,0.444444,0.333333,0.030303,0.142857,0.333333,0.030303,0.142857,0.333333,0.610201,7.97382199,99.39570933,512,16,10356.30617,0.000579357,6.97382199,86.93045622
simvarmass_CY5L_83a9584a,1735,1640,154,1654,0.122896,0.56284,3;6,1568,0.902592,0.948229,0.948229,0.902594,1568,0.93941,0.968161,0.968161,0.939412,1614,0.926801,0.96201,0.960287,0.926801,1524,0.926829,0.962025,0.960809,0.926829,0.806459,0.890561,0.81902,0.816154,0.896005,0.828049,0.814095,0.790509,0.873775,0.81735,0.79341,0.876829,NaN,NaN,NaN,NaN,NaN,NaN,0.712613,10.74025974,87.39307821,512,16,10356.30617,0.167530775,9.74025974,79.25611688
simvarmass_CY5L_83bd0ca8,503,483,188,1594,0.139783,0.690121,3;6,456,0.906561,0.950991,0.950991,0.906561,456,0.932515,0.965079,0.965079,0.932515,470,0.928429,0.962887,0.959918,0.928429,450,0.927536,0.962406,0.960343,0.927536,0.804988,0.891803,0.811133,0.805264,0.891923,0.811594,0.824809,0.795635,0.884692,0.822334,0.794209,0.881988,0.55859,0.702233,0.564612,0.552448,0.69961,0.558091,0.611494,8.478723404,60.65632734,512,16,10356.30617,0.048569441,7.478723404,53.50238158
simvarmass_CY5L_8410b31a,462,438,203,1671,0.190914,0.659009,3;6,431,0.935065,0.966443,0.965286,0.935065,431,0.970787,0.985177,0.984018,0.970787,451,0.961039,0.980132,0.972618,0.961039,425,0.965753,0.982578,0.980301,0.965753,0.844495,0.916859,0.859307,0.849632,0.919903,0.865297,0.854316,0.810401,0.911255,0.855883,0.809633,0.913242,0.642342,0.759162,0.645022,0.639121,0.759003,0.641553,0.583925,8.231527094,43.11641416,512,16,10356.30617,0.0446105,7.231527094,37.87845362
simvarmass_CY5L_897bba36,2228,2090,195,1592,0.144935,0.593053,3;6,1983,0.890036,0.941819,0.941819,0.890036,1983,0.932738,0.965198,0.965198,0.932738,2048,0.90395,0.949552,0.942002,0.90395,1916,0.903349,0.949221,0.942586,0.903349,0.803937,0.889434,0.814632,0.81162,0.894559,0.822403,0.785717,0.777988,0.848294,0.787639,0.779985,0.849689,0.609751,0.743184,0.611759,0.606229,0.742756,0.607965,0.697773,8.164102564,56.32940673,512,16,10356.30617,0.215134621,7.164102564,49.42976206
simvarmass_CY5L_8bf7b484,1219,1153,181,1654,0.085564,0.602523,3;6,1107,0.908121,0.951849,0.951849,0.908121,1107,0.946963,0.972759,0.972759,0.946963,1143,0.932732,0.965195,0.962743,0.932732,1081,0.934085,0.965919,0.96419,0.934085,0.829123,0.907548,0.83347,0.83911,0.913534,0.843018,0.840166,0.82154,0.888433,0.841818,0.822535,0.889948,0.595464,0.733871,0.597211,0.593856,0.73262,0.595652,0.668081,9.138121547,106.7986717,512,16,10356.30617,0.11770606,8.138121547,95.11151357
simvarmass_CY5L_8d5d518f,1978,1877,182,1713,0.088957,0.660934,3;6,1768,0.893302,0.943406,0.943406,0.893327,1768,0.930464,0.963731,0.963731,0.93049,1822,0.916077,0.956201,0.953684,0.916077,1725,0.914225,0.955191,0.952804,0.914225,0.809257,0.892333,0.81547,0.812718,0.894584,0.81886,0.79273,0.791232,0.845298,0.792597,0.791525,0.84513,NaN,NaN,NaN,NaN,NaN,NaN,0.708183,9.412087912,105.804916,512,16,10356.30617,0.19099474,8.412087912,94.56352971
simvarmass_CY5L_8e259b70,700,662,183,1544,0.144905,0.509496,3;6,2430,0.936879,0.966027,0.419169,0.937143,2430,0.975915,0.986425,0.422953,0.97619,685,0.96,0.979592,0.970397,0.96,646,0.959215,0.979183,0.970948,0.959215,0.813475,0.895062,0.828571,0.807928,0.89198,0.823263,0.884908,0.819742,0.95,0.88667,0.824242,0.948718,0.736479,0.830718,0.738571,0.735107,0.831283,0.737082,0.643011,8.43715847,58.2254475,512,16,10356.30617,0.067591667,7.43715847,51.32437438
simvarmass_CY5L_8f539d95,55,54,169,1682,0.196525,0.632103,3;6,35,0.636364,0.777778,0.777778,0.636364,35,0.648148,0.786517,0.786517,0.648148,38,0.654545,0.791209,0.774194,0.654545,35,0.648148,0.786517,0.786517,0.648148,0.636364,0.777778,0.636364,0.62963,0.772727,0.62963,0.607625,0.708333,0.654545,0.601412,0.702128,0.648148,0.522639,0.674419,0.527273,0.51362,0.666667,0.518519,0.577601,9.952662722,50.6432399,512,16,10356.30617,0.005310774,8.952662722,45.55482876
simvarmass_CY5L_8fe797af,1252,1187,186,1632,0.176774,0.504803,3;6,1212,0.924913,0.960133,0.939935,0.92492,1212,0.962586,0.980076,0.959006,0.962594,1220,0.959265,0.979209,0.971683,0.959265,1151,0.958719,0.978925,0.973482,0.958719,0.816669,0.896849,0.829872,0.824446,0.901498,0.836563,0.856844,0.821344,0.912141,0.856791,0.820491,0.912458,0.668305,0.784186,0.673323,0.666645,0.78501,0.67173,0.646617,8.774193548,49.63509084,512,16,10356.30617,0.120892525,7.774193548,43.97815034
simvarmass_CY5L_903c8326,1730,1616,210,1614,0.179538,0.658781,3;6,1552,0.889245,0.938588,0.937843,0.889595,1552,0.932925,0.962406,0.961575,0.933293,1609,0.915029,0.955629,0.948188,0.915029,1494,0.91151,0.953707,0.947267,0.91151,0.771179,0.869399,0.794798,0.7745,0.871186,0.799505,0.811375,0.798692,0.869942,0.813216,0.801776,0.87021,0.631371,0.761074,0.634682,0.629992,0.760616,0.632919,0.669177,7.685714286,42.8082873,512,16,10356.30617,0.167047977,6.685714286,37.23843579
simvarmass_CY5L_9094ab2c,2361,2233,153,1556,0.143585,0.556195,3;6,2073,0.876154,0.933243,0.933243,0.876324,2073,0.914905,0.954776,0.954776,0.915082,2124,0.892418,0.943151,0.939576,0.892418,2010,0.894313,0.944208,0.941315,0.894313,0.767504,0.868791,0.78526,0.772571,0.872036,0.790063,0.789574,0.787603,0.839898,0.789374,0.789122,0.83871,NaN,NaN,NaN,NaN,NaN,NaN,0.716889,10.16993464,70.82867041,512,16,10356.30617,0.227977037,9.169934641,63.86415462
simvarmass_CY5L_917b35e1,1077,1018,167,1533,0.124064,0.66526,3;6,998,0.908935,0.951409,0.943614,0.909006,998,0.945819,0.97123,0.963109,0.945894,1004,0.928505,0.962927,0.961076,0.928505,957,0.937132,0.967546,0.966076,0.937132,0.786899,0.880536,0.793872,0.796625,0.886721,0.803536,0.830502,0.808802,0.88208,0.840503,0.815005,0.891945,0.569898,0.711727,0.571959,0.574567,0.715507,0.576205,0.66524,9.179640719,73.99117164,512,16,10356.30617,0.103994608,8.179640719,65.9308157
simvarmass_CY5L_96198ad4,525,506,204,1573,0.101023,0.567264,3;6,490,0.933333,0.965517,0.965517,0.933333,490,0.955166,0.977069,0.977069,0.955166,512,0.954286,0.976608,0.966249,0.954286,490,0.952569,0.975709,0.967871,0.952569,0.841796,0.913223,0.841905,0.843757,0.914347,0.843874,0.888564,0.853053,0.925714,0.888277,0.857426,0.922925,0.64884,0.77081,0.651429,0.641544,0.764846,0.644269,0.617695,7.710784314,76.32701775,512,16,10356.30617,0.05069375,6.710784314,66.42828181
simvarmass_CY5L_96c4c192,565,534,168,1694,0.056242,0.564686,3;6,531,0.932743,0.965201,0.961679,0.932743,531,0.96875,0.984127,0.980465,0.96875,547,0.962832,0.981064,0.978417,0.962832,517,0.962547,0.980916,0.978116,0.962547,0.802314,0.892514,0.823009,0.804293,0.893617,0.825843,0.872121,0.807993,0.946903,0.877168,0.815498,0.947566,0.692814,0.79798,0.699115,0.686981,0.797826,0.692453,0.69341,10.08333333,179.2847575,512,16,10356.30617,0.054556131,9.083333333,161.504451
simvarmass_CY5L_98343be9,2023,1899,206,1731,0.102746,0.533358,3;6,1798,0.887606,0.940068,0.940068,0.88779,1798,0.929895,0.963261,0.963261,0.930088,1875,0.914978,0.955601,0.949718,0.914978,1755,0.914692,0.955446,0.950739,0.914692,0.793515,0.88497,0.806228,0.801592,0.889911,0.815166,0.801169,0.794983,0.856649,0.801491,0.797596,0.855111,NaN,NaN,NaN,NaN,NaN,NaN,0.710087,8.402912621,81.78335528,512,16,10356.30617,0.195339918,7.402912621,72.05061629
simvarmass_CY5L_9877a8d3,9,9,173,1572,0.16158,0.540006,3;6,2,0.222222,0.363636,0.363636,0.222222,2,0.222222,0.363636,0.363636,0.222222,33,0.222222,0.363636,0.095238,0.222222,26,0.222222,0.363636,0.114286,0.222222,0.222222,0.363636,0.222222,0.222222,0.363636,0.222222,0.222222,0.363636,0.222222,0.222222,0.363636,0.222222,0.026316,0.12766,0.333333,0.026316,0.12766,0.333333,0.579325,9.086705202,56.23657137,512,16,10356.30617,0.000869036,8.086705202,50.04768661
simvarmass_CY5L_99a8eb4f,2219,2107,157,1699,0.068709,0.671186,3;6,1952,0.878592,0.935028,0.935028,0.878774,1952,0.915303,0.955414,0.955414,0.915493,2008,0.899504,0.947094,0.944405,0.899504,1902,0.898434,0.9465,0.944375,0.898434,0.779777,0.875971,0.787742,0.786411,0.880358,0.794495,0.774565,0.777886,0.826048,0.776998,0.781656,0.826932,NaN,NaN,NaN,NaN,NaN,NaN,0.736675,10.82165605,157.4998334,512,16,10356.30617,0.214265585,9.821656051,142.9456993
simvarmass_CY5L_9a373e9b,357,330,151,1701,0.054002,0.595166,3;6,789,0.893557,0.943787,0.556719,0.893557,789,0.935484,0.966667,0.564602,0.935484,330,0.921569,0.959184,0.957787,0.921569,305,0.924242,0.96063,0.96063,0.924242,0.78127,0.876161,0.792717,0.784261,0.87813,0.79697,0.849884,0.808446,0.910364,0.850139,0.808442,0.912121,0.63897,0.761269,0.644258,0.624348,0.752328,0.629179,0.669454,11.26490066,208.6015455,512,16,10356.30617,0.03447175,10.26490066,190.0837129
simvarmass_CY5L_9ca8bccd,351,332,170,1577,0.16261,0.548873,3;6,333,0.953848,0.975182,0.973684,0.954416,333,0.993474,0.995529,0.99403,0.994065,354,0.991453,0.995708,0.987234,0.991453,332,0.990964,0.995461,0.990964,0.990964,0.793107,0.884498,0.82906,0.802804,0.889952,0.840361,0.915462,0.843666,0.977208,0.914445,0.843305,0.975904,0.741989,0.8438,0.749288,0.738686,0.841026,0.746224,0.624623,9.276470588,57.04735618,512,16,10356.30617,0.033892393,8.276470588,50.89767289
simvarmass_CY5L_9d179fa5,1097,1035,157,1539,0.115413,0.595526,3;6,978,0.889911,0.941687,0.941687,0.890611,978,0.930632,0.963986,0.963986,0.931363,1016,0.917958,0.957224,0.953147,0.917958,955,0.915942,0.956127,0.952764,0.915942,0.791572,0.881592,0.810392,0.792453,0.882105,0.811594,0.830314,0.800378,0.890611,0.830244,0.802605,0.888996,0.640475,0.762431,0.645397,0.640944,0.765882,0.645005,0.691004,9.802547771,84.93452012,512,16,10356.30617,0.105925798,8.802547771,76.26998493
simvarmass_CY5L_9d99e333,965,913,152,1682,0.105692,0.511605,3;6,868,0.899482,0.947081,0.947081,0.899482,868,0.935345,0.966592,0.966592,0.935345,903,0.925389,0.961249,0.956103,0.925389,849,0.92333,0.960137,0.956867,0.92333,0.772598,0.874568,0.787565,0.775424,0.876596,0.789704,0.843647,0.819911,0.888083,0.838675,0.815867,0.883899,0.625741,0.752169,0.629016,0.618001,0.747688,0.621295,0.661774,11.06578947,104.6984585,512,16,10356.30617,0.093179941,10.06578947,95.23700444
simvarmass_CY5L_9f809585,2044,1927,204,1531,0.062915,0.659252,3;6,1834,0.89726,0.945848,0.945848,0.89726,1834,0.938107,0.968065,0.968065,0.938107,1894,0.921722,0.959267,0.956831,0.921722,1786,0.922678,0.959784,0.957716,0.922678,0.806845,0.891398,0.811155,0.812522,0.894827,0.816814,0.788609,0.785061,0.84002,0.791522,0.789067,0.841805,NaN,NaN,NaN,NaN,NaN,NaN,0.707522,7.504901961,119.2863699,512,16,10356.30617,0.197367668,6.504901961,103.3919091
simvarmass_CY5L_9f9145d3,2537,2384,157,1628,0.059032,0.52966,3;6,2214,0.872684,0.932014,0.932014,0.872684,2214,0.915633,0.955959,0.955959,0.915633,2269,0.891604,0.942696,0.941323,0.891604,2128,0.89052,0.94209,0.941046,0.89052,0.79205,0.884699,0.804888,0.793188,0.88551,0.806628,0.785182,0.786574,0.836027,0.784136,0.785955,0.833124,NaN,NaN,NaN,NaN,NaN,NaN,0.754117,10.36942675,175.6577238,512,16,10356.30617,0.244971514,9.369426752,158.717759
simvarmass_CY5L_9fd2384a,1710,1616,203,1661,0.161623,0.707398,3;6,1529,0.890208,0.940414,0.940414,0.890643,1529,0.928771,0.96149,0.96149,0.929225,1580,0.908187,0.951885,0.944073,0.908187,1492,0.909598,0.952659,0.945607,0.909598,0.754212,0.861768,0.779532,0.7573,0.863978,0.783416,0.815516,0.80543,0.866667,0.818427,0.805856,0.869888,0.580272,0.722726,0.583041,0.581315,0.724258,0.583643,0.68185,8.18226601,50.62562884,512,16,10356.30617,0.165116787,7.18226601,44.43839064
simvarmass_CY5L_a1312b66,362,346,161,1646,0.129737,0.537738,3;6,337,0.930822,0.961373,0.961373,0.930939,337,0.965494,0.979592,0.979592,0.965616,367,0.961326,0.980282,0.954733,0.961326,345,0.959538,0.979351,0.960926,0.959538,0.812694,0.896552,0.825967,0.815522,0.897959,0.82659,0.882324,0.823358,0.939227,0.88344,0.827692,0.936416,0.700365,0.8128,0.718232,0.693083,0.812081,0.710983,0.633789,10.22360248,78.80251959,512,16,10356.30617,0.034954548,9.223602484,71.09461822
simvarmass_CY5L_a430d118,434,411,157,1702,0.177736,0.565359,3;6,343,0.9032,0.947879,0.882883,0.903226,343,0.928883,0.96187,0.896732,0.92891,413,0.930876,0.9642,0.953955,0.930876,389,0.927007,0.962121,0.9525,0.927007,0.792522,0.884664,0.804147,0.790711,0.883534,0.80292,0.855374,0.827506,0.910138,0.850825,0.824691,0.905109,0.657104,0.766304,0.663594,0.650056,0.760962,0.656934,0.614034,10.84076433,60.99363287,512,16,10356.30617,0.041906834,9.840764331,55.36731068
simvarmass_CY5L_a4d6d0bb,705,657,173,1632,0.174806,0.664528,3;6,4097,0.928739,0.961821,0.272803,0.929078,4097,0.974347,0.985704,0.274691,0.974702,689,0.960284,0.97974,0.971306,0.960284,647,0.968037,0.983759,0.97546,0.968037,0.795849,0.883398,0.812766,0.802157,0.887057,0.820396,0.878334,0.836565,0.929078,0.882181,0.837278,0.934551,0.637002,0.760345,0.64539,0.639449,0.764815,0.64688,0.630192,9.433526012,53.96568774,512,16,10356.30617,0.068074465,8.433526012,48.2450603
simvarmass_CY5L_a6e00e93,2531,2393,197,1695,0.124147,0.711693,3;6,2236,0.883445,0.938116,0.938116,0.883445,2236,0.922823,0.959863,0.959863,0.922823,2297,0.904781,0.95001,0.948633,0.904781,2162,0.901797,0.948363,0.94753,0.901797,0.810189,0.895011,0.815093,0.815951,0.89865,0.820727,0.739132,0.758649,0.788226,0.737593,0.759284,0.786967,NaN,NaN,NaN,NaN,NaN,NaN,0.700051,8.604060914,69.30542755,512,16,10356.30617,0.244392157,7.604060914,61.25046045
simvarmass_CY5L_a8047020,699,660,201,1507,0.167444,0.571095,3;6,662,0.945565,0.971345,0.971345,0.945637,662,0.971985,0.985097,0.985097,0.972059,687,0.965665,0.982533,0.974026,0.965665,646,0.963636,0.981481,0.973966,0.963636,0.812813,0.894449,0.821173,0.818467,0.89769,0.827273,0.884147,0.851389,0.93133,0.885939,0.854398,0.930303,0.733304,0.829073,0.742489,0.72927,0.828645,0.737481,0.628221,7.497512438,44.77623825,512,16,10356.30617,0.067495108,6.497512438,38.80409234
simvarmass_CY5L_a96389e6,346,324,159,1567,0.105379,0.568378,3;6,320,0.926336,0.960961,0.960961,0.927746,320,0.968315,0.983103,0.983103,0.969789,339,0.971098,0.985337,0.981022,0.971098,315,0.969136,0.984326,0.982786,0.969136,0.852197,0.920684,0.855491,0.857676,0.923841,0.861111,0.900479,0.840491,0.953757,0.898261,0.835526,0.953704,0.650108,0.770578,0.653179,0.659753,0.781308,0.661491,0.627937,9.855345912,93.52286425,512,16,10356.30617,0.033409595,8.855345912,84.03330751
simvarmass_CY5L_aa2d1ead,1099,1035,199,1621,0.194819,0.679551,3;6,1842,0.901329,0.946915,0.67392,0.901729,1842,0.93892,0.967269,0.684156,0.939336,1041,0.926297,0.961738,0.951402,0.926297,975,0.925604,0.961365,0.953234,0.925604,0.743782,0.856999,0.7798,0.747197,0.860032,0.782609,0.823298,0.801279,0.89263,0.81955,0.799613,0.888996,0.586775,0.730034,0.590537,0.582517,0.727821,0.586006,0.639517,8.145728643,41.81177731,512,16,10356.30617,0.106118917,7.145728643,36.67880773
simvarmass_CY5L_ab31cf1e,326,311,162,1677,0.069673,0.554276,3;6,295,0.904908,0.950081,0.950081,0.904908,295,0.933544,0.96563,0.96563,0.933544,308,0.932515,0.965079,0.958991,0.932515,291,0.92926,0.963333,0.960133,0.92926,0.766546,0.869416,0.776074,0.761907,0.866426,0.771704,0.879664,0.851735,0.917178,0.873847,0.846281,0.913183,0.670011,0.772727,0.677914,0.664367,0.769231,0.672026,0.63219,10.35185185,148.5776678,512,16,10356.30617,0.031478405,9.351851852,134.2249057
simvarmass_CY5L_ab88b7cd,1723,1634,206,1702,0.100434,0.673135,3;6,1567,0.905594,0.949544,0.949544,0.906558,1567,0.937703,0.966883,0.966883,0.938702,1591,0.917005,0.956706,0.95353,0.917005,1508,0.918043,0.95727,0.955138,0.918043,0.771414,0.870483,0.791062,0.772527,0.871294,0.792534,0.819693,0.807498,0.870575,0.818986,0.807403,0.869033,NaN,NaN,NaN,NaN,NaN,NaN,0.700508,8.262135922,82.26433202,512,16,10356.30617,0.166372061,7.262135922,72.30754448
simvarmass_CY5L_abd7139e,2059,1948,155,1522,0.170859,0.665823,3;6,1834,0.888609,0.940663,0.940663,0.889267,1834,0.927813,0.962165,0.962165,0.928499,1894,0.907722,0.951629,0.945611,0.907722,1783,0.905544,0.950431,0.945591,0.905544,0.809139,0.893696,0.822729,0.813664,0.896302,0.827515,0.796815,0.780986,0.857212,0.795956,0.782213,0.855749,0.579148,0.720937,0.582807,0.577537,0.719438,0.580031,0.695214,9.819354839,57.47051568,512,16,10356.30617,0.198816061,8.819354839,51.61773649
simvarmass_CY5L_ad5b63fc,101,99,165,1530,0.134475,0.55671,3;6,78,0.772277,0.871508,0.871508,0.772277,78,0.787879,0.881356,0.881356,0.787879,80,0.792079,0.883978,0.883978,0.792079,78,0.787879,0.881356,0.881356,0.787879,0.60866,0.766467,0.633663,0.601375,0.760736,0.626263,0.735071,0.752577,0.792079,0.728427,0.747368,0.787879,0.620977,0.756098,0.623762,0.616162,0.7625,0.616162,0.598993,9.272727273,68.95502713,512,16,10356.30617,0.009752512,8.272727273,61.51870067
simvarmass_CY5L_addda019,741,695,152,1610,0.050871,0.702645,3;6,676,0.910795,0.952717,0.952717,0.910931,676,0.955947,0.976845,0.976845,0.956091,712,0.952767,0.975812,0.971783,0.952767,664,0.94964,0.97417,0.971302,0.94964,0.768986,0.869242,0.789474,0.772355,0.87135,0.794245,0.860302,0.814607,0.928475,0.858127,0.814869,0.92518,NaN,NaN,NaN,NaN,NaN,NaN,0.707252,10.59210526,208.215,512,16,10356.30617,0.071550608,9.592105263,188.5574347
simvarmass_CY5L_ae0bc257,895,832,152,1518,0.060152,0.665612,3;6,809,0.899882,0.946565,0.946009,0.900559,809,0.941982,0.969333,0.96875,0.94269,842,0.935196,0.966513,0.963731,0.935196,780,0.932692,0.965174,0.962779,0.932692,0.801365,0.891859,0.820112,0.808113,0.895114,0.825721,0.847579,0.795051,0.92067,0.843696,0.792803,0.918269,NaN,NaN,NaN,NaN,NaN,NaN,0.728247,9.986842105,166.0267673,512,16,10356.30617,0.086420774,8.986842105,149.4022161
simvarmass_CY5L_b001e10f,2078,1968,175,1641,0.148662,0.544784,3;6,1865,0.895444,0.944966,0.944966,0.896535,1865,0.934572,0.966286,0.966286,0.935711,1929,0.915784,0.956041,0.949838,0.915784,1826,0.917175,0.956798,0.951502,0.917175,0.797954,0.886598,0.807026,0.804745,0.890742,0.814024,0.794014,0.795339,0.834937,0.793346,0.793159,0.835366,0.621379,0.757452,0.623677,0.62148,0.75781,0.623727,0.69427,9.377142857,63.07693195,512,16,10356.30617,0.200650692,8.377142857,56.3502634
simvarmass_CY5L_b037e931,744,706,162,1747,0.132121,0.688997,3;6,834,0.934042,0.965229,0.880862,0.93414,834,0.969215,0.9837,0.896196,0.969317,724,0.96371,0.98152,0.976839,0.96371,683,0.963173,0.981241,0.979122,0.963173,0.822608,0.901163,0.834677,0.827382,0.903817,0.839943,0.880727,0.834581,0.935484,0.878876,0.831541,0.934844,0.574113,0.714771,0.576613,0.571247,0.714542,0.57305,0.643824,10.78395062,81.62177562,512,16,10356.30617,0.071840286,9.783950617,74.05295613
simvarmass_CY5L_b156f56a,2067,1929,190,1663,0.14827,0.503077,3;6,1837,0.88822,0.940574,0.940574,0.888244,1837,0.933851,0.965554,0.965554,0.933876,1898,0.912917,0.954476,0.951828,0.912917,1771,0.913427,0.954755,0.952432,0.913427,0.807778,0.893493,0.81374,0.810161,0.894886,0.816485,0.785577,0.777116,0.837929,0.784266,0.776268,0.836788,0.605661,0.743347,0.608128,0.600662,0.73977,0.603233,0.679061,8.752631579,59.03170958,512,16,10356.30617,0.199588537,7.752631579,52.28725689
simvarmass_CY5L_b1a1efeb,2364,2241,178,1570,0.199284,0.651626,3;6,2111,0.892508,0.943017,0.943017,0.892555,2111,0.92824,0.962591,0.962591,0.928289,2184,0.910745,0.953288,0.94679,0.910745,2066,0.910754,0.953293,0.947759,0.910754,0.791196,0.882984,0.801607,0.79936,0.888182,0.810353,0.761173,0.768126,0.811337,0.760745,0.767692,0.810799,0.561678,0.708766,0.564298,0.559705,0.706911,0.562416,0.678292,8.820224719,44.25957287,512,16,10356.30617,0.228266716,7.820224719,39.24160855
simvarmass_CY5L_b29fff8a,410,381,209,1632,0.05862,0.64315,3;6,243,0.891721,0.941935,0.744257,0.892683,243,0.949625,0.973333,0.773885,0.950649,386,0.939024,0.968553,0.967337,0.939024,361,0.947507,0.973046,0.973046,0.947507,0.780335,0.875339,0.787805,0.797801,0.886003,0.805774,0.853975,0.814815,0.912195,0.869552,0.825858,0.923885,0.619195,0.751092,0.629268,0.624505,0.755981,0.633245,0.631143,7.80861244,133.2073088,512,16,10356.30617,0.039589405,6.80861244,116.1482845
simvarmass_CY5L_b39363cd,2046,1941,153,1575,0.119055,0.590325,3;6,1846,0.899007,0.946557,0.946557,0.900293,1846,0.93702,0.967183,0.967183,0.93836,1882,0.913978,0.955056,0.952138,0.913978,1780,0.913447,0.954766,0.95297,0.913447,0.801694,0.892981,0.817693,0.808756,0.89717,0.824833,0.810495,0.797339,0.861681,0.811632,0.796871,0.861998,NaN,NaN,NaN,NaN,NaN,NaN,0.71198,10.29411765,86.46522739,512,16,10356.30617,0.197560787,9.294117647,78.06574816
simvarmass_CY5L_b4603be1,207,195,200,1591,0.085478,0.564208,3;6,198,0.966184,0.982801,0.977778,0.966184,198,1,1,0.994975,1,212,1,1,0.988067,1,198,1,1,0.992366,1,0.864076,0.921519,0.884058,0.855555,0.916442,0.876923,0.910437,0.820896,0.980676,0.909183,0.815789,0.984615,0.779604,0.850515,0.797101,0.781125,0.855556,0.798969,0.624141,7.955,93.06488219,512,16,10356.30617,0.019987822,6.955,81.36596551
simvarmass_CY5L_b4d3b176,1872,1769,205,1551,0.189792,0.747963,3;6,1688,0.898622,0.945771,0.945506,0.899038,1688,0.936128,0.966131,0.965854,0.936561,1775,0.916132,0.955964,0.940499,0.916132,1672,0.917986,0.95724,0.943605,0.917986,0.81438,0.893961,0.827991,0.817408,0.895604,0.830978,0.778608,0.770459,0.840278,0.776569,0.770327,0.840498,0.555983,0.703156,0.559295,0.549253,0.700143,0.552349,0.666441,7.565853659,39.86392292,512,16,10356.30617,0.18075943,6.565853659,34.59499694
simvarmass_CY5L_b5fe215d,2382,2260,155,1572,0.198299,0.556511,3;6,2113,0.886434,0.939711,0.939711,0.88665,2113,0.922046,0.959346,0.959346,0.922271,2174,0.903442,0.949272,0.944688,0.903442,2058,0.90354,0.949326,0.945808,0.90354,0.795931,0.886186,0.810663,0.799754,0.888245,0.813799,0.768737,0.770626,0.830814,0.767718,0.771315,0.828761,0.618539,0.753446,0.619647,0.615325,0.752039,0.616238,0.695493,10.14193548,51.14466278,512,16,10356.30617,0.230004787,9.141935484,46.101773
simvarmass_CY5L_b6e4ac56,1466,1371,158,1560,0.152973,0.735178,3;6,1328,0.904324,0.949177,0.949177,0.904502,1328,0.952398,0.975,0.975,0.952586,1383,0.930423,0.963958,0.957529,0.930423,1295,0.935084,0.966453,0.96174,0.935084,0.790994,0.878867,0.804229,0.801988,0.886247,0.816058,0.836065,0.809129,0.887449,0.847191,0.818182,0.896426,0.556722,0.706845,0.560027,0.554756,0.706486,0.557749,0.679671,9.873417722,64.54353201,512,16,10356.30617,0.141556263,8.873417722,58.00643069
simvarmass_CY5L_b7717876,91,89,187,1647,0.057058,0.739199,3;6,65,0.714286,0.833333,0.833333,0.714286,65,0.730337,0.844156,0.844156,0.730337,67,0.736264,0.848101,0.848101,0.736264,65,0.730337,0.844156,0.844156,0.730337,0.593407,0.744828,0.593407,0.58427,0.737589,0.58427,0.69814,0.735484,0.725275,0.691268,0.731429,0.719101,0.59814,0.723684,0.604396,0.588947,0.721088,0.595506,0.643284,8.807486631,154.360241,512,16,10356.30617,0.008786917,7.807486631,136.8342149
simvarmass_CY5L_b888945d,1125,1057,208,1702,0.137033,0.746636,3;6,1110,0.922666,0.959297,0.928859,0.922667,1110,0.960221,0.979226,0.947513,0.960222,1076,0.947556,0.973072,0.968651,0.947556,1007,0.945128,0.97179,0.968023,0.945128,0.811127,0.894686,0.824889,0.81892,0.899233,0.833491,0.834268,0.812099,0.893333,0.831303,0.811495,0.889309,0.547152,0.697039,0.549333,0.550651,0.701031,0.552083,0.649206,8.182692308,59.71329758,512,16,10356.30617,0.108629465,7.182692308,52.4157853
simvarmass_CY5L_b901537e,614,584,186,1709,0.133141,0.668737,3;6,3557,0.944498,0.970662,0.278111,0.944625,3557,0.977945,0.988055,0.279518,0.978078,613,0.97557,0.987634,0.976365,0.97557,581,0.974315,0.98699,0.976824,0.974315,0.810549,0.895944,0.827362,0.81653,0.899354,0.833904,0.88224,0.822222,0.946254,0.882794,0.824166,0.945205,0.647944,0.7636,0.653094,0.646943,0.76698,0.651203,0.634839,9.188172043,69.01083846,512,16,10356.30617,0.059287548,8.188172043,61.50000408
simvarmass_CY5L_b95234dd,981,934,206,1540,0.187438,0.713686,3;6,3461,0.927549,0.959873,0.409725,0.927625,3461,0.959838,0.976894,0.412792,0.959916,970,0.955148,0.977059,0.960533,0.955148,919,0.956103,0.977559,0.963842,0.956103,0.809348,0.893289,0.832824,0.804282,0.890046,0.828694,0.845316,0.816658,0.902141,0.846363,0.819058,0.901499,0.608713,0.747362,0.614679,0.603141,0.743119,0.608789,0.630938,7.475728155,39.88373838,512,16,10356.30617,0.094724894,6.475728155,34.54864091
simvarmass_CY5L_b9ca4f72,1441,1362,171,1585,0.109894,0.658722,3;6,1304,0.903522,0.94898,0.948634,0.903539,1304,0.942778,0.970194,0.969832,0.942795,1349,0.927828,0.962563,0.958423,0.927828,1269,0.926579,0.96189,0.959331,0.926579,0.80916,0.895094,0.82304,0.817176,0.899404,0.830396,0.815098,0.788222,0.875087,0.811307,0.783827,0.87234,0.581672,0.724989,0.582929,0.57507,0.72092,0.576047,0.6847,9.269005848,84.3449674,512,16,10356.30617,0.139142275,8.269005848,75.24528953
simvarmass_CY5L_bae90715,805,758,168,1620,0.193724,0.577228,3;6,3260,0.883219,0.936759,0.349815,0.88323,3260,0.92577,0.960162,0.353029,0.925781,748,0.918012,0.957254,0.951706,0.918012,704,0.922061,0.95945,0.95551,0.922061,0.770221,0.871478,0.787578,0.779426,0.877269,0.797886,0.846271,0.817111,0.900621,0.849005,0.822062,0.902116,0.611402,0.746988,0.619876,0.608263,0.7472,0.616909,0.627068,9.642857143,49.77626491,512,16,10356.30617,0.077730417,8.642857143,44.61428188
simvarmass_CY5L_bf680c47,584,549,156,1515,0.104205,0.513797,3;6,1084,0.914014,0.954342,0.640288,0.914384,1084,0.954891,0.97619,0.65003,0.955277,564,0.957192,0.978128,0.973868,0.957192,527,0.954463,0.976701,0.973978,0.954463,0.817365,0.899814,0.830479,0.824382,0.903733,0.837887,0.885568,0.842857,0.931507,0.88422,0.84381,0.928962,0.706578,0.810029,0.719178,0.706208,0.812371,0.718978,0.670855,9.711538462,93.19647293,512,16,10356.30617,0.056390762,8.711538462,83.60000443
simvarmass_CY5L_bfdb01fb,2142,2018,161,1632,0.064614,0.584745,3;6,1907,0.890289,0.941961,0.941961,0.890289,1907,0.932518,0.965081,0.965081,0.932518,1979,0.914099,0.955122,0.950255,0.914099,1858,0.91328,0.954675,0.95098,0.91328,0.807087,0.893443,0.814192,0.808942,0.894622,0.816155,0.802309,0.790039,0.85761,0.802629,0.790855,0.856789,NaN,NaN,NaN,NaN,NaN,NaN,0.734778,10.13664596,156.8800254,512,16,10356.30617,0.206830502,9.136645963,141.4035033
simvarmass_CY5L_c008c7b4,277,256,169,1547,0.060678,0.5194,3;6,234,0.844765,0.915851,0.915851,0.844765,234,0.89313,0.943548,0.943548,0.89313,247,0.891697,0.942748,0.942748,0.891697,227,0.886719,0.939959,0.939959,0.886719,0.702388,0.830957,0.736462,0.68991,0.823009,0.726562,0.826108,0.800759,0.884477,0.815371,0.793456,0.878906,0.686636,0.795789,0.693141,0.680623,0.789954,0.6875,0.659954,9.153846154,150.8593914,512,16,10356.30617,0.026746988,8.153846154,134.3789537
simvarmass_CY5L_c10f2b46,166,154,187,1549,0.157837,0.595715,3;6,134,0.807229,0.893333,0.893333,0.807229,134,0.853503,0.920962,0.920962,0.853503,138,0.825301,0.90429,0.901316,0.825301,131,0.850649,0.919298,0.919298,0.850649,0.709075,0.832765,0.73494,0.725133,0.843636,0.753247,0.809199,0.81761,0.843373,0.82697,0.825503,0.863636,0.603775,0.739927,0.608434,0.62585,0.760784,0.62987,0.597149,8.28342246,52.48086608,512,16,10356.30617,0.016028881,7.28342246,46.14521601
simvarmass_CY5L_c17e08be,47,46,204,1747,0.093026,0.565284,3;6,21,0.489362,0.657143,0.617647,0.489362,21,0.5,0.666667,0.626866,0.5,31,0.510638,0.676056,0.615385,0.510638,29,0.5,0.666667,0.613333,0.5,0.398836,0.567164,0.404255,0.385432,0.553846,0.391304,0.478852,0.615385,0.510638,0.468566,0.605263,0.5,0.465205,0.628571,0.468085,0.456522,0.626866,0.456522,0.618683,8.56372549,92.05733333,512,16,10356.30617,0.004538298,7.56372549,81.30765044
simvarmass_CY5L_c335275c,1196,1142,164,1566,0.15181,0.588858,3;6,1123,0.93311,0.965398,0.962484,0.93311,1123,0.959587,0.979377,0.976378,0.959587,1164,0.953177,0.976027,0.966102,0.953177,1109,0.952715,0.975785,0.966681,0.952715,0.820404,0.904222,0.833612,0.823317,0.906072,0.837128,0.851671,0.821114,0.904682,0.853392,0.82193,0.906305,0.606654,0.747174,0.608696,0.6058,0.746494,0.607895,0.652954,9.548780488,62.8995487,512,16,10356.30617,0.115485191,8.548780488,56.31236735
simvarmass_CY5L_c399cc8f,2080,1970,192,1597,0.094204,0.636401,3;6,1831,0.878223,0.934288,0.934288,0.878365,1831,0.914724,0.954545,0.954545,0.914872,1886,0.900481,0.947635,0.944528,0.900481,1783,0.900508,0.94765,0.945377,0.900508,0.787635,0.881392,0.804327,0.787648,0.88129,0.805076,0.788724,0.780256,0.852404,0.787582,0.782425,0.850254,NaN,NaN,NaN,NaN,NaN,NaN,0.720554,8.317708333,88.29464071,512,16,10356.30617,0.200843811,7.317708333,77.67938021
simvarmass_CY5L_c39aeae8,1657,1558,198,1517,0.127016,0.529593,3;6,1487,0.893183,0.942112,0.942112,0.893784,1487,0.934346,0.964507,0.964507,0.934975,1558,0.925166,0.961129,0.953655,0.925166,1454,0.922336,0.959599,0.954183,0.922336,0.780169,0.872932,0.796017,0.786449,0.877279,0.802953,0.826427,0.799496,0.885335,0.82578,0.801068,0.882617,0.679417,0.794097,0.684973,0.673644,0.790419,0.6791,0.687859,7.661616162,60.32008693,512,16,10356.30617,0.159999132,6.661616162,52.44706306
simvarmass_CY5L_c611a3c6,1510,1435,163,1725,0.113347,0.619743,3;6,1378,0.909438,0.951853,0.951524,0.909934,1378,0.942519,0.969654,0.969312,0.943034,1426,0.936424,0.967168,0.963215,0.936424,1348,0.935192,0.966511,0.964427,0.935192,0.810939,0.896427,0.822517,0.812913,0.89765,0.825087,0.821046,0.804821,0.877483,0.821122,0.80776,0.874564,0.588685,0.726903,0.591391,0.582393,0.724048,0.584497,0.695105,10.58282209,93.36658302,512,16,10356.30617,0.145804882,9.582822086,84.5441175
simvarmass_CY5L_c618c353,2386,2247,163,1568,0.142213,0.546689,3;6,2090,0.869821,0.928236,0.928061,0.870495,2090,0.910659,0.950985,0.95079,0.911365,2138,0.89145,0.94261,0.940318,0.89145,2015,0.893191,0.943583,0.941811,0.893191,0.774949,0.872744,0.790444,0.780148,0.875887,0.796173,0.784158,0.783528,0.838223,0.786673,0.786591,0.839484,NaN,NaN,NaN,NaN,NaN,NaN,0.723744,9.619631902,67.642423,512,16,10356.30617,0.230391026,8.619631902,60.61071704
simvarmass_CY5L_c761edd0,938,888,169,1534,0.177772,0.51389,3;6,1644,0.893389,0.943163,0.649109,0.89339,1644,0.934224,0.965438,0.659583,0.934225,882,0.933902,0.965821,0.962637,0.933902,830,0.931306,0.964431,0.962747,0.931306,0.801133,0.887324,0.80597,0.809787,0.893144,0.814189,0.86539,0.832967,0.913646,0.865866,0.834008,0.914414,0.627677,0.749527,0.633262,0.631732,0.754164,0.637387,0.632375,9.076923077,51.05935174,512,16,10356.30617,0.090572834,8.076923077,45.43416892
simvarmass_CY5L_c7c630f9,699,656,182,1574,0.168303,0.644611,3;6,626,0.925598,0.960653,0.944906,0.925608,626,0.967105,0.982536,0.966795,0.967115,675,0.95422,0.976574,0.970888,0.95422,634,0.955793,0.977397,0.972093,0.955793,0.821579,0.900312,0.828326,0.827314,0.904132,0.833841,0.866693,0.827233,0.915594,0.869178,0.828187,0.917557,0.590266,0.721254,0.593705,0.586364,0.716946,0.589313,0.610174,8.648351648,51.38560601,512,16,10356.30617,0.067495108,7.648351648,45.44394127
simvarmass_CY5L_ca22dc6d,369,353,184,1593,0.119226,0.607463,3;6,338,0.917594,0.956153,0.956153,0.918699,338,0.951102,0.974063,0.974063,0.952247,355,0.95122,0.975,0.969613,0.95122,338,0.949008,0.973837,0.969609,0.949008,0.755124,0.865103,0.799458,0.750991,0.861963,0.796034,0.901378,0.83834,0.948509,0.89821,0.835781,0.946176,0.675876,0.7808,0.680217,0.67651,0.782609,0.679887,0.635485,8.657608696,72.61510657,512,16,10356.30617,0.035630465,7.657608696,64.2276743
simvarmass_CY5L_cad0905c,1968,1874,178,1551,0.052267,0.657892,3;6,1792,0.90697,0.950532,0.950532,0.908028,1792,0.938442,0.967515,0.967515,0.939537,1821,0.92124,0.959006,0.956981,0.92124,1728,0.920491,0.9586,0.957801,0.920491,0.790574,0.885163,0.804878,0.791474,0.885304,0.805229,0.797529,0.792676,0.847561,0.796804,0.793669,0.8464,NaN,NaN,NaN,NaN,NaN,NaN,0.721728,8.713483146,166.7109868,512,16,10356.30617,0.190029144,7.713483146,147.5784557
simvarmass_CY5L_cafb1423,325,299,165,1507,0.088573,0.629517,3;6,281,0.867692,0.92916,0.927393,0.867692,281,0.930693,0.964103,0.962329,0.930693,292,0.895385,0.944805,0.943274,0.895385,278,0.926421,0.961806,0.960139,0.926421,0.776719,0.869712,0.790769,0.800912,0.884058,0.816054,0.825698,0.791738,0.886154,0.852201,0.80389,0.916388,0.631071,0.754098,0.64,0.649281,0.767123,0.658863,0.656737,9.133333333,103.1164501,512,16,10356.30617,0.031381845,8.133333333,91.82632781
simvarmass_CY5L_cbaf43a3,663,631,159,1576,0.173532,0.634388,3;6,2141,0.929807,0.961749,0.440086,0.930618,2141,0.957239,0.976228,0.443088,0.958075,635,0.953243,0.976062,0.973806,0.953243,605,0.955626,0.97731,0.975728,0.955626,0.816323,0.898858,0.831071,0.818352,0.900685,0.833597,0.873775,0.818909,0.939668,0.873626,0.818251,0.939778,0.669792,0.778464,0.678733,0.672379,0.78391,0.679936,0.647021,9.911949686,57.11885811,512,16,10356.30617,0.064018965,8.911949686,51.3562322
simvarmass_CY5L_cc3478bc,347,329,184,1530,0.152509,0.502484,3;6,327,0.945245,0.971852,0.970326,0.945245,327,0.984985,0.992436,0.990909,0.984985,347,0.979827,0.989811,0.979827,0.979827,331,0.987842,0.993884,0.984848,0.987842,0.748575,0.862992,0.789625,0.758688,0.869852,0.802432,0.89027,0.821138,0.9683,0.894263,0.821023,0.975684,0.793467,0.853211,0.804035,0.792197,0.861842,0.801223,0.61696,8.315217391,54.52279794,512,16,10356.30617,0.033506155,7.315217391,47.96580786
simvarmass_CY5L_ccdde8b6,2414,2284,166,1564,0.095606,0.648204,3;6,2168,0.897571,0.945875,0.945875,0.89768,2168,0.935955,0.966763,0.966763,0.936069,2224,0.913836,0.954978,0.951272,0.913836,2095,0.912434,0.954212,0.951815,0.912434,0.805022,0.891561,0.814002,0.809055,0.89378,0.817863,0.785084,0.782973,0.843413,0.784251,0.784515,0.841228,NaN,NaN,NaN,NaN,NaN,NaN,0.725217,9.421686747,98.54702369,512,16,10356.30617,0.233094692,8.421686747,88.0874291
simvarmass_CY5L_cd845f0f,1327,1275,170,1682,0.139848,0.601651,3;6,1239,0.932926,0.964926,0.964926,0.932931,1239,0.955979,0.977111,0.977111,0.955985,1267,0.946496,0.972513,0.968389,0.946496,1209,0.945098,0.971774,0.970209,0.945098,0.833741,0.909091,0.836473,0.837669,0.911489,0.84,0.837985,0.811797,0.895252,0.837202,0.812424,0.894118,0.602837,0.736502,0.604371,0.599295,0.73501,0.600787,0.659531,9.894117647,70.7490822,512,16,10356.30617,0.128134489,8.894117647,63.59846152
simvarmass_CY5L_ceaa7951,134,129,170,1530,0.161071,0.710987,3;6,127,0.947761,0.97318,0.97318,0.947761,127,0.969466,0.984496,0.984496,0.969466,133,0.970149,0.984848,0.973783,0.970149,128,0.968992,0.984252,0.972763,0.968992,0.828358,0.906122,0.828358,0.829457,0.90678,0.829457,0.888537,0.846975,0.932836,0.886561,0.844444,0.930233,0.671483,0.798206,0.671642,0.674248,0.8,0.674419,0.578341,9,55.87598016,512,16,10356.30617,0.012938976,8,49.66753792
simvarmass_CY5L_ced48015,2405,2289,185,1542,0.192746,0.588103,3;6,2135,0.885815,0.939207,0.939207,0.886486,2135,0.923044,0.959712,0.959712,0.923744,2227,0.906861,0.951156,0.94171,0.906861,2109,0.906509,0.950962,0.943611,0.906509,0.806925,0.890913,0.813721,0.811631,0.89382,0.818698,0.763709,0.7772,0.816216,0.761813,0.777751,0.812827,0.596109,0.734507,0.598753,0.592517,0.731576,0.595186,0.682912,8.335135135,43.24414066,512,16,10356.30617,0.232225657,7.335135135,38.05596555
simvarmass_CY5L_d0884605,1254,1189,163,1723,0.166808,0.648761,3;6,1158,0.917972,0.957208,0.956053,0.919458,1158,0.95214,0.975445,0.974229,0.953681,1190,0.935407,0.966625,0.959902,0.935407,1123,0.93524,0.966536,0.961938,0.93524,0.806475,0.892857,0.818182,0.805351,0.892053,0.817494,0.848076,0.823341,0.900319,0.845398,0.820858,0.898405,0.573063,0.713508,0.57496,0.568521,0.709847,0.57022,0.659391,10.57055215,63.36957548,512,16,10356.30617,0.121085644,9.570552147,57.37465917
simvarmass_CY5L_d0f3ce7f,870,819,163,1604,0.157847,0.582602,3;6,1144,0.92527,0.960667,0.800397,0.926437,1144,0.957176,0.977562,0.812091,0.958383,834,0.950575,0.974661,0.970657,0.950575,785,0.95116,0.974969,0.971322,0.95116,0.807927,0.89556,0.822989,0.818105,0.900794,0.831502,0.869738,0.830189,0.922989,0.872164,0.828883,0.92665,0.627693,0.753762,0.633333,0.618293,0.746706,0.624235,0.644055,9.840490798,62.34195644,512,16,10356.30617,0.084006786,8.840490798,56.00670775
simvarmass_CY5L_d20eccaf,657,613,154,1741,0.055163,0.516046,3;6,615,0.929288,0.962264,0.962264,0.931507,615,0.970655,0.983923,0.983923,0.972973,640,0.968037,0.983759,0.980725,0.968037,597,0.967374,0.983416,0.980165,0.967374,0.830949,0.905844,0.849315,0.845497,0.913495,0.861338,0.898557,0.848773,0.951294,0.896901,0.847199,0.95098,NaN,NaN,NaN,NaN,NaN,NaN,0.712416,11.30519481,204.941624,512,16,10356.30617,0.063439608,10.30519481,186.8135309
simvarmass_CY5L_d2a6c082,1101,1034,154,1632,0.162091,0.695413,3;6,1028,0.896458,0.945402,0.927196,0.896458,1028,0.940896,0.969548,0.950409,0.940896,1029,0.93188,0.964739,0.96338,0.93188,965,0.931335,0.964447,0.963482,0.931335,0.828309,0.906034,0.831971,0.835557,0.91033,0.839458,0.836215,0.815606,0.891008,0.838021,0.814998,0.89372,0.544104,0.69191,0.547684,0.537228,0.687811,0.539729,0.644575,10.5974026,65.37933998,512,16,10356.30617,0.106312037,9.597402597,59.20996599
simvarmass_CY5L_d477463f,887,844,190,1537,0.129329,0.508141,3;6,994,0.926479,0.959531,0.874003,0.926719,994,0.954457,0.97439,0.886253,0.954704,855,0.952649,0.975751,0.970149,0.952649,810,0.951422,0.975106,0.970979,0.951422,0.823184,0.901818,0.838782,0.828316,0.904005,0.842417,0.861432,0.826281,0.912063,0.859701,0.824633,0.911137,0.652622,0.779273,0.656144,0.649932,0.777305,0.653618,0.644565,8.089473684,62.54957267,512,16,10356.30617,0.085648298,7.089473684,54.81735484
simvarmass_CY5L_d4f5fc46,2430,2307,168,1621,0.096593,0.64224,3;6,2093,0.855464,0.920186,0.920186,0.856379,2093,0.891032,0.940352,0.940352,0.891985,2143,0.87572,0.933743,0.93068,0.87572,2025,0.873429,0.932439,0.930286,0.873429,0.760868,0.86347,0.778601,0.765363,0.866123,0.783174,0.786508,0.786094,0.837037,0.783498,0.786297,0.833117,NaN,NaN,NaN,NaN,NaN,NaN,0.745974,9.648809524,99.89139507,512,16,10356.30617,0.234639645,8.648809524,89.538678
simvarmass_CY5L_d52169a1,2059,1955,201,1529,0.066289,0.639485,3;6,1855,0.899542,0.946857,0.946857,0.899951,1855,0.934489,0.965859,0.965859,0.934914,1898,0.914522,0.955353,0.951731,0.914522,1793,0.913555,0.954825,0.953042,0.913555,0.805415,0.892513,0.811073,0.812671,0.897055,0.818414,0.790999,0.774392,0.856727,0.789361,0.773132,0.855169,NaN,NaN,NaN,NaN,NaN,NaN,0.705608,7.606965174,114.7545622,512,16,10356.30617,0.198816061,6.606965174,99.66910308
simvarmass_CY5L_d67250cf,1540,1459,172,1563,0.146656,0.526972,3;6,1417,0.918933,0.957727,0.957727,0.919481,1417,0.95361,0.976215,0.976215,0.954178,1466,0.943506,0.970932,0.966733,0.943506,1385,0.943797,0.971086,0.968354,0.943797,0.784234,0.878359,0.807143,0.790327,0.88152,0.811515,0.844192,0.822157,0.901948,0.84241,0.820407,0.900617,0.710958,0.812085,0.715584,0.708581,0.811254,0.712423,0.692004,9.087209302,61.96275163,512,16,10356.30617,0.148701668,8.087209302,55.1440739
simvarmass_CY5L_d7fd035a,524,488,208,1644,0.186197,0.645926,3;6,487,0.930375,0.963403,0.963403,0.931298,487,0.980919,0.989837,0.989837,0.981891,512,0.965649,0.982524,0.976834,0.965649,483,0.977459,0.988601,0.982492,0.977459,0.83694,0.910217,0.843511,0.84735,0.9163,0.854508,0.877688,0.826087,0.948473,0.886445,0.828516,0.961066,0.645039,0.769401,0.662214,0.641462,0.767025,0.659138,0.603335,7.903846154,42.44883727,512,16,10356.30617,0.050597191,6.903846154,37.07818146
simvarmass_CY5L_d8102e43,1210,1135,187,1617,0.086342,0.52022,3;6,1112,0.919008,0.957795,0.957795,0.919008,1112,0.964441,0.981898,0.981898,0.964441,1165,0.954545,0.976744,0.972632,0.954545,1090,0.954185,0.976555,0.973483,0.954185,0.801196,0.891169,0.82562,0.799502,0.890261,0.825551,0.843789,0.808236,0.900826,0.842452,0.808072,0.897797,0.670204,0.791769,0.673554,0.665908,0.788866,0.669319,0.690306,8.647058824,100.148929,512,16,10356.30617,0.116837025,7.647058824,88.56708003
simvarmass_CY5L_d96fa1fa,699,665,189,1550,0.093079,0.716891,3;6,1017,0.918447,0.956781,0.748252,0.918455,1017,0.949696,0.973465,0.758417,0.949704,664,0.944206,0.971302,0.968452,0.944206,631,0.942857,0.970588,0.967593,0.942857,0.793524,0.889404,0.822604,0.792116,0.888708,0.822556,0.856195,0.820122,0.909871,0.856373,0.820513,0.909774,0.633605,0.763359,0.643777,0.632527,0.766034,0.642424,0.672681,8.201058201,88.1085766,512,16,10356.30617,0.067495108,7.201058201,77.36501468
simvarmass_CY5L_d9d7d7f1,1372,1292,156,1597,0.194963,0.506952,3;6,1269,0.91061,0.952018,0.947368,0.911808,1269,0.947919,0.972006,0.967143,0.949165,1298,0.93586,0.966867,0.961798,0.93586,1218,0.934211,0.965986,0.961753,0.934211,0.776801,0.8736,0.795918,0.782234,0.876956,0.802632,0.85415,0.827767,0.905248,0.853699,0.827833,0.904872,0.699467,0.804909,0.704082,0.697539,0.805847,0.701238,0.66685,10.23717949,52.50831946,512,16,10356.30617,0.132479668,9.237179487,47.3791411
simvarmass_CY5L_d9fc6491,2133,2012,160,1531,0.080236,0.674577,3;6,1904,0.892163,0.942779,0.942779,0.892171,1904,0.935127,0.966235,0.966235,0.935135,1977,0.921707,0.959258,0.956691,0.921707,1856,0.920477,0.958592,0.957601,0.920477,0.809638,0.89563,0.81669,0.815376,0.899157,0.822476,0.791268,0.78751,0.842475,0.790275,0.790137,0.838133,NaN,NaN,NaN,NaN,NaN,NaN,0.712957,9.56875,119.2575652,512,16,10356.30617,0.205961466,8.56875,106.7943317
simvarmass_CY5L_daa12408,2079,1952,166,1733,0.101097,0.668664,3;6,1840,0.882883,0.936974,0.936974,0.883117,1840,0.926559,0.961005,0.961005,0.926805,1905,0.906205,0.950795,0.945783,0.906205,1795,0.909836,0.95279,0.947958,0.909836,0.75487,0.862745,0.783069,0.763457,0.868052,0.792008,0.797295,0.7875,0.856662,0.801592,0.789266,0.861893,NaN,NaN,NaN,NaN,NaN,NaN,0.732131,10.43975904,103.2647758,512,16,10356.30617,0.200747252,9.439759036,93.37328542
simvarmass_CY5L_dcbae292,1614,1524,161,1522,0.170769,0.567291,3;6,1459,0.903346,0.949219,0.94891,0.903346,1459,0.945525,0.972,0.971676,0.945525,1530,0.935564,0.966709,0.96056,0.935564,1437,0.933071,0.965377,0.960486,0.933071,0.797608,0.886333,0.811648,0.799607,0.887379,0.814304,0.823518,0.797821,0.887237,0.825462,0.797696,0.888451,0.636022,0.763158,0.638786,0.637299,0.764072,0.640132,0.678665,9.453416149,55.35791712,512,16,10356.30617,0.155847073,8.453416149,49.50205335
simvarmass_CY5L_dcd5f12f,1392,1329,202,1575,0.156712,0.536127,3;6,1312,0.931034,0.9639,0.95858,0.931034,1312,0.959999,0.979206,0.973704,0.96,1343,0.948994,0.97383,0.965996,0.948994,1273,0.947329,0.972952,0.967717,0.947329,0.797353,0.887407,0.813218,0.802685,0.890619,0.818661,0.844269,0.821494,0.896552,0.841799,0.819761,0.894658,0.642555,0.768705,0.645833,0.638607,0.765632,0.641296,0.651444,7.797029703,49.75387783,512,16,10356.30617,0.134410858,6.797029703,43.37274556
simvarmass_CY5L_dd038fa8,835,787,160,1515,0.135483,0.53845,3;6,1468,0.908982,0.952321,0.65914,0.908982,1468,0.954717,0.976834,0.670791,0.954717,792,0.94491,0.971675,0.969883,0.94491,746,0.945362,0.971914,0.970646,0.945362,0.819974,0.899935,0.823952,0.83062,0.906207,0.834816,0.862211,0.843175,0.895808,0.864471,0.847709,0.895807,0.639649,0.757703,0.647904,0.639583,0.763118,0.647583,0.633534,9.46875,69.88884214,512,16,10356.30617,0.080627203,8.46875,62.50784231
simvarmass_CY5L_df41bc25,1359,1285,189,1517,0.195284,0.687827,3;6,1478,0.912385,0.953811,0.874163,0.912436,1478,0.95306,0.975591,0.892407,0.953113,1307,0.941133,0.969674,0.95949,0.941133,1232,0.941634,0.96994,0.961462,0.941634,0.8105,0.895116,0.8234,0.817377,0.899199,0.83035,0.821214,0.792281,0.882266,0.829252,0.799041,0.887938,0.568275,0.714286,0.573951,0.565688,0.714076,0.571429,0.638494,8.026455026,41.10144726,512,16,10356.30617,0.131224394,7.026455026,35.98070004
simvarmass_CY5L_e158d5e9,1562,1474,196,1522,0.163243,0.643038,3;6,1407,0.885403,0.939219,0.931627,0.885403,1407,0.924465,0.96075,0.952807,0.924465,1434,0.910371,0.953083,0.949266,0.910371,1349,0.907734,0.951636,0.947928,0.907734,0.805573,0.891702,0.81178,0.815859,0.89811,0.822252,0.788124,0.78516,0.84379,0.790567,0.787143,0.845214,0.545088,0.694456,0.549296,0.542864,0.693368,0.546875,0.650424,7.765306122,47.56899911,512,16,10356.30617,0.150825977,6.765306122,41.44316217
simvarmass_CY5L_e2d3c3ee,1126,1071,172,1707,0.152732,0.571086,3;6,1110,0.930728,0.964121,0.937388,0.930728,1110,0.965009,0.982193,0.954463,0.965009,1081,0.954707,0.976829,0.974173,0.954707,1022,0.954248,0.976589,0.976589,0.954248,0.82848,0.90566,0.831261,0.829974,0.906504,0.832866,0.84424,0.818354,0.895204,0.843798,0.816523,0.896359,0.591048,0.726779,0.594139,0.589981,0.727064,0.593078,0.637621,9.924418605,64.97930103,512,16,10356.30617,0.108726025,8.924418605,58.43188464
simvarmass_CY5L_e310b86e,651,606,171,1691,0.190816,0.643847,3;6,597,0.91839,0.9552,0.953526,0.918587,597,0.97215,0.983526,0.981848,0.972358,648,0.969278,0.984399,0.971517,0.969278,600,0.966997,0.983221,0.971808,0.966997,0.793336,0.881413,0.806452,0.800165,0.885689,0.813531,0.877753,0.835526,0.927803,0.878215,0.838352,0.925743,0.604425,0.746965,0.617512,0.595469,0.742394,0.608264,0.624165,9.888888889,51.82421227,512,16,10356.30617,0.06286025,8.888888889,46.58356159
simvarmass_CY5L_e327cde7,856,808,205,1560,0.171418,0.616088,3;6,3693,0.921291,0.957369,0.347769,0.924065,3693,0.960567,0.97822,0.350465,0.963459,833,0.957944,0.97852,0.970989,0.957944,782,0.956683,0.977862,0.972327,0.956683,0.815356,0.898606,0.829439,0.824429,0.903743,0.837871,0.867954,0.83305,0.921729,0.867965,0.831138,0.923267,0.643717,0.769659,0.646028,0.63742,0.76523,0.639752,0.624768,7.609756098,44.39298147,512,16,10356.30617,0.082654953,6.609756098,38.55928839
simvarmass_CY5L_e3dfe44b,660,629,181,1640,0.182498,0.673484,3;6,613,0.928788,0.963079,0.963079,0.928788,613,0.968404,0.983949,0.983949,0.968404,644,0.965152,0.982267,0.976994,0.965152,610,0.963434,0.981377,0.978208,0.963434,0.816281,0.899098,0.830303,0.823261,0.903171,0.837838,0.862621,0.827941,0.925758,0.86661,0.830888,0.928458,0.597736,0.730101,0.604545,0.602027,0.735125,0.608903,0.607438,9.060773481,49.64861796,512,16,10356.30617,0.063729286,8.060773481,44.16910586
simvarmass_CY5L_e4216685,2422,2303,190,1578,0.087431,0.54839,3;6,2107,0.869519,0.930007,0.930007,0.869529,2107,0.904628,0.949718,0.949718,0.904639,2159,0.888935,0.941202,0.939969,0.888935,2047,0.886285,0.939715,0.938635,0.886285,0.783396,0.879365,0.800578,0.786333,0.881695,0.803819,0.774917,0.77236,0.831131,0.77497,0.774298,0.828993,NaN,NaN,NaN,NaN,NaN,NaN,0.726224,8.305263158,94.99220137,512,16,10356.30617,0.233867168,7.305263158,83.55461058
simvarmass_CY5L_e5434f9d,2197,2090,171,1637,0.079057,0.689999,3;6,1981,0.901227,0.947822,0.947822,0.901229,1981,0.935726,0.966561,0.966561,0.935728,2026,0.915339,0.955798,0.952404,0.915339,1923,0.913876,0.955,0.951906,0.913876,0.819028,0.90005,0.823851,0.8245,0.903545,0.829187,0.772193,0.777914,0.826582,0.771663,0.779644,0.824402,NaN,NaN,NaN,NaN,NaN,NaN,0.719081,9.573099415,121.0911041,512,16,10356.30617,0.212141275,8.573099415,108.4420028
simvarmass_CY5L_e7479ac8,1290,1228,182,1710,0.059642,0.701287,3;6,1189,0.92093,0.958451,0.958451,0.92093,1189,0.958837,0.978583,0.978583,0.958838,1228,0.944186,0.971292,0.967434,0.944186,1166,0.943811,0.971093,0.968254,0.943811,0.828994,0.906026,0.833333,0.830955,0.907162,0.835505,0.821445,0.802678,0.878295,0.820398,0.802316,0.876221,0.570412,0.712566,0.573643,0.563316,0.707739,0.566422,0.689256,9.395604396,157.5333556,512,16,10356.30617,0.124561787,8.395604396,140.7666476
simvarmass_CY5L_e74aa8b1,72,69,197,1717,0.115023,0.576546,3;6,63,0.875,0.933333,0.933333,0.875,63,0.913043,0.954545,0.954545,0.913043,65,0.902778,0.948905,0.948905,0.902778,62,0.898551,0.946565,0.946565,0.898551,0.803102,0.893939,0.819444,0.793627,0.888889,0.811594,0.877317,0.875,0.902778,0.873293,0.869565,0.898551,0.760608,0.861538,0.777778,0.750319,0.854839,0.768116,0.605595,8.715736041,75.77385428,512,16,10356.30617,0.006952286,7.715736041,67.07994089
simvarmass_CY5L_e89f6af0,1479,1406,190,1621,0.130011,0.708468,3;6,1347,0.910751,0.953291,0.953291,0.910751,1347,0.946592,0.972563,0.972563,0.946592,1383,0.927654,0.962469,0.95877,0.927654,1314,0.928876,0.963127,0.960294,0.928876,0.805801,0.891539,0.808654,0.814905,0.897036,0.817923,0.81925,0.795819,0.881001,0.820198,0.794591,0.882562,0.533658,0.688181,0.534821,0.529776,0.685398,0.530961,0.664653,8.531578947,65.62197774,512,16,10356.30617,0.142811537,7.531578947,57.93032088
simvarmass_CY5L_e9a827f8,553,524,194,1744,0.077649,0.573078,3;6,1201,0.933092,0.965388,0.588369,0.933092,1201,0.971751,0.985673,0.595843,0.971751,537,0.96745,0.983456,0.981651,0.96745,511,0.971374,0.985479,0.983575,0.971374,0.78766,0.885602,0.811935,0.799285,0.893485,0.824427,0.87622,0.819149,0.943942,0.881141,0.819457,0.946565,0.677725,0.796137,0.683544,0.67757,0.800454,0.6826,0.659624,8.989690722,115.7734256,512,16,10356.30617,0.053397417,7.989690722,102.8949596
simvarmass_CY5L_e9b710b2,793,753,204,1504,0.091876,0.747539,3;6,1177,0.915423,0.954575,0.737056,0.915511,1177,0.951416,0.973808,0.748454,0.951507,751,0.941992,0.97013,0.967617,0.941992,711,0.941567,0.969904,0.968579,0.941567,0.823983,0.900753,0.82976,0.831855,0.905308,0.837981,0.838595,0.811215,0.892812,0.838913,0.80968,0.893758,0.544302,0.690164,0.547289,0.538353,0.687876,0.540613,0.642049,7.37254902,80.2445581,512,16,10356.30617,0.076571703,6.37254902,69.36032282
simvarmass_CY5L_ea8843b2,1510,1427,164,1690,0.103431,0.586,3;6,1349,0.892032,0.942288,0.942288,0.892053,1349,0.932158,0.964209,0.964209,0.93218,1394,0.919868,0.958261,0.956612,0.919868,1320,0.921569,0.959184,0.957787,0.921569,0.772443,0.872263,0.791391,0.774676,0.873652,0.794674,0.830677,0.796839,0.896026,0.833346,0.797495,0.896987,NaN,NaN,NaN,NaN,NaN,NaN,0.715758,10.30487805,99.63045942,512,16,10356.30617,0.145804882,9.304878049,89.96217816
simvarmass_CY5L_ec34d5b0,1340,1266,166,1746,0.121443,0.699506,3;6,1234,0.919844,0.958042,0.958042,0.920149,1234,0.954018,0.976247,0.976247,0.954334,1275,0.942537,0.970419,0.965966,0.942537,1195,0.939968,0.969055,0.967087,0.939968,0.834612,0.911372,0.840299,0.842362,0.915991,0.848341,0.843016,0.812785,0.900746,0.841047,0.812752,0.897233,0.526408,0.675547,0.529851,0.517647,0.66875,0.520668,0.667689,10.51807229,86.60912765,512,16,10356.30617,0.129389763,9.518072289,78.37481196
simvarmass_CY5L_ec47a6ad,361,341,160,1732,0.119905,0.641859,3;6,317,0.889197,0.941349,0.935103,0.889197,317,0.917143,0.956781,0.950525,0.917143,333,0.922438,0.959654,0.959654,0.922438,313,0.917889,0.957187,0.957187,0.917889,0.746469,0.853621,0.767313,0.746841,0.85342,0.768328,0.857463,0.820896,0.905817,0.851085,0.81775,0.900293,0.64273,0.757282,0.648199,0.638818,0.756477,0.644118,0.628618,10.825,90.27980485,512,16,10356.30617,0.034857988,9.825,81.93986906
simvarmass_CY5L_ec97f39a,2042,1949,186,1706,0.119173,0.579433,3;6,1841,0.900938,0.947721,0.947721,0.901077,1841,0.937196,0.967403,0.967403,0.937341,1903,0.925073,0.961079,0.957668,0.925073,1807,0.924538,0.96079,0.959254,0.924538,0.820505,0.90134,0.823213,0.828393,0.906241,0.831109,0.797165,0.790943,0.847698,0.80006,0.793275,0.849666,0.579377,0.719538,0.582762,0.575384,0.717833,0.578351,0.688044,9.172043011,76.9641027,512,16,10356.30617,0.197174549,8.172043011,68.57294027
simvarmass_CY5L_ef9dfecd,2261,2122,188,1693,0.184012,0.701475,3;6,1979,0.870977,0.929245,0.929245,0.871296,1979,0.91637,0.954457,0.954457,0.916705,2043,0.896948,0.945675,0.942379,0.896948,1916,0.897738,0.946114,0.943536,0.897738,0.760724,0.862372,0.784609,0.767337,0.86639,0.791706,0.780591,0.772482,0.836798,0.780391,0.773387,0.834512,0.597091,0.732973,0.599735,0.594588,0.73206,0.59698,0.696095,9.005319149,48.93876024,512,16,10356.30617,0.218321085,8.005319149,43.50433205
simvarmass_CY5L_efb30c9a,562,534,190,1562,0.107304,0.708793,3;6,2170,0.937722,0.96786,0.385798,0.937722,2170,0.970534,0.985047,0.3885,0.970534,552,0.964413,0.981884,0.97307,0.964413,521,0.966292,0.982857,0.978199,0.966292,0.810518,0.890385,0.823843,0.815487,0.892929,0.829268,0.875286,0.82945,0.932384,0.875271,0.8287,0.932584,0.655013,0.773163,0.663701,0.657351,0.775785,0.666041,0.637706,8.221052632,76.61459621,512,16,10356.30617,0.054266453,7.221052632,67.29527913
simvarmass_CY5L_f09f925c,924,861,185,1648,0.125771,0.745754,3;6,1000,0.909091,0.952381,0.873181,0.909091,1000,0.962199,0.980736,0.896957,0.962199,886,0.952381,0.97561,0.972376,0.952381,825,0.954704,0.976827,0.975089,0.954704,0.824587,0.903721,0.827922,0.839606,0.912634,0.843206,0.839905,0.808879,0.893939,0.842093,0.809552,0.897793,0.530783,0.675325,0.534632,0.525151,0.671101,0.529138,0.634512,8.908108108,70.82799777,512,16,10356.30617,0.089221001,7.908108108,62.87703929
simvarmass_CY5L_f16c4f04,969,912,161,1604,0.071516,0.613292,3;6,880,0.908153,0.951866,0.951866,0.908153,880,0.942184,0.970232,0.970232,0.942184,909,0.933953,0.965848,0.963791,0.933953,856,0.936404,0.967157,0.966063,0.936404,0.817676,0.89899,0.826625,0.824618,0.903034,0.832237,0.844957,0.805435,0.899897,0.84709,0.806916,0.901532,0.623405,0.74923,0.627451,0.619401,0.745896,0.623491,0.69621,9.962732919,139.3077482,512,16,10356.30617,0.093566179,8.962732919,125.3248632
simvarmass_CY5L_f3ca3027,918,862,163,1633,0.084828,0.537656,3;6,839,0.912846,0.953899,0.953899,0.912854,839,0.955521,0.97669,0.97669,0.95553,880,0.948802,0.973728,0.968854,0.948802,823,0.947735,0.973166,0.969121,0.947735,0.765974,0.867499,0.795207,0.761381,0.864557,0.792343,0.869524,0.825305,0.91939,0.863722,0.821274,0.915509,NaN,NaN,NaN,NaN,NaN,NaN,0.703477,10.01840491,118.1025712,512,16,10356.30617,0.088641644,9.018404908,106.3140108
simvarmass_CY5L_f4101ca1,1003,935,189,1592,0.063401,0.600329,3;6,915,0.912263,0.954119,0.954119,0.912263,915,0.966209,0.982814,0.982814,0.966209,959,0.952144,0.975485,0.973496,0.952144,897,0.95615,0.977583,0.975983,0.95615,0.847795,0.918138,0.855434,0.860932,0.925799,0.86738,0.850502,0.816306,0.909272,0.85323,0.817447,0.912299,0.610199,0.737546,0.62014,0.599933,0.733203,0.610097,0.670475,8.423280423,132.8572171,512,16,10356.30617,0.096849203,7.423280423,117.0845952
simvarmass_CY5L_f57370ec,1764,1667,206,1564,0.157208,0.552738,3;6,1590,0.898268,0.945704,0.94514,0.898526,1590,0.935939,0.966169,0.96558,0.936208,1649,0.924603,0.960825,0.955757,0.924603,1555,0.923215,0.960075,0.955307,0.923215,0.768546,0.86932,0.786281,0.771908,0.871608,0.790042,0.828979,0.811173,0.878118,0.830939,0.813403,0.878969,0.610227,0.74343,0.615079,0.606171,0.743337,0.611044,0.666032,7.59223301,48.29418992,512,16,10356.30617,0.170331001,6.59223301,41.93319048
simvarmass_CY5L_f597b922,2216,2088,187,1539,0.089438,0.585097,3;6,1988,0.897112,0.945766,0.945766,0.897112,1988,0.939509,0.968811,0.968811,0.939509,2071,0.928249,0.96279,0.959645,0.928249,1951,0.930077,0.963772,0.961624,0.930077,0.830155,0.907892,0.838448,0.833212,0.909609,0.840594,0.790795,0.787763,0.844765,0.790896,0.787541,0.844902,NaN,NaN,NaN,NaN,NaN,NaN,0.709433,8.229946524,92.01845439,512,16,10356.30617,0.213975906,7.229946524,80.83752459
simvarmass_CY5L_f687367f,263,248,168,1719,0.070377,0.532589,3;6,202,0.840304,0.913223,0.868817,0.840304,202,0.880478,0.936441,0.891832,0.880478,233,0.878327,0.935223,0.931452,0.878327,217,0.870968,0.931034,0.929032,0.870968,0.763851,0.865096,0.768061,0.765887,0.866213,0.770161,0.812445,0.807302,0.851711,0.807548,0.802575,0.846774,0.638656,0.738824,0.646388,0.636934,0.742991,0.643725,0.630984,10.23214286,145.390438,512,16,10356.30617,0.025395155,9.232142857,131.1812504
simvarmass_CY5L_f71f2ae3,264,244,188,1641,0.187982,0.739578,3;6,242,0.920439,0.956522,0.956522,0.920455,242,0.975887,0.985743,0.985743,0.975904,263,0.958333,0.978723,0.960152,0.958333,244,0.97541,0.987552,0.97541,0.97541,0.791892,0.880503,0.795455,0.799582,0.884876,0.803279,0.855315,0.80083,0.912879,0.854934,0.799117,0.913934,0.623425,0.751131,0.628788,0.629614,0.754258,0.635246,0.574553,8.728723404,46.4338256,512,16,10356.30617,0.025491714,7.728723404,41.11416734
simvarmass_CY5L_fa5eacdd,1683,1586,189,1545,0.080051,0.612507,3;6,1496,0.884513,0.936773,0.936773,0.88473,1496,0.923471,0.958172,0.958172,0.923697,1540,0.910873,0.953358,0.951288,0.910873,1445,0.908575,0.952098,0.950841,0.908575,0.774638,0.873856,0.795009,0.775218,0.87448,0.795082,0.811593,0.795406,0.871658,0.80881,0.793712,0.870032,NaN,NaN,NaN,NaN,NaN,NaN,0.722688,8.174603175,102.1174398,512,16,10356.30617,0.16250968,7.174603175,89.62540349
simvarmass_CY5L_fa6ac544,2158,2036,201,1568,0.11317,0.665394,3;6,1896,0.873795,0.931392,0.930932,0.874421,1896,0.910942,0.952069,0.951589,0.911594,1955,0.8962,0.945259,0.940433,0.8962,1835,0.894401,0.944257,0.940842,0.894401,0.780216,0.875703,0.793327,0.778944,0.874797,0.792731,0.78609,0.778891,0.843373,0.786348,0.782924,0.841511,NaN,NaN,NaN,NaN,NaN,NaN,0.702374,7.800995025,68.93165172,512,16,10356.30617,0.208375454,6.800995025,60.09538769
simvarmass_CY5L_fd058bc6,739,705,191,1568,0.116436,0.558126,3;6,1784,0.914428,0.954738,0.53587,0.91475,1784,0.943802,0.970525,0.5408,0.944134,696,0.937754,0.967877,0.965854,0.937754,662,0.93617,0.967033,0.965618,0.93617,0.830212,0.90776,0.838972,0.832023,0.908812,0.841135,0.863244,0.821803,0.913396,0.860504,0.820631,0.910638,0.617177,0.748154,0.622463,0.617122,0.748921,0.622507,0.629281,8.209424084,70.50589237,512,16,10356.30617,0.071357489,7.209424084,61.91748328
simvarmass_CY5L_fe7b94ae,1459,1385,196,1707,0.128447,0.568085,3;6,1342,0.919093,0.957515,0.957515,0.919123,1342,0.955779,0.977049,0.977049,0.955809,1381,0.943112,0.970723,0.969014,0.943112,1310,0.94296,0.970643,0.969202,0.94296,0.821024,0.901408,0.833448,0.823933,0.903,0.836823,0.839742,0.808088,0.895134,0.840531,0.808224,0.895382,0.60227,0.739003,0.604524,0.602462,0.73992,0.604197,0.671356,8.709183673,67.80371417,512,16,10356.30617,0.140880346,7.709183673,60.01840194
simvarmass_CY5L_fe9feef3,674,634,156,1540,0.169096,0.504066,3;6,2628,0.910489,0.952603,0.371896,0.910979,2628,0.949953,0.973789,0.375076,0.950464,642,0.940653,0.969419,0.963526,0.940653,603,0.940063,0.969106,0.963622,0.940063,0.785653,0.878128,0.807122,0.775479,0.871662,0.798107,0.865796,0.826312,0.921365,0.86825,0.829921,0.921136,0.685899,0.794894,0.692878,0.684644,0.795181,0.690852,0.643704,9.871794872,58.3798249,512,16,10356.30617,0.06508112,8.871794872,52.46602446
simvarmass_CY5L_feb64b1c,1412,1336,152,1575,0.13955,0.549698,3;6,1282,0.905788,0.949517,0.949517,0.905807,1282,0.944588,0.97041,0.97041,0.944609,1333,0.935552,0.966703,0.962477,0.935552,1262,0.935677,0.96677,0.962678,0.935677,0.778341,0.877138,0.798867,0.786658,0.881703,0.805535,0.838613,0.810025,0.893768,0.837552,0.809797,0.892377,0.66099,0.778702,0.66289,0.655724,0.777728,0.656885,0.691845,10.36184211,74.25182447,512,16,10356.30617,0.136342049,9.361842105,67.08593411
simvarmass_TMRL_00a36523,486,457,1460,3142,0.117532,0.617928,3;6,448,0.937414,0.96162,0.959315,0.942387,448,0.977647,0.982571,0.980306,0.982833,498,0.968916,0.980188,0.957317,0.971193,466,0.971345,0.981174,0.96208,0.973742,0.776467,0.857143,0.82716,0.781278,0.860911,0.829322,0.867398,0.844037,0.923868,0.869262,0.84507,0.925602,0.715272,0.809249,0.720165,0.720979,0.812808,0.725275,0.551844,2.152054795,18.3103733,512,16,10356.30617,0.046927929,1.152054795,9.80205216
simvarmass_TMRL_035bbb91,1023,983,1383,3330,0.070064,0.728033,3;6,949,0.927664,0.962475,0.962475,0.927664,949,0.95569,0.977343,0.977343,0.95569,1009,0.949169,0.973922,0.955709,0.949169,963,0.948118,0.973368,0.957862,0.948118,0.828164,0.905218,0.83089,0.831388,0.90708,0.834181,0.812446,0.793313,0.867058,0.81386,0.794102,0.868769,NaN,NaN,NaN,NaN,NaN,NaN,0.587955,2.407809111,34.3658528,512,16,10356.30617,0.098780394,1.407809111,20.09318781
simvarmass_TMRL_03e9ae6e,2418,2277,1501,3326,0.086532,0.672368,3;6,2113,0.875501,0.932921,0.932686,0.875517,2113,0.916037,0.95548,0.955244,0.916054,2209,0.895368,0.944796,0.935812,0.895368,2072,0.895916,0.945101,0.938147,0.895916,0.804645,0.892329,0.812242,0.807517,0.894089,0.815547,0.676863,0.729127,0.724979,0.674744,0.728549,0.722442,0.524986,0.678752,0.526468,0.519494,0.674843,0.520916,0.630887,2.215856096,25.60736024,512,16,10356.30617,0.23348093,1.215856096,14.0509418
simvarmass_TMRL_0442bcde,1626,1556,1384,3093,0.131151,0.686365,3;6,1461,0.9016,0.946313,0.945254,0.902214,1461,0.933759,0.963768,0.962719,0.934395,1559,0.921894,0.95936,0.941287,0.921894,1482,0.921543,0.95917,0.943694,0.921543,0.807105,0.88956,0.825338,0.815481,0.894479,0.833441,0.699671,0.743312,0.739852,0.699935,0.742763,0.740193,NaN,NaN,NaN,NaN,NaN,NaN,0.590181,2.23482659,17.04010331,512,16,10356.30617,0.157005787,1.23482659,9.415304417
simvarmass_TMRL_051f2b11,1476,1406,1426,3293,0.067797,0.586923,3;6,1359,0.920794,0.957012,0.955908,0.921409,1359,0.950413,0.972779,0.971674,0.951049,1403,0.930217,0.963847,0.953803,0.930217,1332,0.934566,0.966176,0.959825,0.934566,0.797367,0.884799,0.818428,0.800905,0.886749,0.822902,0.817555,0.79792,0.880081,0.820469,0.798402,0.883274,0.67252,0.793283,0.676152,0.673032,0.793944,0.676408,0.626218,2.309256662,34.06133991,512,16,10356.30617,0.142521858,1.309256662,19.31142472
simvarmass_TMRL_0618c3c0,7,7,1540,3149,0.172563,0.605779,3;6,1736,0.142857,0.25,0.001147,0.142857,1736,0.142857,0.25,0.001147,0.142857,8073,0.142857,0.25,0.000248,0.142857,7485,0.142857,0.25,0.000267,0.142857,0.214289,0.25,0.285714,0.214289,0.25,0.285714,NaN,,,NaN,,,NaN,NaN,NaN,NaN,NaN,NaN,0.512935,2.044805195,11.84961547,512,16,10356.30617,0.000675917,1.044805195,6.054630453
simvarmass_TMRL_065cc51d,2180,2060,1695,3223,0.088026,0.519309,3;6,1933,0.891032,0.940005,0.93946,0.891284,1933,0.928513,0.960536,0.96,0.928776,2088,0.907798,0.951671,0.927366,0.907798,1955,0.907237,0.951362,0.930742,0.907237,0.799576,0.88185,0.810092,0.804365,0.884871,0.814653,0.752979,0.771229,0.800917,0.752729,0.771474,0.799417,0.623076,0.754089,0.627064,0.620715,0.752872,0.624696,0.628232,1.901474926,21.60128742,512,16,10356.30617,0.210499763,0.901474926,10.2410075
simvarmass_TMRL_070849ff,859,813,1545,3377,0.050008,0.606252,3;6,781,0.909197,0.952439,0.952439,0.909197,781,0.955936,0.977472,0.977472,0.955936,820,0.940629,0.969406,0.962478,0.940629,782,0.9508,0.974779,0.969279,0.9508,0.820632,0.902857,0.827707,0.83021,0.908606,0.837638,0.845641,0.815172,0.897555,0.852998,0.823604,0.902829,NaN,NaN,NaN,NaN,NaN,NaN,0.583917,2.185760518,43.70821704,512,16,10356.30617,0.082944632,1.185760518,23.71141653
simvarmass_TMRL_072b5701,1335,1267,1374,3113,0.083784,0.528817,3;6,1218,0.91448,0.954207,0.953388,0.914607,1218,0.942726,0.969384,0.968563,0.942857,1285,0.928839,0.963107,0.946565,0.928839,1206,0.926598,0.961901,0.949454,0.926598,0.769416,0.866858,0.8,0.770286,0.866638,0.800316,0.836702,0.820714,0.886142,0.837839,0.820617,0.887836,0.698301,0.803258,0.701873,0.697063,0.802536,0.700395,0.609199,2.265647744,27.04153232,512,16,10356.30617,0.128906965,1.265647744,15.10607925
simvarmass_TMRL_091ea053,1523,1442,1538,2978,0.140618,0.574772,3;6,1388,0.919417,0.953457,0.952937,0.921865,1388,0.953864,0.971747,0.971289,0.956403,17552,0.915763,0.955474,0.150039,0.939593,16313,0.918496,0.957198,0.15252,0.938974,0.804445,0.876508,0.839133,0.809624,0.879343,0.843967,0.734758,0.763951,0.782009,0.730142,0.762943,0.776699,NaN,NaN,NaN,NaN,NaN,NaN,0.5838,1.936280884,13.76979394,512,16,10356.30617,0.147060156,0.936280884,6.658328836
simvarmass_TMRL_0c7f7779,877,823,1629,2959,0.083987,0.626974,3;6,793,0.910425,0.950389,0.948503,0.912201,793,0.950527,0.971883,0.969994,0.952381,841,0.936061,0.965802,0.954598,0.936146,791,0.941594,0.969317,0.959108,0.941677,0.783402,0.870056,0.806157,0.796312,0.87766,0.81774,0.813957,0.804921,0.871152,0.82409,0.810205,0.880923,0.637776,0.76848,0.641961,0.634571,0.766117,0.638923,0.577419,1.816451811,21.62777348,512,16,10356.30617,0.084682703,0.816451811,9.721168882
simvarmass_TMRL_0d35ae2d,917,873,1317,3418,0.181971,0.675679,3;6,827,0.907251,0.943613,0.942661,0.912759,827,0.935825,0.959064,0.958042,0.941507,18529,0.93112,0.956867,0.087936,0.932388,17196,0.930114,0.957813,0.089988,0.931271,0.767439,0.846341,0.806979,0.770579,0.84984,0.809851,0.762473,0.778149,0.804798,0.763501,0.780762,0.805492,NaN,NaN,NaN,NaN,NaN,NaN,0.56041,2.595292331,14.26212051,512,16,10356.30617,0.088545084,1.595292331,8.766739376
simvarmass_TMRL_0d8365fd,1125,1076,1395,3028,0.144041,0.512907,3;6,1026,0.932539,0.961219,0.953975,0.933333,1026,0.9616,0.976548,0.969296,0.96242,1158,0.873087,0.933859,0.933859,0.948444,1093,0.883768,0.939604,0.939604,0.947955,0.778525,0.857422,0.823111,0.782477,0.860631,0.828067,0.792554,0.803622,0.838222,0.792292,0.801797,0.837361,0.710448,0.814402,0.713778,0.705306,0.813469,0.708566,0.57536,2.170609319,15.06938524,512,16,10356.30617,0.108629465,1.170609319,8.126917468
simvarmass_TMRL_0efde4f6,2482,2336,1347,3185,0.059516,0.545955,3;6,510,0.883047,0.937553,0.340909,0.883159,510,0.926733,0.961614,0.354783,0.92685,2288,0.907736,0.951637,0.944654,0.907736,2146,0.907923,0.95174,0.946217,0.907923,0.789709,0.880196,0.797744,0.796202,0.884181,0.803938,0.762027,0.773456,0.814263,0.764334,0.775529,0.816431,NaN,NaN,NaN,NaN,NaN,NaN,0.664369,2.364513734,39.72904319,512,16,10356.30617,0.23966074,1.364513734,22.92683874
simvarmass_TMRL_0f8520f7,621,582,1587,3276,0.140567,0.726098,3;6,533,0.891917,0.930946,0.92201,0.898551,533,0.938781,0.956217,0.947462,0.945763,603,0.93807,0.959933,0.944444,0.943639,563,0.936087,0.959857,0.944978,0.941581,0.763855,0.838884,0.822866,0.762618,0.839885,0.823024,0.775839,0.799317,0.832528,0.78407,0.808007,0.835052,0.592906,0.729756,0.602254,0.586136,0.724974,0.594128,0.549787,2.064272212,14.68532594,512,16,10356.30617,0.059963465,1.064272212,7.571280683
simvarmass_TMRL_11be5298,1093,1040,1682,3122,0.150179,0.698137,3;6,1004,0.918368,0.950334,0.949928,0.923147,1004,0.949646,0.966958,0.966521,0.954588,1078,0.946452,0.967955,0.949793,0.946935,1020,0.944789,0.967742,0.951456,0.945192,0.818639,0.878467,0.840805,0.823524,0.882073,0.844231,0.700644,0.754793,0.74108,0.694199,0.752791,0.733397,NaN,NaN,NaN,NaN,NaN,NaN,0.559188,1.856123662,12.35940885,512,16,10356.30617,0.10553956,0.856123662,5.700688261
simvarmass_TMRL_12d1c501,1585,1498,1358,3307,0.167816,0.55383,3;6,1418,0.909414,0.945274,0.943723,0.912303,1418,0.943956,0.963815,0.962309,0.946955,15698,0.931747,0.962067,0.170919,0.931861,14512,0.931854,0.962323,0.174505,0.931955,0.752807,0.82675,0.796845,0.756363,0.828822,0.801068,0.778262,0.79668,0.817666,0.778503,0.796466,0.817879,0.702483,0.808882,0.704732,0.698276,0.807112,0.700535,0.594757,2.435198822,14.51112422,512,16,10356.30617,0.153046846,1.435198822,8.552216843
simvarmass_TMRL_132b0e1d,2193,2076,1442,3305,0.080319,0.514393,3;6,1928,0.882341,0.937016,0.935695,0.882353,1928,0.92054,0.958137,0.956824,0.920552,2039,0.906521,0.950969,0.939509,0.906521,1919,0.906506,0.950961,0.941913,0.906506,0.788347,0.880405,0.79389,0.793935,0.88356,0.798651,0.766193,0.770443,0.816689,0.765107,0.77047,0.814547,NaN,NaN,NaN,NaN,NaN,NaN,0.635315,2.291955617,28.53565927,512,16,10356.30617,0.211755037,1.291955617,16.08530506
simvarmass_TMRL_13951781,169,159,1503,3376,0.167302,0.62702,3;6,140,0.804734,0.891803,0.880259,0.804734,140,0.85,0.918919,0.906667,0.85,157,0.857988,0.923567,0.889571,0.857988,144,0.849057,0.918367,0.891089,0.849057,0.696034,0.815068,0.739645,0.684179,0.805861,0.72956,0.704249,0.766467,0.757396,0.705132,0.771704,0.754717,0.666487,0.793103,0.680473,0.665252,0.797048,0.679245,0.521325,2.246174318,13.42586651,512,16,10356.30617,0.01631856,1.246174318,7.448651648
simvarmass_TMRL_144094e6,2370,2236,1309,2907,0.18754,0.528455,3;6,2073,0.882575,0.927452,0.925501,0.886076,2073,0.924306,0.950218,0.948339,0.927972,15187,0.902373,0.942406,0.243777,0.902954,14044,0.904302,0.94417,0.248526,0.904741,0.76688,0.838969,0.805063,0.772491,0.842417,0.811717,0.701331,0.757269,0.741772,0.702508,0.758352,0.741387,NaN,NaN,NaN,NaN,NaN,NaN,0.606798,2.220779221,11.84162963,512,16,10356.30617,0.228846073,1.220779221,6.509433832
simvarmass_TMRL_154fc139,1311,1248,1353,2923,0.180505,0.565967,3;6,1202,0.920821,0.95628,0.95583,0.92296,1202,0.953551,0.973695,0.973258,0.955766,1335,0.942033,0.969863,0.937264,0.945843,1258,0.943905,0.97077,0.94174,0.945513,0.83715,0.908413,0.84897,0.846505,0.913816,0.857372,0.629835,0.730464,0.666667,0.634302,0.732568,0.665597,0.608572,0.746977,0.61251,0.608471,0.747544,0.612228,0.562854,2.160384331,11.96855672,512,16,10356.30617,0.126589537,1.160384331,6.42854398
simvarmass_TMRL_169f172d,1326,1252,1425,3450,0.197584,0.729153,3;6,1196,0.908386,0.946203,0.944489,0.912519,1196,0.945463,0.966074,0.964372,0.949765,1319,0.939558,0.964926,0.940643,0.940422,1231,0.936825,0.964433,0.943214,0.9377,0.806191,0.878699,0.837104,0.81475,0.884109,0.845048,0.649231,0.72487,0.682504,0.646674,0.726884,0.678115,NaN,NaN,NaN,NaN,NaN,NaN,0.563793,2.421052632,12.25328281,512,16,10356.30617,0.12803793,1.421052632,7.192144261
simvarmass_TMRL_17945961,225,215,1488,3093,0.066991,0.673436,3;6,204,0.906667,0.951049,0.951049,0.906667,204,0.93578,0.966825,0.966825,0.93578,225,0.937778,0.96789,0.937778,0.937778,209,0.934884,0.966346,0.948113,0.934884,0.817766,0.897561,0.817778,0.818592,0.897959,0.818605,0.859745,0.836782,0.897778,0.853967,0.833735,0.893023,0.653406,0.774869,0.657778,0.637598,0.764543,0.64186,0.536666,2.078629032,31.02848192,512,16,10356.30617,0.021725893,1.078629032,16.10110361
simvarmass_TMRL_17fcfcf4,2016,1905,1647,3393,0.165726,0.615673,3;6,1756,0.875766,0.931071,0.931071,0.876488,1756,0.919075,0.955126,0.955126,0.919833,1894,0.895814,0.944255,0.923785,0.895833,1781,0.897151,0.945213,0.927583,0.897167,0.811378,0.890167,0.824901,0.818748,0.894342,0.833071,0.571763,0.683756,0.608631,0.567331,0.682724,0.602941,NaN,NaN,NaN,NaN,NaN,NaN,0.58348,2.06010929,12.43081526,512,16,10356.30617,0.194664001,1.06010929,6.396759046
simvarmass_TMRL_19c9fe8a,2323,2212,1695,3107,0.154054,0.670238,3;6,1912,0.868191,0.909427,0.899646,0.876453,1912,0.900361,0.927208,0.91763,0.908929,14864,0.883925,0.923007,0.240531,0.889798,13782,0.883368,0.924224,0.245592,0.887884,0.724574,0.804406,0.779595,0.724838,0.805755,0.779837,0.677357,0.746255,0.718467,0.674167,0.747456,0.713834,0.601138,0.737507,0.60353,0.596622,0.734297,0.598821,0.606977,1.833038348,11.89867415,512,16,10356.30617,0.224307775,0.833038348,5.407443806
simvarmass_TMRL_1f6e6208,1883,1776,1612,3222,0.082011,0.747453,3;6,1686,0.895006,0.943417,0.943121,0.89538,1686,0.935236,0.96532,0.965023,0.935627,1778,0.92597,0.96139,0.952199,0.926182,1666,0.925453,0.9611,0.954678,0.925676,0.809822,0.893692,0.815189,0.820855,0.900308,0.826577,0.703058,0.742301,0.748805,0.701981,0.743289,0.74789,NaN,NaN,NaN,NaN,NaN,NaN,0.608015,1.998759305,24.37184408,512,16,10356.30617,0.181821585,0.998759305,12.17835784
simvarmass_TMRL_1fe9cbf5,1642,1556,1653,3485,0.053233,0.558698,3;6,1476,0.900716,0.947098,0.946761,0.900731,1476,0.934287,0.965359,0.965021,0.934302,1535,0.923264,0.960101,0.954359,0.923264,1447,0.920951,0.958849,0.954379,0.920951,0.800062,0.887183,0.809988,0.802586,0.888655,0.812982,0.791514,0.787899,0.847747,0.789372,0.786795,0.845116,0.623459,0.757934,0.625457,0.615474,0.752553,0.617268,0.627078,2.108287961,39.604906,512,16,10356.30617,0.158550739,1.108287961,20.81956608
simvarmass_TMRL_20610138,413,393,1317,2980,0.113409,0.686301,3;6,368,0.891041,0.942382,0.942382,0.891041,368,0.929293,0.963351,0.963351,0.929293,397,0.927361,0.962312,0.945679,0.927361,377,0.926209,0.961691,0.945455,0.926209,0.777568,0.875168,0.79661,0.784495,0.88045,0.804071,0.792708,0.805556,0.859564,0.792542,0.804781,0.860051,NaN,NaN,NaN,NaN,NaN,NaN,0.541689,2.262718299,19.95184068,512,16,10356.30617,0.039879084,1.262718299,11.13419834
simvarmass_TMRL_217a84bc,2345,2209,1555,3023,0.115206,0.69594,3;6,2053,0.877077,0.931849,0.931332,0.877186,2053,0.916553,0.953732,0.953223,0.916667,2212,0.897654,0.945831,0.923853,0.897655,2061,0.893617,0.943595,0.92459,0.893617,0.816343,0.894145,0.830704,0.818338,0.895678,0.831069,0.644837,0.719515,0.683156,0.643233,0.720574,0.681756,0.532938,0.68839,0.536034,0.530913,0.687482,0.533756,0.610193,1.944051447,16.8745677,512,16,10356.30617,0.226432085,0.944051447,8.194464237
simvarmass_TMRL_217b8a01,1941,1844,1595,3052,0.115063,0.667295,3;6,1742,0.898334,0.945682,0.945425,0.899021,1742,0.932941,0.964543,0.964276,0.933654,1915,0.922205,0.959528,0.928423,0.922205,1804,0.920781,0.958757,0.930628,0.920781,0.820152,0.897407,0.829985,0.823171,0.899023,0.833514,0.663401,0.730749,0.699124,0.656869,0.727428,0.692892,NaN,NaN,NaN,NaN,NaN,NaN,0.597201,1.913479624,16.62984299,512,16,10356.30617,0.187422037,0.913479624,7.938951912
simvarmass_TMRL_21a3efda,2185,2084,1610,3363,0.120135,0.693071,3;6,1967,0.903111,0.947064,0.946532,0.903432,1967,0.932119,0.962818,0.962292,0.932452,2081,0.914872,0.955295,0.937178,0.914874,1967,0.912666,0.954078,0.939027,0.912668,0.816717,0.893233,0.824714,0.82128,0.895937,0.829655,0.660428,0.72792,0.701602,0.659024,0.728771,0.700096,0.546098,0.69819,0.547368,0.54175,0.694821,0.542871,0.608694,2.088819876,17.38727162,512,16,10356.30617,0.210982561,1.088819876,9.063302749
simvarmass_TMRL_2338f30b,507,471,1426,3485,0.060134,0.533335,3;6,447,0.88334,0.937107,0.937107,0.883629,447,0.927233,0.96129,0.96129,0.927536,485,0.927022,0.962129,0.947581,0.927022,444,0.921444,0.959116,0.948634,0.921444,0.73003,0.844542,0.755424,0.735158,0.846611,0.755839,0.855763,0.82088,0.905325,0.850426,0.820287,0.898089,NaN,NaN,NaN,NaN,NaN,NaN,0.571092,2.443899018,40.64088566,512,16,10356.30617,0.048955679,1.443899018,24.01135827
simvarmass_TMRL_235d3ca8,578,543,1450,3267,0.11893,0.690022,3;6,522,0.900241,0.941606,0.94,0.904844,522,0.94094,0.963585,0.96186,0.94575,568,0.946303,0.968889,0.954625,0.946367,528,0.942869,0.967742,0.956116,0.94291,0.74358,0.835419,0.787197,0.73532,0.830769,0.780847,0.834003,0.808511,0.891003,0.834965,0.813345,0.891344,0.659813,0.781986,0.66436,0.65657,0.780807,0.661142,0.55779,2.253103448,18.94478641,512,16,10356.30617,0.055811405,1.253103448,10.53647901
simvarmass_TMRL_23e19e42,978,921,1519,3487,0.14201,0.658378,3;6,873,0.904848,0.944474,0.942193,0.911043,873,0.944441,0.965821,0.963536,0.950907,956,0.938613,0.965735,0.949328,0.93865,903,0.941329,0.967021,0.950658,0.941368,0.786946,0.863456,0.815951,0.79299,0.867066,0.823018,0.779044,0.782609,0.830266,0.782201,0.785634,0.83279,NaN,NaN,NaN,NaN,NaN,NaN,0.566555,2.295589203,16.16498277,512,16,10356.30617,0.094435215,1.295589203,9.123225149
simvarmass_TMRL_23e7c892,2476,2346,1617,3002,0.138361,0.661869,3;6,2144,0.881365,0.930373,0.927273,0.882068,2144,0.919621,0.951499,0.948417,0.920354,16672,0.895005,0.941277,0.231878,0.896607,15471,0.893864,0.940645,0.235631,0.895096,0.792885,0.870051,0.823506,0.796586,0.873068,0.826587,0.634366,0.715561,0.679725,0.638231,0.720396,0.681721,0.566293,0.713665,0.568659,0.564236,0.711901,0.566667,0.609857,1.856524428,13.41797492,512,16,10356.30617,0.239081383,0.856524428,6.190504752
simvarmass_TMRL_24124f4a,669,643,1667,3081,0.198248,0.521991,3;6,855,0.928147,0.9613,0.814961,0.928251,855,0.959707,0.977953,0.826897,0.959815,21025,0.955157,0.977064,0.05891,0.955157,19580,0.954899,0.976929,0.060723,0.954899,0.815151,0.888706,0.838565,0.81854,0.890411,0.841369,0.642426,0.733114,0.67713,0.639963,0.733219,0.673406,NaN,NaN,NaN,NaN,NaN,NaN,0.536437,1.848230354,9.32281967,512,16,10356.30617,0.064598322,0.848230354,4.278632591
simvarmass_TMRL_248aabc0,2198,2068,1584,3204,0.104825,0.685764,3;6,1933,0.880562,0.934656,0.934398,0.881256,1933,0.923414,0.958313,0.958054,0.924141,2025,0.898997,0.946134,0.935828,0.898999,1897,0.899418,0.946565,0.938209,0.89942,0.794272,0.879038,0.813012,0.800626,0.883351,0.820116,0.716083,0.751934,0.762511,0.716854,0.753637,0.760386,0.547536,0.697486,0.549136,0.548306,0.698706,0.549419,0.618061,2.022727273,19.29622965,512,16,10356.30617,0.212237835,1.022727273,9.756520608
simvarmass_TMRL_25a8a99e,503,472,1639,3470,0.183645,0.625273,3;6,440,0.882997,0.921941,0.920467,0.894632,440,0.931127,0.948295,0.946565,0.943396,18988,0.555355,0.722433,0.049048,0.950298,17666,0.573041,0.736929,0.049289,0.947034,0.771503,0.846325,0.821074,0.780023,0.852071,0.824153,0.746574,0.774336,0.793241,0.741241,0.778824,0.783898,NaN,NaN,NaN,NaN,NaN,NaN,0.536613,2.1171446,11.52846307,512,16,10356.30617,0.048569441,1.1171446,6.083174605
simvarmass_TMRL_266202bc,1782,1692,1378,3129,0.188405,0.584004,3;6,1525,0.875855,0.922476,0.921077,0.87991,1525,0.909542,0.94114,0.939833,0.913753,1706,0.900753,0.941905,0.918578,0.901796,1606,0.899658,0.941835,0.921164,0.900709,0.742758,0.822322,0.789562,0.744099,0.823054,0.791962,0.695973,0.75,0.740741,0.692208,0.751884,0.736562,0.607404,0.745286,0.609989,0.606974,0.745112,0.609597,0.587879,2.270682148,12.05213316,512,16,10356.30617,0.172069073,1.270682148,6.744418397
simvarmass_TMRL_273c5723,1795,1713,1650,3374,0.088759,0.507974,3;6,1601,0.891922,0.942874,0.942874,0.891922,1601,0.927578,0.962429,0.962429,0.927578,1681,0.918106,0.957305,0.948216,0.918106,1595,0.916521,0.956442,0.949214,0.916521,0.805405,0.892617,0.816156,0.809526,0.895056,0.820198,0.746973,0.767793,0.788301,0.751354,0.770737,0.791472,NaN,NaN,NaN,NaN,NaN,NaN,0.606469,2.044848485,23.03821004,512,16,10356.30617,0.173324347,1.044848485,11.77174692
simvarmass_TMRL_27986836,154,150,1301,3177,0.121317,0.745187,3;6,145,0.947715,0.96,0.956522,0.961039,145,0.960185,0.966443,0.962963,0.973684,160,0.964071,0.9701,0.942675,0.974026,153,0.963553,0.972789,0.950495,0.973333,0.731926,0.833948,0.772727,0.731426,0.833333,0.773333,0.882649,0.849673,0.948052,0.88336,0.852349,0.946667,0.717716,0.820896,0.720779,0.716983,0.821293,0.72,0.532333,2.441967717,20.12881721,512,16,10356.30617,0.014870167,1.441967717,11.88594935
simvarmass_TMRL_28dc6f47,1431,1349,1587,3191,0.141392,0.601125,3;6,1291,0.905646,0.947098,0.947098,0.907757,1291,0.947353,0.969537,0.969537,0.949561,1393,0.936408,0.96716,0.949008,0.936408,1301,0.934766,0.966284,0.951698,0.934766,0.825686,0.902809,0.839972,0.830829,0.90566,0.84507,0.660951,0.734694,0.704403,0.658926,0.734393,0.702001,NaN,NaN,NaN,NaN,NaN,NaN,0.571595,2.010712035,14.22083311,512,16,10356.30617,0.13817668,1.010712035,7.148297183
simvarmass_TMRL_2c8705eb,127,123,1586,3212,0.149229,0.503016,3;6,143,0.842447,0.909871,0.792593,0.84252,143,0.862829,0.921739,0.801498,0.862903,133,0.866142,0.92827,0.846154,0.866142,128,0.861789,0.925764,0.844622,0.861789,0.716732,0.816514,0.779528,0.707492,0.809524,0.772358,0.772019,0.794872,0.80315,0.778502,0.801802,0.804878,0.843031,0.904564,0.858268,0.838516,0.911504,0.85124,0.523495,2.025220681,13.57122731,512,16,10356.30617,0.01226306,1.025220681,6.870116941
simvarmass_TMRL_2c8cbd79,628,598,1618,3259,0.06101,0.509688,3;6,587,0.935983,0.966255,0.966255,0.936306,587,0.973174,0.985726,0.985726,0.97351,630,0.966561,0.982996,0.965024,0.966561,598,0.966555,0.982993,0.966555,0.966555,0.797391,0.887372,0.829618,0.796776,0.887299,0.831104,0.888664,0.843703,0.93949,0.888752,0.843028,0.9399,NaN,NaN,NaN,NaN,NaN,NaN,0.578535,2.01421508,33.01450714,512,16,10356.30617,0.060639381,1.01421508,16.62375152
simvarmass_TMRL_2db7b5fd,1385,1303,1651,3145,0.192517,0.694488,3;6,1233,0.90208,0.931402,0.931245,0.916968,1233,0.945068,0.954315,0.954207,0.960666,17295,0.662113,0.803952,0.140364,0.94657,16107,0.668299,0.808328,0.141528,0.94551,0.763525,0.822483,0.835379,0.772974,0.828744,0.842671,0.647718,0.732924,0.689531,0.647765,0.733442,0.688411,0.599234,0.741203,0.600722,0.603689,0.744912,0.604919,0.564842,1.904906118,9.894742373,512,16,10356.30617,0.133734941,0.904906118,4.7003959
simvarmass_TMRL_2e3f28f3,351,334,1674,3455,0.143729,0.697159,3;6,422,0.888103,0.92378,0.804657,0.894587,422,0.922261,0.942457,0.818421,0.928994,387,0.923269,0.950673,0.875339,0.928775,365,0.919495,0.948031,0.875536,0.92515,0.763123,0.845295,0.811966,0.766441,0.846154,0.814371,0.760628,0.786014,0.820513,0.756506,0.783505,0.817365,NaN,NaN,NaN,NaN,NaN,NaN,0.534712,2.063918757,14.35979348,512,16,10356.30617,0.033892393,1.063918757,7.402255338
simvarmass_TMRL_2ebdbaf0,780,739,1337,3474,0.194,0.726177,3;6,705,0.911424,0.943166,0.940067,0.915385,705,0.942852,0.960055,0.95682,0.94695,772,0.938178,0.964191,0.940722,0.938462,724,0.938884,0.965035,0.946001,0.939107,0.776558,0.8543,0.814103,0.782885,0.857356,0.818674,0.716467,0.762771,0.760256,0.718636,0.7631,0.76184,0.552301,0.700813,0.555128,0.5456,0.696258,0.548431,0.549298,2.598354525,13.39358003,512,16,10356.30617,0.075316429,1.598354525,8.238940851
simvarmass_TMRL_2ef76c51,365,338,1421,3089,0.057281,0.567627,3;6,338,0.928767,0.963068,0.961593,0.928767,338,0.982609,0.991228,0.989751,0.982609,373,0.975342,0.987517,0.96477,0.975342,344,0.976331,0.988024,0.967742,0.976331,0.803476,0.886228,0.810959,0.806698,0.88853,0.813609,0.888441,0.82953,0.950685,0.892429,0.833091,0.949704,NaN,NaN,NaN,NaN,NaN,NaN,0.556957,2.173821253,37.95012749,512,16,10356.30617,0.035244226,1.173821253,20.49233171
simvarmass_TMRL_32388b80,1696,1605,1587,3326,0.099695,0.621018,3;6,1530,0.904163,0.948575,0.947923,0.905071,1530,0.943668,0.969908,0.969255,0.944615,19736,0.930425,0.963958,0.147256,0.930425,18309,0.930841,0.964182,0.150045,0.930841,0.830583,0.908222,0.84316,0.837668,0.912445,0.849844,0.747751,0.765222,0.794222,0.750644,0.768467,0.796262,0.568423,0.713757,0.572524,0.566089,0.71367,0.569731,0.600383,2.095778198,21.02189877,512,16,10356.30617,0.163764954,1.095778198,10.99130546
simvarmass_TMRL_3374d92b,1373,1292,1428,3325,0.122813,0.683285,3;6,1246,0.91174,0.951508,0.951508,0.9126,1246,0.951954,0.973057,0.973057,0.952852,1329,0.927895,0.962599,0.943005,0.927895,1243,0.931889,0.964744,0.949901,0.931889,0.8332,0.907589,0.844865,0.836014,0.90947,0.848297,0.710264,0.750814,0.756009,0.709509,0.750096,0.75387,NaN,NaN,NaN,NaN,NaN,NaN,0.580414,2.328431373,18.95916045,512,16,10356.30617,0.132576227,1.328431373,10.81669996
simvarmass_TMRL_35c8d048,718,673,1555,3377,0.111081,0.569077,3;6,646,0.900216,0.945668,0.944282,0.902507,646,0.940837,0.967693,0.966242,0.943231,711,0.935726,0.966163,0.939118,0.935933,659,0.932925,0.964615,0.941441,0.933135,0.785309,0.867122,0.82312,0.781625,0.865478,0.821694,0.834418,0.822285,0.876045,0.828155,0.818045,0.87092,0.678644,0.788274,0.68663,0.677314,0.7897,0.685544,0.56338,2.17170418,19.55063584,512,16,10356.30617,0.069329739,1.17170418,10.54819618
simvarmass_TMRL_3bb5d83a,127,121,1424,3495,0.102739,0.553811,3;6,99,0.779528,0.876106,0.876106,0.779528,99,0.804878,0.891892,0.891892,0.804878,115,0.811024,0.895652,0.85124,0.811024,103,0.801653,0.889908,0.866071,0.801653,0.664282,0.798122,0.669291,0.680607,0.809756,0.68595,0.743355,0.77533,0.771654,0.731075,0.766667,0.760331,0.611211,0.757282,0.614173,0.591963,0.742268,0.595041,0.5247,2.454353933,23.88921376,512,16,10356.30617,0.01226306,1.454353933,14.15581164
simvarmass_TMRL_3c29f86e,2334,2174,1501,2990,0.088546,0.669943,3;6,1999,0.864185,0.923573,0.92084,0.86461,1999,0.912673,0.950711,0.947969,0.913122,2116,0.888172,0.940536,0.931685,0.888175,1964,0.887302,0.940029,0.932334,0.887305,0.763712,0.859326,0.775921,0.770442,0.862835,0.781509,0.730838,0.758506,0.777207,0.729311,0.758543,0.775276,0.552298,0.701602,0.553556,0.547927,0.698534,0.548848,0.633129,1.99200533,22.49684153,512,16,10356.30617,0.22536993,0.99200533,11.2032766
simvarmass_TMRL_3d5487ce,2457,2317,1559,3323,0.116086,0.695116,3;6,2092,0.866389,0.920385,0.917125,0.867725,2092,0.905452,0.94223,0.939005,0.906848,2293,0.886114,0.935065,0.915368,0.886447,2146,0.886513,0.935809,0.918628,0.886825,0.7572,0.841697,0.78836,0.757944,0.841422,0.78886,0.706059,0.745493,0.756614,0.704384,0.745637,0.753454,0.596108,0.732023,0.598698,0.590831,0.729012,0.593169,0.63287,2.131494548,18.36134028,512,16,10356.30617,0.237246752,1.131494548,9.747037091
simvarmass_TMRL_3dab40da,1301,1249,1637,3218,0.132071,0.536296,3;6,1193,0.923568,0.958816,0.955894,0.925442,1193,0.952865,0.974401,0.971475,0.954798,1376,0.944656,0.971135,0.918192,0.944658,1298,0.943154,0.970346,0.92501,0.943155,0.794236,0.873786,0.813989,0.796244,0.875329,0.814251,0.769618,0.788533,0.815527,0.768696,0.790414,0.813451,0.642282,0.77095,0.644889,0.644425,0.772152,0.646822,0.57809,1.965791081,14.8843507,512,16,10356.30617,0.125623941,0.965791081,7.312665773
simvarmass_TMRL_40da6748,452,430,1348,3038,0.06175,0.549989,3;6,413,0.918142,0.957324,0.954913,0.918142,413,0.947489,0.973036,0.970623,0.947489,440,0.942478,0.970387,0.955157,0.942478,414,0.94186,0.97006,0.959716,0.94186,0.818427,0.900726,0.823009,0.81854,0.900763,0.823256,0.865955,0.837778,0.909292,0.865991,0.839477,0.904651,0.66961,0.775095,0.674779,0.665405,0.772544,0.670561,0.556918,2.253709199,36.49731496,512,16,10356.30617,0.043644905,1.253709199,20.30298298
simvarmass_TMRL_4179b643,1165,1096,1595,3046,0.150304,0.606706,3;6,1053,0.90436,0.949504,0.949504,0.904721,1053,0.951743,0.975,0.975,0.952123,1133,0.937339,0.967228,0.950392,0.937339,1061,0.943431,0.970892,0.958739,0.943431,0.815167,0.889308,0.830043,0.82672,0.896964,0.842153,0.66076,0.739289,0.696137,0.66369,0.741421,0.699818,0.569311,0.716514,0.571674,0.571497,0.720092,0.573905,0.560206,1.909717868,12.70570223,512,16,10356.30617,0.112491846,0.909717868,6.05251935
simvarmass_TMRL_418898bd,1020,956,1568,3452,0.109031,0.633048,3;6,926,0.915857,0.951745,0.950668,0.920588,926,0.956166,0.973228,0.972149,0.961105,1003,0.948622,0.970766,0.955017,0.94902,934,0.945369,0.969828,0.955003,0.94555,0.783753,0.862912,0.819608,0.791656,0.866743,0.82636,0.823191,0.817444,0.87451,0.81946,0.815016,0.870293,0.651755,0.773619,0.655882,0.645217,0.7709,0.648168,0.581601,2.201530612,20.19178593,512,16,10356.30617,0.098490715,1.201530612,11.02008247
simvarmass_TMRL_4415117e,1523,1439,1645,3248,0.051401,0.565979,3;6,1363,0.898173,0.945656,0.94456,0.898227,1363,0.938215,0.967422,0.966324,0.938272,1439,0.923835,0.96041,0.950034,0.923835,1352,0.923558,0.96026,0.952347,0.923558,0.783621,0.878119,0.797768,0.78508,0.879205,0.799861,0.81696,0.802128,0.87065,0.817138,0.804663,0.867872,0.618359,0.750991,0.621799,0.611689,0.747346,0.614096,0.626128,1.974468085,38.41302864,512,16,10356.30617,0.147060156,0.974468085,18.95815422
simvarmass_TMRL_44d95a97,828,783,1444,3365,0.127733,0.57366,3;6,755,0.91602,0.953943,0.953885,0.916667,755,0.950457,0.972347,0.972312,0.951128,806,0.940821,0.969508,0.953488,0.940821,752,0.939974,0.969059,0.958958,0.939974,0.842725,0.912281,0.853865,0.838909,0.910468,0.850575,0.815304,0.821705,0.857488,0.813589,0.820793,0.855683,0.629286,0.759644,0.630435,0.627313,0.761229,0.627728,0.560488,2.33033241,18.24377733,512,16,10356.30617,0.079951286,1.33033241,10.41494688
simvarmass_TMRL_4552f372,634,598,1415,3025,0.075479,0.674245,3;6,576,0.913212,0.952931,0.952066,0.913249,576,0.94604,0.970563,0.969697,0.946078,611,0.930599,0.964052,0.947791,0.930599,571,0.936455,0.967185,0.958084,0.936455,0.820842,0.90267,0.826498,0.831821,0.909256,0.837793,0.80305,0.8,0.856467,0.805925,0.797557,0.862876,0.559258,0.69186,0.566246,0.556461,0.690647,0.563758,0.560151,2.137809187,28.32323146,512,16,10356.30617,0.061218739,1.137809187,15.07451327
simvarmass_TMRL_456b410c,1348,1274,1504,3459,0.195173,0.596529,3;6,1240,0.919912,0.95632,0.955951,0.922107,1240,0.960528,0.977866,0.977479,0.96282,21270,0.952525,0.975721,0.113715,0.954006,19780,0.952905,0.975904,0.115417,0.953689,0.835461,0.906325,0.857567,0.843238,0.910624,0.866562,0.624405,0.711393,0.664688,0.62371,0.712779,0.662745,0.597999,0.73713,0.600148,0.597026,0.737761,0.598741,0.564066,2.299867021,11.78373556,512,16,10356.30617,0.130162239,1.299867021,6.660076042
simvarmass_TMRL_45b2c534,62,57,1476,3373,0.05338,0.564941,3;6,54,0.870968,0.931034,0.931034,0.870968,54,0.931034,0.964286,0.964286,0.931034,58,0.903226,0.949153,0.933333,0.903226,55,0.929825,0.963636,0.946429,0.929825,0.765873,0.867257,0.790323,0.779894,0.87619,0.807018,0.8304,0.791367,0.903226,0.835455,0.790698,0.912281,0.803552,0.884956,0.806452,0.804031,0.884615,0.807018,0.532903,2.285230352,42.81060982,512,16,10356.30617,0.005986691,1.285230352,24.07700173
simvarmass_TMRL_46c8a8cf,423,407,1334,2962,0.195271,0.563605,3;6,386,0.913557,0.951673,0.94932,0.914894,386,0.94023,0.966038,0.963614,0.941606,19684,0.935972,0.964591,0.039389,0.93617,18332,0.936115,0.965779,0.040664,0.936118,0.765929,0.84,0.801418,0.766671,0.839335,0.80344,0.712669,0.780735,0.765957,0.71187,0.779528,0.766585,0.63427,0.761506,0.64539,0.635205,0.764964,0.64532,0.53337,2.220389805,11.37081187,512,16,10356.30617,0.040844679,1.220389805,6.249723743
simvarmass_TMRL_487e5f1d,2362,2232,1408,2970,0.095084,0.738184,3;6,1432,0.862117,0.920657,0.754349,0.862828,1432,0.90023,0.942137,0.77477,0.900973,2118,0.875297,0.930086,0.921429,0.875529,1988,0.872168,0.929187,0.921327,0.872312,0.739645,0.832698,0.769687,0.744377,0.836309,0.774642,0.719856,0.752788,0.761219,0.71879,0.752393,0.760645,0.576927,0.718232,0.579594,0.574868,0.717805,0.577458,0.640082,2.109375,22.18433175,512,16,10356.30617,0.228073597,1.109375,11.66731522
simvarmass_TMRL_492fc7d6,1340,1250,1566,3046,0.148045,0.593113,3;6,1212,0.907519,0.94906,0.94906,0.908955,1212,0.955283,0.974648,0.974648,0.956795,1337,0.949254,0.973966,0.950318,0.949254,1240,0.94956,0.974127,0.952993,0.94956,0.834391,0.907099,0.847761,0.839032,0.909801,0.8528,0.654269,0.727131,0.697015,0.653932,0.729481,0.696243,0.603161,0.741112,0.606716,0.603391,0.74154,0.606742,0.56661,1.945083014,13.138458,512,16,10356.30617,0.129389763,0.945083014,6.383755034
simvarmass_TMRL_49455a7c,2360,2236,1552,3026,0.088577,0.71758,3;6,2065,0.878231,0.932942,0.932429,0.87839,2065,0.915875,0.953832,0.953327,0.916041,2168,0.895763,0.944804,0.933746,0.895763,2046,0.894454,0.944064,0.934143,0.894454,0.795872,0.87972,0.808475,0.801068,0.883333,0.813506,0.691292,0.744532,0.742797,0.689219,0.74516,0.73983,0.541457,0.694309,0.542797,0.53668,0.690805,0.537808,0.63057,1.949742268,22.01183454,512,16,10356.30617,0.227880478,0.949742268,10.72222211
simvarmass_TMRL_4a02cbce,386,366,1358,3265,0.056188,0.70114,3;6,351,0.911917,0.95393,0.95251,0.911917,351,0.946237,0.972376,0.970954,0.946237,380,0.948187,0.973404,0.955614,0.948187,357,0.945355,0.97191,0.957123,0.945355,0.814514,0.898017,0.826425,0.815528,0.898507,0.827869,0.85981,0.81761,0.917098,0.863734,0.826667,0.915301,0.58869,0.72126,0.593264,0.585735,0.721202,0.590164,0.558801,2.404270987,42.78975914,512,16,10356.30617,0.037271976,1.404270987,24.99236468
simvarmass_TMRL_4aff60bf,1503,1420,1484,3090,0.055222,0.500378,3;6,1378,0.918829,0.957366,0.956612,0.918829,1378,0.957697,0.978045,0.977305,0.957698,1448,0.944777,0.971605,0.962386,0.944777,1360,0.94507,0.97176,0.965468,0.94507,0.840264,0.912887,0.844977,0.840081,0.912695,0.844366,0.823851,0.812176,0.870925,0.821328,0.809802,0.869014,0.646793,0.77026,0.651364,0.639333,0.766639,0.643564,0.614259,2.082210243,37.70617222,512,16,10356.30617,0.145128965,1.082210243,19.59744744
simvarmass_TMRL_4b89c98e,404,386,1625,3025,0.116406,0.616229,3;6,389,0.928218,0.962773,0.945776,0.928218,389,0.966495,0.982962,0.965251,0.966495,417,0.965347,0.982368,0.950061,0.965347,392,0.963731,0.98153,0.956298,0.963731,0.791221,0.876374,0.799505,0.794567,0.878049,0.803109,0.797283,0.822335,0.841584,0.801154,0.826029,0.84456,0.596247,0.734059,0.606436,0.595092,0.735152,0.605195,0.535832,1.861538462,15.99177415,512,16,10356.30617,0.039010048,0.861538462,7.401151672
simvarmass_TMRL_4ca7c1f8,417,394,1349,3186,0.100747,0.645296,3;6,380,0.914897,0.954887,0.953576,0.916067,380,0.956171,0.976923,0.97561,0.957393,416,0.959233,0.979192,0.960384,0.959233,386,0.956853,0.977951,0.966667,0.956853,0.812121,0.898327,0.83693,0.806157,0.894952,0.832487,0.843204,0.832918,0.882494,0.840789,0.830688,0.880711,0.599031,0.729412,0.606715,0.5963,0.726994,0.603053,0.545194,2.361749444,23.44237986,512,16,10356.30617,0.040265322,1.361749444,13.51652599
simvarmass_TMRL_4d299943,2425,2278,1333,3287,0.091007,0.603621,3;6,2119,0.876277,0.933392,0.932658,0.876289,2119,0.920698,0.958032,0.957307,0.920711,2228,0.905567,0.950216,0.943907,0.905567,2081,0.90518,0.95023,0.946089,0.90518,0.778624,0.8752,0.793814,0.785563,0.879865,0.80158,0.739321,0.751832,0.797938,0.742266,0.756863,0.798858,0.583322,0.727691,0.586804,0.582029,0.726975,0.585387,0.643342,2.465866467,27.09534944,512,16,10356.30617,0.234156847,1.465866467,16.1071837
simvarmass_TMRL_4db68b26,1346,1266,1679,2939,0.105091,0.740033,3;6,1202,0.904059,0.941729,0.94113,0.907132,1202,0.945504,0.963971,0.963439,0.948718,1289,0.929518,0.959042,0.945731,0.930163,1215,0.934715,0.961901,0.950423,0.935229,0.781575,0.857619,0.803863,0.789896,0.863259,0.811216,0.725631,0.76238,0.768945,0.730862,0.766234,0.775059,0.529847,0.682297,0.531947,0.529583,0.684694,0.530435,0.580747,1.750446694,16.65648528,512,16,10356.30617,0.12996912,0.750446694,7.140922576
simvarmass_TMRL_4e01ce8f,1332,1267,1693,3288,0.148757,0.594168,3;6,1184,0.896818,0.937575,0.937202,0.901652,1184,0.927454,0.95427,0.953883,0.932453,1311,0.907424,0.948518,0.92395,0.91967,1229,0.90593,0.947844,0.927513,0.916404,0.765817,0.825866,0.814565,0.766082,0.826454,0.815166,0.742673,0.774856,0.788288,0.739183,0.775997,0.78278,0.635359,0.762332,0.638138,0.633595,0.762311,0.636364,0.575668,1.942114589,13.05561815,512,16,10356.30617,0.128617287,0.942114589,6.333245424
simvarmass_TMRL_4ee7b39c,1543,1455,1389,3242,0.085712,0.704501,3;6,1381,0.90011,0.945715,0.944596,0.900194,1381,0.939695,0.967179,0.966072,0.939783,1476,0.92547,0.961292,0.946009,0.92547,1389,0.924399,0.960714,0.945851,0.924399,0.79837,0.886913,0.808166,0.802637,0.889474,0.813058,0.767811,0.77451,0.815943,0.76483,0.772507,0.81293,0.552189,0.699463,0.555412,0.547386,0.696342,0.550275,0.606182,2.334053276,27.23134772,512,16,10356.30617,0.148991346,1.334053276,15.56436993
simvarmass_TMRL_4fa41ff4,363,343,1362,3329,0.086518,0.550682,3;6,335,0.922865,0.959885,0.959885,0.922865,335,0.965418,0.982405,0.982405,0.965418,360,0.961433,0.980337,0.965422,0.961433,337,0.959184,0.979167,0.967647,0.959184,0.818558,0.89808,0.84022,0.823762,0.901716,0.845481,0.883764,0.831395,0.942149,0.882283,0.832817,0.938776,0.669523,0.776316,0.677686,0.663772,0.775439,0.671554,0.547185,2.444199706,28.25076523,512,16,10356.30617,0.035051107,1.444199706,16.69247678
simvarmass_TMRL_5050c5eb,402,385,1397,3358,0.098209,0.652086,3;6,375,0.939739,0.966581,0.965251,0.940299,375,0.96126,0.977893,0.976562,0.961832,416,0.965174,0.982278,0.948655,0.965174,391,0.963636,0.981481,0.956186,0.963636,0.763431,0.850069,0.781095,0.764354,0.851003,0.781818,0.874305,0.842784,0.922886,0.877364,0.848322,0.924675,0.657533,0.775758,0.664179,0.655073,0.774603,0.661458,0.55248,2.403722262,24.47558026,512,16,10356.30617,0.038816929,1.403722262,14.29321408
simvarmass_TMRL_51aca410,848,805,1329,2922,0.126312,0.611554,3;6,754,0.898047,0.940736,0.940075,0.899764,754,0.934409,0.96051,0.959847,0.936196,824,0.932588,0.962691,0.94378,0.932783,779,0.931481,0.96196,0.944444,0.931677,0.779114,0.863607,0.816038,0.783606,0.867617,0.819876,0.803712,0.813688,0.84316,0.803959,0.812,0.84472,0.632952,0.762307,0.639151,0.633501,0.763393,0.639651,0.566542,2.198645598,17.40646651,512,16,10356.30617,0.081882477,1.198645598,9.489562339
simvarmass_TMRL_531f2826,27,27,1649,3287,0.112097,0.599767,3;6,201,0.222222,0.363636,0.052632,0.222222,201,0.222222,0.363636,0.052632,0.222222,33,0.222222,0.363636,0.2,0.222222,23,0.222222,0.363636,0.24,0.222222,0.259259,0.411765,0.259259,0.259259,0.411765,0.259259,NaN,,,NaN,,,0.036335,0.176471,0.333333,0.036361,0.176471,0.333333,0.516334,1.99332929,17.78218231,512,16,10356.30617,0.002607107,0.99332929,8.861336971
simvarmass_TMRL_54048b1d,2167,2035,1410,3248,0.162273,0.577674,3;6,1887,0.879987,0.930747,0.929452,0.881403,1887,0.921224,0.953459,0.952237,0.922705,2022,0.901142,0.946064,0.931487,0.901246,1896,0.903093,0.947287,0.934113,0.903194,0.785848,0.86183,0.806645,0.795113,0.867771,0.816216,0.692967,0.750121,0.733733,0.694668,0.750321,0.736609,0.607341,0.745839,0.61006,0.60598,0.744803,0.608567,0.606801,2.303546099,14.19549832,512,16,10356.30617,0.20924449,1.303546099,8.033043694
simvarmass_TMRL_54a4ef33,545,513,1398,3112,0.056601,0.700644,3;6,499,0.913761,0.954938,0.954023,0.913761,499,0.959538,0.979351,0.978389,0.959538,534,0.950459,0.9746,0.960148,0.950459,500,0.955166,0.977069,0.967423,0.955166,0.766634,0.871486,0.798165,0.775446,0.877119,0.808967,0.860904,0.824798,0.917431,0.863027,0.824311,0.920078,0.58584,0.717149,0.590826,0.582274,0.715137,0.587084,0.571668,2.226037196,39.32858423,512,16,10356.30617,0.052624941,1.226037196,21.66105185
simvarmass_TMRL_54df1a75,1612,1513,1366,2917,0.167003,0.636773,3;6,1439,0.904015,0.943015,0.940675,0.908189,1439,0.945667,0.965333,0.963087,0.950032,16811,0.923807,0.957665,0.163166,0.932382,15595,0.928715,0.959973,0.165186,0.933906,0.786727,0.854707,0.829404,0.789779,0.856107,0.832783,0.712492,0.756323,0.760546,0.713679,0.758054,0.761559,0.603378,0.741275,0.606079,0.599352,0.7389,0.601858,0.584964,2.135431918,12.78678777,512,16,10356.30617,0.155653954,1.135431918,6.798871386
simvarmass_TMRL_55394eb0,2437,2302,1645,3298,0.14582,0.684774,3;6,2121,0.873392,0.927961,0.927161,0.874436,2121,0.912717,0.949798,0.949023,0.913808,18312,0.89657,0.944565,0.210613,0.896594,17019,0.896608,0.944763,0.213654,0.896612,0.802248,0.882246,0.81986,0.805727,0.884211,0.824066,0.610195,0.707685,0.644235,0.610027,0.709631,0.643354,0.53812,0.690795,0.540419,0.535748,0.689905,0.53806,0.603397,2.004863222,13.74889056,512,16,10356.30617,0.235315561,1.004863222,6.89112071
simvarmass_TMRL_577ce5ca,2329,2210,1356,2928,0.199514,0.667516,3;6,1957,0.869104,0.911731,0.908539,0.875054,1957,0.905252,0.9317,0.928691,0.911449,2191,0.88295,0.923641,0.902655,0.887076,2062,0.881507,0.923524,0.904494,0.885068,0.728627,0.802126,0.790468,0.732004,0.80385,0.791761,0.647828,0.732751,0.683985,0.643469,0.731803,0.678135,0.570644,0.713332,0.573207,0.569026,0.712228,0.571623,0.598343,2.159292035,10.82275948,512,16,10356.30617,0.224887133,1.159292035,5.810579886
simvarmass_TMRL_58abd6b5,630,581,1670,3036,0.171913,0.700569,3;6,550,0.873413,0.920851,0.916949,0.884127,550,0.929476,0.951627,0.947461,0.940878,20086,0.922417,0.947456,0.056478,0.928571,18743,0.924865,0.949367,0.055993,0.931153,0.755681,0.830462,0.798413,0.764353,0.836755,0.80895,0.649697,0.726974,0.701587,0.646441,0.731707,0.698276,0.532683,0.685832,0.54127,0.531547,0.688963,0.538726,0.537041,1.817964072,10.57490749,512,16,10356.30617,0.0608325,0.817964072,4.758011738
simvarmass_TMRL_59ada9e0,1232,1173,1307,3381,0.159173,0.656632,3;6,1096,0.902241,0.943041,0.940722,0.906656,1096,0.936446,0.961572,0.959264,0.941028,1213,0.929263,0.960338,0.934151,0.930195,1144,0.928299,0.960602,0.937419,0.929241,0.760294,0.842773,0.799513,0.762134,0.844803,0.800681,0.78018,0.792651,0.829545,0.780578,0.795426,0.826792,0.62626,0.760816,0.628247,0.628135,0.762703,0.630137,0.581965,2.586840092,16.25175182,512,16,10356.30617,0.118961334,1.586840092,9.969279286
simvarmass_TMRL_5bb3b255,1844,1755,1680,3074,0.180493,0.525786,3;6,1672,0.907825,0.948594,0.948237,0.909436,1672,0.942054,0.966995,0.966657,0.943725,1864,0.933837,0.965208,0.928803,0.933839,1754,0.932763,0.964623,0.933029,0.932764,0.81242,0.888955,0.831345,0.818174,0.892768,0.835897,0.589852,0.690069,0.623644,0.587225,0.689459,0.620513,0.619779,0.753119,0.622017,0.618994,0.752949,0.621065,0.574791,1.829761905,10.13757822,512,16,10356.30617,0.178055763,0.829761905,4.597197148
simvarmass_TMRL_5d617c83,2367,2233,1625,3251,0.08284,0.657653,3;6,2067,0.877367,0.931982,0.931439,0.877482,2067,0.913651,0.95214,0.951613,0.91377,2174,0.893536,0.943775,0.931513,0.893536,2040,0.891674,0.942735,0.932148,0.891674,0.788233,0.877095,0.801014,0.793553,0.880355,0.805282,0.713307,0.743642,0.765948,0.711136,0.742745,0.761862,0.559714,0.707512,0.561048,0.554842,0.704578,0.556104,0.635832,2.000615385,24.15035472,512,16,10356.30617,0.228556395,1.000615385,12.07889165
simvarmass_TMRL_5fefc118,1828,1726,1672,3438,0.167152,0.694217,3;6,1597,0.888219,0.926088,0.925547,0.893326,1597,0.928338,0.947967,0.9474,0.933676,1743,0.907555,0.940736,0.923551,0.90919,1638,0.913296,0.946505,0.932818,0.914253,0.765289,0.838848,0.807987,0.771716,0.843498,0.812862,0.672235,0.738244,0.712801,0.676416,0.741519,0.715527,0.562425,0.707692,0.566193,0.566465,0.712886,0.569606,0.58676,2.056220096,12.30149861,512,16,10356.30617,0.176510811,1.056220096,6.318919879
simvarmass_TMRL_600a446c,736,700,1497,2982,0.134359,0.527488,3;6,666,0.904891,0.950071,0.950071,0.904891,666,0.938028,0.968023,0.968023,0.938028,714,0.933424,0.965566,0.947586,0.933424,673,0.93,0.963731,0.948288,0.93,0.833744,0.906135,0.84375,0.839514,0.910217,0.85,0.730847,0.771313,0.788043,0.731414,0.772346,0.788873,0.61329,0.743653,0.616848,0.622892,0.751931,0.626609,0.549284,1.991983968,14.82583205,512,16,10356.30617,0.07106781,0.991983968,7.383085375
simvarmass_TMRL_6040aa37,1019,964,1368,3173,0.124214,0.526981,3;6,922,0.906314,0.950077,0.950026,0.906771,922,0.943344,0.970047,0.970016,0.94382,1002,0.933267,0.964992,0.941118,0.933268,938,0.930498,0.963998,0.943218,0.930498,0.805717,0.892324,0.824338,0.808924,0.893521,0.825726,0.799897,0.801005,0.842002,0.795748,0.797747,0.838342,0.624114,0.760999,0.628067,0.622127,0.758968,0.626168,0.572374,2.319444444,18.6729712,512,16,10356.30617,0.098394156,1.319444444,10.62234889
simvarmass_TMRL_604ef355,1816,1729,1588,3427,0.195144,0.748239,3;6,1609,0.892053,0.936133,0.936058,0.894824,1609,0.925696,0.954505,0.954451,0.928571,1741,0.911608,0.950014,0.929435,0.911894,1636,0.910106,0.949924,0.93373,0.910353,0.815513,0.880611,0.840308,0.819797,0.883557,0.842014,0.527846,0.651959,0.554515,0.526387,0.652083,0.552921,0.505241,0.660656,0.507159,0.504436,0.660076,0.506381,0.572532,2.158060453,11.05881018,512,16,10356.30617,0.175352097,1.158060453,5.934389238
simvarmass_TMRL_617d8a56,2286,2161,1414,3336,0.192975,0.631906,3;6,1966,0.878889,0.923149,0.92286,0.88364,1966,0.916996,0.944231,0.94395,0.921953,15410,0.892777,0.936298,0.232256,0.89895,14295,0.893283,0.937224,0.235659,0.89727,0.740168,0.820475,0.793088,0.741834,0.82224,0.794077,0.662261,0.733197,0.70385,0.662404,0.733945,0.703053,0.613159,0.7457,0.61636,0.613227,0.746076,0.616204,0.604074,2.359264498,12.22575203,512,16,10356.30617,0.220735073,1.359264498,7.043733633
simvarmass_TMRL_633d3698,1153,1103,1467,3309,0.168462,0.576107,3;6,1029,0.900148,0.943707,0.943171,0.901127,1029,0.932499,0.961305,0.960784,0.933513,1104,0.921914,0.956679,0.941958,0.921943,1044,0.918402,0.956563,0.943642,0.918404,0.80131,0.874343,0.827407,0.807845,0.87817,0.834089,0.729924,0.775187,0.767563,0.727636,0.774451,0.765186,0.580717,0.723861,0.585429,0.579094,0.722878,0.583485,0.565308,2.255623722,13.38951052,512,16,10356.30617,0.111333132,1.255623722,7.453453728
simvarmass_TMRL_64f6c0b0,2035,1911,1657,2912,0.098054,0.625427,3;6,1782,0.881844,0.934555,0.933718,0.883047,1782,0.92646,0.959162,0.958322,0.927723,1914,0.913982,0.953996,0.941504,0.914005,1801,0.917298,0.956023,0.943966,0.917321,0.773363,0.856754,0.79656,0.775594,0.858878,0.799058,0.745555,0.765571,0.790663,0.74867,0.767396,0.79341,0.59529,0.734805,0.597052,0.595499,0.735684,0.59685,0.61452,1.757392879,17.92270462,512,16,10356.30617,0.196498632,0.757392879,7.724242547
simvarmass_TMRL_6676fd5c,2476,2339,1623,3051,0.071044,0.727497,3;6,2189,0.886057,0.9375,0.936763,0.886107,2189,0.925296,0.959054,0.958333,0.925348,2273,0.905493,0.950403,0.944199,0.905493,2151,0.907653,0.951591,0.945657,0.907653,0.798353,0.883814,0.808966,0.804714,0.888006,0.815306,0.707979,0.741838,0.751616,0.70596,0.740868,0.749573,0.536098,0.687113,0.538368,0.533272,0.685322,0.535362,0.64292,1.879852126,26.46039251,512,16,10356.30617,0.239081383,0.879852126,12.38460849
simvarmass_TMRL_66b77acd,417,396,1410,3058,0.12685,0.740792,3;6,383,0.909477,0.948298,0.945,0.911271,383,0.945766,0.967825,0.964286,0.947631,402,0.946636,0.970443,0.962149,0.947242,380,0.948887,0.971503,0.966495,0.949495,0.804873,0.874505,0.817746,0.807095,0.87656,0.820707,0.771059,0.775819,0.834532,0.777603,0.781333,0.838384,0.573995,0.715976,0.580336,0.572,0.714961,0.576142,0.541191,2.168794326,17.09731436,512,16,10356.30617,0.040265322,1.168794326,9.213987594
simvarmass_TMRL_6984e828,2425,2294,1311,3165,0.198828,0.51696,3;6,2130,0.882712,0.932661,0.932602,0.884948,2130,0.917128,0.951656,0.951613,0.919452,2296,0.899191,0.944215,0.92311,0.899381,2157,0.897382,0.944176,0.924287,0.897559,0.767118,0.844353,0.794227,0.767433,0.844326,0.793374,0.683751,0.749148,0.725361,0.681576,0.749038,0.722392,0.63052,0.759063,0.634639,0.62704,0.75748,0.630958,0.60638,2.414187643,12.14209087,512,16,10356.30617,0.234156847,1.414187643,7.112618158
simvarmass_TMRL_6c313417,50,48,1464,2969,0.152233,0.639372,3;6,46,0.829637,0.88172,0.854167,0.84,46,0.864205,0.901099,0.87234,0.875,56,0.869616,0.913043,0.811321,0.88,49,0.864626,0.911111,0.845361,0.875,0.650187,0.740741,0.78,0.657511,0.753247,0.791667,0.775821,0.816327,0.8,0.771919,0.817204,0.791667,0.850596,0.905263,0.88,0.866046,0.914894,0.895833,0.521478,2.028005464,13.32172042,512,16,10356.30617,0.004827976,1.028005464,6.752842449
simvarmass_TMRL_6c6e2c30,2350,2219,1632,2937,0.072157,0.579927,3;6,2105,0.8978,0.944606,0.944108,0.897872,2105,0.934794,0.964727,0.964237,0.934869,2226,0.919149,0.957871,0.944056,0.919149,2094,0.918882,0.957727,0.945514,0.918882,0.789675,0.878448,0.804681,0.794999,0.881322,0.810275,0.749459,0.770419,0.796596,0.750165,0.773188,0.796396,0.606191,0.744138,0.60766,0.608374,0.746137,0.609833,0.638867,1.799632353,24.94050962,512,16,10356.30617,0.226914883,0.799632353,11.08184033
simvarmass_TMRL_6dc88c32,120,114,1686,3076,0.053712,0.529869,3;6,93,0.783333,0.878505,0.873239,0.783333,93,0.817391,0.899522,0.894231,0.817391,103,0.825,0.90411,0.887892,0.825,94,0.815789,0.898551,0.894231,0.815789,0.68751,0.809756,0.691667,0.689453,0.810256,0.692982,0.742062,0.77551,0.816667,0.738748,0.779221,0.807018,0.632425,0.758974,0.633333,0.639464,0.764398,0.640351,0.534692,1.824436536,33.96701922,512,16,10356.30617,0.011587143,0.824436536,15.34920569
simvarmass_TMRL_6e8cb638,2280,2155,1359,3165,0.070328,0.596901,3;6,740,0.88371,0.937209,0.490066,0.883772,740,0.92171,0.958155,0.50581,0.921775,2132,0.904825,0.950035,0.935177,0.904825,2001,0.90348,0.949293,0.936959,0.90348,0.781955,0.876057,0.796491,0.785407,0.878409,0.800464,0.763672,0.770335,0.817544,0.759776,0.768333,0.812268,0.593386,0.735246,0.595614,0.592481,0.734729,0.594432,0.649369,2.328918322,33.11509388,512,16,10356.30617,0.220155716,1.328918322,18.89600618
simvarmass_TMRL_6ef7c896,28,28,1496,3305,0.13952,0.602931,3;6,229,0.285714,0.444444,0.062257,0.285714,229,0.285714,0.444444,0.062257,0.285714,17653,0.285714,0.444444,0.000905,0.285714,16485,0.285714,0.444444,0.000969,0.285714,0.357143,0.526316,0.357143,0.357143,0.526316,0.357143,0.294294,0.4,0.392857,0.310813,0.421053,0.392857,0.373381,0.473684,0.642857,0.374732,0.473684,0.642857,0.519952,2.209224599,15.8344653,512,16,10356.30617,0.002703667,1.209224599,8.667034109
simvarmass_TMRL_70a83343,1055,999,1660,3002,0.176421,0.745498,3;6,921,0.88306,0.918398,0.917004,0.898578,921,0.920581,0.93886,0.937403,0.936759,18457,0.905131,0.938308,0.100349,0.927962,17149,0.904726,0.93796,0.10205,0.926927,0.755363,0.821873,0.82654,0.760575,0.824872,0.832833,0.632263,0.717402,0.670142,0.631566,0.719126,0.668337,0.521331,0.682152,0.52891,0.519296,0.680493,0.527108,0.553285,1.808433735,10.2506716,512,16,10356.30617,0.101870298,0.808433735,4.582412156
simvarmass_TMRL_721e1aef,605,578,1654,3351,0.103902,0.698541,3;6,557,0.922182,0.957795,0.956971,0.923967,557,0.956981,0.976295,0.975439,0.958834,598,0.947107,0.972835,0.952618,0.947107,565,0.948097,0.973357,0.95888,0.948097,0.844354,0.915103,0.849587,0.852687,0.919926,0.858131,0.764105,0.786771,0.809917,0.771837,0.791704,0.818339,0.569067,0.70935,0.57686,0.572631,0.713525,0.580589,0.549003,2.025997582,19.49912015,512,16,10356.30617,0.058418512,1.025997582,9.874666336
simvarmass_TMRL_72d333b8,2309,2178,1596,3347,0.191611,0.500176,3;6,2061,0.895126,0.941365,0.940961,0.896925,2061,0.933957,0.962529,0.962096,0.935834,2248,0.917713,0.957091,0.929998,0.917713,2101,0.917815,0.957146,0.93433,0.917815,0.832958,0.906309,0.843222,0.837076,0.908638,0.846648,0.549632,0.671202,0.576873,0.546021,0.669177,0.571429,0.614983,0.750265,0.61715,0.60852,0.746818,0.610318,0.586261,2.097117794,10.94466286,512,16,10356.30617,0.222955942,1.097117794,5.725755799
simvarmass_TMRL_79b3efaf,170,159,1688,2968,0.065565,0.577946,3;6,149,0.887938,0.9375,0.934169,0.888235,149,0.92607,0.958466,0.955128,0.92638,163,0.929412,0.963415,0.948949,0.929412,149,0.924528,0.960784,0.954545,0.924528,0.763009,0.870968,0.794118,0.777921,0.879725,0.805031,0.823453,0.796562,0.870588,0.82008,0.805031,0.861635,0.67981,0.792982,0.682353,0.670546,0.789474,0.672956,0.53314,1.758293839,26.81756789,512,16,10356.30617,0.016415119,0.758293839,11.56552793
simvarmass_TMRL_7a76b5a4,767,725,1497,3011,0.10986,0.595481,3;6,695,0.910221,0.95147,0.950752,0.911343,695,0.94985,0.972746,0.972028,0.95102,762,0.947849,0.973226,0.950948,0.947849,714,0.946207,0.97236,0.95344,0.946207,0.830942,0.907158,0.842243,0.832162,0.908546,0.844138,0.78595,0.794822,0.835724,0.781579,0.793127,0.830345,0.603278,0.733547,0.607562,0.595802,0.72931,0.6,0.554209,2.011356045,18.3083565,512,16,10356.30617,0.074061155,1.011356045,9.20586242
simvarmass_TMRL_7c6cea1c,1124,1053,1529,3369,0.084383,0.658942,3;6,1007,0.899467,0.944314,0.943219,0.900356,1007,0.940466,0.966475,0.965418,0.941395,1077,0.933273,0.965009,0.953203,0.933274,1000,0.933523,0.965145,0.957623,0.933523,0.761388,0.855186,0.794484,0.765579,0.857887,0.79867,0.820736,0.822883,0.867438,0.82435,0.825024,0.871795,0.611659,0.743011,0.614769,0.602532,0.737819,0.605714,0.596371,2.203400916,26.11190543,512,16,10356.30617,0.108532906,1.203400916,14.2611772
simvarmass_TMRL_7d35c0dc,869,823,1486,2954,0.147425,0.616147,3;6,783,0.905649,0.946093,0.945521,0.910242,783,0.942526,0.965986,0.965389,0.947305,19826,0.942441,0.969805,0.079246,0.943613,18462,0.940444,0.968672,0.08027,0.940462,0.815158,0.885804,0.835443,0.812204,0.884744,0.833536,0.76633,0.790932,0.810127,0.760516,0.790667,0.80292,0.626683,0.753265,0.63061,0.622961,0.752924,0.625759,0.556174,1.987886945,13.48405593,512,16,10356.30617,0.083910227,0.987886945,6.70094587
simvarmass_TMRL_7d3e1a6f,554,520,1650,3302,0.155184,0.632798,3;6,487,0.903477,0.937143,0.935639,0.909747,487,0.935564,0.954413,0.953033,0.942056,573,0.936453,0.958801,0.91748,0.938628,532,0.932432,0.958,0.918251,0.934615,0.738801,0.82996,0.797834,0.741587,0.831001,0.796154,0.772192,0.791703,0.826715,0.771358,0.796279,0.823077,0.616598,0.751394,0.619134,0.610803,0.746126,0.613462,0.540549,2.001212121,12.89573745,512,16,10356.30617,0.053493977,1.001212121,6.45177416
simvarmass_TMRL_7d4309e5,1547,1458,1329,3485,0.184226,0.634252,3;6,1330,0.888912,0.937671,0.923879,0.89011,1330,0.930411,0.960365,0.946581,0.931664,17734,0.919158,0.955907,0.147503,0.919198,16488,0.919724,0.957454,0.149448,0.919753,0.782017,0.863097,0.803491,0.791234,0.868411,0.812757,0.721388,0.758402,0.773109,0.724475,0.760592,0.775188,0.591942,0.729505,0.595346,0.595631,0.732075,0.598765,0.584135,2.622272385,14.23399729,512,16,10356.30617,0.149377584,1.622272385,8.805881826
simvarmass_TMRL_7e9c2032,1299,1242,1376,3219,0.145264,0.559441,3;6,1183,0.916773,0.954106,0.953263,0.916859,1183,0.945149,0.969325,0.968481,0.945238,1262,0.929176,0.963288,0.942601,0.929176,1194,0.927536,0.962406,0.945813,0.927536,0.792969,0.876793,0.813703,0.797452,0.879789,0.818841,0.771865,0.789164,0.819092,0.772262,0.789322,0.820451,0.624755,0.756551,0.626636,0.625665,0.756622,0.627625,0.581041,2.339389535,16.10439982,512,16,10356.30617,0.125430822,1.339389535,9.220381752
simvarmass_TMRL_7ed3b3eb,845,804,1424,3286,0.103579,0.585383,3;6,766,0.909387,0.949257,0.948479,0.910059,766,0.945181,0.968434,0.967701,0.945879,824,0.935712,0.964548,0.946675,0.936095,780,0.937427,0.966581,0.950758,0.937811,0.760711,0.850363,0.785799,0.764929,0.852595,0.789801,0.856647,0.831707,0.901775,0.856683,0.83419,0.900498,0.69798,0.803041,0.705325,0.695784,0.802622,0.703242,0.57729,2.30758427,22.27849535,512,16,10356.30617,0.081592798,1.30758427,12.62402871
simvarmass_TMRL_7fab4291,1343,1268,1437,2972,0.073622,0.57426,3;6,1218,0.907872,0.95041,0.95041,0.908414,1218,0.949589,0.972822,0.972822,0.950156,1287,0.937453,0.967717,0.957414,0.937453,1211,0.936909,0.967427,0.958451,0.936909,0.823523,0.898469,0.833209,0.832051,0.903226,0.842271,0.828846,0.820259,0.87863,0.833278,0.823105,0.882585,0.635484,0.763276,0.637379,0.635488,0.763482,0.637441,0.609402,2.068197634,28.09211423,512,16,10356.30617,0.129679441,1.068197634,14.50921781
simvarmass_TMRL_7fbc4fc0,725,688,1623,3442,0.106984,0.587839,3;6,679,0.933493,0.963649,0.962963,0.933793,679,0.966832,0.981132,0.980421,0.967143,18282,0.957241,0.978154,0.073026,0.957241,17000,0.959302,0.979228,0.074627,0.959302,0.816121,0.886398,0.833103,0.819414,0.887667,0.835756,0.843862,0.825175,0.889655,0.846817,0.827333,0.892442,0.666125,0.780096,0.670345,0.668871,0.782313,0.672515,0.562512,2.120764017,19.82318868,512,16,10356.30617,0.070005655,1.120764017,10.47599657
simvarmass_TMRL_80fee400,2214,2116,1563,3421,0.177603,0.566088,3;6,1969,0.893346,0.94067,0.940473,0.894761,1969,0.922513,0.956691,0.956479,0.923974,2132,0.892321,0.943884,0.924988,0.907859,2014,0.893796,0.944486,0.926877,0.904537,0.814796,0.888615,0.836495,0.81792,0.890496,0.839243,0.635174,0.723507,0.67841,0.63329,0.723588,0.675177,0.609436,0.743956,0.611563,0.607427,0.743538,0.609375,0.595561,2.188739603,12.32377608,512,16,10356.30617,0.213782787,1.188739603,6.693240561
simvarmass_TMRL_8160d8bc,1629,1535,1485,3347,0.0601,0.607891,3;6,1461,0.899412,0.947028,0.944984,0.899939,1461,0.936792,0.967338,0.965289,0.93734,1542,0.923266,0.960102,0.948597,0.923266,1444,0.923127,0.960027,0.951326,0.923127,0.786731,0.880759,0.798649,0.789086,0.88267,0.801303,0.800592,0.785669,0.864334,0.798611,0.78586,0.860586,0.59242,0.733126,0.593616,0.593684,0.733884,0.594895,0.628022,2.253872054,37.50203085,512,16,10356.30617,0.157295465,1.253872054,20.86309574
simvarmass_TMRL_81924417,1841,1742,1652,3269,0.183182,0.69497,3;6,1619,0.895686,0.934294,0.93237,0.899511,1619,0.932142,0.954091,0.952184,0.936122,18619,0.886937,0.939072,0.165103,0.917436,17300,0.889033,0.940166,0.167533,0.91614,0.786249,0.862236,0.824552,0.787857,0.862608,0.827784,0.602304,0.700329,0.636611,0.598957,0.7,0.630884,0.546636,0.696281,0.549158,0.544656,0.694698,0.547235,0.577011,1.978813559,10.80244543,512,16,10356.30617,0.177766085,0.978813559,5.34339378
simvarmass_TMRL_81c5ded7,693,649,1542,3290,0.086407,0.527844,3;6,621,0.897538,0.945205,0.945205,0.897547,621,0.945279,0.971071,0.971071,0.945289,683,0.943723,0.971047,0.950581,0.943723,627,0.941448,0.969841,0.95768,0.941448,0.806554,0.892942,0.81241,0.818082,0.899916,0.824345,0.833013,0.810651,0.875902,0.830271,0.809524,0.873846,0.616437,0.738723,0.626263,0.604754,0.733826,0.612654,0.558277,2.133592737,24.69235984,512,16,10356.30617,0.066915751,1.133592737,13.1192234
simvarmass_TMRL_833b30e6,906,850,1472,3060,0.072007,0.744002,3;6,795,0.885319,0.935446,0.933568,0.886313,795,0.928356,0.959085,0.957203,0.929398,856,0.926039,0.960504,0.952327,0.926049,797,0.922348,0.959021,0.952034,0.922353,0.745066,0.848039,0.781457,0.73697,0.842174,0.775294,0.826587,0.815323,0.874172,0.824546,0.812195,0.872941,0.607577,0.743624,0.611479,0.600397,0.738817,0.603774,0.589135,2.078804348,28.86947585,512,16,10356.30617,0.087482929,1.078804348,14.98193714
simvarmass_TMRL_83872c3e,1638,1548,1648,2934,0.072718,0.545937,3;6,1470,0.89554,0.943784,0.943372,0.897436,1470,0.936715,0.96613,0.965744,0.938697,1553,0.926129,0.961343,0.950799,0.926129,1456,0.923773,0.960376,0.952064,0.923773,0.791391,0.877789,0.807082,0.794009,0.878564,0.80814,0.805914,0.800126,0.855311,0.805405,0.802789,0.853454,0.666048,0.789037,0.667888,0.669217,0.792352,0.67055,0.615512,1.780339806,24.48279389,512,16,10356.30617,0.158164501,0.780339806,10.73104054
simvarmass_TMRL_846117a2,2225,2109,1401,3436,0.156808,0.663401,3;6,1937,0.882171,0.929032,0.9284,0.885393,1937,0.915073,0.947138,0.946595,0.918415,2095,0.902124,0.943879,0.926852,0.902472,1968,0.900185,0.943792,0.929377,0.900474,0.764887,0.844534,0.794157,0.765979,0.845078,0.796112,0.717346,0.761094,0.763146,0.713653,0.762131,0.758523,0.619148,0.750885,0.621124,0.616702,0.749567,0.618527,0.6156,2.452533904,15.64036213,512,16,10356.30617,0.214844942,1.452533904,9.263136475
simvarmass_TMRL_853a3a38,2166,2048,1500,2929,0.190596,0.613841,3;6,1818,0.863875,0.908909,0.906627,0.873038,1818,0.899161,0.928608,0.926391,0.908698,15512,0.885612,0.923798,0.218237,0.890582,14386,0.885119,0.926003,0.221735,0.889648,0.717665,0.796921,0.779317,0.719914,0.799105,0.782333,0.658087,0.740434,0.701293,0.656066,0.740875,0.698389,0.615223,0.747616,0.619114,0.618654,0.751263,0.622005,0.593237,1.952666667,10.24505586,512,16,10356.30617,0.20914793,0.952666667,4.998356034
simvarmass_TMRL_87569aa8,974,918,1335,3352,0.128726,0.674428,3;6,881,0.905886,0.945553,0.945553,0.908624,881,0.941658,0.964796,0.964796,0.944504,983,0.942474,0.967742,0.938171,0.942505,918,0.940063,0.966835,0.940087,0.940087,0.762701,0.846991,0.794661,0.76338,0.846902,0.795207,0.824835,0.829004,0.859343,0.822941,0.828787,0.857298,0.611712,0.746287,0.619097,0.605439,0.744526,0.612445,0.574554,2.510861423,19.50547227,512,16,10356.30617,0.094048977,1.510861423,11.73703388
simvarmass_TMRL_879db323,1975,1870,1460,3283,0.148681,0.673418,3;6,1727,0.885722,0.932866,0.931929,0.887595,1727,0.921169,0.952381,0.951462,0.923117,16236,0.905591,0.947789,0.196475,0.905823,15056,0.906218,0.948286,0.200284,0.906417,0.761281,0.84828,0.801519,0.760958,0.848196,0.799358,0.693297,0.743915,0.740759,0.688251,0.743333,0.734082,0.588741,0.728291,0.592405,0.585208,0.725652,0.588645,0.6039,2.248630137,15.12385669,512,16,10356.30617,0.190705061,1.248630137,8.398047746
simvarmass_TMRL_87e73254,404,380,1627,3089,0.189695,0.554594,3;6,1020,0.921218,0.942559,0.526685,0.943069,1020,0.964177,0.965241,0.533428,0.987047,17574,0.139516,0.24781,0.044276,0.985149,16359,0.141024,0.250336,0.044686,0.984211,0.716872,0.786611,0.824257,0.716425,0.782738,0.823684,0.766838,0.801061,0.826733,0.7682,0.799435,0.826316,0.807386,0.880215,0.809406,0.803173,0.882096,0.804233,0.532968,1.898586355,10.00862624,512,16,10356.30617,0.039010048,0.898586355,4.737006011
simvarmass_TMRL_898211e5,1355,1295,1654,3441,0.079684,0.571043,3;6,1238,0.913761,0.954107,0.954107,0.914391,1238,0.942991,0.969816,0.969816,0.943641,1292,0.932841,0.965254,0.955043,0.932841,1228,0.931274,0.964414,0.956005,0.931274,0.804747,0.889068,0.817712,0.804945,0.889356,0.817761,0.808586,0.801391,0.857565,0.806875,0.801295,0.854826,0.614883,0.750336,0.617712,0.61266,0.749288,0.615206,0.599549,2.080411125,26.10826671,512,16,10356.30617,0.130838156,1.080411125,13.55869591
simvarmass_TMRL_8c95d1ab,1346,1286,1382,2983,0.050672,0.637233,3;6,1423,0.890045,0.941824,0.865294,0.890045,1423,0.92367,0.960321,0.880882,0.92367,1262,0.916048,0.956185,0.945552,0.916048,1198,0.912908,0.954472,0.94525,0.912908,0.762883,0.865879,0.789747,0.765302,0.867008,0.790987,0.821865,0.816096,0.872957,0.822165,0.817391,0.873152,0.611135,0.744144,0.61367,0.609676,0.743873,0.61215,0.628113,2.158465991,42.59681858,512,16,10356.30617,0.12996912,1.158465991,22.86205382
simvarmass_TMRL_8d74bdc9,1382,1315,1543,3148,0.143016,0.575547,3;6,1245,0.90104,0.941935,0.941759,0.904486,1245,0.932762,0.959042,0.958915,0.93633,1373,0.920372,0.956685,0.923412,0.920405,1289,0.918609,0.956763,0.927803,0.918631,0.777745,0.855997,0.806078,0.784115,0.860504,0.812167,0.768678,0.786331,0.814038,0.764101,0.785771,0.809271,0.648285,0.774775,0.653401,0.647436,0.77396,0.652439,0.581839,2.040181465,14.26540712,512,16,10356.30617,0.133445263,1.040181465,7.273182474
simvarmass_TMRL_8e20de30,2319,2202,1393,3403,0.097004,0.673231,3;6,2047,0.884839,0.938673,0.9377,0.884864,2047,0.92098,0.958635,0.957661,0.921005,18538,0.900819,0.947822,0.200316,0.900819,17179,0.89782,0.946159,0.204014,0.89782,0.82054,0.900637,0.827081,0.824172,0.902457,0.830154,0.704486,0.740867,0.747736,0.70484,0.741274,0.747502,0.528504,0.682386,0.530401,0.531104,0.68518,0.53297,0.628114,2.44292893,25.18379583,512,16,10356.30617,0.223921537,1.44292893,14.87494258
simvarmass_TMRL_8ea5cf01,2540,2430,1495,3378,0.170326,0.705217,3;6,2151,0.864507,0.917482,0.914944,0.866929,2151,0.897364,0.935995,0.933449,0.899877,2367,0.878546,0.928856,0.90809,0.879134,2249,0.877211,0.928179,0.909596,0.877778,0.759976,0.83818,0.794882,0.760346,0.837662,0.795062,0.639533,0.72479,0.679134,0.637787,0.726227,0.67572,0.553394,0.704296,0.555118,0.552036,0.703849,0.55377,0.612771,2.259531773,13.26592401,512,16,10356.30617,0.245261192,1.259531773,7.394829753
simvarmass_TMRL_8f54885b,2421,2293,1407,3492,0.14674,0.558471,3;6,2128,0.880455,0.934271,0.934271,0.880628,2128,0.920769,0.956561,0.956561,0.92095,2261,0.898383,0.946017,0.92909,0.898389,2136,0.899738,0.946982,0.931828,0.899738,0.781578,0.869269,0.805039,0.783398,0.870875,0.807239,0.709426,0.751388,0.754647,0.710084,0.752333,0.754791,0.628553,0.761429,0.629492,0.623892,0.75842,0.624727,0.622184,2.481876333,16.91342737,512,16,10356.30617,0.233770609,1.481876333,10.09865294
simvarmass_TMRL_91852647,1923,1820,1331,3072,0.121811,0.658822,3;6,1686,0.885347,0.935029,0.933222,0.886635,1686,0.919785,0.95402,0.952219,0.921124,1785,0.901188,0.946907,0.934736,0.901196,1681,0.902194,0.947673,0.938018,0.902198,0.775859,0.858615,0.806032,0.77577,0.85861,0.806044,0.740242,0.763198,0.790952,0.741424,0.765265,0.791094,0.584274,0.727625,0.585543,0.585284,0.728391,0.586359,0.616028,2.308039068,18.94770643,512,16,10356.30617,0.185683966,1.308039068,10.73826722
simvarmass_TMRL_92519093,1509,1412,1480,3054,0.07268,0.52277,3;6,1363,0.903869,0.9492,0.948468,0.90391,1363,0.952471,0.975331,0.974597,0.952514,1463,0.935719,0.966792,0.950202,0.935719,1362,0.937677,0.967836,0.954578,0.937677,0.82446,0.902899,0.826375,0.831935,0.907829,0.833569,0.800662,0.788985,0.85222,0.807574,0.791976,0.859065,0.617068,0.747777,0.619616,0.615148,0.747396,0.617459,0.602265,2.063513514,28.39176546,512,16,10356.30617,0.145708323,1.063513514,14.63282215
simvarmass_TMRL_92f018f0,993,938,1382,3026,0.084472,0.601779,3;6,895,0.906716,0.949762,0.948093,0.907351,895,0.942795,0.969239,0.967568,0.943455,958,0.940584,0.96888,0.957458,0.940584,904,0.938166,0.967565,0.955483,0.938166,0.774595,0.86755,0.799597,0.770365,0.864327,0.796375,0.818489,0.805541,0.873112,0.816315,0.804785,0.870075,0.63836,0.767761,0.647533,0.637904,0.768325,0.646368,0.589574,2.189580318,25.92078225,512,16,10356.30617,0.095883608,1.189580318,14.08253999
simvarmass_TMRL_94722e72,643,616,1619,3302,0.066772,0.592444,3;6,596,0.932369,0.964573,0.962066,0.933126,596,0.963848,0.981163,0.978654,0.96463,635,0.96112,0.980174,0.967136,0.96112,602,0.959416,0.979287,0.970443,0.959416,0.83825,0.911839,0.846034,0.839404,0.912434,0.847403,0.868538,0.843152,0.914463,0.868715,0.842357,0.915584,0.635408,0.765088,0.640747,0.634219,0.763672,0.638889,0.566391,2.039530574,30.54469799,512,16,10356.30617,0.062087774,1.039530574,15.56836061
simvarmass_TMRL_97fa77e2,21,21,1518,3104,0.150984,0.721107,3;6,364,0.958691,0.95,0.109091,1,364,0.958691,0.95,0.109091,1,17544,0.015742,0.030996,0.002391,1,16431,0.017032,0.033493,0.002553,1,0.64983,0.777778,0.761905,0.649939,0.777778,0.761905,0.898115,0.9,0.904762,0.899009,0.9,0.904762,0.756714,0.829268,1,0.756714,0.829268,1,0.518947,2.044795784,13.54312897,512,16,10356.30617,0.00202775,1.044795784,6.919910613
simvarmass_TMRL_9a4dbf7c,1548,1480,1618,3008,0.152346,0.576209,3;6,1414,0.901517,0.939415,0.935179,0.906977,1414,0.929746,0.954687,0.950257,0.935376,16408,0.927549,0.954791,0.160169,0.928941,15218,0.924934,0.954625,0.164101,0.926302,0.75019,0.824466,0.796512,0.754491,0.826727,0.801351,0.718424,0.768041,0.770026,0.723094,0.774237,0.772143,0.628776,0.759604,0.631137,0.629702,0.760283,0.631864,0.581318,1.85908529,12.20304629,512,16,10356.30617,0.149474144,0.85908529,5.639040674
simvarmass_TMRL_9ab65de4,1179,1111,1394,3145,0.15912,0.569412,3;6,1048,0.906304,0.945163,0.940278,0.910941,1048,0.944768,0.965831,0.960991,0.949602,1180,0.931987,0.960352,0.929207,0.933842,1110,0.938794,0.964618,0.936515,0.939694,0.760515,0.835217,0.798134,0.764212,0.838645,0.80288,0.788918,0.795876,0.838846,0.791889,0.797032,0.841584,0.685568,0.800787,0.690416,0.689808,0.803973,0.694043,0.574791,2.256097561,14.17859201,512,16,10356.30617,0.113843679,1.256097561,7.894026904
simvarmass_TMRL_9b2e6352,1947,1844,1386,3492,0.174987,0.569544,3;6,1766,0.909071,0.951587,0.951252,0.909091,1766,0.947517,0.972245,0.971932,0.947537,1877,0.93169,0.964381,0.948745,0.93169,1762,0.931128,0.964065,0.952302,0.931128,0.825189,0.901763,0.835645,0.827351,0.902864,0.83731,0.675547,0.73838,0.713919,0.669237,0.735535,0.706616,0.588241,0.729927,0.590652,0.584382,0.728808,0.586095,0.591078,2.519480519,14.39810111,512,16,10356.30617,0.188001394,1.519480519,8.683390877
simvarmass_TMRL_9b8222e8,1198,1127,1488,3262,0.193595,0.67751,3;6,1065,0.91337,0.940246,0.937693,0.920701,1065,0.957321,0.96353,0.961051,0.965004,1256,0.944139,0.96114,0.917685,0.949082,1173,0.945233,0.961979,0.92087,0.947649,0.78052,0.84741,0.829716,0.786578,0.852346,0.835847,0.719825,0.765107,0.767112,0.721141,0.769454,0.76575,0.60324,0.739837,0.607679,0.599258,0.73816,0.603203,0.564369,2.192204301,11.32366177,512,16,10356.30617,0.11567831,1.192204301,6.158239113
simvarmass_TMRL_9be462c3,702,673,1558,3252,0.120649,0.623827,3;6,648,0.92594,0.956909,0.955556,0.92735,648,0.954493,0.972075,0.970655,0.955947,750,0.944025,0.969963,0.913223,0.945869,708,0.943142,0.970161,0.918175,0.943536,0.804757,0.876755,0.830484,0.808024,0.87896,0.833581,0.801473,0.807664,0.847578,0.799227,0.805296,0.845468,0.633468,0.758681,0.638177,0.631814,0.759058,0.635958,0.557319,2.087291399,17.30052797,512,16,10356.30617,0.067784786,1.087291399,9.012021643
simvarmass_TMRL_9d78b00c,467,446,1388,3172,0.071894,0.522785,3;6,444,0.952129,0.974753,0.974753,0.952891,444,0.983726,0.991071,0.991071,0.984513,474,0.985011,0.992449,0.977683,0.985011,451,0.984305,0.99209,0.978818,0.984305,0.825922,0.905923,0.835118,0.833626,0.911515,0.843049,0.86919,0.827807,0.931478,0.872569,0.831285,0.932735,0.679512,0.783455,0.689507,0.686253,0.790281,0.695946,0.553625,2.285302594,31.78711149,512,16,10356.30617,0.045093298,1.285302594,17.87774493
simvarmass_TMRL_9db466e8,1207,1128,1464,3491,0.10221,0.733571,3;6,1089,0.9098,0.948328,0.947735,0.912179,1089,0.953237,0.97153,0.970995,0.955729,1180,0.936172,0.965724,0.946795,0.936205,1100,0.942349,0.968921,0.954219,0.942376,0.790345,0.876825,0.810273,0.801322,0.885119,0.820922,0.780981,0.794182,0.829329,0.78384,0.79492,0.833185,0.552623,0.701516,0.555924,0.552311,0.701459,0.555062,0.589528,2.384562842,23.33003465,512,16,10356.30617,0.116547346,1.384562842,13.54625615
simvarmass_TMRL_9e2ebb0b,1854,1756,1600,3012,0.146277,0.551722,3;6,1675,0.90459,0.946206,0.945877,0.905609,1675,0.942197,0.966455,0.966136,0.943258,1818,0.923397,0.958252,0.932462,0.923409,1710,0.924253,0.959479,0.936526,0.92426,0.799166,0.876923,0.830097,0.801506,0.878079,0.832574,0.672613,0.741604,0.720604,0.667995,0.741507,0.714286,0.614894,0.746916,0.616505,0.614411,0.748092,0.616,0.588449,1.8825,12.86941898,512,16,10356.30617,0.179021358,0.8825,6.033074236
simvarmass_TMRL_a25afbb5,2341,2211,1500,3433,0.12659,0.743181,3;6,2048,0.877915,0.932454,0.931419,0.878257,2048,0.919552,0.955488,0.954471,0.919911,2171,0.896198,0.94502,0.929965,0.896198,2032,0.893261,0.943396,0.930945,0.893261,0.807027,0.884868,0.818881,0.813545,0.889219,0.825418,0.662951,0.733259,0.703973,0.66285,0.735225,0.702984,0.51999,0.673267,0.522853,0.522864,0.675581,0.525792,0.614316,2.288666667,18.07936383,512,16,10356.30617,0.226045847,1.288666667,10.1798457
simvarmass_TMRL_a2e1fcdd,776,737,1567,3460,0.085924,0.598301,3;6,723,0.936466,0.964643,0.964643,0.936856,723,0.96893,0.98167,0.98167,0.969333,774,0.962629,0.980959,0.963871,0.962629,733,0.962008,0.980636,0.964626,0.962008,0.844311,0.91516,0.851804,0.847017,0.916667,0.854817,0.836606,0.829599,0.871134,0.836751,0.831782,0.869742,0.599102,0.734949,0.60567,0.603927,0.738487,0.610054,0.564653,2.208040842,25.69760303,512,16,10356.30617,0.074930191,1.208040842,14.05941114
simvarmass_TMRL_a566aba4,444,416,1550,3067,0.099655,0.540854,3;6,386,0.874561,0.930288,0.93012,0.878378,386,0.917979,0.954377,0.954265,0.921986,468,0.905394,0.949112,0.881579,0.905405,432,0.915865,0.956085,0.898585,0.915865,0.761947,0.853567,0.781532,0.767928,0.857902,0.788462,0.819096,0.818594,0.86036,0.828511,0.820144,0.872596,0.655067,0.782269,0.675676,0.649038,0.78174,0.66988,0.548661,1.978709677,19.85559859,512,16,10356.30617,0.042872429,0.978709677,9.820979152
simvarmass_TMRL_a62aa723,1150,1086,1476,3029,0.137986,0.653951,3;6,1030,0.904265,0.944521,0.944037,0.907826,1030,0.940239,0.963968,0.963483,0.943942,18703,0.936406,0.964462,0.108497,0.936522,17369,0.933603,0.96374,0.109889,0.933702,0.793418,0.870486,0.818261,0.796726,0.873411,0.820442,0.715644,0.752951,0.776522,0.7164,0.754717,0.773481,0.554385,0.703562,0.558261,0.548651,0.699473,0.551756,0.569386,2.052168022,14.87229155,512,16,10356.30617,0.111043453,1.052168022,7.625179523
simvarmass_TMRL_a66b9c69,536,511,1619,3022,0.154044,0.591531,3;6,495,0.933652,0.96124,0.960233,0.940299,495,0.964234,0.97734,0.976331,0.971098,22308,0.970149,0.984848,0.045526,0.970149,20793,0.968689,0.984095,0.04647,0.968689,0.843984,0.904858,0.854478,0.84933,0.908898,0.8591,0.697762,0.753196,0.733209,0.696288,0.759625,0.727984,0.622967,0.755906,0.628731,0.626079,0.757647,0.632094,0.536421,1.866584311,12.11721528,512,16,10356.30617,0.051755905,0.866584311,5.625563549
simvarmass_TMRL_a72b8843,1286,1228,1475,3058,0.080397,0.590117,3;6,1165,0.908092,0.951488,0.950632,0.908243,1165,0.941021,0.969269,0.968412,0.941176,1225,0.928883,0.962066,0.951016,0.929238,1161,0.927973,0.961587,0.953537,0.928339,0.786649,0.876585,0.815708,0.791847,0.879683,0.821806,0.803989,0.794913,0.865474,0.804429,0.795351,0.864931,0.664588,0.785388,0.66874,0.661555,0.782901,0.66585,0.60627,2.073220339,25.78728484,512,16,10356.30617,0.124175549,1.073220339,13.34900978
simvarmass_TMRL_a72f8a37,618,595,1317,3126,0.180966,0.612783,3;6,629,0.955449,0.974359,0.946271,0.961165,629,0.980843,0.987427,0.95857,0.986711,20475,0.565936,0.726619,0.05746,0.980583,19039,0.590126,0.746001,0.059387,0.979832,0.827896,0.894552,0.860841,0.836664,0.900181,0.870588,0.758183,0.788263,0.804207,0.75741,0.784893,0.803361,0.651848,0.777559,0.658576,0.648092,0.7749,0.654882,0.543661,2.37357631,13.11614508,512,16,10356.30617,0.059673786,1.37357631,7.590245183
simvarmass_TMRL_a8db5834,256,246,1612,2926,0.134635,0.713443,3;6,219,0.870992,0.917548,0.913684,0.882812,219,0.902728,0.935345,0.93133,0.91498,252,0.905566,0.940206,0.901575,0.917969,238,0.902062,0.937901,0.904959,0.914634,0.728501,0.816964,0.773438,0.728453,0.816705,0.772358,0.757061,0.786151,0.796875,0.753059,0.786325,0.792683,0.641567,0.772834,0.644531,0.640396,0.773399,0.643443,0.529699,1.815136476,13.48190646,512,16,10356.30617,0.024719238,0.815136476,6.054417324
simvarmass_TMRL_aa416f85,2037,1949,1674,3499,0.157965,0.704959,3;6,1769,0.889173,0.92818,0.924855,0.895434,1769,0.917551,0.943707,0.940422,0.924012,1956,0.876693,0.929454,0.908089,0.899362,1849,0.882354,0.932794,0.913639,0.898409,0.745093,0.816292,0.810015,0.749219,0.818741,0.813846,0.670579,0.733719,0.716249,0.673236,0.735681,0.718686,0.574687,0.718464,0.578792,0.572996,0.71887,0.577022,0.599572,2.090203106,13.23206474,512,16,10356.30617,0.196691751,1.090203106,6.901548484
simvarmass_TMRL_aa62ca2c,1866,1752,1416,3270,0.108532,0.5453,3;6,1647,0.885916,0.937998,0.937091,0.886388,1647,0.928197,0.961236,0.960327,0.928692,1750,0.909427,0.952274,0.938606,0.909432,1639,0.911525,0.953405,0.941905,0.91153,0.784026,0.869385,0.799571,0.791261,0.873902,0.805365,0.771861,0.77797,0.825295,0.769591,0.777027,0.823059,0.674635,0.791484,0.677385,0.674636,0.792377,0.677143,0.61948,2.309322034,21.27779857,512,16,10356.30617,0.180180073,1.309322034,12.06392616
simvarmass_TMRL_ac8b146d,2019,1898,1425,3055,0.0756,0.704181,3;6,1772,0.883923,0.936662,0.933791,0.884101,1772,0.924684,0.959096,0.95624,0.92487,1874,0.901915,0.947615,0.935012,0.901932,1754,0.901461,0.94731,0.936473,0.901475,0.770455,0.862713,0.789995,0.775738,0.866376,0.795047,0.780982,0.784952,0.8316,0.779511,0.785694,0.829821,0.594178,0.730397,0.596335,0.591383,0.730487,0.592925,0.640401,2.143859649,28.35793187,512,16,10356.30617,0.19495368,1.143859649,15.13041864
simvarmass_TMRL_ad3cc05c,1445,1375,1446,3385,0.187129,0.543694,3;6,1297,0.899373,0.945295,0.945295,0.90173,1297,0.934959,0.964645,0.964645,0.93741,1393,0.924567,0.960805,0.941508,0.924567,1315,0.922909,0.959909,0.943494,0.922909,0.82165,0.89577,0.83045,0.824261,0.897426,0.833455,0.675406,0.741646,0.714187,0.673328,0.740516,0.710335,0.591858,0.731687,0.594464,0.58703,0.728997,0.588621,0.570013,2.340940526,12.5097688,512,16,10356.30617,0.139528513,1.340940526,7.165861655
simvarmass_TMRL_ae6ab853,1826,1744,1460,3272,0.185926,0.608759,3;6,1640,0.906315,0.945213,0.945182,0.908543,1640,0.940836,0.963834,0.963813,0.94315,18025,0.908287,0.949873,0.169966,0.923877,16726,0.913687,0.952833,0.174878,0.926032,0.800716,0.872694,0.83023,0.804072,0.874645,0.833811,0.664259,0.735244,0.702629,0.665116,0.736495,0.703555,0.571645,0.718037,0.57448,0.567859,0.716364,0.57069,0.583121,2.24109589,12.05369819,512,16,10356.30617,0.176317692,1.24109589,6.675214281
simvarmass_TMRL_af462d76,420,401,1580,3065,0.138042,0.679283,3;6,353,0.829965,0.90625,0.900388,0.830952,353,0.852286,0.919419,0.913386,0.853301,399,0.859524,0.924456,0.881563,0.859524,371,0.852868,0.920592,0.88601,0.852868,0.762095,0.865952,0.77619,0.758415,0.863572,0.773067,0.664981,0.74359,0.704762,0.660526,0.743243,0.700748,0.481205,0.64139,0.483333,0.477802,0.638935,0.48,0.532889,1.939873418,14.05277682,512,16,10356.30617,0.040555,0.939873418,6.808604756
simvarmass_TMRL_afc93458,1511,1428,1579,3268,0.178694,0.599209,3;6,1364,0.904153,0.94821,0.947478,0.904699,1364,0.948075,0.971856,0.971123,0.948647,21391,0.76271,0.870761,0.124443,0.943084,19905,0.771776,0.876426,0.126002,0.941176,0.84592,0.91188,0.857048,0.850942,0.91491,0.862045,0.599371,0.698424,0.630708,0.595727,0.698165,0.626489,0.576799,0.720297,0.579087,0.573898,0.720387,0.575843,0.567017,2.069664345,11.58217033,512,16,10356.30617,0.145901442,1.069664345,5.986011531
simvarmass_TMRL_afda365f,2256,2135,1624,3422,0.072571,0.57901,3;6,1970,0.892275,0.942141,0.931377,0.89273,1970,0.930639,0.963123,0.952335,0.931114,2103,0.914007,0.955072,0.946089,0.914007,1982,0.914246,0.955202,0.948008,0.914246,0.803877,0.891051,0.8125,0.809375,0.894467,0.818267,0.756906,0.768959,0.806294,0.755442,0.769946,0.803279,0.588118,0.731372,0.589539,0.585096,0.729611,0.586466,0.636524,2.107142857,29.03560454,512,16,10356.30617,0.217838287,1.107142857,15.25599561
simvarmass_TMRL_b07da363,1552,1491,1561,3281,0.146687,0.579689,3;6,1421,0.92134,0.954973,0.954591,0.923325,1421,0.950744,0.970628,0.970256,0.952793,1547,0.941761,0.968792,0.942885,0.94201,1476,0.940728,0.968523,0.945062,0.940979,0.787582,0.871161,0.820232,0.789195,0.872434,0.823056,0.748891,0.771814,0.796392,0.748529,0.773186,0.796781,0.621648,0.753488,0.626289,0.617453,0.750101,0.621894,0.585533,2.101857783,14.32886202,512,16,10356.30617,0.149860382,1.101857783,7.511625321
simvarmass_TMRL_b1062cd2,1120,1082,1666,3264,0.075086,0.598187,3;6,1031,0.922613,0.958662,0.958624,0.925,1031,0.943677,0.969925,0.969897,0.946119,1076,0.939286,0.968692,0.958106,0.939286,1030,0.937153,0.967557,0.960227,0.937153,0.813179,0.893741,0.825,0.813203,0.893574,0.825323,0.80101,0.789878,0.858929,0.798999,0.788732,0.855032,0.590901,0.726776,0.59375,0.590733,0.727273,0.593142,0.588518,1.959183673,26.09252955,512,16,10356.30617,0.108146667,0.959183673,12.77446759
simvarmass_TMRL_b1617b06,1273,1210,1469,3490,0.122205,0.60588,3;6,1150,0.906356,0.946848,0.945935,0.908877,1150,0.934244,0.961909,0.961006,0.936842,1227,0.930872,0.964199,0.948,0.930872,1152,0.928099,0.962709,0.950889,0.928099,0.798158,0.868704,0.820896,0.804994,0.872235,0.826446,0.779035,0.782463,0.83425,0.775533,0.781498,0.830438,0.633126,0.758912,0.635507,0.629561,0.757832,0.631841,0.590282,2.375765827,19.44082343,512,16,10356.30617,0.122920275,1.375765827,11.25785219
simvarmass_TMRL_b2a1181c,2027,1921,1335,3395,0.193561,0.700042,3;6,1800,0.891818,0.939149,0.939117,0.894919,1800,0.927985,0.958933,0.958911,0.931211,1972,0.916126,0.955155,0.928732,0.916132,1846,0.913061,0.953444,0.931245,0.913066,0.817154,0.889791,0.832264,0.82176,0.892308,0.837064,0.585161,0.688731,0.621115,0.585623,0.689835,0.61999,0.522466,0.674929,0.523927,0.519938,0.674082,0.521105,0.587037,2.543071161,13.13834482,512,16,10356.30617,0.195726156,1.543071161,7.972014822
simvarmass_TMRL_b53fd232,377,360,1610,3350,0.173814,0.711784,3;6,341,0.916001,0.949861,0.949861,0.920424,341,0.951329,0.96875,0.96875,0.955923,393,0.951985,0.971351,0.92987,0.954907,370,0.94981,0.969957,0.934247,0.952778,0.829054,0.888563,0.851459,0.829228,0.887865,0.852778,0.728021,0.76506,0.755968,0.727197,0.764045,0.755556,0.592687,0.73021,0.599469,0.589185,0.726962,0.594972,0.528776,2.080745342,11.97110326,512,16,10356.30617,0.036402941,1.080745342,6.217826767
simvarmass_TMRL_b58de1b6,1696,1616,1451,3182,0.095518,0.670908,3;6,1491,0.914684,0.951911,0.935676,0.915094,1491,0.943042,0.967116,0.950893,0.943465,1620,0.926251,0.96022,0.946924,0.926297,1545,0.928221,0.961822,0.948767,0.928262,0.780994,0.861129,0.808962,0.782833,0.863065,0.810644,0.777038,0.783518,0.825472,0.777535,0.780826,0.82797,0.615395,0.748037,0.617925,0.613273,0.746617,0.615623,0.617832,2.192970365,22.95871318,512,16,10356.30617,0.163764954,1.192970365,12.48948225
simvarmass_TMRL_b689c4d9,1831,1721,1390,3200,0.070839,0.638789,3;6,1651,0.901676,0.947731,0.947731,0.901693,1651,0.946114,0.971731,0.971731,0.946132,1719,0.927908,0.962606,0.957183,0.927908,1616,0.930273,0.963877,0.959545,0.930273,0.812582,0.894565,0.825232,0.820451,0.899434,0.833818,0.774539,0.780858,0.821955,0.776985,0.785181,0.822674,0.575886,0.720788,0.579465,0.575411,0.719971,0.578825,0.62818,2.302158273,32.4984581,512,16,10356.30617,0.176800489,1.302158273,18.38194036
simvarmass_TMRL_b8c4544d,293,276,1513,3346,0.149539,0.657497,3;6,272,0.899852,0.944345,0.930973,0.901024,272,0.925111,0.958106,0.944345,0.926316,292,0.928328,0.962832,0.929915,0.928328,267,0.923913,0.960452,0.939227,0.923913,0.76815,0.854406,0.788396,0.77559,0.8583,0.797101,0.758396,0.800731,0.791809,0.751023,0.793774,0.786232,0.602857,0.743697,0.607509,0.58798,0.734694,0.591241,0.528724,2.21150033,14.78878641,512,16,10356.30617,0.028291941,1.21150033,8.101567688
simvarmass_TMRL_ba74c496,448,428,1383,3430,0.15646,0.523344,3;6,401,0.888334,0.939645,0.935218,0.888393,401,0.919108,0.956627,0.952038,0.919169,437,0.919643,0.95814,0.931073,0.919643,408,0.915888,0.956098,0.937799,0.915888,0.749082,0.85283,0.770089,0.754176,0.856767,0.775701,0.785855,0.817102,0.828125,0.784337,0.814446,0.827103,0.603069,0.73613,0.607143,0.593975,0.730385,0.598131,0.537964,2.480115691,15.85143609,512,16,10356.30617,0.043258667,1.480115691,9.460026144
simvarmass_TMRL_bb5e8dac,891,855,1603,3296,0.194031,0.642694,3;6,852,0.946086,0.960465,0.954676,0.95174,852,0.968923,0.972337,0.966318,0.974713,18009,0.694436,0.823755,0.091323,0.968575,16771,0.712719,0.83629,0.093839,0.967251,0.798694,0.855028,0.863075,0.801081,0.856961,0.864327,0.744624,0.782338,0.790123,0.747226,0.785483,0.791813,0.650032,0.774236,0.654321,0.653721,0.777855,0.65808,0.551651,2.056144729,10.59699083,512,16,10356.30617,0.086034536,1.056144729,5.443175207
simvarmass_TMRL_bbb2fa80,405,380,1480,3236,0.105201,0.660071,3;6,369,0.920289,0.952258,0.950904,0.923457,369,0.958141,0.972332,0.970976,0.96144,409,0.962963,0.981132,0.958231,0.962963,377,0.960526,0.979866,0.964333,0.960526,0.805183,0.894022,0.812346,0.80285,0.892754,0.810526,0.834301,0.820253,0.874074,0.833053,0.820513,0.871053,0.60535,0.725637,0.612346,0.603969,0.727858,0.609499,0.539237,2.186486486,20.78389451,512,16,10356.30617,0.039106607,1.186486486,11.27828145
simvarmass_TMRL_bc410f7e,1615,1525,1630,2908,0.166642,0.625295,3;6,1452,0.908535,0.945384,0.942941,0.912693,1452,0.947858,0.966434,0.964,0.952196,19350,0.871362,0.933457,0.144527,0.93808,17974,0.879445,0.937787,0.146879,0.939016,0.819064,0.885579,0.843344,0.82415,0.888968,0.84918,0.610749,0.713755,0.65387,0.606846,0.711608,0.648063,0.578223,0.724391,0.580186,0.576242,0.722793,0.578187,0.570572,1.78404908,10.70587895,512,16,10356.30617,0.155943632,0.78404908,4.704990817
simvarmass_TMRL_bdd06456,2057,1944,1450,3026,0.140884,0.697191,3;6,1758,0.877396,0.926474,0.920052,0.879922,1758,0.914287,0.946893,0.940514,0.91692,1932,0.901655,0.944103,0.927551,0.902285,1810,0.899574,0.942935,0.929142,0.900206,0.766504,0.851249,0.794361,0.767858,0.852958,0.794344,0.704521,0.748677,0.74526,0.703064,0.748144,0.74421,0.568105,0.715026,0.570248,0.568708,0.715347,0.570913,0.604217,2.086896552,14.81287124,512,16,10356.30617,0.198622942,1.086896552,7.714833137
simvarmass_TMRL_be862ff3,363,341,1458,3171,0.184387,0.682237,3;6,1382,0.893139,0.926036,0.372493,0.909091,1382,0.937022,0.949924,0.376157,0.953757,369,0.94666,0.961484,0.928962,0.953168,341,0.946467,0.960486,0.935484,0.953079,0.750026,0.816327,0.823691,0.751111,0.816054,0.826979,0.76575,0.796992,0.818182,0.762503,0.789727,0.812317,0.644255,0.774834,0.647383,0.639143,0.77305,0.642229,0.533789,2.174897119,11.79528448,512,16,10356.30617,0.035051107,1.174897119,6.371908645
simvarmass_TMRL_beac175f,1991,1880,1346,3451,0.150315,0.735186,3;6,1701,0.886107,0.928399,0.92091,0.889503,1701,0.924169,0.949273,0.941828,0.927711,15454,0.903353,0.942827,0.206707,0.905575,14290,0.904013,0.943682,0.210637,0.905851,0.755437,0.838384,0.794576,0.762713,0.842354,0.801596,0.719969,0.757965,0.768458,0.723066,0.763617,0.769681,0.590812,0.733313,0.593169,0.587581,0.731448,0.589524,0.611296,2.563893016,17.05680083,512,16,10356.30617,0.192250013,1.563893016,10.40410482
simvarmass_TMRL_beb8d9ce,280,265,1633,2965,0.055378,0.535112,3;6,256,0.92216,0.955224,0.955224,0.925,256,0.952786,0.971537,0.971537,0.95572,288,0.953571,0.976234,0.940141,0.953571,269,0.950943,0.974855,0.94382,0.950943,0.763194,0.866667,0.792857,0.761082,0.865424,0.792453,0.881693,0.849741,0.928571,0.879337,0.848263,0.924528,0.733853,0.831967,0.739286,0.732093,0.836601,0.734848,0.551411,1.815676669,32.78696718,512,16,10356.30617,0.027036667,0.815676669,14.72925473
simvarmass_TMRL_bebc9568,613,586,1672,3246,0.17921,0.542176,3;6,577,0.943271,0.963652,0.959664,0.946166,577,0.973443,0.979381,0.975235,0.976431,640,0.969533,0.981788,0.949721,0.973899,604,0.968182,0.98185,0.954622,0.972696,0.794801,0.867857,0.843393,0.791838,0.865421,0.83959,0.758895,0.798305,0.796085,0.754864,0.797513,0.792164,0.701981,0.812794,0.704731,0.699798,0.812253,0.702564,0.53937,1.94138756,10.83303141,512,16,10356.30617,0.059190989,0.94138756,5.252985658
simvarmass_TMRL_bf32f465,622,599,1561,3161,0.162961,0.6701,3;6,577,0.930704,0.957465,0.957465,0.934084,577,0.953703,0.969595,0.969595,0.957166,645,0.946513,0.968543,0.926598,0.946945,610,0.946197,0.968186,0.934657,0.946578,0.783398,0.859729,0.807074,0.786862,0.861712,0.811352,0.717066,0.774878,0.763666,0.72175,0.779374,0.769616,0.562865,0.709677,0.565916,0.564482,0.711438,0.56689,0.541258,2.024983985,12.42618777,512,16,10356.30617,0.060060024,1.024983985,6.289750214
simvarmass_TMRL_bfe94955,1318,1259,1501,3208,0.133763,0.722117,3;6,1207,0.919283,0.954491,0.954455,0.921093,1207,0.953277,0.972581,0.972559,0.955153,1300,0.935292,0.964678,0.940413,0.935508,1239,0.93804,0.966393,0.945178,0.938095,0.816089,0.883527,0.831563,0.825653,0.889081,0.840349,0.730214,0.751095,0.780728,0.729768,0.751242,0.780159,0.556802,0.7015,0.559181,0.552288,0.700252,0.554669,0.5785,2.137241839,15.97782525,512,16,10356.30617,0.127265453,1.137241839,8.501916365
simvarmass_TMRL_c0010e10,1701,1612,1509,3417,0.138854,0.533302,3;6,1533,0.902984,0.947759,0.947434,0.904174,1533,0.937714,0.966583,0.966257,0.93895,17091,0.919473,0.958193,0.167092,0.922986,15851,0.920602,0.958763,0.170417,0.923077,0.803764,0.880487,0.824221,0.805331,0.881242,0.826923,0.768886,0.786292,0.814227,0.769819,0.787031,0.815022,0.677379,0.792194,0.680188,0.672598,0.791105,0.675171,0.597361,2.264413519,16.30787387,512,16,10356.30617,0.164247751,1.264413519,9.106064779
simvarmass_TMRL_c0213033,2467,2320,1327,3085,0.088812,0.654884,3;6,2145,0.871089,0.930646,0.930182,0.871099,2145,0.915237,0.955284,0.954819,0.915247,2274,0.898257,0.946402,0.934824,0.898257,2124,0.89737,0.945909,0.936754,0.89737,0.779222,0.875056,0.797325,0.783501,0.877701,0.80207,0.743339,0.764844,0.793677,0.74321,0.767088,0.793014,0.5846,0.727593,0.585732,0.580289,0.724286,0.581245,0.643242,2.324792766,26.17656134,512,16,10356.30617,0.238212347,1.324792766,14.91682166
simvarmass_TMRL_c02b436f,1345,1277,1376,3492,0.079251,0.703308,3;6,1210,0.902097,0.947986,0.947162,0.902602,1210,0.938376,0.967665,0.96684,0.938902,1273,0.93004,0.963391,0.954927,0.930112,1201,0.928683,0.963023,0.956803,0.928683,0.78521,0.876823,0.808178,0.785448,0.877716,0.808927,0.812864,0.804163,0.864684,0.812302,0.807302,0.862285,0.567317,0.714151,0.571747,0.563324,0.712724,0.567164,0.608755,2.537790698,32.02219149,512,16,10356.30617,0.129872561,1.537790698,19.40405418
simvarmass_TMRL_c0f004c4,1704,1605,1613,3052,0.131212,0.506296,3;6,1510,0.898614,0.939826,0.939639,0.900235,1510,0.939409,0.961905,0.961783,0.941104,1646,0.92461,0.957798,0.939104,0.924883,1543,0.924406,0.95782,0.941251,0.924658,0.77579,0.848327,0.808099,0.778986,0.849777,0.811955,0.745162,0.765612,0.80223,0.74491,0.766143,0.800747,0.677509,0.79438,0.680164,0.678117,0.795628,0.680798,0.59646,1.892126472,14.42037674,512,16,10356.30617,0.16453743,0.892126472,6.799122583
simvarmass_TMRL_c1621bcc,554,530,1442,3277,0.114759,0.614141,3;6,506,0.912725,0.95373,0.95283,0.913357,506,0.94514,0.971154,0.970221,0.945794,559,0.942238,0.97026,0.938005,0.942238,526,0.939623,0.968872,0.943182,0.939623,0.823728,0.903543,0.82852,0.827111,0.905544,0.832075,0.810444,0.813688,0.855596,0.809859,0.814259,0.856604,0.607184,0.739035,0.610108,0.601321,0.73526,0.604167,0.545962,2.272538141,19.8027008,512,16,10356.30617,0.053493977,1.272538141,11.0887873
simvarmass_TMRL_c1dbffdc,1138,1072,1629,3356,0.073769,0.653448,3;6,1027,0.905636,0.948777,0.94873,0.905975,1027,0.945517,0.970269,0.970241,0.945872,1091,0.934974,0.966394,0.954688,0.934974,1024,0.933769,0.96575,0.955153,0.933769,0.799474,0.884634,0.816344,0.802411,0.885845,0.81903,0.819253,0.799636,0.876098,0.814404,0.795928,0.871269,0.586452,0.724231,0.589631,0.581286,0.721387,0.583723,0.594286,2.060159607,27.92717276,512,16,10356.30617,0.109884739,1.060159607,14.37134307
simvarmass_TMRL_c25f7281,1591,1497,1547,3417,0.104521,0.619403,3;6,1439,0.906325,0.950528,0.949835,0.906348,1439,0.94991,0.973978,0.973284,0.949934,19094,0.933374,0.965203,0.143582,0.933375,17672,0.937207,0.96723,0.146382,0.937208,0.803718,0.889731,0.820239,0.81233,0.894641,0.828991,0.771923,0.782967,0.813953,0.770304,0.780541,0.812291,0.599559,0.738628,0.602137,0.595103,0.735367,0.597455,0.598477,2.208791209,21.13251125,512,16,10356.30617,0.153626204,1.208791209,11.56505591
simvarmass_TMRL_c286e651,276,268,1447,2915,0.054678,0.646575,3;6,262,0.952892,0.974074,0.973978,0.952899,262,0.963363,0.979516,0.979439,0.96337,283,0.960145,0.979667,0.948122,0.960145,267,0.958955,0.979048,0.960748,0.958955,0.838944,0.906615,0.851449,0.845443,0.91018,0.858209,0.873972,0.813067,0.927536,0.874114,0.811215,0.929104,0.673705,0.782051,0.677536,0.676487,0.783186,0.680451,0.551157,2.014512785,36.8432054,512,16,10356.30617,0.026650429,1.014512785,18.55431408
simvarmass_TMRL_c37876a5,762,716,1578,3063,0.119334,0.61792,3;6,662,0.879352,0.93352,0.929775,0.88189,662,0.929357,0.961095,0.957339,0.932039,734,0.926714,0.959128,0.942513,0.929134,684,0.924821,0.958606,0.944286,0.927374,0.751368,0.837004,0.787402,0.749005,0.836846,0.784916,0.788684,0.804164,0.833333,0.792753,0.807772,0.836592,0.626717,0.75646,0.633858,0.622057,0.756303,0.629371,0.560591,1.941064639,16.26581392,512,16,10356.30617,0.073578358,0.941064639,7.88597247
simvarmass_TMRL_c403b364,301,273,1402,3230,0.08364,0.695273,3;6,256,0.874212,0.928826,0.91921,0.877076,256,0.943147,0.966667,0.957009,0.946237,295,0.936877,0.96741,0.946309,0.936877,269,0.945055,0.971751,0.95203,0.945055,0.783788,0.863469,0.807309,0.801849,0.873239,0.824176,0.847223,0.839669,0.89701,0.86089,0.846293,0.912088,0.634567,0.763419,0.637874,0.637653,0.76652,0.639706,0.545985,2.303851641,27.54485462,512,16,10356.30617,0.029064417,1.303851641,15.58885271
simvarmass_TMRL_c4241d45,1396,1327,1300,3026,0.080528,0.736812,3;6,1279,0.921886,0.957106,0.956262,0.92192,1279,0.954713,0.974554,0.973734,0.954748,1338,0.94341,0.970881,0.963424,0.94341,1264,0.942728,0.97052,0.96565,0.942728,0.83272,0.909374,0.837393,0.833057,0.909611,0.83798,0.766674,0.774388,0.811605,0.767824,0.776715,0.810994,0.52899,0.678198,0.533668,0.527245,0.678227,0.531722,0.598662,2.327692308,28.90537835,512,16,10356.30617,0.134797096,1.327692308,16.48733742
simvarmass_TMRL_c465b212,2531,2422,1522,3244,0.198613,0.657832,3;6,2123,0.863676,0.909672,0.907177,0.869617,2123,0.892595,0.925846,0.923447,0.898734,15386,0.875846,0.920204,0.248591,0.879889,14198,0.874636,0.921298,0.255626,0.877686,0.742657,0.814302,0.799289,0.745356,0.816678,0.802148,0.630033,0.72094,0.666535,0.627013,0.718477,0.663084,0.585372,0.728027,0.589095,0.587054,0.729598,0.590476,0.602639,2.131406045,10.73145285,512,16,10356.30617,0.244392157,1.131406045,5.696535698
simvarmass_TMRL_c724cf94,2075,1946,1501,3111,0.174308,0.631081,3;6,1794,0.890956,0.92764,0.923236,0.896386,1794,0.933232,0.950485,0.946225,0.93892,15636,0.915747,0.946096,0.215008,0.91759,14482,0.915646,0.947623,0.217312,0.917266,0.756438,0.83105,0.811084,0.763254,0.835804,0.816452,0.679042,0.74297,0.725783,0.677371,0.744974,0.723535,0.63285,0.76075,0.635181,0.63173,0.760668,0.633368,0.597553,2.072618254,11.89055152,512,16,10356.30617,0.200361013,1.072618254,6.153580183
simvarmass_TMRL_c773909b,887,831,1674,3085,0.091623,0.500702,3;6,827,0.934223,0.965598,0.964994,0.934611,827,0.978342,0.988657,0.988053,0.978749,925,0.971815,0.985706,0.951435,0.971815,861,0.971119,0.985348,0.953901,0.971119,0.845262,0.913386,0.850056,0.855931,0.919614,0.860409,0.840171,0.815077,0.89177,0.838489,0.815094,0.88929,0.673291,0.787839,0.678692,0.67388,0.79073,0.678313,0.568066,1.842891278,20.11385,512,16,10356.30617,0.085648298,0.842891278,9.199559918
simvarmass_TMRL_c8168f67,1552,1449,1632,3404,0.110065,0.637142,3;6,1369,0.893137,0.938692,0.934611,0.894974,1369,0.9404,0.964311,0.960253,0.942334,1516,0.932087,0.96363,0.942634,0.932345,1410,0.93071,0.962804,0.942987,0.930987,0.783229,0.85927,0.818943,0.791102,0.864497,0.824017,0.770538,0.787837,0.818943,0.768182,0.788148,0.815735,0.639949,0.763552,0.643041,0.637695,0.763682,0.639696,0.601524,2.085784314,18.95047757,512,16,10356.30617,0.149860382,1.085784314,9.864937207
simvarmass_TMRL_c845118f,476,460,1490,3236,0.089313,0.693215,3;6,424,0.897973,0.943522,0.942222,0.89916,424,0.919216,0.955157,0.953881,0.92043,447,0.915966,0.95614,0.944745,0.915966,428,0.913043,0.954545,0.945946,0.913043,0.774972,0.872216,0.785714,0.77818,0.874092,0.786957,0.765271,0.781395,0.798319,0.76892,0.782902,0.802174,0.512428,0.658635,0.516807,0.519571,0.664828,0.523913,0.545193,2.171812081,24.31686407,512,16,10356.30617,0.045962334,1.171812081,13.12028574
simvarmass_TMRL_c97de8d3,376,363,1631,2967,0.190239,0.688451,3;6,374,0.873488,0.926554,0.874667,0.87766,374,0.892477,0.937143,0.884097,0.896739,368,0.896241,0.942335,0.905914,0.896277,346,0.892537,0.940493,0.913963,0.892562,0.748492,0.840979,0.776596,0.747803,0.839937,0.77686,0.57125,0.687598,0.595745,0.563335,0.683087,0.584022,0.566345,0.712146,0.569149,0.564795,0.711572,0.567493,0.524526,1.819129368,9.562336684,512,16,10356.30617,0.036306381,0.819129368,4.305790971
simvarmass_TMRL_cc84932a,2255,2138,1363,3084,0.149851,0.548532,3;6,1976,0.882638,0.93591,0.933113,0.88337,1976,0.920605,0.956878,0.954084,0.921369,2105,0.89844,0.946015,0.929358,0.898448,1998,0.90177,0.947835,0.932302,0.901777,0.78803,0.873467,0.801774,0.795082,0.877935,0.808521,0.69626,0.749608,0.742794,0.695828,0.753031,0.740533,0.603809,0.741183,0.605765,0.604568,0.741638,0.606318,0.609686,2.262655906,15.09937142,512,16,10356.30617,0.217741728,1.262655906,8.426075943
simvarmass_TMRL_ce31054b,289,264,1375,3466,0.094567,0.689277,3;6,254,0.88232,0.935543,0.935543,0.882353,254,0.951457,0.97318,0.97318,0.951493,287,0.941176,0.969697,0.944444,0.941176,260,0.94697,0.972763,0.954198,0.94697,0.823858,0.901887,0.82699,0.841179,0.912065,0.844697,0.872816,0.840722,0.913495,0.875822,0.839286,0.920455,0.622123,0.74569,0.626298,0.617154,0.742317,0.621212,0.537557,2.520727273,26.65546409,512,16,10356.30617,0.027905703,1.520727273,16.08095078
simvarmass_TMRL_ce40b073,1139,1069,1439,2980,0.160327,0.702092,3;6,1025,0.907454,0.946931,0.945471,0.912204,1025,0.949991,0.969754,0.968292,0.954963,1121,0.942922,0.969259,0.950442,0.942932,1046,0.941056,0.968177,0.9513,0.941066,0.817392,0.877159,0.848112,0.822947,0.879837,0.855005,0.690752,0.738331,0.733099,0.692571,0.746024,0.729654,0.551444,0.705559,0.562774,0.545261,0.700472,0.55618,0.563377,2.070882557,12.91661765,512,16,10356.30617,0.109981298,1.070882557,6.679365031
simvarmass_TMRL_cff585d1,1053,997,1452,3007,0.139359,0.545196,3;6,950,0.901681,0.946,0.945582,0.902184,950,0.936361,0.964814,0.964358,0.936884,1035,0.927825,0.962088,0.935824,0.927825,969,0.924774,0.960417,0.937945,0.924774,0.80161,0.885655,0.821462,0.806449,0.888767,0.826305,0.736912,0.779725,0.781576,0.738947,0.782565,0.78335,0.607622,0.743322,0.612536,0.603148,0.741104,0.607646,0.562469,2.070936639,14.86044417,512,16,10356.30617,0.101677179,1.070936639,7.684732519
simvarmass_TMRL_d12eec9e,549,508,1450,3292,0.050772,0.685956,3;6,504,0.920769,0.957265,0.957265,0.921676,504,0.973992,0.985337,0.985337,0.974952,523,0.945355,0.97191,0.968284,0.945355,493,0.964567,0.981964,0.979021,0.964567,0.836459,0.908734,0.846995,0.860695,0.922594,0.872047,0.874528,0.834688,0.923497,0.890312,0.838335,0.940945,0.627743,0.752252,0.635701,0.633742,0.760291,0.641026,0.576316,2.270344828,44.71647419,512,16,10356.30617,0.053011179,1.270344828,25.02057881
simvarmass_TMRL_d2c8fb9a,475,454,1643,3013,0.051253,0.706398,3;6,453,0.954986,0.976293,0.976293,0.955789,453,0.979737,0.989083,0.989083,0.980562,483,0.976842,0.988285,0.968685,0.976842,457,0.975771,0.987737,0.972558,0.975771,0.863158,0.926554,0.863158,0.865639,0.927981,0.865639,0.873037,0.856223,0.907368,0.870761,0.852643,0.905286,0.626566,0.752246,0.629474,0.618295,0.745946,0.621145,0.55774,1.833840536,35.7801599,512,16,10356.30617,0.045865774,0.833840536,16.26910689
simvarmass_TMRL_d2d73305,1255,1174,1535,3253,0.149302,0.677493,3;6,1069,0.889962,0.928632,0.919105,0.898805,1069,0.935429,0.953336,0.94388,0.944724,1236,0.932794,0.956882,0.932156,0.936255,1151,0.930779,0.957023,0.933333,0.93356,0.748662,0.823005,0.807171,0.758837,0.830565,0.813458,0.773491,0.796974,0.825498,0.773082,0.79982,0.822828,0.619662,0.75,0.624701,0.616487,0.75,0.620837,0.578867,2.119218241,14.19417182,512,16,10356.30617,0.121182203,1.119218241,7.496337899
simvarmass_TMRL_d311a735,135,127,1487,3401,0.197728,0.587065,3;6,283,0.820844,0.893443,0.5311,0.822222,283,0.872551,0.923729,0.541463,0.874016,20478,0.879435,0.932806,0.011546,0.881481,19106,0.871885,0.92827,0.011543,0.874016,0.670435,0.784141,0.718519,0.681865,0.790698,0.732283,0.72489,0.780669,0.777778,0.712757,0.776,0.76378,0.820363,0.879377,0.837037,0.809935,0.875,0.826772,0.519638,2.287155346,11.5671799,512,16,10356.30617,0.013035536,1.287155346,6.509727233
simvarmass_TMRL_d3939da3,2504,2380,1495,3280,0.133408,0.63394,3;6,2240,0.893947,0.942839,0.942664,0.894169,2240,0.930359,0.96274,0.962548,0.93059,2342,0.903754,0.949444,0.933966,0.903754,2226,0.907143,0.951311,0.937473,0.907143,0.811533,0.892631,0.822684,0.815561,0.894906,0.826471,0.643345,0.721091,0.686102,0.643164,0.720848,0.686003,0.556158,0.70292,0.557508,0.551456,0.700827,0.552377,0.615236,2.193979933,16.44563994,512,16,10356.30617,0.241785049,1.193979933,8.949837589
simvarmass_TMRL_d497b2ec,1870,1760,1489,3227,0.174836,0.719956,3;6,1637,0.88771,0.93216,0.93071,0.892513,1637,0.931548,0.956041,0.954665,0.936588,18334,0.904001,0.948247,0.169471,0.915508,17040,0.906751,0.949674,0.171383,0.915341,0.808759,0.872491,0.842246,0.812141,0.876524,0.846023,0.629402,0.715131,0.67861,0.629853,0.714927,0.679363,0.517877,0.672664,0.519786,0.526248,0.679619,0.528205,0.58377,2.167226326,12.39576704,512,16,10356.30617,0.180566311,1.167226326,6.676121202
simvarmass_TMRL_d4d47896,1003,957,1646,3136,0.130866,0.521344,3;6,937,0.936272,0.965979,0.965979,0.938185,937,0.969123,0.983211,0.983211,0.971104,22250,0.942578,0.970825,0.083,0.962114,20698,0.948934,0.974033,0.084876,0.960293,0.824805,0.903471,0.839482,0.828149,0.905168,0.842215,0.74121,0.776376,0.779661,0.742268,0.777589,0.779519,0.632582,0.760262,0.637089,0.635383,0.762321,0.639791,0.558601,1.905224787,14.55859266,512,16,10356.30617,0.096849203,0.905224787,6.917188478
simvarmass_TMRL_d5a7c403,1168,1097,1677,3191,0.066173,0.519435,3;6,1075,0.922473,0.958111,0.957646,0.922945,1075,0.962867,0.979499,0.979034,0.96336,1141,0.954623,0.976785,0.965786,0.954623,1065,0.954421,0.976679,0.968548,0.954421,0.82872,0.903944,0.835616,0.828597,0.903704,0.835916,0.822569,0.802265,0.889555,0.819442,0.79926,0.887978,0.638362,0.764616,0.643836,0.634085,0.762527,0.639269,0.594847,1.902802624,28.75496991,512,16,10356.30617,0.112781525,0.902802624,13.64306626
simvarmass_TMRL_d7bbd0e2,2032,1910,1321,3204,0.126886,0.630586,3;6,1810,0.893566,0.941697,0.941697,0.894193,1810,0.934978,0.964286,0.964286,0.935633,1922,0.918799,0.957681,0.94436,0.918799,1802,0.919372,0.957992,0.946121,0.919372,0.808761,0.892943,0.822835,0.812495,0.894842,0.825654,0.731238,0.757779,0.779035,0.73005,0.760136,0.775916,0.555288,0.704453,0.556594,0.552187,0.701696,0.553515,0.610388,2.425435276,19.11507397,512,16,10356.30617,0.196208954,1.425435276,11.23398386
simvarmass_TMRL_d8b2080a,409,385,1482,3017,0.154381,0.665563,3;6,370,0.90774,0.94359,0.942234,0.91687,370,0.947106,0.964613,0.963255,0.956633,18953,0.947799,0.969925,0.040285,0.953545,17705,0.949782,0.970745,0.040575,0.953247,0.764625,0.833787,0.823961,0.773863,0.843615,0.833766,0.75738,0.777523,0.836186,0.764867,0.786765,0.841558,0.62298,0.755882,0.628362,0.622992,0.756672,0.627604,0.537004,2.035762483,13.18661288,512,16,10356.30617,0.039492846,1.035762483,6.709131843
simvarmass_TMRL_d8f4a6ae,1958,1846,1599,3484,0.113296,0.738977,3;6,1730,0.885331,0.936942,0.936551,0.886108,1730,0.927489,0.960067,0.959711,0.928304,18630,0.903984,0.949571,0.171945,0.903984,17300,0.907909,0.951732,0.175076,0.907909,0.805963,0.885264,0.819714,0.813045,0.890077,0.825569,0.669719,0.725173,0.721655,0.675505,0.72915,0.726977,0.518843,0.675738,0.519918,0.520393,0.677488,0.521456,0.606025,2.178861789,19.23158619,512,16,10356.30617,0.189063549,1.178861789,10.40514924
simvarmass_TMRL_d9f4557f,1315,1231,1527,3208,0.129037,0.696504,3;6,1145,0.888074,0.932306,0.929268,0.889734,1145,0.935751,0.958333,0.955286,0.9375,1268,0.925927,0.956453,0.937669,0.926996,1180,0.925315,0.956816,0.939859,0.926076,0.770955,0.850171,0.806084,0.778625,0.854802,0.81316,0.735835,0.762142,0.789354,0.731353,0.761693,0.782927,0.579964,0.721513,0.584791,0.567906,0.713706,0.572476,0.583213,2.100851343,16.28099958,512,16,10356.30617,0.126975775,1.100851343,8.53128438
simvarmass_TMRL_db34801c,2242,2125,1570,3363,0.064553,0.54668,3;6,1748,0.88158,0.935797,0.875689,0.881802,1748,0.916745,0.95526,0.89498,0.916976,2076,0.893845,0.943725,0.928208,0.893845,1962,0.893176,0.943574,0.928799,0.893176,0.763965,0.863894,0.788582,0.764024,0.863813,0.789647,0.783117,0.788793,0.834077,0.78384,0.787971,0.834979,0.65987,0.780552,0.662355,0.659595,0.780746,0.662105,0.656009,2.142038217,33.18262848,512,16,10356.30617,0.216486454,1.142038217,17.69148167
simvarmass_TMRL_db5f4d7e,1287,1224,1603,3342,0.172578,0.711171,3;6,1151,0.904674,0.942717,0.941756,0.909091,1151,0.936698,0.96,0.959064,0.941271,19561,0.933902,0.960516,0.115407,0.934732,18193,0.932214,0.960102,0.117629,0.933007,0.816323,0.884599,0.842269,0.817394,0.885482,0.84232,0.658699,0.728926,0.699301,0.657935,0.731643,0.696895,0.566536,0.71124,0.570319,0.559691,0.70679,0.563115,0.565186,2.084840923,12.08057182,512,16,10356.30617,0.124272108,1.084840923,6.286090482
simvarmass_TMRL_dc02391f,2259,2123,1358,3061,0.177358,0.651637,3;6,1955,0.883308,0.927981,0.925486,0.886676,1955,0.925507,0.951113,0.948674,0.929035,2229,0.908952,0.945132,0.911765,0.91058,2083,0.910137,0.945959,0.915359,0.911446,0.770813,0.840708,0.810536,0.778155,0.845554,0.819124,0.666524,0.734797,0.711377,0.664178,0.733155,0.709176,0.601296,0.739719,0.605135,0.599992,0.739282,0.603587,0.606315,2.254050074,12.70904089,512,16,10356.30617,0.218127966,1.254050074,7.070727419
simvarmass_TMRL_dcd948ad,1031,986,1408,3329,0.10185,0.698037,3;6,940,0.924261,0.955466,0.953831,0.925315,940,0.954823,0.971693,0.970072,0.955912,1002,0.946195,0.968064,0.956222,0.946654,953,0.945839,0.969191,0.958226,0.946247,0.780121,0.863225,0.809893,0.778376,0.86159,0.808511,0.83244,0.808765,0.886518,0.83398,0.807492,0.888438,0.606099,0.746286,0.611057,0.604404,0.745953,0.609137,0.587186,2.364346591,23.21400678,512,16,10356.30617,0.09955287,1.364346591,13.39564645
simvarmass_TMRL_dd7166d2,2456,2346,1433,3360,0.061508,0.634808,3;6,477,0.895765,0.945017,0.325264,0.895765,477,0.93102,0.964278,0.335915,0.93102,18586,0.914902,0.95556,0.213573,0.914902,17162,0.91347,0.954778,0.219705,0.91347,0.808894,0.89356,0.814332,0.814316,0.896777,0.819267,0.73526,0.755931,0.781352,0.732549,0.756202,0.778772,0.543897,0.693003,0.546417,0.542771,0.691974,0.545066,0.650564,2.344731333,38.12075393,512,16,10356.30617,0.237150192,1.344731333,21.8627062
simvarmass_TMRL_de87cb98,1859,1764,1650,3184,0.144187,0.699954,3;6,1602,0.880309,0.925691,0.92401,0.883271,1602,0.915777,0.945294,0.943641,0.918858,1774,0.898466,0.941076,0.918249,0.89887,1671,0.899282,0.942371,0.922271,0.89966,0.756227,0.837731,0.796127,0.762105,0.841133,0.80102,0.683854,0.738017,0.728886,0.684568,0.73923,0.729178,0.57748,0.72048,0.580958,0.575641,0.720889,0.578677,0.593178,1.92969697,13.38329371,512,16,10356.30617,0.179504156,0.92969697,6.447855699
simvarmass_TMRL_e2d70a40,623,589,1566,3090,0.080858,0.639865,3;6,570,0.917373,0.955649,0.953898,0.918138,570,0.957326,0.976903,0.97515,0.958124,616,0.958266,0.978689,0.96368,0.958266,577,0.955857,0.977431,0.965695,0.955857,0.817189,0.897391,0.829856,0.815522,0.896869,0.828523,0.836476,0.812141,0.897271,0.839881,0.817073,0.898132,0.592612,0.724105,0.600321,0.589504,0.725957,0.595925,0.560407,1.973180077,24.40302848,512,16,10356.30617,0.060156584,0.973180077,12.03566841
simvarmass_TMRL_e587ecca,1166,1105,1417,3290,0.18462,0.544464,3;6,1054,0.910234,0.949595,0.94955,0.913379,1054,0.943407,0.967446,0.967416,0.946667,1188,0.944254,0.971328,0.935429,0.944254,1109,0.942081,0.970177,0.940379,0.942081,0.828536,0.900656,0.837907,0.833574,0.903353,0.843439,0.700166,0.753585,0.743568,0.693187,0.751498,0.737557,0.608975,0.742086,0.613208,0.606522,0.741067,0.609955,0.560082,2.321806634,12.5761382,512,16,10356.30617,0.112588406,1.321806634,7.159606943
simvarmass_TMRL_e6bb8457,1159,1088,1589,3437,0.055216,0.686477,3;6,1060,0.917844,0.955856,0.955385,0.918033,1060,0.959226,0.97788,0.977409,0.959423,1112,0.949957,0.974336,0.969617,0.949957,1041,0.949449,0.974069,0.970409,0.949449,0.776717,0.870877,0.80069,0.781935,0.873183,0.804968,0.835656,0.812554,0.893874,0.834867,0.81359,0.890725,0.637614,0.766511,0.64107,0.630017,0.762327,0.633517,0.612393,2.162995595,39.17334821,512,16,10356.30617,0.111912489,1.162995595,21.06265566
simvarmass_TMRL_e79f6619,1716,1630,1386,3316,0.168853,0.7172,3;6,1511,0.898513,0.937059,0.933994,0.900932,1511,0.934454,0.95644,0.953496,0.93697,17078,0.899625,0.945986,0.169522,0.928322,15823,0.903222,0.947966,0.173036,0.92638,0.758605,0.843067,0.798368,0.763931,0.844993,0.802454,0.72044,0.758162,0.764569,0.723714,0.760949,0.767485,0.574828,0.718489,0.57634,0.575023,0.719049,0.576521,0.589174,2.392496392,14.169108,512,16,10356.30617,0.165696144,1.392496392,8.246796874
simvarmass_TMRL_ea7ac772,41,39,1326,3354,0.067926,0.571381,3;6,13,0.195122,0.326531,0.296296,0.195122,13,0.205128,0.340426,0.307692,0.205128,10,0.195122,0.326531,0.313725,0.195122,9,0.179487,0.304348,0.291667,0.179487,0.170732,0.291667,0.170732,0.153846,0.266667,0.153846,0.192683,0.313725,0.195122,0.202564,0.326531,0.205128,0.268293,0.423077,0.268293,0.236842,0.382979,0.236842,0.535606,2.529411765,37.23775527,512,16,10356.30617,0.003958941,1.529411765,22.51585203
simvarmass_TMRL_eaeb7500,2381,2245,1544,3366,0.126782,0.71782,3;6,1983,0.855902,0.912361,0.908341,0.858043,1983,0.897754,0.936011,0.932048,0.9,2135,0.8726,0.924153,0.915855,0.874003,2002,0.871601,0.924582,0.917824,0.872606,0.732473,0.82736,0.772365,0.735154,0.829571,0.77461,0.682847,0.740077,0.728265,0.683689,0.742805,0.725245,0.571353,0.713803,0.576648,0.571905,0.715708,0.576906,0.62534,2.180051813,17.19527862,512,16,10356.30617,0.229908228,1.180051813,9.3077236
simvarmass_TMRL_ebd071e5,2555,2415,1443,3457,0.164361,0.66027,3;6,2220,0.880241,0.930378,0.928586,0.881409,2220,0.918715,0.951668,0.949871,0.919935,15867,0.895827,0.943583,0.248724,0.896673,14683,0.896935,0.944262,0.25348,0.897308,0.763197,0.849309,0.798826,0.765024,0.850239,0.801656,0.664194,0.731727,0.707241,0.664116,0.732316,0.704884,0.58063,0.724046,0.582779,0.578855,0.72291,0.580846,0.619908,2.395703396,14.57586286,512,16,10356.30617,0.246709585,1.395703396,8.491694476
simvarmass_TMRL_ec03aa6c,454,431,1560,3083,0.196847,0.588579,3;6,463,0.938399,0.954751,0.924755,0.944934,463,0.968258,0.970115,0.939092,0.975,502,0.857206,0.924686,0.924686,0.973568,462,0.881676,0.93841,0.93841,0.972158,0.758614,0.83293,0.839207,0.764317,0.835025,0.846868,0.750595,0.797235,0.788546,0.754801,0.800971,0.791183,0.705186,0.815584,0.707048,0.712678,0.820163,0.714617,0.533219,1.976282051,10.0396859,512,16,10356.30617,0.043838024,0.976282051,4.959598324
simvarmass_TMRL_ed5a8d2f,1062,1013,1690,3200,0.154697,0.552457,3;6,962,0.899795,0.939711,0.932806,0.905838,962,0.93046,0.956389,0.949221,0.936709,1076,0.931945,0.957884,0.924228,0.934087,1012,0.929754,0.957326,0.927407,0.930898,0.755597,0.832891,0.797552,0.753785,0.831849,0.794669,0.755023,0.787671,0.811676,0.754297,0.7896,0.809477,0.652493,0.779395,0.655367,0.650636,0.779221,0.652819,0.565158,1.893491124,12.23999899,512,16,10356.30617,0.102546215,0.893491124,5.775749525
simvarmass_TMRL_eddd606c,93,92,1480,3292,0.062369,0.562692,3;6,82,0.88172,0.937143,0.937143,0.88172,82,0.891304,0.942529,0.942529,0.891304,103,0.892473,0.943182,0.846939,0.892473,94,0.891304,0.942529,0.88172,0.891304,0.759837,0.860606,0.763441,0.768096,0.865854,0.771739,0.813752,0.770833,0.88172,0.814779,0.774566,0.880435,0.634153,0.772152,0.655914,0.633273,0.774194,0.652174,0.532832,2.224324324,35.66394081,512,16,10356.30617,0.008980036,1.224324324,19.63033437
simvarmass_TMRL_f023a4b4,101,95,1411,3081,0.115971,0.749175,3;6,90,0.890981,0.936842,0.931937,0.891089,90,0.927723,0.956989,0.951872,0.927835,118,0.930305,0.958763,0.858447,0.930693,108,0.92598,0.956044,0.866995,0.926316,0.700637,0.793103,0.752475,0.702294,0.792683,0.757895,0.823585,0.822335,0.871287,0.824433,0.821622,0.873684,0.712672,0.811111,0.722772,0.705774,0.807229,0.712766,0.527801,2.18355776,18.82848092,512,16,10356.30617,0.009752512,1.18355776,10.20563555
simvarmass_TMRL_f0f3a4a2,1362,1278,1340,3422,0.052965,0.635069,3;6,1362,0.908952,0.951501,0.908957,0.908957,1362,0.945754,0.971316,0.926994,0.94576,1284,0.934655,0.966224,0.962207,0.934655,1197,0.931925,0.964763,0.962424,0.931925,0.783751,0.876305,0.801762,0.785593,0.877298,0.803599,0.835517,0.806516,0.887665,0.8364,0.808295,0.887236,0.616633,0.750224,0.618209,0.61377,0.74976,0.61478,0.633116,2.553731343,48.21545064,512,16,10356.30617,0.131514072,1.553731343,29.33505793
simvarmass_TMRL_f24946d7,1217,1150,1328,3054,0.184573,0.616533,3;6,1097,0.913647,0.949547,0.948142,0.917009,1097,0.953609,0.970899,0.96951,0.957118,1208,0.938654,0.964696,0.940206,0.939195,1135,0.942088,0.966757,0.946171,0.942609,0.79481,0.863452,0.824979,0.79723,0.864528,0.827826,0.717352,0.76128,0.762531,0.716806,0.762719,0.76,0.611766,0.745527,0.61627,0.608095,0.7434,0.612174,0.567848,2.299698795,12.45956232,512,16,10356.30617,0.117512941,1.299698795,7.041651786
simvarmass_TMRL_f4a57b9f,460,439,1386,3031,0.170622,0.616183,3;6,411,0.891003,0.93887,0.934558,0.897826,411,0.918971,0.954279,0.949825,0.926009,455,0.921739,0.959276,0.926776,0.921739,432,0.920273,0.958482,0.927669,0.920273,0.805486,0.889952,0.815217,0.814331,0.895262,0.824601,0.676767,0.743503,0.715217,0.675067,0.743468,0.712984,0.546055,0.69326,0.547826,0.542819,0.689855,0.544622,0.533422,2.186868687,12.81703817,512,16,10356.30617,0.044417381,1.186868687,6.956129262
simvarmass_TMRL_f5c16209,1638,1535,1513,2942,0.110036,0.745249,3;6,1467,0.901155,0.944998,0.944283,0.90232,1467,0.944397,0.968359,0.967657,0.945617,1555,0.92674,0.961648,0.95083,0.92674,1448,0.925733,0.961109,0.952732,0.925733,0.804274,0.885069,0.819292,0.808552,0.887773,0.823453,0.696841,0.742489,0.739316,0.693559,0.741787,0.735505,0.518849,0.675109,0.520757,0.514991,0.672041,0.516634,0.58949,1.944481163,17.67131814,512,16,10356.30617,0.158164501,0.944481163,8.583383286
simvarmass_TMRL_f7e45d35,1213,1145,1477,3430,0.070864,0.543458,3;6,1111,0.918315,0.956559,0.95611,0.919209,1111,0.957796,0.977582,0.977133,0.958727,18354,0.944765,0.971598,0.117136,0.944765,17030,0.944105,0.971249,0.118955,0.944105,0.804502,0.89228,0.822754,0.80597,0.893112,0.823581,0.832805,0.815063,0.886232,0.841296,0.820558,0.891798,0.649391,0.771669,0.652102,0.651845,0.772871,0.654689,0.60272,2.322274882,32.77086929,512,16,10356.30617,0.117126703,1.322274882,18.6593317
simvarmass_TMRL_f8a97aae,1588,1491,1406,3358,0.073968,0.620873,3;6,1432,0.903008,0.948344,0.948344,0.903023,1432,0.946519,0.971836,0.971836,0.946535,1508,0.939547,0.968831,0.963824,0.939547,1411,0.938967,0.968523,0.964852,0.938967,0.821166,0.90137,0.829345,0.822739,0.902332,0.830986,0.783103,0.769477,0.843829,0.78117,0.768496,0.841046,0.576708,0.719655,0.578715,0.578264,0.721202,0.580255,0.6124,2.388335704,32.28876952,512,16,10356.30617,0.153336525,1.388335704,18.7694098
simvarmass_TMRL_f9a98ebb,140,136,1448,2959,0.140283,0.554698,3;6,137,0.978328,0.985507,0.981949,0.978571,137,0.992507,0.992701,0.989091,0.992754,181,0.76247,0.866044,0.866044,0.992857,165,0.812166,0.89701,0.89701,0.992647,0.84935,0.915385,0.864286,0.852233,0.916996,0.867647,0.76441,0.801444,0.814286,0.756598,0.795539,0.808824,0.888437,0.929368,0.892857,0.899284,0.934866,0.903704,0.521474,2.043508287,14.56704153,512,16,10356.30617,0.013518333,1.043508287,7.438594037
simvarmass_TMRL_f9aea244,2358,2232,1424,3122,0.171216,0.529405,3;6,2060,0.883031,0.932912,0.931643,0.884648,2060,0.918882,0.95271,0.951456,0.920565,15822,0.888089,0.940106,0.233773,0.901187,14670,0.887943,0.93985,0.237382,0.899148,0.762995,0.846953,0.799406,0.76922,0.850174,0.805917,0.68439,0.747696,0.722646,0.681459,0.748423,0.718708,0.654101,0.777472,0.658609,0.650858,0.776389,0.655296,0.608298,2.19241573,12.80496992,512,16,10356.30617,0.227687359,1.19241573,6.964394276
simvarmass_TMRL_fa2aaf75,2270,2149,1646,2917,0.179591,0.514796,3;6,1991,0.882891,0.929008,0.92889,0.885463,1991,0.920607,0.949772,0.949616,0.923289,16538,0.895596,0.942693,0.219162,0.90793,15374,0.894644,0.942579,0.22221,0.905581,0.763036,0.83737,0.807489,0.765786,0.838676,0.809302,0.630717,0.725783,0.663436,0.630524,0.727551,0.662947,0.650199,0.77325,0.651982,0.653167,0.776796,0.654867,0.591001,1.77217497,9.86783842,512,16,10356.30617,0.219190121,0.77217497,4.299630659
simvarmass_TMRL_faf6135e,2066,1948,1429,3347,0.151135,0.718927,3;6,1819,0.892387,0.937612,0.934878,0.893998,1819,0.933032,0.95979,0.957049,0.934717,1969,0.912845,0.952067,0.93482,0.912875,1844,0.91271,0.952432,0.937764,0.912731,0.802178,0.882619,0.826718,0.807261,0.884886,0.830682,0.656137,0.723585,0.699419,0.655466,0.726254,0.698307,0.53501,0.688179,0.536786,0.532351,0.686281,0.533951,0.600311,2.342197341,15.49738539,512,16,10356.30617,0.199491978,1.342197341,8.880784337
simvarmass_TMRL_fbfb73de,1239,1160,1529,3124,0.158123,0.50655,3;6,1095,0.888331,0.93881,0.938303,0.891041,1095,0.928029,0.960595,0.960105,0.93086,1193,0.923325,0.960134,0.940789,0.923325,1105,0.918103,0.957303,0.940397,0.918103,0.819717,0.899602,0.833737,0.823826,0.901979,0.837931,0.6799,0.737848,0.716707,0.681881,0.73969,0.718966,0.602822,0.740997,0.608555,0.603697,0.741561,0.609146,0.563743,2.043165468,12.92136797,512,16,10356.30617,0.119637251,1.043165468,6.597177309
simvarmass_TMRL_fc1513a8,1861,1765,1399,3065,0.149897,0.541252,3;6,1670,0.906524,0.944806,0.944208,0.909726,1670,0.939332,0.962514,0.961916,0.94265,1795,0.92177,0.955717,0.936543,0.922085,1694,0.923779,0.956932,0.940734,0.924079,0.771621,0.846741,0.810317,0.77322,0.848466,0.811898,0.740988,0.772752,0.788286,0.737128,0.772196,0.784136,0.65306,0.776396,0.656636,0.652824,0.776019,0.656268,0.602071,2.190850608,14.61570684,512,16,10356.30617,0.179697275,1.190850608,7.944459246
simvarmass_TMRL_fc5b60a0,227,211,1449,2944,0.198416,0.638804,3;6,200,0.880372,0.919811,0.913349,0.903084,200,0.916718,0.939759,0.933014,0.940367,260,0.915344,0.946882,0.845996,0.933921,233,0.913097,0.947631,0.86036,0.92891,0.630276,0.723077,0.770925,0.630977,0.723288,0.777251,0.760925,0.809639,0.797357,0.768916,0.825,0.796209,0.778911,0.860636,0.788546,0.766263,0.853403,0.77619,0.525318,2.031746032,10.23982961,512,16,10356.30617,0.021919012,1.031746032,5.199913473
simvarmass_TMRL_fc9ef2d1,1668,1586,1554,3473,0.138155,0.598843,3;6,1487,0.894366,0.942667,0.942631,0.895084,1487,0.930052,0.962173,0.962148,0.930798,1614,0.915462,0.955542,0.93053,0.915468,1521,0.912984,0.954171,0.932089,0.912989,0.792326,0.877888,0.811751,0.79655,0.880416,0.815889,0.752373,0.783082,0.78777,0.755684,0.786273,0.790668,0.594827,0.73486,0.597722,0.592978,0.733074,0.59596,0.591149,2.234877735,16.17659683,512,16,10356.30617,0.161061287,1.234877735,8.938349932
simvarmass_TMRL_fdb9a44a,1252,1188,1441,3477,0.176174,0.729903,3;6,1115,0.895205,0.940828,0.940431,0.896166,1115,0.931669,0.960725,0.960311,0.932668,1205,0.922488,0.958836,0.939357,0.922524,1135,0.92337,0.959264,0.943607,0.923401,0.830963,0.898828,0.845847,0.830336,0.898948,0.84596,0.627309,0.707368,0.670927,0.626177,0.70761,0.668629,0.508061,0.662532,0.511981,0.505304,0.661175,0.508446,0.562925,2.412907703,13.69616233,512,16,10356.30617,0.120892525,1.412907703,8.019955856
simvarmass_TMRL_fe259400,1383,1295,1388,2967,0.063204,0.545221,3;6,1246,0.903246,0.947249,0.946367,0.903832,1246,0.942074,0.968192,0.967341,0.942685,1300,0.921186,0.958976,0.949683,0.921186,1220,0.924324,0.960674,0.951889,0.924324,0.755596,0.857603,0.776573,0.76273,0.861907,0.784389,0.823085,0.80298,0.88214,0.8254,0.803657,0.886399,0.675177,0.791895,0.678236,0.670332,0.789617,0.673137,0.61901,2.137608069,33.82077193,512,16,10356.30617,0.133541822,1.137608069,17.9989885
simvarmass_TMRL_feb3ab2e,1258,1177,1655,3185,0.153511,0.535825,3;6,1150,0.914572,0.953411,0.952658,0.914944,1150,0.963594,0.979487,0.978669,0.963987,20867,0.941209,0.96987,0.107661,0.946741,19452,0.946538,0.972644,0.10858,0.950764,0.794097,0.881266,0.81558,0.801045,0.886088,0.821883,0.689875,0.744413,0.72814,0.689454,0.744876,0.725573,0.618847,0.756652,0.621622,0.619835,0.758299,0.622658,0.563027,1.924471299,12.53637393,512,16,10356.30617,0.121471882,0.924471299,6.022182769
simvarmass_TMRL_ff787d2e,2275,2158,1471,3419,0.148255,0.521034,3;6,2020,0.890975,0.940163,0.940163,0.891429,2020,0.921768,0.957099,0.957099,0.922237,2217,0.908132,0.951854,0.919858,0.908132,2077,0.905468,0.950389,0.922786,0.905468,0.793748,0.88441,0.807473,0.797948,0.886903,0.812326,0.687965,0.745755,0.723956,0.684354,0.744655,0.718258,0.601368,0.741664,0.604396,0.599401,0.740826,0.60232,0.605688,2.324269205,15.67750973,512,16,10356.30617,0.219672918,1.324269205,8.932374656
simvarmass_TMRL_ffeace8a,1248,1173,1538,3161,0.127901,0.5749,3;6,1104,0.896872,0.939086,0.937925,0.899038,1104,0.935084,0.959792,0.958714,0.937343,1195,0.930874,0.961395,0.949652,0.93109,1115,0.93074,0.961555,0.952797,0.930946,0.749129,0.834449,0.783654,0.752938,0.836967,0.786871,0.790113,0.798312,0.839744,0.791344,0.801265,0.836317,0.65478,0.772749,0.658654,0.646599,0.769781,0.649829,0.582931,2.05526658,16.06919868,512,16,10356.30617,0.120506287,1.05526658,8.250651519
