IMAGE	FPEAK_THVAL	FPEAK_SPOTCOUNT	FPEAK_FSCORE	P01_THVAL	P01_SPOTCOUNT	P01_FSCORE	P02_THVAL	P02_SPOTCOUNT	P02_FSCORE	P03_THVAL	P03_SPOTCOUNT	P03_FSCORE	P04_THVAL	P04_SPOTCOUNT	P04_FSCORE	P05_THVAL	P05_SPOTCOUNT	P05_FSCORE	P06_THVAL	P06_SPOTCOUNT	P06_FSCORE	P07_THVAL	P07_SPOTCOUNT	P07_FSCORE	P08_THVAL	P08_SPOTCOUNT	P08_FSCORE	P09_THVAL	P09_SPOTCOUNT	P09_FSCORE	P10_THVAL	P10_SPOTCOUNT	P10_FSCORE	P11_THVAL	P11_SPOTCOUNT	P11_FSCORE
mESC4d_Tsix-AF594	95	286	0.85413	342	58	0.85413	283	78	0.85413	193	137	0.85413	228	108	0.85413	75	336	0.85413	76	335	0.85413	65	380	0.85413	60	415	0.85413	66	375	0.85413	47	556	0.85413	28	2016	0.85413
mESC4d_Xist-CY5	72	297	0.83673	103	231	0.83673	79	278	0.83673	78	282	0.83673	77	283	0.83673	64	316	0.83673	64	316	0.83673	57	341	0.83673	54	357	0.83673	60	331	0.83673	43	431	0.83673	27	844	0.83673
scrna_E1R2I4_STL1	136	6113	0.88861	283	3624	0.88861	254	4237	0.88861	206	5174	0.88861	245	4434	0.88861	101	6315	0.88861	93	6356	0.88861	89	6377	0.88861	87	6391	0.88861	96	6338	0.88861	53	6826	0.88861	9	142065	0.88861
scrna_E1R2I4_CTT1	405	1132	0.93904	306	3943	0.93904	287	3975	0.93904	254	4021	0.93904	356	3869	0.93904	248	4031	0.93904	236	4049	0.93904	209	4119	0.93904	195	4169	0.93904	142	4727	0.93904	110	6388	0.93904	77	12590	0.93904
scrna_E2R1I2_STL1	193	3578	0.85701	242	11060	0.85701	219	12236	0.85701	181	13961	0.85701	159	14806	0.85701	118	16075	0.85701	113	16222	0.85701	109	16325	0.85701	106	16398	0.85701	113	16222	0.85701	74	17657	0.85701	36	27345	0.85701
scrna_E2R1I2_CTT1	291	3446	0.86829	489	6947	0.86829	426	9184	0.86829	317	13104	0.86829	79	25590	0.86829	194	15989	0.86829	184	16188	0.86829	164	16681	0.86829	152	17040	0.86829	152	17040	0.86829	117	18867	0.86829	82	24560	0.86829
scrna_E2R2I3_STL1	73	1060	0.92122	515	76	0.92122	408	160	0.92122	253	864	0.92122	569	64	0.92122	101	2770	0.92122	94	2841	0.92122	87	2908	0.92122	85	2916	0.92122	114	2625	0.92122	74	2985	0.92122	33	3548	0.92122
scrna_E2R2I3_CTT1	149	858	0.91456	315	1269	0.91456	258	1802	0.91456	213	2291	0.91456	176	2678	0.91456	120	3181	0.91456	115	3226	0.91456	113	3241	0.91456	113	3241	0.91456	117	3205	0.91456	79	3806	0.91456	41	9052	0.91456
scrna_E2R2I5_STL1	68	849	0.93383	970	32	0.93383	890	34	0.93383	822	38	0.93383	824	38	0.93383	103	2824	0.93383	101	2846	0.93383	84	2973	0.93383	81	2994	0.93383	87	2956	0.93383	42	3266	0.93383	0	NaN	NaN
scrna_E2R2I5_CTT1	112	492	0.90329	209	1863	0.90329	188	2056	0.90329	152	2345	0.90329	98	2739	0.90329	115	2593	0.90329	112	2618	0.90329	108	2646	0.90329	107	2655	0.90329	128	2505	0.90329	94	2786	0.90329	60	4009	0.90329
mESC_loday_D0I18_Xist	58	109	0.89593	546	0	0.89593	459	1	0.89593	400	2	0.89593	456	1	0.89593	58	109	0.89593	59	109	0.89593	55	115	0.89593	53	117	0.89593	52	118	0.89593	36	184	0.89593	21	3120	0.89593
mESC_loday_D0I18_Tsix	185	250	0.92184	395	99	0.92184	316	158	0.92184	237	217	0.92184	261	201	0.92184	129	326	0.92184	124	344	0.92184	111	392	0.92184	105	423	0.92184	85	680	0.92184	69	1337	0.92184	53	4116	0.92184
mESC_loday_D0I04_Xist	40	27	0.96154	224	5	0.96154	190	7	0.96154	133	13	0.96154	172	7	0.96154	49	26	0.96154	48	26	0.96154	47	26	0.96154	47	26	0.96154	58	23	0.96154	43	27	0.96154	28	269	0.96154
mESC_loday_D0I04_Tsix	NaN	NaN	NaN	424	109	NaN	374	129	NaN	284	180	NaN	349	140	NaN	114	411	NaN	114	411	NaN	104	464	NaN	100	485	NaN	77	765	NaN	61	1475	NaN	45	5076	NaN
mESC_loday_D0I29_Xist	NaN	NaN	NaN	412	1	NaN	393	1	NaN	380	2	NaN	390	1	NaN	58	195	NaN	57	197	NaN	53	217	NaN	52	226	NaN	61	182	NaN	41	307	NaN	22	2051	NaN
mESC_loday_D0I29_Tsix	93	305	0.90750	441	55	0.90750	376	66	0.90750	262	106	0.90750	319	83	0.90750	124	244	0.90750	124	244	0.90750	109	257	0.90750	103	269	0.90750	87	322	0.90750	67	514	0.90750	47	1991	0.90750
mESC_loday_D0I40_Xist	NaN	NaN	NaN	494	0	NaN	420	1	NaN	375	2	NaN	419	1	NaN	50	103	NaN	50	103	NaN	47	109	NaN	46	109	NaN	52	100	NaN	34	159	NaN	17	7023	NaN
mESC_loday_D0I40_Tsix	NaN	NaN	NaN	343	143	NaN	288	193	NaN	206	274	NaN	253	224	NaN	111	476	NaN	110	477	NaN	101	541	NaN	101	541	NaN	85	711	NaN	74	944	NaN	64	1312	NaN
mESC_loday_DHI07_Xist	41	52	0.83810	260	1	0.83810	237	1	0.83810	218	2	0.83810	234	1	0.83810	67	28	0.83810	65	29	0.83810	60	33	0.83810	58	35	0.83810	66	28	0.83810	44	45	0.83810	22	2122	0.83810
mESC_loday_DHI07_Tsix	174	196	0.87234	599	63	0.87234	542	65	0.87234	445	75	0.87234	388	84	0.87234	135	235	0.87234	133	240	0.87234	118	293	0.87234	111	321	0.87234	107	346	0.87234	86	604	0.87234	65	1564	0.87234
mESC_loday_DHI32_Xist	40	23	0.88462	271	0	0.88462	NaN	NaN	NaN	265	0	0.88462	NaN	NaN	NaN	53	21	0.88462	53	21	0.88462	51	21	0.88462	50	21	0.88462	70	17	0.88462	39	27	0.88462	8	100280	0.88462
mESC_loday_DHI32_Tsix	132	138	0.90347	391	51	0.90347	343	54	0.90347	259	75	0.90347	287	65	0.90347	119	146	0.90347	116	154	0.90347	100	182	0.90347	93	204	0.90347	88	224	0.90347	75	334	0.90347	62	607	0.90347
mESC_loday_D1I02_Xist	34	205	0.87918	375	1	0.87918	298	3	0.87918	230	5	0.87918	259	5	0.87918	61	115	0.87918	61	115	0.87918	47	169	0.87918	38	193	0.87918	35	205	0.87918	24	271	0.87918	12	3984	0.87918
mESC_loday_D1I02_Tsix	192	316	0.90407	366	128	0.90407	313	188	0.90407	231	273	0.90407	311	192	0.90407	115	487	0.90407	111	511	0.90407	97	608	0.90407	92	655	0.90407	94	639	0.90407	83	791	0.90407	71	1033	0.90407
mESC_loday_D1I15_Xist	67	278	0.88544	216	88	0.88544	175	120	0.88544	123	187	0.88544	181	118	0.88544	65	284	0.88544	65	284	0.88544	57	302	0.88544	52	333	0.88544	54	324	0.88544	37	425	0.88544	20	3394	0.88544
mESC_loday_D1I15_Tsix	NaN	NaN	NaN	405	130	NaN	359	153	NaN	280	210	NaN	336	168	NaN	113	518	NaN	109	545	NaN	99	628	NaN	96	653	NaN	87	798	NaN	73	1222	NaN	59	2289	NaN
mESC_loday_D1I32_Xist	NaN	NaN	NaN	517	0	NaN	463	1	NaN	422	2	NaN	460	1	NaN	38	293	NaN	38	293	NaN	37	297	NaN	37	297	NaN	40	287	NaN	28	346	NaN	17	1230	NaN
mESC_loday_D1I32_Tsix	181	359	0.89275	473	104	0.89275	404	120	0.89275	292	224	0.89275	405	120	0.89275	112	561	0.89275	113	557	0.89275	100	644	0.89275	94	718	0.89275	93	734	0.89275	82	904	0.89275	72	1218	0.89275
scprotein_Msb2_2M1m	NaN	NaN	NaN	562	0	NaN	495	6	NaN	409	21	NaN	493	6	NaN	123	809	NaN	123	809	NaN	114	950	NaN	111	998	NaN	88	1632	NaN	71	2704	NaN	54	5089	NaN
scprotein_Msb2_2M5m	NaN	NaN	NaN	137	1461	NaN	87	3969	NaN	85	4152	NaN	76	5265	NaN	138	1435	NaN	127	1718	NaN	115	2109	NaN	108	2436	NaN	76	5265	NaN	57	9002	NaN	37	15952	NaN
scprotein_Msb2_4M1m	139	544	0.84672	337	57	0.84672	265	127	0.84672	218	214	0.84672	243	160	0.84672	110	833	0.84672	108	854	0.84672	102	967	0.84672	99	1028	0.84672	97	1072	0.84672	81	1634	0.84672	66	2516	0.84672
scprotein_Msb2_4M5m	124	1003	0.82041	396	30	0.82041	329	59	0.82041	261	142	0.82041	217	249	0.82041	140	773	0.82041	137	809	0.82041	129	924	0.82041	127	959	0.82041	85	2425	0.82041	64	4549	0.82041	43	9822	0.82041
scprotein_Msb2_NoSalt	NaN	NaN	NaN	517	0	NaN	468	11	NaN	439	14	NaN	467	11	NaN	121	263	NaN	120	269	NaN	105	435	NaN	99	515	NaN	82	937	NaN	62	2111	NaN	41	5101	NaN
scprotein_Opy2_2M1m	NaN	NaN	NaN	552	0	NaN	486	4	NaN	435	6	NaN	474	5	NaN	114	334	NaN	112	348	NaN	105	417	NaN	104	430	NaN	97	520	NaN	84	797	NaN	72	1470	NaN
scprotein_Opy2_2M5m	NaN	NaN	NaN	315	13	NaN	NaN	NaN	NaN	269	20	NaN	NaN	NaN	NaN	118	157	NaN	113	181	NaN	105	228	NaN	102	265	NaN	93	358	NaN	72	915	NaN	51	2770	NaN
scprotein_Opy2_4M1m	103	303	0.82102	515	0	0.82102	475	3	0.82102	435	6	0.82102	434	6	0.82102	113	233	0.82102	109	256	0.82102	99	340	0.82102	96	368	0.82102	84	561	0.82102	67	1247	0.82102	50	3240	0.82102
scprotein_Opy2_4M5m	99	360	0.82008	466	3	0.82008	461	3	0.82008	456	4	0.82008	459	3	0.82008	109	282	0.82008	106	299	0.82008	92	457	0.82008	87	519	0.82008	81	657	0.82008	69	1054	0.82008	56	1984	0.82008
scprotein_Opy2_NoSalt	NaN	NaN	NaN	484	0	NaN	475	1	NaN	469	2	NaN	472	2	NaN	122	242	NaN	122	242	NaN	116	276	NaN	114	293	NaN	97	467	NaN	78	976	NaN	60	2454	NaN
histonesc_D0I1A_H3K36me3_Xist	NaN	NaN	NaN	0	NaN	NaN	0	NaN	NaN	0	NaN	NaN	0	NaN	NaN	69	4	NaN	68	4	NaN	63	4	NaN	61	4	NaN	82	4	NaN	56	7	NaN	29	1787	NaN
histonesc_D0I1A_H3K36me3_Tsix	NaN	NaN	NaN	1822	0	NaN	1603	142	NaN	1326	151	NaN	1298	152	NaN	289	545	NaN	278	569	NaN	210	846	NaN	182	1021	NaN	197	911	NaN	136	1602	NaN	75	4651	NaN
histonesc_D0I1A_H3K36me3_Histone	NaN	NaN	NaN	459	10	NaN	428	11	NaN	394	13	NaN	407	11	NaN	163	479	NaN	157	578	NaN	138	1058	NaN	129	1438	NaN	121	1967	NaN	104	3648	NaN	87	6898	NaN
histonesc_D0I1B_H3K36me3_Xist	NaN	NaN	NaN	342	2	NaN	296	2	NaN	261	3	NaN	294	2	NaN	72	11	NaN	69	12	NaN	64	17	NaN	63	19	NaN	59	23	NaN	52	41	NaN	44	94	NaN
histonesc_D0I1B_H3K36me3_Tsix	NaN	NaN	NaN	1888	162	NaN	1737	169	NaN	1500	177	NaN	1038	221	NaN	296	800	NaN	273	872	NaN	246	988	NaN	238	1035	NaN	282	844	NaN	207	1241	NaN	132	2445	NaN
histonesc_D0I1B_H3K36me3_Histone	91	2088	0.71868	148	1227	0.71868	91	8618	0.71868	101	6067	0.71868	82	11868	0.71868	175	509	0.71868	169	608	0.71868	156	923	0.71868	152	1080	0.71868	118	3306	0.71868	93	8042	0.71868	69	19109	0.71868
histonesc_D0I1C_H3K36me3_Xist	NaN	NaN	NaN	375	4	NaN	328	5	NaN	298	5	NaN	329	5	NaN	77	15	NaN	73	18	NaN	69	25	NaN	68	26	NaN	65	28	NaN	53	36	NaN	41	110	NaN
histonesc_D0I1C_H3K36me3_Tsix	1177	239	0.84274	1735	200	0.84274	1592	209	0.84274	1461	215	0.84274	946	268	0.84274	323	849	0.84274	304	901	0.84274	282	986	0.84274	272	1038	0.84274	277	1009	0.84274	209	1493	0.84274	141	2827	0.84274
histonesc_D0I1C_H3K36me3_Histone	NaN	NaN	NaN	444	1	NaN	441	1	NaN	440	1	NaN	440	1	NaN	153	147	NaN	149	176	NaN	132	350	NaN	127	431	NaN	116	686	NaN	103	1184	NaN	89	2264	NaN
histonesc_D0I2A_H3K36me3_Xist	NaN	NaN	NaN	535	0	NaN	454	1	NaN	399	2	NaN	451	1	NaN	63	13	NaN	62	13	NaN	60	13	NaN	60	13	NaN	67	12	NaN	49	25	NaN	31	1113	NaN
histonesc_D0I2A_H3K36me3_Tsix	NaN	NaN	NaN	1180	191	NaN	1110	200	NaN	983	210	NaN	824	237	NaN	296	712	NaN	275	783	NaN	242	941	NaN	231	1012	NaN	266	822	NaN	195	1283	NaN	124	2560	NaN
histonesc_D0I2A_H3K36me3_Histone	67	2809	0.73910	1152	2	0.73910	1147	2	0.73910	1138	2	0.73910	NaN	NaN	NaN	291	42	0.73910	277	51	0.73910	242	95	0.73910	230	121	0.73910	217	143	0.73910	183	306	0.73910	148	897	0.73910
histonesc_D0I2B_H3K36me3_Xist	NaN	NaN	NaN	466	0	NaN	462	0	NaN	458	0	NaN	459	0	NaN	74	24	NaN	74	24	NaN	61	37	NaN	60	37	NaN	58	38	NaN	50	56	NaN	42	148	NaN
histonesc_D0I2B_H3K36me3_Tsix	NaN	NaN	NaN	2052	151	NaN	1840	155	NaN	1659	165	NaN	1285	188	NaN	297	784	NaN	275	860	NaN	234	1038	NaN	217	1127	NaN	242	1006	NaN	168	1640	NaN	94	4239	NaN
histonesc_D0I2B_H3K36me3_Histone	NaN	NaN	NaN	304	22	NaN	217	148	NaN	138	1539	NaN	156	872	NaN	171	562	NaN	165	668	NaN	149	1084	NaN	144	1266	NaN	114	3544	NaN	95	6928	NaN	76	13964	NaN
histonesc_D0I2C_H3K36me3_Xist	NaN	NaN	NaN	215	3	NaN	NaN	NaN	NaN	181	5	NaN	NaN	NaN	NaN	71	10	NaN	68	10	NaN	61	12	NaN	59	15	NaN	61	12	NaN	44	48	NaN	28	1853	NaN
histonesc_D0I2C_H3K36me3_Tsix	NaN	NaN	NaN	1630	201	NaN	1467	218	NaN	1123	243	NaN	1056	261	NaN	313	845	NaN	292	902	NaN	255	1050	NaN	245	1103	NaN	237	1151	NaN	185	1625	NaN	133	2703	NaN
histonesc_D0I2C_H3K36me3_Histone	NaN	NaN	NaN	503	0	NaN	426	7	NaN	339	18	NaN	351	15	NaN	148	402	NaN	142	516	NaN	132	719	NaN	128	849	NaN	118	1238	NaN	98	2682	NaN	78	5997	NaN
histonesc_D0I3A_H3K36me3_Xist	NaN	NaN	NaN	0	NaN	NaN	0	NaN	NaN	0	NaN	NaN	0	NaN	NaN	79	12	NaN	79	12	NaN	66	14	NaN	60	21	NaN	99	10	NaN	12	164688	NaN	0	NaN	NaN
histonesc_D0I3A_H3K36me3_Tsix	844	242	0.79012	1345	188	0.79012	1196	195	0.79012	926	229	0.79012	922	230	0.79012	254	885	0.79012	239	962	0.79012	214	1108	0.79012	208	1154	0.79012	222	1060	0.79012	173	1511	0.79012	124	2530	0.79012
histonesc_D0I3A_H3K36me3_Histone	NaN	NaN	NaN	495	8	NaN	491	8	NaN	484	8	NaN	450	12	NaN	175	320	NaN	173	349	NaN	158	565	NaN	154	642	NaN	112	2644	NaN	89	6131	NaN	67	13943	NaN
histonesc_D0I3B_H3K36me3_Xist	54	47	0.72941	2	5071651	0.72941	1	5071651	0.72941	1	5071651	0.72941	1	5071651	0.72941	63	35	0.72941	62	35	0.72941	61	35	0.72941	61	35	0.72941	68	28	0.72941	44	122	0.72941	20	22086	0.72941
histonesc_D0I3B_H3K36me3_Tsix	NaN	NaN	NaN	760	271	NaN	603	334	NaN	452	437	NaN	1170	189	NaN	333	588	NaN	320	611	NaN	259	788	NaN	229	921	NaN	265	765	NaN	195	1165	NaN	125	2255	NaN
histonesc_D0I3B_H3K36me3_Histone	NaN	NaN	NaN	496	11	NaN	446	11	NaN	370	28	NaN	NaN	NaN	NaN	173	391	NaN	167	464	NaN	155	691	NaN	151	786	NaN	122	2145	NaN	99	4951	NaN	75	12029	NaN
histonesc_D0I3C_H3K36me3_Xist	106	6	0.66667	380	1	0.66667	378	1	0.66667	377	1	0.66667	377	1	0.66667	83	8	0.66667	80	10	0.66667	67	12	0.66667	61	13	0.66667	59	13	0.66667	47	30	0.66667	35	286	0.66667
histonesc_D0I3C_H3K36me3_Tsix	NaN	NaN	NaN	1674	180	NaN	1545	188	NaN	1322	201	NaN	1366	197	NaN	321	654	NaN	292	722	NaN	247	896	NaN	232	963	NaN	259	835	NaN	185	1294	NaN	112	2984	NaN
histonesc_D0I3C_H3K36me3_Histone	NaN	NaN	NaN	494	1	NaN	NaN	NaN	NaN	493	1	NaN	NaN	NaN	NaN	156	187	NaN	151	223	NaN	138	371	NaN	135	414	NaN	112	1073	NaN	99	1806	NaN	86	3051	NaN
histonesc_D2I1A_H3K36me3_Xist	NaN	NaN	NaN	529	0	NaN	497	21	NaN	391	28	NaN	496	21	NaN	61	184	NaN	60	189	NaN	56	202	NaN	55	203	NaN	61	184	NaN	46	247	NaN	32	585	NaN
histonesc_D2I1A_H3K36me3_Tsix	NaN	NaN	NaN	1145	136	NaN	1007	148	NaN	799	169	NaN	836	166	NaN	215	763	NaN	201	833	NaN	181	982	NaN	177	1017	NaN	183	972	NaN	131	1589	NaN	79	3756	NaN
histonesc_D2I1A_H3K36me3_Histone	85	1749	0.82024	395	0	0.82024	321	4	0.82024	229	49	0.82024	233	42	0.82024	167	383	0.82024	159	514	0.82024	142	961	0.82024	134	1275	0.82024	111	3137	0.82024	84	8523	0.82024	57	23959	0.82024
histonesc_D2I1B_H3K36me3_Xist	NaN	NaN	NaN	379	25	NaN	334	27	NaN	260	32	NaN	302	28	NaN	59	141	NaN	58	144	NaN	58	144	NaN	57	147	NaN	57	147	NaN	44	219	NaN	31	1034	NaN
histonesc_D2I1B_H3K36me3_Tsix	NaN	NaN	NaN	1234	110	NaN	1036	126	NaN	740	177	NaN	1164	114	NaN	274	474	NaN	258	506	NaN	243	535	NaN	240	540	NaN	264	490	NaN	178	803	NaN	92	2280	NaN
histonesc_D2I1B_H3K36me3_Histone	NaN	NaN	NaN	391	5	NaN	318	8	NaN	225	68	NaN	254	39	NaN	168	389	NaN	166	426	NaN	145	816	NaN	136	1100	NaN	114	2482	NaN	90	5849	NaN	66	14123	NaN
histonesc_D2I1C_H3K36me3_Xist	NaN	NaN	NaN	426	24	NaN	387	28	NaN	337	31	NaN	368	29	NaN	70	176	NaN	68	182	NaN	66	186	NaN	64	188	NaN	61	204	NaN	46	335	NaN	30	2020	NaN
histonesc_D2I1C_H3K36me3_Tsix	NaN	NaN	NaN	1588	136	NaN	1429	146	NaN	1287	152	NaN	1147	165	NaN	306	633	NaN	288	674	NaN	241	838	NaN	217	946	NaN	233	880	NaN	156	1444	NaN	79	4754	NaN
histonesc_D2I1C_H3K36me3_Histone	77	1637	0.77550	338	10	0.77550	NaN	NaN	NaN	293	14	0.77550	NaN	NaN	NaN	155	311	0.77550	149	394	0.77550	126	850	0.77550	116	1219	0.77550	105	1889	0.77550	83	4401	0.77550	62	10577	0.77550
histonesc_D2I2A_H3K36me3_Xist	68	105	0.86000	342	22	0.86000	313	22	0.86000	289	23	0.86000	312	22	0.86000	65	111	0.86000	64	113	0.86000	59	122	0.86000	57	131	0.86000	60	120	0.86000	42	213	0.86000	23	4552	0.86000
histonesc_D2I2A_H3K36me3_Tsix	NaN	NaN	NaN	1313	145	NaN	1197	150	NaN	983	180	NaN	950	185	NaN	332	500	NaN	316	526	NaN	270	618	NaN	256	656	NaN	259	648	NaN	198	915	NaN	137	1582	NaN
histonesc_D2I2A_H3K36me3_Histone	NaN	NaN	NaN	445	0	NaN	381	1	NaN	282	22	NaN	295	18	NaN	168	542	NaN	164	610	NaN	152	944	NaN	148	1065	NaN	125	2293	NaN	108	4151	NaN	91	7458	NaN
histonesc_D2I2B_H3K36me3_Xist	74	125	0.91200	481	18	0.91200	478	18	0.91200	472	20	0.91200	474	19	0.91200	75	125	0.91200	73	126	0.91200	67	135	0.91200	64	146	0.91200	60	160	0.91200	43	300	0.91200	26	3720	0.91200
histonesc_D2I2B_H3K36me3_Tsix	NaN	NaN	NaN	1776	129	NaN	1636	137	NaN	1391	154	NaN	1716	135	NaN	295	653	NaN	270	737	NaN	236	881	NaN	226	926	NaN	252	793	NaN	182	1204	NaN	111	2599	NaN
histonesc_D2I2B_H3K36me3_Histone	NaN	NaN	NaN	507	0	NaN	439	2	NaN	327	7	NaN	345	6	NaN	163	477	NaN	154	628	NaN	140	1017	NaN	134	1287	NaN	113	2736	NaN	99	4516	NaN	84	7622	NaN
histonesc_D2I2C_H3K36me3_Xist	NaN	NaN	NaN	227	49	NaN	184	55	NaN	129	81	NaN	156	65	NaN	84	114	NaN	80	122	NaN	68	141	NaN	62	151	NaN	51	195	NaN	38	487	NaN	24	8444	NaN
histonesc_D2I2C_H3K36me3_Tsix	610	330	0.72483	1707	153	0.72483	1463	169	0.72483	1041	209	0.72483	950	220	0.72483	258	799	0.72483	245	842	0.72483	215	972	0.72483	200	1086	0.72483	218	952	0.72483	156	1521	0.72483	93	3650	0.72483
histonesc_D2I2C_H3K36me3_Histone	NaN	NaN	NaN	418	2	NaN	417	2	NaN	414	2	NaN	414	2	NaN	141	381	NaN	137	457	NaN	130	596	NaN	129	617	NaN	110	1297	NaN	84	4069	NaN	58	13080	NaN
histonesc_D2I3A_H3K36me3_Xist	NaN	NaN	NaN	376	19	NaN	305	24	NaN	200	40	NaN	252	32	NaN	63	130	NaN	61	134	NaN	58	142	NaN	57	144	NaN	58	142	NaN	43	251	NaN	28	1568	NaN
histonesc_D2I3A_H3K36me3_Tsix	NaN	NaN	NaN	1416	131	NaN	1265	133	NaN	991	151	NaN	1120	143	NaN	269	612	NaN	246	657	NaN	202	842	NaN	187	950	NaN	205	825	NaN	145	1363	NaN	85	3417	NaN
histonesc_D2I3A_H3K36me3_Histone	NaN	NaN	NaN	146	1337	NaN	97	7202	NaN	107	5150	NaN	116	3772	NaN	181	469	NaN	177	532	NaN	161	851	NaN	159	897	NaN	124	2840	NaN	105	5511	NaN	87	9971	NaN
histonesc_D2I3B_H3K36me3_Xist	NaN	NaN	NaN	414	18	NaN	373	20	NaN	317	21	NaN	329	21	NaN	65	143	NaN	64	146	NaN	60	155	NaN	59	159	NaN	65	143	NaN	51	190	NaN	37	433	NaN
histonesc_D2I3B_H3K36me3_Tsix	NaN	NaN	NaN	1423	129	NaN	1273	142	NaN	1029	160	NaN	1015	160	NaN	232	838	NaN	218	877	NaN	191	1029	NaN	179	1111	NaN	192	1017	NaN	141	1560	NaN	90	3224	NaN
histonesc_D2I3B_H3K36me3_Histone	NaN	NaN	NaN	414	6	NaN	379	7	NaN	349	8	NaN	372	7	NaN	152	640	NaN	147	760	NaN	129	1444	NaN	123	1804	NaN	103	3793	NaN	88	6411	NaN	74	10642	NaN
histonesc_D2I3C_H3K36me3_Xist	NaN	NaN	NaN	461	27	NaN	415	29	NaN	350	38	NaN	379	33	NaN	86	192	NaN	85	194	NaN	77	209	NaN	75	218	NaN	66	254	NaN	49	382	NaN	31	1797	NaN
histonesc_D2I3C_H3K36me3_Tsix	709	277	0.76503	1697	128	0.76503	1551	132	0.76503	1346	145	0.76503	1117	162	0.76503	309	666	0.76503	289	716	0.76503	277	746	0.76503	276	752	0.76503	283	727	0.76503	211	1056	0.76503	138	1944	0.76503
histonesc_D2I3C_H3K36me3_Histone	NaN	NaN	NaN	496	2	NaN	491	2	NaN	482	2	NaN	483	2	NaN	145	365	NaN	139	458	NaN	122	885	NaN	116	1126	NaN	98	2261	NaN	82	4532	NaN	65	9727	NaN
ROI001_P01_XY1657818948_Z00_T0_GFP	NaN	NaN	NaN	395	33	NaN	319	70	NaN	211	211	NaN	274	111	NaN	110	801	NaN	104	892	NaN	87	1362	NaN	81	1594	NaN	75	1953	NaN	57	3368	NaN	38	7121	NaN
ROI001_P01_XY1657818948_Z00_T0_CY5	234	393	0.87705	113	577	0.87705	111	579	0.87705	109	581	0.87705	111	579	0.87705	110	580	0.87705	111	579	0.87705	109	581	0.87705	109	581	0.87705	105	589	0.87705	100	602	0.87705	95	625	0.87705
ROI001_P02_XY1657818949_Z00_T0_GFP	NaN	NaN	NaN	338	3	NaN	NaN	NaN	NaN	336	3	NaN	NaN	NaN	NaN	115	315	NaN	114	326	NaN	96	638	NaN	89	847	NaN	75	1381	NaN	58	2370	NaN	42	4790	NaN
ROI001_P02_XY1657818949_Z00_T0_CY5	NaN	NaN	NaN	1203	2	NaN	1199	2	NaN	1192	2	NaN	1179	2	NaN	191	353	NaN	183	371	NaN	164	400	NaN	159	415	NaN	218	312	NaN	127	478	NaN	37	77074	NaN
ROI001_P03_XY1657818950_Z00_T0_GFP	NaN	NaN	NaN	390	38	NaN	311	83	NaN	232	185	NaN	258	139	NaN	115	720	NaN	111	789	NaN	97	1076	NaN	92	1215	NaN	88	1358	NaN	71	2188	NaN	53	3723	NaN
ROI001_P03_XY1657818950_Z00_T0_CY5	301	270	0.85606	155	459	0.85606	146	467	0.85606	132	477	0.85606	135	475	0.85606	136	474	0.85606	131	478	0.85606	120	496	0.85606	114	510	0.85606	86	656	0.85606	71	1976	0.85606	56	11101	0.85606
ROI001_P04_XY1657818951_Z00_T0_GFP	146	473	0.78761	351	27	0.78761	NaN	NaN	NaN	292	54	0.78761	NaN	NaN	NaN	111	963	0.78761	106	1054	0.78761	95	1348	0.78761	91	1471	0.78761	85	1736	0.78761	63	3148	0.78761	41	6795	0.78761
ROI001_P04_XY1657818951_Z00_T0_CY5	NaN	NaN	NaN	139	272	NaN	117	304	NaN	96	387	NaN	87	525	NaN	130	281	NaN	128	287	NaN	116	305	NaN	110	319	NaN	102	347	NaN	90	456	NaN	77	1063	NaN
ROI001_P05_XY1657818952_Z00_T0_GFP	NaN	NaN	NaN	571	0	NaN	479	1	NaN	385	6	NaN	478	1	NaN	90	1301	NaN	91	1275	NaN	89	1315	NaN	88	1340	NaN	83	1439	NaN	64	1922	NaN	44	3269	NaN
ROI001_P05_XY1657818952_Z00_T0_CY5	NaN	NaN	NaN	416	25	NaN	388	41	NaN	276	154	NaN	454	18	NaN	115	614	NaN	115	614	NaN	112	620	NaN	111	622	NaN	108	632	NaN	98	701	NaN	88	844	NaN
ROI001_P06_XY1657818953_Z00_T0_GFP	NaN	NaN	NaN	244	313	NaN	204	476	NaN	153	751	NaN	161	710	NaN	97	1189	NaN	93	1238	NaN	82	1412	NaN	78	1504	NaN	62	2043	NaN	45	3433	NaN	28	11072	NaN
ROI001_P06_XY1657818953_Z00_T0_CY5	NaN	NaN	NaN	575	0	NaN	495	4	NaN	436	18	NaN	491	4	NaN	117	484	NaN	120	473	NaN	112	504	NaN	109	521	NaN	96	594	NaN	86	756	NaN	76	1291	NaN
ROI001_P07_XY1657818954_Z00_T0_GFP	209	1016	0.70073	343	282	0.70073	272	551	0.70073	167	1447	0.70073	226	860	0.70073	110	2286	0.70073	105	2381	0.70073	94	2718	0.70073	88	2914	0.70073	71	3769	0.70073	49	6258	0.70073	27	24543	0.70073
ROI001_P07_XY1657818954_Z00_T0_CY5	NaN	NaN	NaN	391	161	NaN	328	281	NaN	233	692	NaN	353	220	NaN	111	1636	NaN	129	1458	NaN	115	1596	NaN	107	1669	NaN	121	1535	NaN	100	1745	NaN	80	2375	NaN
ROI001_P08_XY1657818955_Z00_T0_GFP	NaN	NaN	NaN	294	246	NaN	242	400	NaN	203	577	NaN	242	400	NaN	107	1336	NaN	103	1403	NaN	85	1824	NaN	78	2032	NaN	75	2144	NaN	59	2848	NaN	42	4817	NaN
ROI001_P08_XY1657818955_Z00_T0_CY5	NaN	NaN	NaN	930	1	NaN	928	1	NaN	922	1	NaN	915	1	NaN	118	698	NaN	117	703	NaN	113	719	NaN	112	726	NaN	143	587	NaN	95	840	NaN	48	28484	NaN
ROI001_P09_XY1657818956_Z00_T0_GFP	NaN	NaN	NaN	145	1314	NaN	132	1483	NaN	119	1628	NaN	117	1652	NaN	97	1977	NaN	95	2012	NaN	87	2161	NaN	85	2224	NaN	85	2224	NaN	68	2813	NaN	52	4030	NaN
ROI001_P09_XY1657818956_Z00_T0_CY5	NaN	NaN	NaN	323	164	NaN	278	271	NaN	203	614	NaN	269	304	NaN	108	1371	NaN	125	1189	NaN	111	1342	NaN	103	1422	NaN	102	1434	NaN	93	1557	NaN	84	1813	NaN
ROI001_P10_XY1657818957_Z00_T0_GFP	NaN	NaN	NaN	420	99	NaN	348	191	NaN	237	478	NaN	279	328	NaN	121	1125	NaN	115	1191	NaN	95	1630	NaN	89	1797	NaN	77	2316	NaN	58	3543	NaN	39	6764	NaN
ROI001_P10_XY1657818957_Z00_T0_CY5	NaN	NaN	NaN	160	466	NaN	149	498	NaN	134	561	NaN	148	504	NaN	112	631	NaN	111	635	NaN	107	651	NaN	105	659	NaN	105	659	NaN	95	733	NaN	85	922	NaN
ROI001_P11_XY1657818958_Z00_T0_GFP	NaN	NaN	NaN	161	1860	NaN	148	2074	NaN	128	2352	NaN	130	2326	NaN	96	2851	NaN	96	2851	NaN	90	2949	NaN	88	2993	NaN	85	3056	NaN	71	3448	NaN	56	4192	NaN
ROI001_P11_XY1657818958_Z00_T0_CY5	NaN	NaN	NaN	359	143	NaN	307	278	NaN	212	765	NaN	251	507	NaN	108	1843	NaN	107	1853	NaN	102	1927	NaN	98	1982	NaN	78	2667	NaN	62	7355	NaN	46	36090	NaN
ROI001_P12_XY1657818959_Z00_T0_GFP	NaN	NaN	NaN	441	327	NaN	354	469	NaN	234	882	NaN	374	421	NaN	145	1625	NaN	140	1679	NaN	123	1885	NaN	114	2034	NaN	110	2111	NaN	88	2773	NaN	66	4056	NaN
ROI001_P12_XY1657818959_Z00_T0_CY5	NaN	NaN	NaN	168	685	NaN	156	787	NaN	137	946	NaN	151	827	NaN	132	981	NaN	155	792	NaN	115	1147	NaN	101	1322	NaN	105	1257	NaN	95	1414	NaN	84	1720	NaN
ROI001_XY1657822809_Z00_T0_GFP	NaN	NaN	NaN	316	0	NaN	291	0	NaN	260	0	NaN	269	0	NaN	108	122	NaN	106	135	NaN	94	194	NaN	91	219	NaN	91	219	NaN	61	823	NaN	31	4877	NaN
ROI001_XY1657822809_Z00_T0_CY5	NaN	NaN	NaN	425	0	NaN	418	0	NaN	412	0	NaN	409	0	NaN	147	79	NaN	146	79	NaN	132	99	NaN	126	110	NaN	119	131	NaN	100	318	NaN	81	1252	NaN
ROI002_XY1657822933_Z00_T0_GFP	NaN	NaN	NaN	292	0	NaN	277	0	NaN	253	0	NaN	255	0	NaN	83	658	NaN	83	658	NaN	70	1072	NaN	67	1184	NaN	69	1101	NaN	30	5804	NaN	0	NaN	NaN
ROI002_XY1657822933_Z00_T0_CY5	NaN	NaN	NaN	350	1	NaN	348	1	NaN	345	1	NaN	345	1	NaN	114	84	NaN	114	84	NaN	109	89	NaN	109	89	NaN	103	98	NaN	91	141	NaN	78	526	NaN
ROI003_XY1657822934_Z00_T0_GFP	NaN	NaN	NaN	423	1	NaN	NaN	NaN	NaN	421	1	NaN	NaN	NaN	NaN	102	153	NaN	103	148	NaN	90	272	NaN	87	317	NaN	67	750	NaN	47	1927	NaN	27	6683	NaN
ROI003_XY1657822934_Z00_T0_CY5	NaN	NaN	NaN	12	199505	NaN	10	199505	NaN	8	199505	NaN	8	199505	NaN	115	15	NaN	116	14	NaN	112	16	NaN	112	16	NaN	121	11	NaN	86	158	NaN	51	18797	NaN
ROI005_XY1657822936_Z00_T0_GFP	NaN	NaN	NaN	279	1	NaN	225	1	NaN	239	1	NaN	222	1	NaN	98	263	NaN	95	300	NaN	80	545	NaN	73	752	NaN	70	859	NaN	50	1930	NaN	31	5083	NaN
ROI005_XY1657822936_Z00_T0_CY5	NaN	NaN	NaN	418	1	NaN	416	1	NaN	413	1	NaN	413	1	NaN	119	116	NaN	118	118	NaN	115	126	NaN	114	129	NaN	115	126	NaN	105	174	NaN	94	302	NaN
ROI006_XY1657822937_Z00_T0_GFP	NaN	NaN	NaN	239	0	NaN	182	0	NaN	142	9	NaN	148	4	NaN	70	287	NaN	70	287	NaN	63	382	NaN	61	416	NaN	68	309	NaN	46	846	NaN	23	5970	NaN
ROI006_XY1657822937_Z00_T0_CY5	NaN	NaN	NaN	12	199208	NaN	10	199208	NaN	8	199208	NaN	8	199208	NaN	110	26	NaN	113	21	NaN	107	32	NaN	108	30	NaN	82	455	NaN	54	13793	NaN	26	150614	NaN
ROI007_XY1657822938_Z00_T0_GFP	NaN	NaN	NaN	273	0	NaN	205	0	NaN	187	0	NaN	171	0	NaN	75	20	NaN	80	14	NaN	73	27	NaN	71	29	NaN	44	1038	NaN	33	3388	NaN	21	17388	NaN
ROI007_XY1657822938_Z00_T0_CY5	NaN	NaN	NaN	207	2	NaN	NaN	NaN	NaN	201	2	NaN	NaN	NaN	NaN	129	14	NaN	127	15	NaN	123	15	NaN	123	15	NaN	102	40	NaN	88	162	NaN	73	1322	NaN
ROI008_XY1657822939_Z00_T0_GFP	NaN	NaN	NaN	165	1	NaN	NaN	NaN	NaN	160	2	NaN	NaN	NaN	NaN	70	379	NaN	70	379	NaN	58	740	NaN	55	841	NaN	69	409	NaN	31	2703	NaN	0	NaN	NaN
ROI008_XY1657822939_Z00_T0_CY5	NaN	NaN	NaN	178	2	NaN	NaN	NaN	NaN	171	3	NaN	NaN	NaN	NaN	114	12	NaN	115	12	NaN	114	12	NaN	115	12	NaN	107	14	NaN	74	856	NaN	40	59530	NaN
ROI009_XY1657822940_Z00_T0_GFP	NaN	NaN	NaN	282	0	NaN	260	0	NaN	221	0	NaN	228	0	NaN	77	231	NaN	76	242	NaN	61	462	NaN	55	576	NaN	60	479	NaN	34	1490	NaN	7	208564	NaN
ROI009_XY1657822940_Z00_T0_CY5	NaN	NaN	NaN	298	0	NaN	284	0	NaN	262	0	NaN	262	0	NaN	109	100	NaN	109	100	NaN	106	106	NaN	105	108	NaN	115	87	NaN	86	261	NaN	56	10178	NaN
ROI010_XY1657822941_Z00_T0_GFP	NaN	NaN	NaN	285	0	NaN	265	0	NaN	228	0	NaN	234	0	NaN	80	355	NaN	81	340	NaN	66	652	NaN	61	826	NaN	63	750	NaN	39	2227	NaN	14	72534	NaN
ROI010_XY1657822941_Z00_T0_CY5	NaN	NaN	NaN	331	0	NaN	306	0	NaN	269	0	NaN	285	0	NaN	110	73	NaN	109	74	NaN	109	74	NaN	111	68	NaN	110	73	NaN	79	529	NaN	49	24876	NaN
ROI011_XY1657822942_Z00_T0_GFP	NaN	NaN	NaN	265	0	NaN	244	0	NaN	206	0	NaN	212	0	NaN	71	77	NaN	71	77	NaN	58	271	NaN	53	435	NaN	57	306	NaN	39	1036	NaN	21	9403	NaN
ROI011_XY1657822942_Z00_T0_CY5	118	54	0.86000	507	0	0.86000	443	3	0.86000	399	7	0.86000	439	3	0.86000	111	61	0.86000	110	61	0.86000	107	63	0.86000	106	66	0.86000	106	66	0.86000	96	102	0.86000	86	223	0.86000
ROI012_XY1657822943_Z00_T0_GFP	52	259	0.69456	0	NaN	NaN	0	NaN	NaN	0	NaN	NaN	0	NaN	NaN	74	30	0.69456	73	34	0.69456	64	85	0.69456	61	115	0.69456	54	228	0.69456	39	737	0.69456	25	3338	0.69456
ROI012_XY1657822943_Z00_T0_CY5	NaN	NaN	NaN	12	198420	NaN	10	198420	NaN	8	198420	NaN	8	198420	NaN	99	30	NaN	105	14	NaN	98	32	NaN	99	30	NaN	56	10692	NaN	36	83176	NaN	15	198420	NaN
ROI013_XY1657822944_Z00_T0_GFP	NaN	NaN	NaN	261	0	NaN	208	0	NaN	149	8	NaN	157	6	NaN	86	152	NaN	80	204	NaN	67	407	NaN	62	509	NaN	69	354	NaN	38	1708	NaN	7	208592	NaN
ROI013_XY1657822944_Z00_T0_CY5	NaN	NaN	NaN	152	1	NaN	NaN	NaN	NaN	151	1	NaN	NaN	NaN	NaN	105	47	NaN	110	28	NaN	108	34	NaN	112	23	NaN	56	11753	NaN	40	61537	NaN	25	157996	NaN
ROI014_XY1657822945_Z00_T0_GFP	NaN	NaN	NaN	333	1	NaN	308	1	NaN	288	2	NaN	305	1	NaN	115	157	NaN	109	202	NaN	93	397	NaN	86	537	NaN	91	438	NaN	64	1364	NaN	37	4910	NaN
ROI014_XY1657822945_Z00_T0_CY5	NaN	NaN	NaN	392	9	NaN	314	24	NaN	251	61	NaN	234	74	NaN	130	152	NaN	130	152	NaN	124	167	NaN	121	175	NaN	111	235	NaN	94	524	NaN	78	1685	NaN
ROI016_XY1657822947_Z00_T0_GFP	NaN	NaN	NaN	341	0	NaN	318	0	NaN	285	0	NaN	297	0	NaN	102	355	NaN	97	427	NaN	79	824	NaN	71	1138	NaN	89	563	NaN	56	2018	NaN	24	13868	NaN
ROI016_XY1657822947_Z00_T0_CY5	NaN	NaN	NaN	540	0	NaN	468	2	NaN	413	4	NaN	465	2	NaN	126	114	NaN	126	114	NaN	120	127	NaN	118	141	NaN	106	200	NaN	99	275	NaN	91	484	NaN
ROI017_XY1657822948_Z00_T0_GFP	110	495	0.71642	246	8	0.71642	NaN	NaN	NaN	223	12	0.71642	NaN	NaN	NaN	104	605	0.71642	98	753	0.71642	80	1393	0.71642	72	1843	0.71642	66	2239	0.71642	46	4322	0.71642	26	14667	0.71642
ROI017_XY1657822948_Z00_T0_CY5	170	89	0.91398	396	9	0.91398	317	18	0.91398	248	41	0.91398	223	53	0.91398	132	146	0.91398	131	147	0.91398	124	166	0.91398	122	170	0.91398	125	166	0.91398	104	269	0.91398	83	1113	0.91398
ROI018_XY1657822949_Z00_T0_GFP	NaN	NaN	NaN	349	0	NaN	314	1	NaN	294	1	NaN	313	1	NaN	91	590	NaN	88	648	NaN	76	940	NaN	74	989	NaN	78	879	NaN	52	1871	NaN	26	8397	NaN
ROI018_XY1657822949_Z00_T0_CY5	NaN	NaN	NaN	482	1	NaN	480	1	NaN	477	1	NaN	477	1	NaN	123	171	NaN	126	167	NaN	118	183	NaN	113	193	NaN	109	207	NaN	94	359	NaN	79	1119	NaN
ROI001_XY1657814108_Z00_T0_GFP	NaN	NaN	NaN	1548	0	NaN	1320	8	NaN	920	23	NaN	1283	10	NaN	145	1995	NaN	136	2060	NaN	130	2111	NaN	129	2119	NaN	163	1860	NaN	110	2386	NaN	56	4774	NaN
ROI001_XY1657814108_Z00_T0_CY5	NaN	NaN	NaN	941	35	NaN	744	89	NaN	460	443	NaN	1220	16	NaN	130	1567	NaN	129	1570	NaN	124	1588	NaN	122	1592	NaN	164	1459	NaN	104	1660	NaN	44	38243	NaN
ROI002_XY1657815441_Z00_T0_GFP	1015	17	0.91892	1222	15	0.91892	1155	15	0.91892	1020	17	0.91892	921	19	0.91892	136	3310	0.91892	127	3452	0.91892	123	3534	0.91892	122	3546	0.91892	155	3022	0.91892	103	3979	0.91892	51	7660	0.91892
ROI002_XY1657815441_Z00_T0_CY5	914	53	0.75676	844	71	0.75676	645	174	0.75676	383	804	0.75676	1526	16	0.75676	169	2284	0.75676	170	2277	0.75676	124	2536	0.75676	122	2547	0.75676	171	2267	0.75676	95	2787	0.75676	19	164696	0.75676
ROI003_XY1657814110_Z00_T0_GFP	342	202	0.76139	125	1281	0.76139	78	1689	0.76139	81	1658	0.76139	60	2029	0.76139	103	1422	0.76139	101	1441	0.76139	94	1506	0.76139	94	1506	0.76139	112	1365	0.76139	79	1677	0.76139	46	2789	0.76139
ROI003_XY1657814110_Z00_T0_CY5	NaN	NaN	NaN	1640	6	NaN	1631	6	NaN	1619	6	NaN	913	11	NaN	157	942	NaN	152	952	NaN	140	982	NaN	132	995	NaN	164	928	NaN	110	1044	NaN	55	10260	NaN
ROI004_XY1657814111_Z00_T0_GFP	NaN	NaN	NaN	673	18	NaN	478	85	NaN	507	70	NaN	665	19	NaN	186	995	NaN	171	1106	NaN	164	1168	NaN	163	1177	NaN	195	942	NaN	147	1321	NaN	98	2387	NaN
ROI004_XY1657814111_Z00_T0_CY5	NaN	NaN	NaN	539	93	NaN	415	191	NaN	259	546	NaN	643	53	NaN	133	947	NaN	128	958	NaN	125	970	NaN	125	970	NaN	147	917	NaN	97	1078	NaN	48	24265	NaN
ROI005_XY1657814112_Z00_T0_GFP	NaN	NaN	NaN	1368	6	NaN	1178	6	NaN	1016	7	NaN	629	23	NaN	169	1533	NaN	156	1687	NaN	150	1769	NaN	149	1795	NaN	171	1511	NaN	119	2305	NaN	68	4262	NaN
ROI005_XY1657814112_Z00_T0_CY5	NaN	NaN	NaN	902	28	NaN	694	82	NaN	408	485	NaN	1198	9	NaN	164	1489	NaN	153	1549	NaN	131	1635	NaN	128	1647	NaN	154	1544	NaN	97	1853	NaN	41	51460	NaN
ROI006_XY1657814113_Z00_T0_GFP	NaN	NaN	NaN	886	4	NaN	NaN	NaN	NaN	880	4	NaN	NaN	NaN	NaN	219	613	NaN	216	620	NaN	176	778	NaN	157	886	NaN	219	613	NaN	132	1089	NaN	44	5971	NaN
ROI006_XY1657814113_Z00_T0_CY5	NaN	NaN	NaN	1305	4	NaN	1151	5	NaN	887	9	NaN	1116	5	NaN	132	724	NaN	129	730	NaN	124	742	NaN	122	748	NaN	167	653	NaN	104	804	NaN	41	50988	NaN
ROI007_XY1657814114_Z00_T0_GFP	NaN	NaN	NaN	1018	6	NaN	863	6	NaN	604	24	NaN	717	11	NaN	137	1545	NaN	128	1645	NaN	116	1773	NaN	112	1824	NaN	139	1529	NaN	98	2058	NaN	57	3351	NaN
ROI007_XY1657814114_Z00_T0_CY5	NaN	NaN	NaN	967	14	NaN	658	65	NaN	734	44	NaN	663	65	NaN	132	1251	NaN	130	1260	NaN	127	1267	NaN	126	1268	NaN	169	1158	NaN	106	1339	NaN	43	42694	NaN
ROI008_XY1657814115_Z00_T0_GFP	NaN	NaN	NaN	962	23	NaN	NaN	NaN	NaN	759	48	NaN	1503	11	NaN	163	2948	NaN	157	3042	NaN	150	3132	NaN	147	3179	NaN	175	2780	NaN	118	3692	NaN	62	6717	NaN
ROI008_XY1657814115_Z00_T0_CY5	NaN	NaN	NaN	1342	20	NaN	1055	31	NaN	627	191	NaN	1717	14	NaN	180	2115	NaN	173	2169	NaN	159	2257	NaN	154	2295	NaN	199	1965	NaN	123	2455	NaN	46	35518	NaN
ROI009_XY1657814116_Z00_T0_GFP	NaN	NaN	NaN	388	223	NaN	294	487	NaN	180	1122	NaN	58	3570	NaN	132	1464	NaN	124	1567	NaN	116	1680	NaN	115	1697	NaN	135	1434	NaN	97	2061	NaN	59	3510	NaN
ROI009_XY1657814116_Z00_T0_CY5	NaN	NaN	NaN	1128	10	NaN	938	25	NaN	611	146	NaN	1249	8	NaN	163	1057	NaN	156	1066	NaN	134	1098	NaN	129	1105	NaN	141	1082	NaN	97	1259	NaN	53	15537	NaN
ROI010_XY1657814117_Z00_T0_GFP	NaN	NaN	NaN	1319	4	NaN	1315	4	NaN	1307	4	NaN	1291	4	NaN	205	907	NaN	190	1037	NaN	174	1213	NaN	171	1245	NaN	210	863	NaN	138	1793	NaN	66	5358	NaN
ROI010_XY1657814117_Z00_T0_CY5	NaN	NaN	NaN	925	14	NaN	744	23	NaN	470	85	NaN	973	11	NaN	165	699	NaN	163	706	NaN	140	798	NaN	128	847	NaN	142	792	NaN	94	1027	NaN	46	31471	NaN
ROI011_XY1657814118_Z00_T0_GFP	NaN	NaN	NaN	945	5	NaN	792	7	NaN	652	15	NaN	749	7	NaN	168	1289	NaN	159	1374	NaN	137	1657	NaN	128	1762	NaN	160	1365	NaN	94	2545	NaN	28	22102	NaN
ROI011_XY1657814118_Z00_T0_CY5	NaN	NaN	NaN	546	51	NaN	445	116	NaN	306	369	NaN	489	71	NaN	127	1062	NaN	125	1077	NaN	120	1095	NaN	118	1103	NaN	165	912	NaN	98	1206	NaN	31	106221	NaN
ROI012_XY1657814119_Z00_T0_GFP	NaN	NaN	NaN	870	10	NaN	860	10	NaN	844	10	NaN	821	11	NaN	177	1986	NaN	158	2234	NaN	136	2623	NaN	126	2845	NaN	178	1978	NaN	90	3935	NaN	2	153760	NaN
ROI012_XY1657814119_Z00_T0_CY5	640	104	0.79630	1087	14	0.79630	888	31	0.79630	568	167	0.79630	1148	11	0.79630	167	1772	0.79630	161	1809	0.79630	148	1903	0.79630	141	1938	0.79630	197	1572	0.79630	115	2067	0.79630	33	95017	0.79630
histonesc_D0I1D_H3K4me2_Xist	NaN	NaN	NaN	385	1	NaN	383	1	NaN	380	1	NaN	380	1	NaN	66	12	NaN	64	12	NaN	61	13	NaN	60	13	NaN	64	12	NaN	53	25	NaN	42	103	NaN
histonesc_D0I1D_H3K4me2_Tsix	NaN	NaN	NaN	1984	172	NaN	1820	179	NaN	1559	199	NaN	1128	236	NaN	306	859	NaN	285	938	NaN	250	1100	NaN	239	1165	NaN	268	1006	NaN	201	1485	NaN	135	2734	NaN
histonesc_D0I1D_H3K4me2_Histone	NaN	NaN	NaN	147	4036	NaN	111	9639	NaN	104	11462	NaN	107	10622	NaN	178	1894	NaN	169	2342	NaN	147	4036	NaN	135	5397	NaN	119	7944	NaN	93	14883	NaN	66	28024	NaN
histonesc_D0I1E_H3K4me2_Xist	NaN	NaN	NaN	421	1	NaN	364	1	NaN	323	2	NaN	361	1	NaN	69	20	NaN	66	21	NaN	64	22	NaN	63	22	NaN	68	20	NaN	55	31	NaN	43	108	NaN
histonesc_D0I1E_H3K4me2_Tsix	NaN	NaN	NaN	2018	194	NaN	1817	200	NaN	1628	211	NaN	1101	261	NaN	282	996	NaN	269	1051	NaN	247	1172	NaN	241	1224	NaN	263	1079	NaN	195	1614	NaN	128	2960	NaN
histonesc_D0I1E_H3K4me2_Histone	96	1114	0.72977	512	0	0.72977	455	1	0.72977	419	2	0.72977	454	1	0.72977	189	716	0.72977	184	824	0.72977	163	1457	0.72977	157	1723	0.72977	123	4725	0.72977	98	9568	0.72977	73	19226	0.72977
histonesc_D0I2D_H3K4me2_Xist	NaN	NaN	NaN	161	8	NaN	139	8	NaN	107	9	NaN	90	10	NaN	98	9	NaN	102	9	NaN	81	10	NaN	71	15	NaN	58	16	NaN	43	67	NaN	28	2498	NaN
histonesc_D0I2D_H3K4me2_Tsix	NaN	NaN	NaN	2040	181	NaN	1847	186	NaN	1625	198	NaN	1411	208	NaN	362	651	NaN	344	697	NaN	290	852	NaN	268	932	NaN	280	890	NaN	195	1420	NaN	109	3514	NaN
histonesc_D0I2D_H3K4me2_Histone	NaN	NaN	NaN	283	104	NaN	NaN	NaN	NaN	225	392	NaN	NaN	NaN	NaN	166	1997	NaN	154	2686	NaN	117	6756	NaN	100	10421	NaN	94	12122	NaN	69	22287	NaN	45	40144	NaN
histonesc_D0I2E_H3K4me2_Xist	NaN	NaN	NaN	138	8	NaN	136	8	NaN	132	8	NaN	155	7	NaN	72	15	NaN	69	17	NaN	65	21	NaN	64	23	NaN	77	14	NaN	42	167	NaN	6	2340786	NaN
histonesc_D0I2E_H3K4me2_Tsix	NaN	NaN	NaN	1553	178	NaN	1356	191	NaN	833	286	NaN	1147	215	NaN	309	824	NaN	287	895	NaN	250	1055	NaN	233	1181	NaN	257	1020	NaN	200	1433	NaN	143	2405	NaN
histonesc_D0I2E_H3K4me2_Histone	NaN	NaN	NaN	558	0	NaN	480	2	NaN	394	7	NaN	477	2	NaN	205	685	NaN	196	898	NaN	162	2216	NaN	149	3173	NaN	109	8951	NaN	85	16394	NaN	61	29811	NaN
histonesc_D2I1D_H3K4me2_Xist	NaN	NaN	NaN	443	17	NaN	399	20	NaN	342	23	NaN	367	21	NaN	68	143	NaN	67	144	NaN	63	151	NaN	62	155	NaN	67	144	NaN	51	198	NaN	35	668	NaN
histonesc_D2I1D_H3K4me2_Tsix	NaN	NaN	NaN	1294	121	NaN	1151	133	NaN	964	152	NaN	1100	134	NaN	265	620	NaN	255	659	NaN	219	793	NaN	206	854	NaN	236	719	NaN	162	1205	NaN	88	2994	NaN
histonesc_D2I1D_H3K4me2_Histone	NaN	NaN	NaN	343	20	NaN	275	85	NaN	178	1100	NaN	242	193	NaN	159	1754	NaN	149	2266	NaN	132	3522	NaN	126	4078	NaN	112	5849	NaN	86	11564	NaN	60	22117	NaN
histonesc_D2I1E_H3K4me2_Xist	NaN	NaN	NaN	549	0	NaN	496	19	NaN	455	22	NaN	494	19	NaN	80	128	NaN	78	128	NaN	68	141	NaN	64	152	NaN	68	141	NaN	50	217	NaN	33	1064	NaN
histonesc_D2I1E_H3K4me2_Tsix	781	254	0.78293	2211	129	0.78293	1957	141	0.78293	1780	147	0.78293	1802	147	0.78293	330	623	0.78293	310	675	0.78293	243	914	0.78293	230	1012	0.78293	270	792	0.78293	182	1361	0.78293	94	3869	0.78293
histonesc_D2I1E_H3K4me2_Histone	NaN	NaN	NaN	147	2422	NaN	101	8189	NaN	107	7009	NaN	96	9330	NaN	183	933	NaN	176	1126	NaN	146	2489	NaN	135	3315	NaN	120	4988	NaN	92	10348	NaN	64	21218	NaN
histonesc_D2I2D_H3K4me2_Xist	91	142	0.83636	367	27	0.83636	323	31	0.83636	293	33	0.83636	335	30	0.83636	91	142	0.83636	84	154	0.83636	70	181	0.83636	61	210	0.83636	53	246	0.83636	32	1097	0.83636	11	195510	0.83636
histonesc_D2I2D_H3K4me2_Tsix	NaN	NaN	NaN	1837	119	NaN	1703	125	NaN	1430	133	NaN	1158	143	NaN	279	629	NaN	262	679	NaN	244	734	NaN	241	747	NaN	252	712	NaN	189	1025	NaN	127	1711	NaN
histonesc_D2I2D_H3K4me2_Histone	99	1496	0.83168	473	1	0.83168	411	3	0.83168	281	69	0.83168	325	22	0.83168	166	1581	0.83168	155	2071	0.83168	134	3543	0.83168	127	4227	0.83168	105	7324	0.83168	85	12047	0.83168	65	19588	0.83168
histonesc_D2I2E_H3K4me2_Xist	NaN	NaN	NaN	465	26	NaN	424	31	NaN	360	35	NaN	408	32	NaN	66	181	NaN	65	182	NaN	60	197	NaN	59	203	NaN	63	192	NaN	51	240	NaN	39	474	NaN
histonesc_D2I2E_H3K4me2_Tsix	NaN	NaN	NaN	1830	0	NaN	1602	133	NaN	1405	143	NaN	1112	166	NaN	265	613	NaN	256	646	NaN	195	911	NaN	188	960	NaN	221	778	NaN	167	1133	NaN	113	2130	NaN
histonesc_D2I2E_H3K4me2_Histone	NaN	NaN	NaN	544	0	NaN	472	2	NaN	345	22	NaN	370	11	NaN	170	1313	NaN	159	1717	NaN	135	3250	NaN	126	4103	NaN	103	7433	NaN	75	15199	NaN	46	32858	NaN
histonesc_D2I3D_H3K4me2_Xist	90	135	0.82203	441	14	0.82203	357	18	0.82203	227	40	0.82203	290	32	0.82203	67	153	0.82203	65	157	0.82203	60	174	0.82203	59	175	0.82203	60	174	0.82203	45	249	0.82203	31	937	0.82203
histonesc_D2I3D_H3K4me2_Tsix	NaN	NaN	NaN	1521	119	NaN	1385	124	NaN	1206	133	NaN	1215	133	NaN	237	657	NaN	228	683	NaN	195	825	NaN	189	855	NaN	191	847	NaN	138	1379	NaN	84	3052	NaN
histonesc_D2I3D_H3K4me2_Histone	NaN	NaN	NaN	474	1	NaN	402	2	NaN	274	95	NaN	300	52	NaN	168	1389	NaN	157	1832	NaN	129	3651	NaN	114	5334	NaN	106	6485	NaN	88	10213	NaN	69	16528	NaN
histonesc_D2I3E_H3K4me2_Xist	NaN	NaN	NaN	383	24	NaN	353	26	NaN	328	27	NaN	345	27	NaN	87	144	NaN	87	144	NaN	80	150	NaN	77	153	NaN	76	153	NaN	60	201	NaN	43	354	NaN
histonesc_D2I3E_H3K4me2_Tsix	NaN	NaN	NaN	1769	123	NaN	1631	132	NaN	1389	140	NaN	994	162	NaN	290	583	NaN	284	601	NaN	284	601	NaN	291	578	NaN	211	867	NaN	144	1473	NaN	77	4534	NaN
histonesc_D2I3E_H3K4me2_Histone	NaN	NaN	NaN	129	3574	NaN	91	10274	NaN	96	8897	NaN	109	6210	NaN	170	1134	NaN	158	1572	NaN	130	3466	NaN	117	4991	NaN	117	4991	NaN	94	9421	NaN	71	17504	NaN
sctc_E1R1_0m_I1_STL1	NaN	NaN	NaN	132	420	NaN	123	422	NaN	108	431	NaN	113	424	NaN	93	448	NaN	94	443	NaN	81	472	NaN	74	488	NaN	54	583	NaN	42	846	NaN	29	3215	NaN
sctc_E1R1_0m_I1_CTT1	NaN	NaN	NaN	380	0	NaN	341	0	NaN	311	1	NaN	331	1	NaN	127	301	NaN	128	297	NaN	126	310	NaN	126	310	NaN	111	455	NaN	83	1436	NaN	55	7871	NaN
sctc_E1R1_0m_I2_STL1	NaN	NaN	NaN	324	82	NaN	271	117	NaN	182	158	NaN	233	134	NaN	87	194	NaN	83	196	NaN	77	197	NaN	74	197	NaN	69	201	NaN	57	228	NaN	45	374	NaN
sctc_E1R1_0m_I2_CTT1	NaN	NaN	NaN	366	2	NaN	NaN	NaN	NaN	364	2	NaN	363	2	NaN	121	485	NaN	120	494	NaN	113	595	NaN	111	635	NaN	112	611	NaN	92	1230	NaN	73	2978	NaN
sctc_E1R1_0m_I3_STL1	NaN	NaN	NaN	139	291	NaN	128	294	NaN	117	306	NaN	121	301	NaN	76	367	NaN	75	371	NaN	75	371	NaN	76	367	NaN	59	412	NaN	46	650	NaN	32	3017	NaN
sctc_E1R1_0m_I3_CTT1	NaN	NaN	NaN	485	0	NaN	428	0	NaN	387	2	NaN	419	1	NaN	141	500	NaN	136	557	NaN	127	700	NaN	123	777	NaN	108	1165	NaN	92	2090	NaN	77	4071	NaN
sctc_E1R1_0m_I4_STL1	NaN	NaN	NaN	169	229	NaN	135	245	NaN	91	270	NaN	121	255	NaN	69	284	NaN	67	287	NaN	66	289	NaN	65	291	NaN	52	334	NaN	38	1051	NaN	24	9251	NaN
sctc_E1R1_0m_I4_CTT1	NaN	NaN	NaN	339	1	NaN	NaN	NaN	NaN	337	1	NaN	NaN	NaN	NaN	149	338	NaN	147	349	NaN	137	446	NaN	133	486	NaN	124	595	NaN	105	1032	NaN	85	2282	NaN
sctc_E1R1_10m_I1_STL1	NaN	NaN	NaN	179	4022	NaN	140	4068	NaN	113	4102	NaN	105	4112	NaN	90	4136	NaN	88	4139	NaN	85	4148	NaN	84	4152	NaN	79	4172	NaN	70	4220	NaN	60	4348	NaN
sctc_E1R1_10m_I1_CTT1	NaN	NaN	NaN	423	3938	NaN	343	4186	NaN	234	4388	NaN	439	3876	NaN	194	4452	NaN	188	4465	NaN	179	4485	NaN	175	4494	NaN	170	4515	NaN	149	4620	NaN	127	4859	NaN
sctc_E1R1_10m_I2_STL1	NaN	NaN	NaN	133	3019	NaN	117	3047	NaN	90	3078	NaN	91	3076	NaN	88	3079	NaN	86	3081	NaN	76	3096	NaN	73	3103	NaN	66	3126	NaN	58	3170	NaN	49	3279	NaN
sctc_E1R1_10m_I2_CTT1	NaN	NaN	NaN	170	3142	NaN	158	3178	NaN	149	3213	NaN	214	3068	NaN	147	3220	NaN	142	3242	NaN	133	3289	NaN	130	3305	NaN	108	3556	NaN	88	4213	NaN	68	6165	NaN
sctc_E1R1_10m_I3_STL1	NaN	NaN	NaN	131	3481	NaN	115	3503	NaN	97	3522	NaN	93	3526	NaN	89	3534	NaN	81	3547	NaN	76	3559	NaN	72	3574	NaN	44	4030	NaN	31	5823	NaN	19	15340	NaN
sctc_E1R1_10m_I3_CTT1	NaN	NaN	NaN	186	3699	NaN	180	3712	NaN	170	3740	NaN	274	3552	NaN	167	3747	NaN	163	3752	NaN	157	3770	NaN	155	3781	NaN	140	3856	NaN	116	4136	NaN	92	4905	NaN
sctc_E1R1_10m_I4_STL1	NaN	NaN	NaN	110	3971	NaN	102	3982	NaN	87	4012	NaN	87	4012	NaN	86	4012	NaN	83	4020	NaN	78	4031	NaN	76	4036	NaN	69	4070	NaN	60	4158	NaN	52	4275	NaN
sctc_E1R1_10m_I4_CTT1	NaN	NaN	NaN	265	4738	NaN	237	4807	NaN	194	4915	NaN	189	4925	NaN	199	4901	NaN	192	4921	NaN	176	4969	NaN	170	4991	NaN	149	5123	NaN	129	5324	NaN	109	5753	NaN
sctc_E1R1_15m_I1_STL1	NaN	NaN	NaN	151	4402	NaN	129	4434	NaN	105	4470	NaN	92	4491	NaN	95	4488	NaN	93	4490	NaN	82	4525	NaN	77	4552	NaN	73	4570	NaN	62	4674	NaN	50	4995	NaN
sctc_E1R1_15m_I1_CTT1	NaN	NaN	NaN	196	5038	NaN	188	5062	NaN	180	5086	NaN	223	4976	NaN	208	5005	NaN	210	5004	NaN	180	5086	NaN	162	5153	NaN	158	5184	NaN	136	5374	NaN	113	5925	NaN
sctc_E1R1_15m_I2_STL1	NaN	NaN	NaN	242	5991	NaN	216	6359	NaN	169	6888	NaN	133	7160	NaN	87	7387	NaN	85	7400	NaN	80	7442	NaN	77	7471	NaN	82	7429	NaN	69	7557	NaN	56	7822	NaN
sctc_E1R1_15m_I2_CTT1	NaN	NaN	NaN	564	4005	NaN	447	4943	NaN	282	5660	NaN	596	3720	NaN	210	5888	NaN	199	5930	NaN	176	6034	NaN	163	6106	NaN	145	6254	NaN	127	6520	NaN	108	7250	NaN
sctc_E1R1_15m_I3_STL1	NaN	NaN	NaN	131	6543	NaN	120	6583	NaN	101	6612	NaN	102	6612	NaN	115	6591	NaN	109	6600	NaN	94	6624	NaN	86	6645	NaN	70	6751	NaN	47	7414	NaN	24	17074	NaN
sctc_E1R1_15m_I3_CTT1	NaN	NaN	NaN	389	5112	NaN	316	5424	NaN	232	5676	NaN	330	5381	NaN	189	5809	NaN	181	5834	NaN	171	5877	NaN	168	5892	NaN	138	6124	NaN	115	6597	NaN	91	8025	NaN
sctc_E1R1_15m_I4_STL1	NaN	NaN	NaN	101	7129	NaN	96	7142	NaN	90	7159	NaN	94	7150	NaN	95	7143	NaN	92	7157	NaN	85	7184	NaN	81	7201	NaN	75	7242	NaN	58	7493	NaN	41	8745	NaN
sctc_E1R1_15m_I4_CTT1	NaN	NaN	NaN	182	6800	NaN	175	6830	NaN	168	6864	NaN	193	6752	NaN	192	6756	NaN	194	6749	NaN	169	6860	NaN	156	6936	NaN	144	7048	NaN	125	7345	NaN	106	8030	NaN
sctc_E1R1_1m_I1_STL1	NaN	NaN	NaN	496	6	NaN	435	16	NaN	322	60	NaN	402	28	NaN	73	164	NaN	72	164	NaN	70	165	NaN	70	165	NaN	72	164	NaN	64	172	NaN	56	201	NaN
sctc_E1R1_1m_I1_CTT1	NaN	NaN	NaN	275	1	NaN	267	2	NaN	262	2	NaN	269	2	NaN	126	153	NaN	125	160	NaN	122	179	NaN	122	179	NaN	117	210	NaN	96	585	NaN	74	2236	NaN
sctc_E1R1_1m_I2_STL1	NaN	NaN	NaN	524	0	NaN	445	14	NaN	364	34	NaN	443	15	NaN	77	92	NaN	74	93	NaN	68	97	NaN	66	98	NaN	59	109	NaN	52	141	NaN	45	234	NaN
sctc_E1R1_1m_I2_CTT1	NaN	NaN	NaN	329	1	NaN	289	1	NaN	294	1	NaN	286	1	NaN	124	124	NaN	122	131	NaN	118	156	NaN	118	156	NaN	107	259	NaN	90	643	NaN	73	1712	NaN
sctc_E1R1_1m_I3_STL1	NaN	NaN	NaN	149	264	NaN	136	275	NaN	103	305	NaN	95	314	NaN	80	331	NaN	81	329	NaN	77	334	NaN	74	336	NaN	67	349	NaN	51	450	NaN	35	2035	NaN
sctc_E1R1_1m_I3_CTT1	NaN	NaN	NaN	321	1	NaN	317	1	NaN	312	1	NaN	315	1	NaN	148	137	NaN	148	137	NaN	143	163	NaN	143	163	NaN	118	440	NaN	97	1146	NaN	76	3899	NaN
sctc_E1R1_1m_I4_STL1	NaN	NaN	NaN	515	0	NaN	447	11	NaN	323	39	NaN	408	17	NaN	76	113	NaN	74	114	NaN	69	119	NaN	68	119	NaN	65	127	NaN	56	157	NaN	47	278	NaN
sctc_E1R1_1m_I4_CTT1	NaN	NaN	NaN	285	1	NaN	283	1	NaN	280	1	NaN	280	1	NaN	129	108	NaN	129	108	NaN	120	162	NaN	118	173	NaN	112	230	NaN	87	863	NaN	63	3984	NaN
sctc_E1R1_20m_I1_STL1	NaN	NaN	NaN	301	8798	NaN	247	9864	NaN	165	10713	NaN	99	11024	NaN	116	10941	NaN	116	10941	NaN	110	10979	NaN	107	11000	NaN	91	11061	NaN	71	11269	NaN	51	12164	NaN
sctc_E1R1_20m_I1_CTT1	NaN	NaN	NaN	218	4062	NaN	204	4108	NaN	188	4175	NaN	239	4004	NaN	178	4227	NaN	176	4234	NaN	170	4278	NaN	168	4289	NaN	153	4422	NaN	135	4728	NaN	116	5538	NaN
sctc_E1R1_20m_I2_STL1	NaN	NaN	NaN	220	7316	NaN	195	8108	NaN	150	9358	NaN	160	9116	NaN	89	10263	NaN	89	10263	NaN	84	10329	NaN	81	10372	NaN	72	10468	NaN	57	10727	NaN	42	11563	NaN
sctc_E1R1_20m_I2_CTT1	NaN	NaN	NaN	210	3969	NaN	193	4028	NaN	186	4072	NaN	186	4072	NaN	168	4186	NaN	166	4201	NaN	155	4299	NaN	152	4326	NaN	136	4583	NaN	120	5117	NaN	104	6172	NaN
sctc_E1R1_20m_I3_STL1	NaN	NaN	NaN	288	7432	NaN	236	8169	NaN	161	8625	NaN	128	8750	NaN	114	8791	NaN	102	8834	NaN	94	8858	NaN	87	8899	NaN	52	9721	NaN	32	14986	NaN	13	86640	NaN
sctc_E1R1_20m_I3_CTT1	NaN	NaN	NaN	197	3179	NaN	183	3249	NaN	172	3306	NaN	211	3139	NaN	168	3328	NaN	164	3355	NaN	151	3450	NaN	143	3536	NaN	137	3648	NaN	119	4169	NaN	100	5599	NaN
sctc_E1R1_20m_I4_STL1	NaN	NaN	NaN	140	9229	NaN	114	9336	NaN	97	9402	NaN	91	9444	NaN	90	9449	NaN	86	9467	NaN	83	9483	NaN	80	9503	NaN	58	9849	NaN	42	11333	NaN	26	20697	NaN
sctc_E1R1_20m_I4_CTT1	NaN	NaN	NaN	206	4383	NaN	193	4434	NaN	178	4512	NaN	163	4599	NaN	168	4564	NaN	166	4575	NaN	161	4616	NaN	160	4622	NaN	145	4760	NaN	128	5038	NaN	110	5729	NaN
sctc_E1R1_25m_I1_STL1	NaN	NaN	NaN	87	3917	NaN	81	3944	NaN	76	3968	NaN	77	3964	NaN	75	3972	NaN	74	3975	NaN	71	3991	NaN	70	3996	NaN	72	3986	NaN	65	4029	NaN	58	4098	NaN
sctc_E1R1_25m_I1_CTT1	NaN	NaN	NaN	431	261	NaN	385	308	NaN	292	383	NaN	377	316	NaN	152	526	NaN	143	565	NaN	132	646	NaN	127	694	NaN	107	1053	NaN	86	2230	NaN	64	6099	NaN
sctc_E1R1_25m_I2_STL1	NaN	NaN	NaN	101	3185	NaN	89	3209	NaN	77	3238	NaN	78	3232	NaN	78	3232	NaN	75	3244	NaN	72	3250	NaN	70	3255	NaN	47	3458	NaN	33	4370	NaN	19	11540	NaN
sctc_E1R1_25m_I2_CTT1	NaN	NaN	NaN	381	208	NaN	354	230	NaN	324	252	NaN	347	239	NaN	150	408	NaN	149	412	NaN	136	479	NaN	132	505	NaN	102	1079	NaN	94	1439	NaN	86	1991	NaN
sctc_E1R1_25m_I3_STL1	NaN	NaN	NaN	76	2897	NaN	72	2909	NaN	67	2927	NaN	90	2857	NaN	70	2914	NaN	70	2914	NaN	65	2932	NaN	62	2947	NaN	66	2927	NaN	58	2963	NaN	50	3039	NaN
sctc_E1R1_25m_I3_CTT1	NaN	NaN	NaN	303	214	NaN	263	226	NaN	208	244	NaN	227	237	NaN	133	413	NaN	129	435	NaN	118	529	NaN	114	577	NaN	98	986	NaN	78	2255	NaN	57	6141	NaN
sctc_E1R1_25m_I4_STL1	NaN	NaN	NaN	92	3110	NaN	76	3150	NaN	73	3159	NaN	76	3150	NaN	72	3160	NaN	70	3169	NaN	68	3174	NaN	66	3182	NaN	61	3204	NaN	48	3320	NaN	36	3827	NaN
sctc_E1R1_25m_I4_CTT1	NaN	NaN	NaN	356	221	NaN	307	262	NaN	235	290	NaN	258	279	NaN	148	399	NaN	145	406	NaN	137	443	NaN	134	462	NaN	100	1081	NaN	90	1648	NaN	79	2693	NaN
sctc_E1R1_2m_I1_STL1	NaN	NaN	NaN	415	5	NaN	355	9	NaN	295	20	NaN	296	20	NaN	65	80	NaN	65	80	NaN	64	82	NaN	64	82	NaN	66	80	NaN	48	115	NaN	29	1102	NaN
sctc_E1R1_2m_I1_CTT1	NaN	NaN	NaN	319	0	NaN	276	0	NaN	222	2	NaN	223	1	NaN	113	118	NaN	109	135	NaN	105	153	NaN	103	167	NaN	97	216	NaN	66	1303	NaN	36	11170	NaN
sctc_E1R1_2m_I2_STL1	NaN	NaN	NaN	472	3	NaN	434	5	NaN	291	30	NaN	450	4	NaN	77	77	NaN	76	78	NaN	70	79	NaN	68	79	NaN	60	84	NaN	47	124	NaN	35	513	NaN
sctc_E1R1_2m_I2_CTT1	NaN	NaN	NaN	6	1442983	NaN	5	1442983	NaN	4	1442983	NaN	4	1442983	NaN	112	99	NaN	109	114	NaN	98	198	NaN	93	255	NaN	97	209	NaN	72	894	NaN	47	5052	NaN
sctc_E1R1_2m_I3_STL1	NaN	NaN	NaN	170	152	NaN	137	159	NaN	91	162	NaN	118	161	NaN	70	166	NaN	70	166	NaN	68	166	NaN	67	166	NaN	63	168	NaN	48	208	NaN	33	658	NaN
sctc_E1R1_2m_I3_CTT1	NaN	NaN	NaN	310	0	NaN	264	0	NaN	250	0	NaN	239	0	NaN	118	72	NaN	116	76	NaN	106	124	NaN	101	163	NaN	106	124	NaN	78	591	NaN	51	3367	NaN
sctc_E1R1_2m_I4_STL1	NaN	NaN	NaN	379	18	NaN	310	57	NaN	201	154	NaN	244	117	NaN	82	207	NaN	79	208	NaN	75	210	NaN	71	212	NaN	51	259	NaN	36	837	NaN	22	6521	NaN
sctc_E1R1_2m_I4_CTT1	NaN	NaN	NaN	326	0	NaN	NaN	NaN	NaN	320	0	NaN	NaN	NaN	NaN	123	132	NaN	121	146	NaN	112	236	NaN	111	244	NaN	103	322	NaN	79	1053	NaN	55	5021	NaN
sctc_E1R1_30m_I1_STL1	NaN	NaN	NaN	99	5703	NaN	81	5802	NaN	80	5806	NaN	74	5845	NaN	75	5841	NaN	73	5853	NaN	71	5867	NaN	71	5867	NaN	70	5873	NaN	61	6007	NaN	51	6238	NaN
sctc_E1R1_30m_I1_CTT1	NaN	NaN	NaN	431	92	NaN	374	115	NaN	289	145	NaN	327	133	NaN	157	268	NaN	154	280	NaN	151	296	NaN	150	303	NaN	119	866	NaN	92	3240	NaN	65	13747	NaN
sctc_E1R1_30m_I2_STL1	NaN	NaN	NaN	175	5507	NaN	158	5774	NaN	129	6113	NaN	131	6087	NaN	75	6522	NaN	76	6515	NaN	76	6515	NaN	76	6515	NaN	71	6551	NaN	61	6661	NaN	51	6905	NaN
sctc_E1R1_30m_I2_CTT1	NaN	NaN	NaN	491	46	NaN	447	61	NaN	392	87	NaN	440	65	NaN	191	214	NaN	186	223	NaN	181	237	NaN	181	237	NaN	105	1785	NaN	90	3902	NaN	76	8482	NaN
sctc_E1R1_30m_I3_STL1	NaN	NaN	NaN	100	5591	NaN	85	5667	NaN	80	5698	NaN	83	5683	NaN	81	5696	NaN	80	5698	NaN	76	5715	NaN	73	5732	NaN	65	5791	NaN	54	5952	NaN	43	6434	NaN
sctc_E1R1_30m_I3_CTT1	NaN	NaN	NaN	521	0	NaN	480	50	NaN	415	66	NaN	472	54	NaN	168	233	NaN	168	233	NaN	156	276	NaN	151	304	NaN	115	1056	NaN	89	4357	NaN	64	17347	NaN
sctc_E1R1_30m_I4_STL1	NaN	NaN	NaN	86	7129	NaN	82	7154	NaN	75	7206	NaN	80	7163	NaN	87	7124	NaN	84	7137	NaN	75	7206	NaN	70	7251	NaN	64	7326	NaN	51	7587	NaN	38	8693	NaN
sctc_E1R1_30m_I4_CTT1	NaN	NaN	NaN	505	0	NaN	479	59	NaN	401	79	NaN	453	67	NaN	172	240	NaN	170	246	NaN	160	288	NaN	156	320	NaN	126	789	NaN	99	2918	NaN	72	13425	NaN
sctc_E1R1_35m_I1_STL1	NaN	NaN	NaN	115	946	NaN	96	951	NaN	82	958	NaN	84	958	NaN	73	965	NaN	72	966	NaN	69	968	NaN	68	969	NaN	66	971	NaN	57	991	NaN	49	1058	NaN
sctc_E1R1_35m_I1_CTT1	NaN	NaN	NaN	452	3	NaN	410	5	NaN	383	5	NaN	409	5	NaN	125	82	NaN	123	85	NaN	114	137	NaN	111	164	NaN	98	327	NaN	79	1078	NaN	60	3244	NaN
sctc_E1R1_35m_I2_STL1	NaN	NaN	NaN	78	1127	NaN	72	1134	NaN	68	1139	NaN	72	1134	NaN	76	1129	NaN	73	1134	NaN	70	1139	NaN	69	1139	NaN	50	1189	NaN	38	1386	NaN	25	2741	NaN
sctc_E1R1_35m_I2_CTT1	NaN	NaN	NaN	482	1	NaN	431	1	NaN	393	2	NaN	428	1	NaN	123	83	NaN	120	93	NaN	109	160	NaN	106	184	NaN	100	258	NaN	82	749	NaN	65	2067	NaN
sctc_E1R1_35m_I3_STL1	NaN	NaN	NaN	529	0	NaN	453	54	NaN	313	336	NaN	370	163	NaN	69	1250	NaN	66	1257	NaN	63	1260	NaN	63	1260	NaN	52	1299	NaN	33	1788	NaN	14	12740	NaN
sctc_E1R1_35m_I3_CTT1	NaN	NaN	NaN	545	0	NaN	484	3	NaN	430	4	NaN	481	3	NaN	122	103	NaN	118	118	NaN	107	208	NaN	102	273	NaN	106	217	NaN	91	515	NaN	77	1182	NaN
sctc_E1R1_35m_I4_STL1	NaN	NaN	NaN	316	299	NaN	262	480	NaN	171	849	NaN	201	737	NaN	64	1097	NaN	63	1099	NaN	62	1100	NaN	61	1100	NaN	61	1100	NaN	48	1136	NaN	36	1331	NaN
sctc_E1R1_35m_I4_CTT1	NaN	NaN	NaN	450	2	NaN	448	2	NaN	445	2	NaN	445	2	NaN	119	147	NaN	116	171	NaN	109	231	NaN	107	252	NaN	106	261	NaN	88	631	NaN	71	1766	NaN
sctc_E1R1_40m_I1_STL1	NaN	NaN	NaN	143	1215	NaN	132	1249	NaN	114	1283	NaN	122	1269	NaN	81	1330	NaN	81	1330	NaN	76	1336	NaN	73	1339	NaN	72	1339	NaN	60	1361	NaN	47	1444	NaN
sctc_E1R1_40m_I1_CTT1	NaN	NaN	NaN	227	3	NaN	NaN	NaN	NaN	214	3	NaN	NaN	NaN	NaN	122	88	NaN	119	106	NaN	104	265	NaN	97	402	NaN	101	314	NaN	77	1342	NaN	53	5620	NaN
sctc_E1R1_40m_I2_STL1	NaN	NaN	NaN	297	222	NaN	252	393	NaN	172	766	NaN	261	352	NaN	74	988	NaN	75	984	NaN	68	995	NaN	65	999	NaN	62	1010	NaN	45	1156	NaN	28	2340	NaN
sctc_E1R1_40m_I2_CTT1	NaN	NaN	NaN	533	0	NaN	478	3	NaN	423	5	NaN	423	5	NaN	134	113	NaN	129	140	NaN	120	213	NaN	117	238	NaN	107	417	NaN	95	736	NaN	83	1413	NaN
sctc_E1R1_40m_I3_STL1	NaN	NaN	NaN	144	2310	NaN	130	2364	NaN	116	2409	NaN	124	2381	NaN	76	2498	NaN	73	2510	NaN	69	2522	NaN	65	2531	NaN	46	2672	NaN	30	4211	NaN	14	24522	NaN
sctc_E1R1_40m_I3_CTT1	NaN	NaN	NaN	491	1	NaN	489	1	NaN	486	1	NaN	485	1	NaN	146	106	NaN	143	122	NaN	125	244	NaN	117	351	NaN	109	533	NaN	86	1971	NaN	63	7565	NaN
sctc_E1R1_40m_I4_STL1	NaN	NaN	NaN	148	2833	NaN	134	2896	NaN	119	2966	NaN	117	2974	NaN	72	3139	NaN	72	3139	NaN	69	3146	NaN	68	3150	NaN	49	3332	NaN	32	4955	NaN	15	29299	NaN
sctc_E1R1_40m_I4_CTT1	NaN	NaN	NaN	535	0	NaN	480	20	NaN	425	27	NaN	476	21	NaN	148	154	NaN	147	158	NaN	139	193	NaN	139	193	NaN	113	530	NaN	103	893	NaN	93	1570	NaN
sctc_E1R1_45m_I1_STL1	NaN	NaN	NaN	142	1842	NaN	131	1891	NaN	113	1967	NaN	116	1957	NaN	81	2067	NaN	80	2071	NaN	74	2084	NaN	70	2091	NaN	60	2104	NaN	47	2197	NaN	33	2929	NaN
sctc_E1R1_45m_I1_CTT1	NaN	NaN	NaN	474	2	NaN	473	2	NaN	469	2	NaN	470	2	NaN	150	81	NaN	147	92	NaN	134	164	NaN	130	208	NaN	115	447	NaN	99	1061	NaN	83	2482	NaN
sctc_E1R1_45m_I2_STL1	NaN	NaN	NaN	150	3292	NaN	134	3437	NaN	106	3617	NaN	111	3586	NaN	86	3702	NaN	88	3701	NaN	78	3736	NaN	72	3757	NaN	60	3822	NaN	45	4059	NaN	29	6559	NaN
sctc_E1R1_45m_I2_CTT1	NaN	NaN	NaN	467	3	NaN	466	3	NaN	463	3	NaN	463	3	NaN	169	92	NaN	167	96	NaN	159	134	NaN	157	148	NaN	109	1240	NaN	91	3324	NaN	73	8971	NaN
sctc_E1R1_45m_I3_STL1	NaN	NaN	NaN	76	2508	NaN	73	2514	NaN	68	2527	NaN	74	2511	NaN	69	2523	NaN	70	2521	NaN	68	2527	NaN	68	2527	NaN	64	2538	NaN	53	2612	NaN	42	2925	NaN
sctc_E1R1_45m_I3_CTT1	NaN	NaN	NaN	479	1	NaN	477	1	NaN	474	1	NaN	474	1	NaN	153	82	NaN	151	87	NaN	141	137	NaN	138	158	NaN	124	295	NaN	111	554	NaN	98	1174	NaN
sctc_E1R1_45m_I4_STL1	NaN	NaN	NaN	173	2779	NaN	155	2969	NaN	124	3209	NaN	118	3240	NaN	71	3424	NaN	74	3413	NaN	73	3421	NaN	73	3421	NaN	65	3445	NaN	53	3522	NaN	40	3855	NaN
sctc_E1R1_45m_I4_CTT1	NaN	NaN	NaN	543	0	NaN	497	0	NaN	454	2	NaN	416	3	NaN	141	112	NaN	138	132	NaN	126	221	NaN	122	272	NaN	113	422	NaN	96	1040	NaN	80	2628	NaN
sctc_E1R1_4m_I1_STL1	NaN	NaN	NaN	328	94	NaN	298	138	NaN	222	269	NaN	276	171	NaN	81	461	NaN	80	461	NaN	73	471	NaN	71	473	NaN	74	470	NaN	61	501	NaN	49	598	NaN
sctc_E1R1_4m_I1_CTT1	NaN	NaN	NaN	502	0	NaN	450	3	NaN	404	4	NaN	447	3	NaN	138	167	NaN	134	190	NaN	126	253	NaN	124	279	NaN	108	548	NaN	94	1104	NaN	81	2226	NaN
sctc_E1R1_4m_I2_STL1	NaN	NaN	NaN	442	1	NaN	NaN	NaN	NaN	440	1	NaN	NaN	NaN	NaN	76	140	NaN	73	145	NaN	69	155	NaN	66	164	NaN	70	153	NaN	55	271	NaN	40	980	NaN
sctc_E1R1_4m_I2_CTT1	NaN	NaN	NaN	334	0	NaN	308	0	NaN	272	0	NaN	285	0	NaN	128	190	NaN	127	196	NaN	114	336	NaN	110	405	NaN	110	405	NaN	86	1406	NaN	61	5926	NaN
sctc_E1R1_4m_I3_STL1	NaN	NaN	NaN	392	40	NaN	347	84	NaN	255	276	NaN	NaN	NaN	NaN	76	612	NaN	77	610	NaN	75	612	NaN	74	613	NaN	63	627	NaN	47	820	NaN	32	2998	NaN
sctc_E1R1_4m_I3_CTT1	NaN	NaN	NaN	466	0	NaN	421	0	NaN	383	1	NaN	411	0	NaN	143	136	NaN	140	153	NaN	133	215	NaN	131	240	NaN	110	647	NaN	89	1793	NaN	69	5346	NaN
sctc_E1R1_4m_I4_STL1	NaN	NaN	NaN	459	0	NaN	397	0	NaN	353	10	NaN	391	0	NaN	82	136	NaN	79	138	NaN	73	148	NaN	71	154	NaN	62	184	NaN	43	549	NaN	23	6867	NaN
sctc_E1R1_4m_I4_CTT1	NaN	NaN	NaN	322	2	NaN	321	2	NaN	318	2	NaN	318	2	NaN	132	126	NaN	128	144	NaN	119	204	NaN	115	236	NaN	110	314	NaN	87	1029	NaN	63	3998	NaN
sctc_E1R1_50m_I1_STL1	NaN	NaN	NaN	202	454	NaN	168	615	NaN	141	775	NaN	120	898	NaN	69	1141	NaN	69	1141	NaN	64	1164	NaN	60	1174	NaN	60	1174	NaN	45	1277	NaN	29	2011	NaN
sctc_E1R1_50m_I1_CTT1	NaN	NaN	NaN	419	2	NaN	418	2	NaN	415	2	NaN	415	2	NaN	129	89	NaN	125	106	NaN	107	306	NaN	96	623	NaN	95	657	NaN	77	1941	NaN	59	5437	NaN
sctc_E1R1_50m_I2_STL1	NaN	NaN	NaN	81	1646	NaN	75	1659	NaN	67	1674	NaN	71	1669	NaN	76	1654	NaN	69	1672	NaN	67	1674	NaN	64	1683	NaN	35	2224	NaN	19	8942	NaN	3	1333169	NaN
sctc_E1R1_50m_I2_CTT1	NaN	NaN	NaN	466	0	NaN	415	1	NaN	380	2	NaN	415	1	NaN	139	90	NaN	136	93	NaN	125	160	NaN	120	209	NaN	108	402	NaN	94	872	NaN	79	2103	NaN
sctc_E1R1_50m_I3_STL1	NaN	NaN	NaN	78	1223	NaN	75	1226	NaN	70	1234	NaN	76	1226	NaN	75	1226	NaN	71	1233	NaN	66	1236	NaN	62	1243	NaN	50	1307	NaN	35	1776	NaN	20	7073	NaN
sctc_E1R1_50m_I3_CTT1	NaN	NaN	NaN	411	1	NaN	409	1	NaN	407	1	NaN	407	1	NaN	175	24	NaN	183	19	NaN	135	96	NaN	122	168	NaN	115	224	NaN	99	539	NaN	83	1353	NaN
sctc_E1R1_55m_I1_STL1	NaN	NaN	NaN	123	2746	NaN	108	2771	NaN	95	2797	NaN	101	2786	NaN	92	2803	NaN	92	2803	NaN	88	2814	NaN	86	2821	NaN	73	2864	NaN	57	3005	NaN	41	3776	NaN
sctc_E1R1_55m_I1_CTT1	NaN	NaN	NaN	437	1	NaN	435	1	NaN	432	1	NaN	432	1	NaN	149	99	NaN	147	115	NaN	127	327	NaN	119	472	NaN	113	625	NaN	101	1192	NaN	90	2186	NaN
sctc_E1R1_55m_I2_STL1	NaN	NaN	NaN	103	4541	NaN	98	4552	NaN	88	4591	NaN	91	4581	NaN	100	4547	NaN	98	4552	NaN	93	4574	NaN	90	4583	NaN	70	4680	NaN	62	4785	NaN	55	4958	NaN
sctc_E1R1_55m_I2_CTT1	NaN	NaN	NaN	489	5	NaN	403	7	NaN	324	9	NaN	315	9	NaN	162	120	NaN	158	143	NaN	145	258	NaN	140	315	NaN	121	776	NaN	102	2090	NaN	83	5510	NaN
sctc_E1R1_55m_I3_STL1	NaN	NaN	NaN	132	3900	NaN	117	3924	NaN	94	3972	NaN	98	3958	NaN	85	4000	NaN	83	4007	NaN	78	4026	NaN	74	4043	NaN	71	4063	NaN	63	4135	NaN	56	4256	NaN
sctc_E1R1_55m_I3_CTT1	NaN	NaN	NaN	531	0	NaN	475	4	NaN	432	5	NaN	471	4	NaN	148	226	NaN	148	226	NaN	144	258	NaN	143	273	NaN	125	655	NaN	109	1458	NaN	92	3438	NaN
sctc_E1R1_55m_I4_STL1	NaN	NaN	NaN	126	3199	NaN	113	3222	NaN	97	3249	NaN	97	3249	NaN	94	3255	NaN	91	3269	NaN	82	3289	NaN	77	3309	NaN	71	3341	NaN	62	3415	NaN	53	3595	NaN
sctc_E1R1_55m_I4_CTT1	NaN	NaN	NaN	486	1	NaN	483	1	NaN	482	1	NaN	482	1	NaN	158	120	NaN	154	142	NaN	139	257	NaN	134	321	NaN	121	549	NaN	108	1070	NaN	94	2229	NaN
sctc_E1R1_6m_I1_STL1	NaN	NaN	NaN	499	4	NaN	498	4	NaN	497	4	NaN	498	4	NaN	54	505	NaN	50	568	NaN	45	634	NaN	42	687	NaN	53	516	NaN	32	919	NaN	11	5023	NaN
sctc_E1R1_6m_I1_CTT1	NaN	NaN	NaN	188	564	NaN	149	612	NaN	106	774	NaN	116	703	NaN	134	632	NaN	131	645	NaN	119	684	NaN	113	723	NaN	88	1064	NaN	74	1674	NaN	60	3361	NaN
sctc_E1R1_6m_I2_STL1	NaN	NaN	NaN	270	1	NaN	267	1	NaN	266	1	NaN	266	1	NaN	67	37	NaN	66	38	NaN	51	55	NaN	46	65	NaN	59	45	NaN	20	580	NaN	0	NaN	NaN
sctc_E1R1_6m_I2_CTT1	NaN	NaN	NaN	561	0	NaN	480	82	NaN	375	135	NaN	407	113	NaN	110	738	NaN	106	768	NaN	97	839	NaN	94	875	NaN	86	1002	NaN	75	1280	NaN	64	1930	NaN
sctc_E1R1_6m_I3_STL1	NaN	NaN	NaN	172	1365	NaN	157	1410	NaN	138	1451	NaN	146	1439	NaN	79	1585	NaN	78	1590	NaN	76	1594	NaN	75	1597	NaN	68	1614	NaN	55	1719	NaN	42	2054	NaN
sctc_E1R1_6m_I3_CTT1	NaN	NaN	NaN	1152	0	NaN	1024	67	NaN	794	112	NaN	974	68	NaN	173	754	NaN	167	764	NaN	159	783	NaN	156	795	NaN	162	774	NaN	134	884	NaN	105	1344	NaN
sctc_E1R1_6m_I4_STL1	NaN	NaN	NaN	96	2057	NaN	90	2076	NaN	80	2111	NaN	87	2087	NaN	82	2100	NaN	80	2111	NaN	70	2158	NaN	66	2177	NaN	65	2186	NaN	53	2296	NaN	42	2689	NaN
sctc_E1R1_6m_I4_CTT1	NaN	NaN	NaN	264	1280	NaN	218	1347	NaN	163	1496	NaN	284	1265	NaN	162	1500	NaN	155	1527	NaN	144	1574	NaN	141	1587	NaN	134	1661	NaN	119	1860	NaN	103	2308	NaN
sctc_E1R1_8m_I1_STL1	NaN	NaN	NaN	177	6445	NaN	161	6939	NaN	131	7747	NaN	135	7648	NaN	85	8552	NaN	83	8576	NaN	76	8656	NaN	72	8710	NaN	70	8743	NaN	53	9077	NaN	37	10412	NaN
sctc_E1R1_8m_I1_CTT1	NaN	NaN	NaN	413	5225	NaN	372	5872	NaN	326	6473	NaN	183	7699	NaN	197	7602	NaN	187	7668	NaN	182	7703	NaN	179	7725	NaN	172	7771	NaN	114	8972	NaN	56	29555	NaN
sctc_E1R1_8m_I2_STL1	NaN	NaN	NaN	200	6540	NaN	163	6927	NaN	111	7183	NaN	104	7209	NaN	94	7249	NaN	94	7249	NaN	91	7261	NaN	90	7266	NaN	81	7323	NaN	63	7472	NaN	46	8128	NaN
sctc_E1R1_8m_I2_CTT1	NaN	NaN	NaN	544	3347	NaN	490	3951	NaN	395	4759	NaN	254	5393	NaN	201	5563	NaN	190	5605	NaN	176	5664	NaN	170	5711	NaN	188	5609	NaN	143	5963	NaN	99	7682	NaN
sctc_E1R1_8m_I3_STL1	NaN	NaN	NaN	215	7360	NaN	194	7781	NaN	157	8329	NaN	151	8395	NaN	82	8851	NaN	82	8851	NaN	78	8875	NaN	77	8879	NaN	82	8851	NaN	71	8918	NaN	60	9101	NaN
sctc_E1R1_8m_I3_CTT1	NaN	NaN	NaN	890	804	NaN	709	1905	NaN	429	5645	NaN	1450	288	NaN	235	7121	NaN	228	7166	NaN	217	7222	NaN	214	7251	NaN	251	7059	NaN	194	7350	NaN	136	8013	NaN
sctc_E1R1_8m_I4_STL1	NaN	NaN	NaN	216	7231	NaN	196	7751	NaN	161	8429	NaN	154	8533	NaN	81	9213	NaN	79	9232	NaN	76	9259	NaN	74	9281	NaN	67	9369	NaN	55	9643	NaN	42	10748	NaN
sctc_E1R1_8m_I4_CTT1	NaN	NaN	NaN	336	6841	NaN	304	7075	NaN	274	7275	NaN	352	6695	NaN	200	7655	NaN	195	7683	NaN	186	7742	NaN	182	7767	NaN	215	7586	NaN	156	7982	NaN	96	10742	NaN
sctc_E1R2_0m_I1_STL1	NaN	NaN	NaN	116	257	NaN	107	260	NaN	94	267	NaN	92	267	NaN	85	270	NaN	82	270	NaN	77	271	NaN	74	276	NaN	51	365	NaN	40	980	NaN	30	4628	NaN
sctc_E1R2_0m_I1_CTT1	NaN	NaN	NaN	343	1	NaN	339	1	NaN	338	1	NaN	338	1	NaN	140	409	NaN	139	419	NaN	131	502	NaN	130	517	NaN	112	847	NaN	91	1773	NaN	70	5237	NaN
sctc_E1R2_0m_I2_STL1	NaN	NaN	NaN	108	326	NaN	103	329	NaN	97	336	NaN	96	337	NaN	73	377	NaN	71	381	NaN	70	385	NaN	70	385	NaN	72	378	NaN	60	418	NaN	48	602	NaN
sctc_E1R2_0m_I2_CTT1	NaN	NaN	NaN	459	0	NaN	405	1	NaN	366	2	NaN	402	1	NaN	139	544	NaN	138	556	NaN	131	659	NaN	130	675	NaN	115	995	NaN	103	1418	NaN	91	2244	NaN
sctc_E1R2_0m_I3_STL1	NaN	NaN	NaN	246	131	NaN	209	149	NaN	149	166	NaN	187	157	NaN	84	192	NaN	80	193	NaN	76	193	NaN	75	193	NaN	74	193	NaN	63	204	NaN	52	261	NaN
sctc_E1R2_0m_I3_CTT1	NaN	NaN	NaN	354	3	NaN	346	3	NaN	332	4	NaN	334	4	NaN	128	393	NaN	128	393	NaN	121	490	NaN	119	526	NaN	108	724	NaN	83	1868	NaN	59	7792	NaN
sctc_E1R2_0m_I4_STL1	NaN	NaN	NaN	104	436	NaN	96	440	NaN	87	450	NaN	85	453	NaN	79	462	NaN	76	468	NaN	70	476	NaN	66	483	NaN	58	524	NaN	46	710	NaN	33	2304	NaN
sctc_E1R2_0m_I4_CTT1	NaN	NaN	NaN	349	0	NaN	342	0	NaN	331	1	NaN	331	1	NaN	138	246	NaN	142	218	NaN	132	278	NaN	127	314	NaN	116	416	NaN	92	991	NaN	69	3372	NaN
sctc_E1R2_10m_I1_STL1	NaN	NaN	NaN	127	1744	NaN	84	3686	NaN	81	3842	NaN	76	4128	NaN	56	5290	NaN	52	5511	NaN	49	5697	NaN	46	5872	NaN	48	5750	NaN	25	7842	NaN	1	76572	NaN
sctc_E1R2_10m_I1_CTT1	NaN	NaN	NaN	228	4040	NaN	211	4072	NaN	188	4139	NaN	173	4186	NaN	164	4233	NaN	165	4230	NaN	152	4327	NaN	150	4341	NaN	105	5688	NaN	90	7247	NaN	75	10406	NaN
sctc_E1R2_10m_I2_STL1	NaN	NaN	NaN	236	5233	NaN	212	5861	NaN	170	6861	NaN	174	6770	NaN	83	8304	NaN	80	8347	NaN	74	8415	NaN	70	8461	NaN	61	8632	NaN	47	9160	NaN	33	11460	NaN
sctc_E1R2_10m_I2_CTT1	NaN	NaN	NaN	297	5594	NaN	258	5661	NaN	216	5742	NaN	186	5843	NaN	177	5912	NaN	175	5932	NaN	166	6014	NaN	161	6073	NaN	108	8919	NaN	87	13483	NaN	65	24219	NaN
sctc_E1R2_10m_I3_STL1	NaN	NaN	NaN	442	38	NaN	383	46	NaN	324	58	NaN	431	40	NaN	47	7203	NaN	45	7419	NaN	43	7617	NaN	42	7727	NaN	51	6762	NaN	30	9204	NaN	10	87709	NaN
sctc_E1R2_10m_I3_CTT1	NaN	NaN	NaN	193	6693	NaN	185	6728	NaN	175	6786	NaN	176	6785	NaN	166	6840	NaN	165	6847	NaN	158	6910	NaN	155	6938	NaN	115	7952	NaN	98	9513	NaN	80	13295	NaN
sctc_E1R2_10m_I4_STL1	NaN	NaN	NaN	234	4662	NaN	211	5071	NaN	171	5716	NaN	164	5822	NaN	88	6384	NaN	86	6390	NaN	82	6408	NaN	79	6430	NaN	75	6451	NaN	60	6648	NaN	45	7202	NaN
sctc_E1R2_10m_I4_CTT1	NaN	NaN	NaN	331	3918	NaN	305	3945	NaN	267	4002	NaN	258	4012	NaN	174	4293	NaN	168	4351	NaN	164	4386	NaN	163	4393	NaN	89	9323	NaN	76	12819	NaN	62	19014	NaN
sctc_E1R2_15m_I1_STL1	NaN	NaN	NaN	209	6026	NaN	183	6696	NaN	137	7653	NaN	131	7741	NaN	80	8276	NaN	79	8295	NaN	74	8352	NaN	70	8387	NaN	51	8743	NaN	35	10699	NaN	20	29684	NaN
sctc_E1R2_15m_I1_CTT1	NaN	NaN	NaN	271	5914	NaN	232	5995	NaN	196	6089	NaN	183	6140	NaN	169	6230	NaN	163	6264	NaN	146	6459	NaN	139	6615	NaN	123	7101	NaN	106	8161	NaN	89	10296	NaN
sctc_E1R2_15m_I2_STL1	NaN	NaN	NaN	171	5173	NaN	146	5405	NaN	112	5617	NaN	99	5698	NaN	95	5726	NaN	95	5726	NaN	86	5775	NaN	84	5787	NaN	68	5903	NaN	54	6170	NaN	41	7184	NaN
sctc_E1R2_15m_I2_CTT1	NaN	NaN	NaN	231	5235	NaN	189	5360	NaN	157	5556	NaN	158	5546	NaN	165	5481	NaN	160	5528	NaN	148	5667	NaN	143	5730	NaN	114	6602	NaN	99	7692	NaN	85	9473	NaN
sctc_E1R2_15m_I3_STL1	NaN	NaN	NaN	137	8517	NaN	125	8571	NaN	104	8646	NaN	108	8635	NaN	105	8644	NaN	106	8642	NaN	104	8646	NaN	104	8646	NaN	84	8739	NaN	68	8960	NaN	51	9803	NaN
sctc_E1R2_15m_I3_CTT1	NaN	NaN	NaN	276	6419	NaN	221	6593	NaN	175	6782	NaN	184	6728	NaN	182	6738	NaN	180	6751	NaN	164	6867	NaN	160	6901	NaN	109	8538	NaN	94	10221	NaN	79	13315	NaN
sctc_E1R2_15m_I4_STL1	NaN	NaN	NaN	179	2924	NaN	171	3136	NaN	162	3405	NaN	157	3566	NaN	70	6651	NaN	68	6706	NaN	62	6927	NaN	58	7044	NaN	59	7019	NaN	40	7763	NaN	21	14650	NaN
sctc_E1R2_15m_I4_CTT1	NaN	NaN	NaN	263	5562	NaN	221	5657	NaN	183	5808	NaN	155	6038	NaN	163	5958	NaN	163	5958	NaN	152	6076	NaN	150	6113	NaN	119	6947	NaN	107	7689	NaN	95	8962	NaN
sctc_E1R2_1m_I1_STL1	NaN	NaN	NaN	179	122	NaN	144	129	NaN	105	137	NaN	135	131	NaN	75	147	NaN	73	148	NaN	70	151	NaN	69	151	NaN	70	151	NaN	63	164	NaN	56	193	NaN
sctc_E1R2_1m_I1_CTT1	NaN	NaN	NaN	293	1	NaN	NaN	NaN	NaN	291	1	NaN	NaN	NaN	NaN	141	125	NaN	141	125	NaN	136	152	NaN	136	152	NaN	119	312	NaN	97	1173	NaN	75	4800	NaN
sctc_E1R2_1m_I2_STL1	NaN	NaN	NaN	93	136	NaN	90	138	NaN	85	140	NaN	85	140	NaN	80	140	NaN	79	141	NaN	73	145	NaN	70	146	NaN	65	152	NaN	52	215	NaN	38	1065	NaN
sctc_E1R2_1m_I2_CTT1	NaN	NaN	NaN	401	1	NaN	399	1	NaN	397	1	NaN	397	1	NaN	142	105	NaN	141	107	NaN	133	148	NaN	131	161	NaN	119	287	NaN	102	771	NaN	85	2202	NaN
sctc_E1R2_1m_I3_STL1	NaN	NaN	NaN	107	99	NaN	99	100	NaN	86	102	NaN	136	96	NaN	80	104	NaN	78	104	NaN	74	104	NaN	71	105	NaN	64	113	NaN	53	163	NaN	42	570	NaN
sctc_E1R2_1m_I3_CTT1	NaN	NaN	NaN	270	1	NaN	268	1	NaN	265	1	NaN	265	1	NaN	137	106	NaN	137	106	NaN	134	118	NaN	134	118	NaN	119	244	NaN	98	849	NaN	78	3110	NaN
sctc_E1R2_1m_I4_STL1	NaN	NaN	NaN	430	3	NaN	359	8	NaN	287	23	NaN	277	24	NaN	89	111	NaN	90	109	NaN	79	116	NaN	74	118	NaN	64	122	NaN	45	219	NaN	27	2895	NaN
sctc_E1R2_1m_I4_CTT1	NaN	NaN	NaN	422	2	NaN	418	2	NaN	418	2	NaN	417	2	NaN	166	105	NaN	164	113	NaN	155	146	NaN	154	146	NaN	128	363	NaN	113	742	NaN	97	1628	NaN
sctc_E1R2_20m_I1_STL1	NaN	NaN	NaN	126	14434	NaN	117	14479	NaN	112	14510	NaN	105	14547	NaN	114	14492	NaN	110	14521	NaN	105	14547	NaN	101	14592	NaN	86	14758	NaN	72	15110	NaN	59	15910	NaN
sctc_E1R2_20m_I1_CTT1	NaN	NaN	NaN	227	4603	NaN	205	4711	NaN	196	4761	NaN	185	4830	NaN	172	4946	NaN	172	4946	NaN	164	5031	NaN	164	5031	NaN	124	6334	NaN	112	7584	NaN	101	9495	NaN
sctc_E1R2_20m_I2_STL1	NaN	NaN	NaN	131	14742	NaN	118	14815	NaN	102	14934	NaN	103	14923	NaN	105	14903	NaN	103	14923	NaN	95	15006	NaN	92	15034	NaN	81	15183	NaN	74	15313	NaN	68	15521	NaN
sctc_E1R2_20m_I2_CTT1	NaN	NaN	NaN	268	4212	NaN	250	4256	NaN	231	4319	NaN	228	4330	NaN	175	4606	NaN	177	4590	NaN	173	4624	NaN	175	4606	NaN	134	5418	NaN	115	6855	NaN	97	10187	NaN
sctc_E1R2_20m_I3_STL1	NaN	NaN	NaN	135	12767	NaN	121	12874	NaN	101	13031	NaN	97	13067	NaN	99	13053	NaN	97	13067	NaN	87	13172	NaN	84	13214	NaN	72	13418	NaN	64	13675	NaN	55	14214	NaN
sctc_E1R2_20m_I3_CTT1	NaN	NaN	NaN	258	4018	NaN	233	4108	NaN	203	4222	NaN	203	4222	NaN	180	4335	NaN	184	4310	NaN	179	4340	NaN	180	4335	NaN	133	5132	NaN	117	5992	NaN	101	8012	NaN
sctc_E1R2_20m_I4_STL1	NaN	NaN	NaN	224	11548	NaN	197	12301	NaN	150	13295	NaN	134	13542	NaN	92	14030	NaN	89	14069	NaN	84	14138	NaN	81	14188	NaN	50	15712	NaN	37	19622	NaN	23	41361	NaN
sctc_E1R2_20m_I4_CTT1	NaN	NaN	NaN	277	4163	NaN	257	4226	NaN	227	4329	NaN	226	4331	NaN	173	4594	NaN	170	4624	NaN	157	4796	NaN	153	4860	NaN	135	5337	NaN	123	5963	NaN	110	7234	NaN
sctc_E1R2_25m_I1_STL1	NaN	NaN	NaN	119	1592	NaN	113	1603	NaN	103	1615	NaN	105	1612	NaN	115	1601	NaN	112	1605	NaN	91	1631	NaN	82	1654	NaN	67	1712	NaN	55	1869	NaN	42	2321	NaN
sctc_E1R2_25m_I1_CTT1	NaN	NaN	NaN	418	128	NaN	372	149	NaN	284	190	NaN	351	162	NaN	126	672	NaN	117	863	NaN	108	1186	NaN	106	1279	NaN	97	1783	NaN	71	4398	NaN	46	9569	NaN
sctc_E1R2_25m_I2_STL1	NaN	NaN	NaN	106	1612	NaN	88	1652	NaN	85	1664	NaN	95	1632	NaN	80	1679	NaN	79	1686	NaN	72	1719	NaN	69	1736	NaN	67	1749	NaN	57	1847	NaN	47	2076	NaN
sctc_E1R2_25m_I2_CTT1	NaN	NaN	NaN	460	82	NaN	428	82	NaN	396	86	NaN	415	83	NaN	159	173	NaN	153	199	NaN	138	281	NaN	134	324	NaN	105	950	NaN	82	2369	NaN	60	5228	NaN
sctc_E1R2_25m_I3_STL1	NaN	NaN	NaN	103	935	NaN	90	955	NaN	77	975	NaN	82	966	NaN	83	965	NaN	81	969	NaN	75	983	NaN	71	989	NaN	60	1009	NaN	48	1100	NaN	35	1473	NaN
sctc_E1R2_25m_I3_CTT1	NaN	NaN	NaN	430	46	NaN	394	49	NaN	337	58	NaN	387	49	NaN	130	219	NaN	121	321	NaN	107	566	NaN	100	742	NaN	87	1405	NaN	71	2809	NaN	54	5278	NaN
sctc_E1R2_25m_I4_STL1	NaN	NaN	NaN	151	1046	NaN	136	1138	NaN	129	1184	NaN	122	1223	NaN	67	1418	NaN	64	1430	NaN	61	1441	NaN	58	1448	NaN	48	1497	NaN	29	2347	NaN	10	69937	NaN
sctc_E1R2_25m_I4_CTT1	NaN	NaN	NaN	432	82	NaN	394	96	NaN	368	103	NaN	403	92	NaN	158	196	NaN	149	221	NaN	127	375	NaN	119	482	NaN	105	804	NaN	82	2011	NaN	59	5234	NaN
sctc_E1R2_2m_I1_STL1	NaN	NaN	NaN	449	30	NaN	372	56	NaN	250	116	NaN	318	83	NaN	85	178	NaN	82	178	NaN	80	180	NaN	79	180	NaN	76	190	NaN	65	238	NaN	55	379	NaN
sctc_E1R2_2m_I1_CTT1	NaN	NaN	NaN	494	18	NaN	443	24	NaN	363	35	NaN	393	32	NaN	139	168	NaN	136	180	NaN	131	222	NaN	130	236	NaN	126	283	NaN	115	470	NaN	103	889	NaN
sctc_E1R2_2m_I2_STL1	NaN	NaN	NaN	525	0	NaN	485	9	NaN	357	45	NaN	473	9	NaN	80	210	NaN	80	210	NaN	78	212	NaN	77	212	NaN	74	220	NaN	64	252	NaN	53	423	NaN
sctc_E1R2_2m_I2_CTT1	NaN	NaN	NaN	504	0	NaN	452	8	NaN	379	15	NaN	407	11	NaN	157	135	NaN	155	140	NaN	149	162	NaN	147	172	NaN	123	440	NaN	113	681	NaN	104	1088	NaN
sctc_E1R2_2m_I3_STL1	NaN	NaN	NaN	584	0	NaN	493	0	NaN	436	2	NaN	491	0	NaN	83	151	NaN	82	151	NaN	77	156	NaN	75	156	NaN	80	155	NaN	65	162	NaN	50	276	NaN
sctc_E1R2_2m_I3_CTT1	NaN	NaN	NaN	480	2	NaN	479	2	NaN	475	2	NaN	476	2	NaN	133	128	NaN	127	161	NaN	117	232	NaN	114	270	NaN	105	400	NaN	97	628	NaN	90	920	NaN
sctc_E1R2_2m_I4_STL1	NaN	NaN	NaN	310	39	NaN	NaN	NaN	NaN	248	76	NaN	NaN	NaN	NaN	83	152	NaN	81	152	NaN	80	153	NaN	79	153	NaN	59	217	NaN	46	661	NaN	34	3165	NaN
sctc_E1R2_2m_I4_CTT1	NaN	NaN	NaN	537	0	NaN	497	3	NaN	413	7	NaN	495	3	NaN	145	154	NaN	142	165	NaN	133	249	NaN	132	255	NaN	121	420	NaN	110	758	NaN	98	1494	NaN
sctc_E1R2_30m_I1_STL1	NaN	NaN	NaN	104	1205	NaN	96	1218	NaN	84	1231	NaN	86	1229	NaN	101	1211	NaN	97	1217	NaN	85	1230	NaN	78	1235	NaN	73	1246	NaN	62	1272	NaN	50	1330	NaN
sctc_E1R2_30m_I1_CTT1	NaN	NaN	NaN	373	21	NaN	344	22	NaN	322	27	NaN	340	23	NaN	145	98	NaN	143	105	NaN	133	157	NaN	130	174	NaN	106	641	NaN	90	1494	NaN	75	3226	NaN
sctc_E1R2_30m_I2_STL1	NaN	NaN	NaN	101	860	NaN	91	864	NaN	75	882	NaN	77	880	NaN	71	885	NaN	68	886	NaN	63	894	NaN	60	900	NaN	57	905	NaN	48	965	NaN	38	1190	NaN
sctc_E1R2_30m_I2_CTT1	NaN	NaN	NaN	414	18	NaN	358	19	NaN	277	20	NaN	312	19	NaN	128	171	NaN	119	234	NaN	107	439	NaN	104	543	NaN	90	1099	NaN	67	3386	NaN	45	8230	NaN
sctc_E1R2_30m_I3_STL1	NaN	NaN	NaN	268	429	NaN	227	478	NaN	162	532	NaN	198	502	NaN	77	570	NaN	75	570	NaN	69	577	NaN	67	581	NaN	56	605	NaN	42	749	NaN	29	1495	NaN
sctc_E1R2_30m_I3_CTT1	NaN	NaN	NaN	296	26	NaN	274	26	NaN	252	26	NaN	252	26	NaN	144	80	NaN	141	88	NaN	130	138	NaN	127	157	NaN	110	405	NaN	91	1183	NaN	72	3212	NaN
sctc_E1R2_30m_I4_STL1	NaN	NaN	NaN	256	391	NaN	201	454	NaN	124	513	NaN	185	464	NaN	73	544	NaN	70	549	NaN	66	554	NaN	65	556	NaN	65	556	NaN	54	597	NaN	44	707	NaN
sctc_E1R2_30m_I4_CTT1	NaN	NaN	NaN	551	0	NaN	491	10	NaN	433	12	NaN	490	10	NaN	143	43	NaN	141	45	NaN	105	282	NaN	100	369	NaN	98	400	NaN	81	1163	NaN	64	3079	NaN
sctc_E1R2_30m_I7_STL1	NaN	NaN	NaN	230	561	NaN	193	595	NaN	136	633	NaN	170	615	NaN	71	693	NaN	66	699	NaN	64	703	NaN	62	704	NaN	41	826	NaN	27	1480	NaN	13	7714	NaN
sctc_E1R2_30m_I7_CTT1	NaN	NaN	NaN	535	0	NaN	480	9	NaN	378	13	NaN	405	12	NaN	137	68	NaN	130	91	NaN	121	131	NaN	118	151	NaN	104	330	NaN	83	1124	NaN	62	3526	NaN
sctc_E1R2_35m_I1_STL1	NaN	NaN	NaN	94	3198	NaN	89	3211	NaN	81	3237	NaN	80	3238	NaN	82	3231	NaN	83	3225	NaN	76	3255	NaN	73	3266	NaN	63	3333	NaN	50	3528	NaN	37	4541	NaN
sctc_E1R2_35m_I1_CTT1	NaN	NaN	NaN	270	31	NaN	245	33	NaN	215	36	NaN	231	34	NaN	170	73	NaN	165	90	NaN	153	166	NaN	150	191	NaN	130	555	NaN	109	1793	NaN	88	5352	NaN
sctc_E1R2_35m_I2_STL1	NaN	NaN	NaN	95	2907	NaN	87	2928	NaN	78	2962	NaN	81	2951	NaN	85	2933	NaN	82	2944	NaN	75	2970	NaN	70	2983	NaN	53	3114	NaN	37	3912	NaN	21	15170	NaN
sctc_E1R2_35m_I2_CTT1	NaN	NaN	NaN	309	23	NaN	299	24	NaN	282	25	NaN	287	25	NaN	166	87	NaN	162	100	NaN	153	150	NaN	150	166	NaN	132	437	NaN	113	1244	NaN	94	3505	NaN
sctc_E1R2_35m_I3_STL1	NaN	NaN	NaN	86	1926	NaN	77	1941	NaN	73	1953	NaN	78	1939	NaN	71	1956	NaN	72	1953	NaN	71	1956	NaN	70	1958	NaN	66	1966	NaN	53	2027	NaN	40	2352	NaN
sctc_E1R2_35m_I3_CTT1	NaN	NaN	NaN	366	21	NaN	329	22	NaN	270	26	NaN	300	23	NaN	159	63	NaN	152	92	NaN	138	180	NaN	132	242	NaN	123	398	NaN	108	912	NaN	94	2136	NaN
sctc_E1R2_35m_I4_STL1	NaN	NaN	NaN	93	1898	NaN	76	1927	NaN	74	1930	NaN	71	1936	NaN	72	1934	NaN	72	1934	NaN	71	1936	NaN	70	1938	NaN	58	1978	NaN	44	2166	NaN	31	3365	NaN
sctc_E1R2_35m_I4_CTT1	NaN	NaN	NaN	515	0	NaN	461	12	NaN	422	14	NaN	457	12	NaN	158	72	NaN	155	75	NaN	147	114	NaN	145	131	NaN	114	718	NaN	96	2059	NaN	79	5325	NaN
sctc_E1R2_40m_I1_STL1	NaN	NaN	NaN	233	870	NaN	195	1042	NaN	140	1228	NaN	179	1098	NaN	91	1312	NaN	87	1316	NaN	77	1330	NaN	72	1344	NaN	50	1438	NaN	35	1971	NaN	19	10132	NaN
sctc_E1R2_40m_I1_CTT1	NaN	NaN	NaN	481	2	NaN	478	2	NaN	473	2	NaN	476	2	NaN	170	35	NaN	171	35	NaN	135	114	NaN	122	203	NaN	113	318	NaN	95	905	NaN	78	2514	NaN
sctc_E1R2_40m_I2_STL1	NaN	NaN	NaN	139	1562	NaN	127	1610	NaN	113	1656	NaN	120	1634	NaN	72	1762	NaN	73	1761	NaN	72	1762	NaN	71	1768	NaN	75	1753	NaN	62	1805	NaN	49	1895	NaN
sctc_E1R2_40m_I2_CTT1	NaN	NaN	NaN	551	0	NaN	497	6	NaN	462	8	NaN	496	6	NaN	139	136	NaN	137	147	NaN	131	183	NaN	130	195	NaN	120	315	NaN	99	964	NaN	79	2993	NaN
sctc_E1R2_40m_I3_STL1	NaN	NaN	NaN	142	1884	NaN	127	1973	NaN	113	2022	NaN	124	1981	NaN	76	2159	NaN	75	2162	NaN	71	2176	NaN	69	2182	NaN	69	2182	NaN	53	2269	NaN	38	2845	NaN
sctc_E1R2_40m_I3_CTT1	NaN	NaN	NaN	473	4	NaN	472	4	NaN	469	4	NaN	469	4	NaN	148	113	NaN	147	119	NaN	136	154	NaN	133	171	NaN	112	459	NaN	93	1340	NaN	74	4008	NaN
sctc_E1R2_40m_I4_STL1	NaN	NaN	NaN	130	1680	NaN	118	1712	NaN	97	1758	NaN	99	1755	NaN	71	1815	NaN	72	1814	NaN	70	1821	NaN	70	1821	NaN	65	1844	NaN	51	1937	NaN	38	2378	NaN
sctc_E1R2_40m_I4_CTT1	NaN	NaN	NaN	555	0	NaN	496	5	NaN	458	7	NaN	495	5	NaN	152	91	NaN	151	97	NaN	141	155	NaN	138	179	NaN	108	832	NaN	92	2081	NaN	77	4834	NaN
sctc_E1R2_45m_I1_STL1	NaN	NaN	NaN	138	557	NaN	127	581	NaN	117	591	NaN	125	584	NaN	72	629	NaN	70	633	NaN	68	635	NaN	66	636	NaN	69	633	NaN	55	652	NaN	41	795	NaN
sctc_E1R2_45m_I1_CTT1	NaN	NaN	NaN	323	2	NaN	322	2	NaN	319	2	NaN	319	2	NaN	150	94	NaN	149	96	NaN	126	315	NaN	114	621	NaN	116	552	NaN	94	1845	NaN	71	6106	NaN
sctc_E1R2_45m_I2_STL1	NaN	NaN	NaN	256	407	NaN	204	456	NaN	131	492	NaN	188	463	NaN	85	512	NaN	83	512	NaN	77	517	NaN	74	520	NaN	58	564	NaN	51	617	NaN	45	735	NaN
sctc_E1R2_45m_I2_CTT1	NaN	NaN	NaN	297	3	NaN	NaN	NaN	NaN	272	4	NaN	NaN	NaN	NaN	145	130	NaN	141	154	NaN	127	299	NaN	122	379	NaN	109	739	NaN	91	1825	NaN	73	4300	NaN
sctc_E1R2_45m_I3_STL1	NaN	NaN	NaN	135	744	NaN	118	756	NaN	92	768	NaN	96	766	NaN	81	772	NaN	79	773	NaN	74	777	NaN	72	780	NaN	68	785	NaN	59	808	NaN	51	861	NaN
sctc_E1R2_45m_I3_CTT1	NaN	NaN	NaN	304	1	NaN	299	1	NaN	289	1	NaN	291	1	NaN	147	57	NaN	144	71	NaN	123	263	NaN	115	410	NaN	113	453	NaN	87	1907	NaN	62	6544	NaN
sctc_E1R2_45m_I4_STL1	NaN	NaN	NaN	112	735	NaN	99	745	NaN	79	761	NaN	99	745	NaN	74	764	NaN	73	767	NaN	70	768	NaN	67	770	NaN	69	770	NaN	60	780	NaN	50	816	NaN
sctc_E1R2_45m_I4_CTT1	NaN	NaN	NaN	499	2	NaN	497	2	NaN	495	2	NaN	495	2	NaN	142	82	NaN	138	108	NaN	122	227	NaN	116	319	NaN	103	674	NaN	85	1822	NaN	68	4155	NaN
sctc_E1R2_4m_I1_STL1	NaN	NaN	NaN	241	194	NaN	188	219	NaN	118	263	NaN	173	226	NaN	72	327	NaN	72	327	NaN	71	330	NaN	71	330	NaN	66	340	NaN	54	403	NaN	41	884	NaN
sctc_E1R2_4m_I1_CTT1	NaN	NaN	NaN	261	114	NaN	237	123	NaN	226	128	NaN	209	143	NaN	177	198	NaN	175	202	NaN	163	269	NaN	158	315	NaN	138	680	NaN	120	1588	NaN	103	3606	NaN
sctc_E1R2_4m_I2_STL1	NaN	NaN	NaN	109	438	NaN	98	456	NaN	91	468	NaN	88	474	NaN	82	490	NaN	81	493	NaN	74	522	NaN	72	530	NaN	70	540	NaN	61	598	NaN	52	743	NaN
sctc_E1R2_4m_I2_CTT1	NaN	NaN	NaN	277	108	NaN	229	118	NaN	181	185	NaN	186	166	NaN	195	146	NaN	193	147	NaN	168	252	NaN	155	392	NaN	142	700	NaN	127	1400	NaN	113	2833	NaN
sctc_E1R2_4m_I3_STL1	NaN	NaN	NaN	354	118	NaN	284	193	NaN	177	346	NaN	211	301	NaN	78	494	NaN	77	495	NaN	75	499	NaN	73	507	NaN	72	508	NaN	59	569	NaN	45	900	NaN
sctc_E1R2_4m_I3_CTT1	NaN	NaN	NaN	443	8	NaN	402	8	NaN	376	8	NaN	414	8	NaN	142	77	NaN	139	85	NaN	129	127	NaN	125	156	NaN	117	233	NaN	106	432	NaN	94	878	NaN
sctc_E1R2_4m_I4_STL1	NaN	NaN	NaN	285	182	NaN	235	260	NaN	154	381	NaN	178	348	NaN	83	447	NaN	83	447	NaN	76	457	NaN	73	462	NaN	64	478	NaN	47	672	NaN	30	3224	NaN
sctc_E1R2_4m_I4_CTT1	NaN	NaN	NaN	424	6	NaN	385	6	NaN	315	6	NaN	321	6	NaN	135	90	NaN	133	97	NaN	127	131	NaN	126	135	NaN	114	229	NaN	100	489	NaN	86	1187	NaN
sctc_E1R2_50m_I1_STL1	NaN	NaN	NaN	260	98	NaN	228	146	NaN	170	234	NaN	207	177	NaN	66	329	NaN	64	331	NaN	59	335	NaN	56	336	NaN	57	335	NaN	37	412	NaN	17	3158	NaN
sctc_E1R2_50m_I1_CTT1	NaN	NaN	NaN	213	2	NaN	210	2	NaN	204	2	NaN	207	2	NaN	101	60	NaN	98	72	NaN	87	133	NaN	82	194	NaN	79	254	NaN	65	699	NaN	51	1746	NaN
sctc_E1R2_50m_I2_STL1	NaN	NaN	NaN	108	401	NaN	100	404	NaN	92	413	NaN	98	405	NaN	63	430	NaN	60	432	NaN	57	437	NaN	56	437	NaN	52	443	NaN	36	588	NaN	21	2679	NaN
sctc_E1R2_50m_I2_CTT1	NaN	NaN	NaN	320	0	NaN	NaN	NaN	NaN	315	1	NaN	NaN	NaN	NaN	121	135	NaN	118	154	NaN	99	457	NaN	90	742	NaN	94	595	NaN	72	1897	NaN	50	5640	NaN
sctc_E1R2_50m_I3_STL1	NaN	NaN	NaN	286	105	NaN	235	164	NaN	153	255	NaN	220	182	NaN	72	298	NaN	70	298	NaN	63	305	NaN	60	306	NaN	64	305	NaN	48	317	NaN	32	447	NaN
sctc_E1R2_50m_I3_CTT1	NaN	NaN	NaN	5	1392324	NaN	5	1392324	NaN	5	1392324	NaN	5	1392324	NaN	111	131	NaN	109	151	NaN	86	534	NaN	73	1088	NaN	87	498	NaN	59	2254	NaN	32	10645	NaN
sctc_E1R2_55m_I1_STL1	NaN	NaN	NaN	109	1276	NaN	91	1295	NaN	86	1298	NaN	86	1298	NaN	86	1298	NaN	83	1298	NaN	73	1309	NaN	68	1321	NaN	51	1431	NaN	37	2031	NaN	22	8119	NaN
sctc_E1R2_55m_I1_CTT1	NaN	NaN	NaN	249	6	NaN	246	6	NaN	241	6	NaN	242	6	NaN	144	147	NaN	143	149	NaN	129	309	NaN	123	414	NaN	112	782	NaN	95	2097	NaN	77	5610	NaN
sctc_E1R2_55m_I2_STL1	NaN	NaN	NaN	84	1886	NaN	80	1893	NaN	73	1899	NaN	74	1898	NaN	77	1894	NaN	75	1898	NaN	70	1904	NaN	67	1910	NaN	53	1975	NaN	40	2305	NaN	27	4704	NaN
sctc_E1R2_55m_I2_CTT1	NaN	NaN	NaN	495	2	NaN	446	2	NaN	402	4	NaN	443	2	NaN	158	117	NaN	156	126	NaN	149	188	NaN	147	202	NaN	125	647	NaN	107	1717	NaN	90	4148	NaN
sctc_E1R2_55m_I3_STL1	NaN	NaN	NaN	119	1772	NaN	106	1807	NaN	86	1853	NaN	102	1814	NaN	75	1875	NaN	72	1883	NaN	69	1891	NaN	68	1894	NaN	60	1929	NaN	44	2160	NaN	28	4445	NaN
sctc_E1R2_55m_I3_CTT1	NaN	NaN	NaN	428	1	NaN	426	1	NaN	423	1	NaN	423	1	NaN	162	131	NaN	160	142	NaN	145	292	NaN	140	381	NaN	118	1155	NaN	98	3293	NaN	78	8692	NaN
sctc_E1R2_55m_I4_STL1	NaN	NaN	NaN	113	1448	NaN	105	1461	NaN	89	1489	NaN	95	1479	NaN	118	1437	NaN	112	1449	NaN	90	1489	NaN	74	1521	NaN	69	1529	NaN	52	1605	NaN	35	2151	NaN
sctc_E1R2_55m_I4_CTT1	NaN	NaN	NaN	497	1	NaN	496	1	NaN	493	1	NaN	495	1	NaN	161	79	NaN	161	79	NaN	149	150	NaN	147	162	NaN	111	1043	NaN	96	2301	NaN	81	5023	NaN
sctc_E1R2_6m_I1_STL1	NaN	NaN	NaN	227	1496	NaN	194	1563	NaN	146	1637	NaN	182	1580	NaN	94	1746	NaN	90	1754	NaN	79	1812	NaN	75	1826	NaN	56	2027	NaN	48	2265	NaN	40	2918	NaN
sctc_E1R2_6m_I1_CTT1	NaN	NaN	NaN	372	498	NaN	310	520	NaN	234	572	NaN	236	570	NaN	198	634	NaN	193	643	NaN	181	667	NaN	175	695	NaN	119	1900	NaN	105	3277	NaN	91	6070	NaN
sctc_E1R2_6m_I2_STL1	NaN	NaN	NaN	137	2419	NaN	119	2485	NaN	103	2554	NaN	101	2560	NaN	110	2532	NaN	103	2554	NaN	93	2595	NaN	89	2619	NaN	79	2701	NaN	61	2883	NaN	43	3792	NaN
sctc_E1R2_6m_I2_CTT1	NaN	NaN	NaN	274	990	NaN	257	1008	NaN	235	1031	NaN	233	1032	NaN	176	1159	NaN	168	1213	NaN	158	1292	NaN	154	1332	NaN	123	2204	NaN	106	3920	NaN	89	7956	NaN
sctc_E1R2_6m_I3_STL1	NaN	NaN	NaN	100	2519	NaN	91	2554	NaN	87	2571	NaN	93	2548	NaN	85	2581	NaN	88	2565	NaN	85	2581	NaN	85	2581	NaN	72	2670	NaN	58	2856	NaN	45	3365	NaN
sctc_E1R2_6m_I3_CTT1	NaN	NaN	NaN	291	826	NaN	267	842	NaN	239	868	NaN	248	860	NaN	175	1031	NaN	174	1041	NaN	170	1068	NaN	171	1060	NaN	133	1697	NaN	123	2146	NaN	113	2978	NaN
sctc_E1R2_6m_I4_STL1	NaN	NaN	NaN	94	2474	NaN	86	2502	NaN	81	2524	NaN	76	2561	NaN	81	2524	NaN	80	2535	NaN	75	2564	NaN	73	2577	NaN	70	2595	NaN	62	2658	NaN	54	2797	NaN
sctc_E1R2_6m_I4_CTT1	NaN	NaN	NaN	250	759	NaN	230	788	NaN	213	818	NaN	211	826	NaN	184	905	NaN	177	931	NaN	165	1015	NaN	160	1064	NaN	130	1752	NaN	120	2330	NaN	111	3274	NaN
sctc_E1R2_8m_I1_STL1	NaN	NaN	NaN	151	2510	NaN	122	2545	NaN	103	2578	NaN	102	2578	NaN	87	2613	NaN	82	2625	NaN	79	2635	NaN	77	2640	NaN	64	2735	NaN	57	2837	NaN	51	2994	NaN
sctc_E1R2_8m_I1_CTT1	NaN	NaN	NaN	264	1332	NaN	246	1338	NaN	225	1350	NaN	220	1355	NaN	172	1420	NaN	163	1445	NaN	146	1555	NaN	142	1598	NaN	121	1983	NaN	104	2727	NaN	88	4154	NaN
sctc_E1R2_8m_I2_STL1	NaN	NaN	NaN	137	3225	NaN	120	3253	NaN	110	3273	NaN	108	3284	NaN	104	3295	NaN	104	3295	NaN	88	3352	NaN	79	3407	NaN	54	3808	NaN	43	4517	NaN	32	6900	NaN
sctc_E1R2_8m_I2_CTT1	NaN	NaN	NaN	288	1621	NaN	245	1655	NaN	200	1704	NaN	227	1673	NaN	160	1847	NaN	158	1857	NaN	147	1951	NaN	142	2016	NaN	119	2615	NaN	100	3789	NaN	81	6543	NaN
sctc_E1R2_8m_I3_STL1	NaN	NaN	NaN	183	2770	NaN	151	2829	NaN	117	2891	NaN	116	2895	NaN	94	2970	NaN	93	2979	NaN	87	3008	NaN	83	3025	NaN	65	3205	NaN	52	3595	NaN	40	4639	NaN
sctc_E1R2_8m_I3_CTT1	NaN	NaN	NaN	307	1717	NaN	265	1752	NaN	216	1804	NaN	217	1804	NaN	160	1980	NaN	152	2040	NaN	144	2105	NaN	140	2150	NaN	112	2928	NaN	96	4074	NaN	80	6484	NaN
sctc_E1R2_8m_I4_STL1	NaN	NaN	NaN	134	3152	NaN	109	3213	NaN	91	3286	NaN	89	3289	NaN	95	3264	NaN	92	3281	NaN	89	3289	NaN	87	3299	NaN	79	3346	NaN	67	3482	NaN	56	3758	NaN
sctc_E1R2_8m_I4_CTT1	NaN	NaN	NaN	266	1488	NaN	244	1500	NaN	222	1529	NaN	228	1523	NaN	165	1688	NaN	160	1710	NaN	150	1789	NaN	147	1816	NaN	110	2887	NaN	96	4045	NaN	82	6101	NaN
sctc_E2R1_0m_I1_STL1	NaN	NaN	NaN	236	344	NaN	203	361	NaN	149	381	NaN	181	375	NaN	100	401	NaN	95	405	NaN	87	406	NaN	85	415	NaN	64	448	NaN	51	600	NaN	39	1439	NaN
sctc_E2R1_0m_I1_CTT1	NaN	NaN	NaN	383	1	NaN	380	1	NaN	377	1	NaN	380	1	NaN	136	128	NaN	133	144	NaN	129	166	NaN	128	173	NaN	111	421	NaN	94	996	NaN	77	2850	NaN
sctc_E2R1_0m_I2_STL1	NaN	NaN	NaN	159	366	NaN	118	377	NaN	99	380	NaN	94	382	NaN	86	389	NaN	83	389	NaN	79	390	NaN	77	392	NaN	65	407	NaN	57	453	NaN	50	562	NaN
sctc_E2R1_0m_I2_CTT1	NaN	NaN	NaN	409	1	NaN	407	1	NaN	404	1	NaN	404	1	NaN	132	149	NaN	130	156	NaN	128	168	NaN	129	160	NaN	114	332	NaN	102	612	NaN	91	1111	NaN
sctc_E2R1_0m_I3_STL1	NaN	NaN	NaN	249	102	NaN	200	124	NaN	127	135	NaN	142	132	NaN	77	146	NaN	76	146	NaN	71	147	NaN	70	147	NaN	66	148	NaN	52	188	NaN	38	593	NaN
sctc_E2R1_0m_I3_CTT1	NaN	NaN	NaN	419	0	NaN	385	0	NaN	356	1	NaN	376	1	NaN	133	107	NaN	132	108	NaN	122	166	NaN	119	184	NaN	102	387	NaN	84	1087	NaN	65	3364	NaN
sctc_E2R1_0m_I4_STL1	NaN	NaN	NaN	80	192	NaN	71	199	NaN	71	199	NaN	112	185	NaN	70	201	NaN	68	203	NaN	67	204	NaN	66	204	NaN	57	218	NaN	46	313	NaN	35	939	NaN
sctc_E2R1_0m_I4_CTT1	NaN	NaN	NaN	5	1335583	NaN	5	1335583	NaN	5	1335583	NaN	5	1335583	NaN	128	68	NaN	126	72	NaN	115	122	NaN	110	167	NaN	105	214	NaN	72	1664	NaN	39	15898	NaN
sctc_E2R1_10m_I1_STL1	NaN	NaN	NaN	260	11188	NaN	225	14098	NaN	201	16035	NaN	199	16221	NaN	79	22223	NaN	77	22281	NaN	76	22307	NaN	76	22307	NaN	76	22307	NaN	64	22699	NaN	53	23367	NaN
sctc_E2R1_10m_I1_CTT1	NaN	NaN	NaN	192	21736	NaN	174	22116	NaN	149	22681	NaN	136	23111	NaN	199	21604	NaN	214	21329	NaN	158	22477	NaN	136	23111	NaN	116	24059	NaN	97	25488	NaN	78	28498	NaN
sctc_E2R1_10m_I2_STL1	NaN	NaN	NaN	215	12422	NaN	193	13447	NaN	153	14990	NaN	153	14990	NaN	111	16252	NaN	111	16252	NaN	103	16449	NaN	98	16579	NaN	85	17028	NaN	77	17396	NaN	68	17898	NaN
sctc_E2R1_10m_I2_CTT1	NaN	NaN	NaN	261	14644	NaN	243	15056	NaN	211	15686	NaN	200	15882	NaN	157	16859	NaN	158	16836	NaN	138	17539	NaN	131	17870	NaN	103	20088	NaN	81	24125	NaN	59	34636	NaN
sctc_E2R1_10m_I3_STL1	NaN	NaN	NaN	126	22309	NaN	121	22416	NaN	112	22591	NaN	107	22686	NaN	109	22646	NaN	110	22625	NaN	105	22733	NaN	102	22814	NaN	89	23271	NaN	73	24218	NaN	57	26774	NaN
sctc_E2R1_10m_I3_CTT1	NaN	NaN	NaN	252	21057	NaN	211	22095	NaN	165	23398	NaN	139	24607	NaN	167	23329	NaN	167	23329	NaN	156	23744	NaN	153	23877	NaN	116	26674	NaN	91	31769	NaN	66	43840	NaN
sctc_E2R1_10m_I4_STL1	NaN	NaN	NaN	131	16898	NaN	123	16979	NaN	108	17156	NaN	105	17183	NaN	113	17093	NaN	112	17105	NaN	109	17145	NaN	106	17176	NaN	58	19473	NaN	43	24113	NaN	29	37701	NaN
sctc_E2R1_10m_I4_CTT1	NaN	NaN	NaN	206	16895	NaN	178	17425	NaN	148	18272	NaN	141	18554	NaN	157	17949	NaN	146	18351	NaN	134	18861	NaN	130	19082	NaN	107	21003	NaN	88	24297	NaN	69	31528	NaN
sctc_E2R1_15m_I1_STL1	NaN	NaN	NaN	244	20101	NaN	219	21809	NaN	176	24066	NaN	172	24266	NaN	87	26421	NaN	86	26436	NaN	83	26490	NaN	83	26490	NaN	79	26584	NaN	71	26760	NaN	62	27116	NaN
sctc_E2R1_15m_I1_CTT1	NaN	NaN	NaN	286	22445	NaN	253	23513	NaN	197	24956	NaN	208	24701	NaN	142	26070	NaN	134	26233	NaN	120	26641	NaN	110	27019	NaN	90	28200	NaN	79	29369	NaN	67	31532	NaN
sctc_E2R1_15m_I2_STL1	NaN	NaN	NaN	164	38771	NaN	146	39549	NaN	118	40387	NaN	116	40441	NaN	106	40706	NaN	105	40737	NaN	104	40771	NaN	103	40803	NaN	96	41032	NaN	90	41269	NaN	84	41544	NaN
sctc_E2R1_15m_I2_CTT1	NaN	NaN	NaN	256	36770	NaN	216	38653	NaN	165	40666	NaN	154	41200	NaN	149	41480	NaN	146	41638	NaN	134	42456	NaN	128	42967	NaN	103	46325	NaN	80	52558	NaN	57	64915	NaN
sctc_E2R1_15m_I3_STL1	NaN	NaN	NaN	214	29936	NaN	184	32236	NaN	136	34705	NaN	110	35449	NaN	107	35539	NaN	104	35625	NaN	100	35749	NaN	97	35827	NaN	70	37516	NaN	54	41425	NaN	39	52925	NaN
sctc_E2R1_15m_I3_CTT1	NaN	NaN	NaN	183	35182	NaN	154	36377	NaN	129	37858	NaN	115	39250	NaN	168	35735	NaN	166	35812	NaN	159	36120	NaN	156	36275	NaN	118	38888	NaN	101	41443	NaN	84	46389	NaN
sctc_E2R1_15m_I4_STL1	NaN	NaN	NaN	250	19729	NaN	217	22065	NaN	161	24945	NaN	160	24987	NaN	83	27027	NaN	84	27008	NaN	82	27044	NaN	81	27069	NaN	75	27218	NaN	64	27618	NaN	53	28408	NaN
sctc_E2R1_15m_I4_CTT1	NaN	NaN	NaN	134	27204	NaN	127	27414	NaN	119	27707	NaN	110	28072	NaN	124	27530	NaN	119	27707	NaN	100	28705	NaN	89	29575	NaN	88	29684	NaN	75	31452	NaN	62	34749	NaN
sctc_E2R1_15m_I5_STL1	NaN	NaN	NaN	188	29122	NaN	163	30304	NaN	127	31389	NaN	125	31438	NaN	102	31990	NaN	102	31990	NaN	100	32036	NaN	99	32056	NaN	89	32319	NaN	79	32735	NaN	69	33448	NaN
sctc_E2R1_15m_I5_CTT1	NaN	NaN	NaN	162	31328	NaN	140	32143	NaN	122	33020	NaN	119	33201	NaN	148	31810	NaN	146	31891	NaN	144	31965	NaN	144	31965	NaN	100	35007	NaN	80	38849	NaN	60	46510	NaN
sctc_E2R1_15m_I6_STL1	NaN	NaN	NaN	129	10403	NaN	119	10489	NaN	104	10654	NaN	99	10718	NaN	109	10602	NaN	108	10612	NaN	106	10630	NaN	104	10654	NaN	73	11274	NaN	62	11892	NaN	52	13244	NaN
sctc_E2R1_15m_I6_CTT1	NaN	NaN	NaN	166	10954	NaN	149	11188	NaN	131	11507	NaN	128	11569	NaN	138	11368	NaN	135	11424	NaN	127	11593	NaN	123	11694	NaN	103	12411	NaN	92	13116	NaN	81	14217	NaN
sctc_E2R1_15m_I7_STL1	NaN	NaN	NaN	142	19488	NaN	130	19741	NaN	110	20082	NaN	105	20155	NaN	105	20155	NaN	101	20219	NaN	96	20318	NaN	93	20374	NaN	67	21418	NaN	54	22922	NaN	41	26676	NaN
sctc_E2R1_15m_I7_CTT1	NaN	NaN	NaN	151	19787	NaN	122	20725	NaN	104	21788	NaN	87	23569	NaN	141	20057	NaN	138	20138	NaN	129	20445	NaN	124	20633	NaN	112	21255	NaN	93	22773	NaN	74	26077	NaN
sctc_E2R1_15m_I8_STL1	NaN	NaN	NaN	135	9085	NaN	124	9243	NaN	109	9481	NaN	105	9549	NaN	109	9481	NaN	108	9500	NaN	105	9549	NaN	103	9585	NaN	99	9652	NaN	92	9809	NaN	84	10054	NaN
sctc_E2R1_15m_I8_CTT1	NaN	NaN	NaN	185	9315	NaN	159	9898	NaN	135	10702	NaN	176	9511	NaN	152	10104	NaN	149	10187	NaN	141	10471	NaN	138	10587	NaN	107	12518	NaN	95	13945	NaN	82	16318	NaN
sctc_E2R1_15m_I9_STL1	NaN	NaN	NaN	252	23402	NaN	222	26198	NaN	170	30103	NaN	166	30325	NaN	88	33108	NaN	86	33153	NaN	84	33201	NaN	82	33255	NaN	79	33345	NaN	68	33767	NaN	56	34669	NaN
sctc_E2R1_15m_I9_CTT1	NaN	NaN	NaN	213	32308	NaN	168	33855	NaN	119	35570	NaN	80	39417	NaN	121	35464	NaN	113	35902	NaN	105	36387	NaN	103	36529	NaN	95	37288	NaN	77	40055	NaN	58	45111	NaN
sctc_E2R1_1m_I1_STL1	NaN	NaN	NaN	100	245	NaN	94	245	NaN	84	251	NaN	107	242	NaN	93	246	NaN	89	250	NaN	77	253	NaN	70	255	NaN	53	319	NaN	41	826	NaN	29	5303	NaN
sctc_E2R1_1m_I1_CTT1	NaN	NaN	NaN	379	1	NaN	340	1	NaN	313	2	NaN	337	1	NaN	134	254	NaN	135	242	NaN	120	402	NaN	115	495	NaN	96	1044	NaN	73	3707	NaN	49	19391	NaN
sctc_E2R1_1m_I2_STL1	NaN	NaN	NaN	391	31	NaN	325	50	NaN	203	115	NaN	288	72	NaN	74	175	NaN	72	177	NaN	70	179	NaN	69	182	NaN	71	178	NaN	55	201	NaN	38	429	NaN
sctc_E2R1_1m_I2_CTT1	NaN	NaN	NaN	385	0	NaN	349	0	NaN	316	2	NaN	339	1	NaN	117	206	NaN	116	211	NaN	108	295	NaN	106	318	NaN	102	367	NaN	78	994	NaN	55	4509	NaN
sctc_E2R1_1m_I3_STL1	NaN	NaN	NaN	112	410	NaN	93	417	NaN	81	422	NaN	79	423	NaN	78	426	NaN	74	430	NaN	72	435	NaN	70	437	NaN	63	443	NaN	53	504	NaN	42	962	NaN
sctc_E2R1_1m_I3_CTT1	NaN	NaN	NaN	370	0	NaN	363	0	NaN	351	0	NaN	351	0	NaN	135	358	NaN	135	358	NaN	126	487	NaN	125	507	NaN	116	659	NaN	99	1333	NaN	81	3343	NaN
sctc_E2R1_1m_I4_STL1	NaN	NaN	NaN	130	521	NaN	96	536	NaN	87	537	NaN	80	549	NaN	80	549	NaN	79	551	NaN	70	567	NaN	66	577	NaN	66	577	NaN	59	603	NaN	53	675	NaN
sctc_E2R1_1m_I4_CTT1	NaN	NaN	NaN	381	1	NaN	369	1	NaN	355	1	NaN	367	1	NaN	134	343	NaN	133	356	NaN	128	417	NaN	128	417	NaN	108	872	NaN	87	2326	NaN	66	8590	NaN
sctc_E2R1_1m_I5_STL1	NaN	NaN	NaN	349	104	NaN	280	204	NaN	175	398	NaN	214	346	NaN	76	484	NaN	77	484	NaN	74	487	NaN	72	489	NaN	63	496	NaN	48	623	NaN	34	2244	NaN
sctc_E2R1_1m_I5_CTT1	NaN	NaN	NaN	395	0	NaN	357	0	NaN	323	1	NaN	344	0	NaN	133	281	NaN	134	276	NaN	131	302	NaN	132	295	NaN	114	554	NaN	89	1536	NaN	64	6677	NaN
sctc_E2R1_1m_I6_STL1	NaN	NaN	NaN	550	0	NaN	491	7	NaN	355	37	NaN	492	7	NaN	76	189	NaN	75	189	NaN	72	190	NaN	71	190	NaN	69	190	NaN	58	201	NaN	48	268	NaN
sctc_E2R1_1m_I6_CTT1	NaN	NaN	NaN	404	0	NaN	368	1	NaN	344	1	NaN	367	1	NaN	119	210	NaN	118	221	NaN	114	251	NaN	114	251	NaN	106	348	NaN	90	686	NaN	74	1655	NaN
sctc_E2R1_20m_I1_STL1	NaN	NaN	NaN	137	27708	NaN	125	28115	NaN	108	28787	NaN	101	29164	NaN	123	28190	NaN	121	28264	NaN	116	28435	NaN	115	28478	NaN	102	29102	NaN	93	29823	NaN	83	30929	NaN
sctc_E2R1_20m_I1_CTT1	NaN	NaN	NaN	220	25757	NaN	184	26919	NaN	150	28547	NaN	144	28988	NaN	171	27427	NaN	166	27629	NaN	151	28486	NaN	145	28915	NaN	115	32139	NaN	98	35580	NaN	82	40661	NaN
sctc_E2R1_20m_I2_STL1	NaN	NaN	NaN	208	37046	NaN	181	40013	NaN	138	43440	NaN	144	43053	NaN	112	44842	NaN	113	44794	NaN	110	44938	NaN	110	44938	NaN	104	45213	NaN	95	45770	NaN	86	46553	NaN
sctc_E2R1_20m_I2_CTT1	NaN	NaN	NaN	137	44872	NaN	91	54643	NaN	95	53291	NaN	86	56591	NaN	170	42101	NaN	166	42372	NaN	156	43091	NaN	153	43334	NaN	125	46430	NaN	111	49030	NaN	97	52646	NaN
sctc_E2R1_20m_I3_STL1	NaN	NaN	NaN	182	27948	NaN	159	30617	NaN	119	34420	NaN	118	34485	NaN	102	35607	NaN	99	35769	NaN	94	36108	NaN	91	36319	NaN	80	37137	NaN	64	38864	NaN	47	44690	NaN
sctc_E2R1_20m_I3_CTT1	NaN	NaN	NaN	188	33845	NaN	161	35095	NaN	136	36925	NaN	117	39157	NaN	159	35200	NaN	154	35505	NaN	145	36098	NaN	143	36271	NaN	106	41069	NaN	92	44282	NaN	79	48683	NaN
sctc_E2R1_20m_I4_STL1	NaN	NaN	NaN	163	28833	NaN	149	29304	NaN	128	30002	NaN	154	29142	NaN	131	29909	NaN	132	29862	NaN	125	30098	NaN	121	30271	NaN	108	30822	NaN	96	31603	NaN	85	32738	NaN
sctc_E2R1_20m_I4_CTT1	NaN	NaN	NaN	187	26987	NaN	150	28704	NaN	128	30651	NaN	111	33185	NaN	170	27654	NaN	169	27700	NaN	164	27942	NaN	163	27998	NaN	130	30416	NaN	110	33369	NaN	90	38730	NaN
sctc_E2R1_20m_I5_STL1	NaN	NaN	NaN	174	19963	NaN	149	23385	NaN	110	28562	NaN	109	28666	NaN	73	32628	NaN	73	32628	NaN	72	32739	NaN	71	32858	NaN	72	32739	NaN	59	34237	NaN	46	37344	NaN
sctc_E2R1_20m_I5_CTT1	NaN	NaN	NaN	213	29786	NaN	174	31207	NaN	139	33083	NaN	122	34651	NaN	177	31085	NaN	171	31310	NaN	145	32666	NaN	138	33158	NaN	123	34533	NaN	94	39608	NaN	65	51337	NaN
sctc_E2R1_25m_I1_STL1	NaN	NaN	NaN	146	37319	NaN	128	39635	NaN	101	42776	NaN	99	43012	NaN	114	41366	NaN	120	40601	NaN	110	41842	NaN	104	42455	NaN	64	47858	NaN	51	52188	NaN	37	64331	NaN
sctc_E2R1_25m_I1_CTT1	NaN	NaN	NaN	219	30365	NaN	182	31023	NaN	153	31769	NaN	158	31616	NaN	169	31311	NaN	165	31425	NaN	153	31769	NaN	148	31938	NaN	120	33573	NaN	99	36088	NaN	77	40500	NaN
sctc_E2R1_25m_I2_STL1	NaN	NaN	NaN	166	38730	NaN	145	40542	NaN	112	42660	NaN	110	42780	NaN	109	42830	NaN	110	42780	NaN	105	43057	NaN	102	43221	NaN	71	45663	NaN	58	48658	NaN	45	57135	NaN
sctc_E2R1_25m_I2_CTT1	NaN	NaN	NaN	229	28357	NaN	185	29025	NaN	147	29993	NaN	139	30316	NaN	168	29385	NaN	160	29566	NaN	149	29922	NaN	143	30144	NaN	121	31411	NaN	104	33280	NaN	86	36966	NaN
sctc_E2R1_25m_I3_STL1	NaN	NaN	NaN	156	39054	NaN	139	40123	NaN	112	41419	NaN	96	42150	NaN	107	41635	NaN	103	41798	NaN	101	41898	NaN	98	42046	NaN	73	44019	NaN	61	46848	NaN	50	53122	NaN
sctc_E2R1_25m_I3_CTT1	NaN	NaN	NaN	239	27730	NaN	195	28404	NaN	154	29348	NaN	121	31094	NaN	157	29255	NaN	159	29199	NaN	151	29453	NaN	149	29515	NaN	96	34571	NaN	74	40775	NaN	52	58059	NaN
sctc_E2R1_25m_I4_STL1	NaN	NaN	NaN	183	25235	NaN	156	28116	NaN	118	32428	NaN	143	29570	NaN	94	35418	NaN	96	35159	NaN	93	35549	NaN	92	35674	NaN	80	37363	NaN	66	39853	NaN	51	44229	NaN
sctc_E2R1_25m_I4_CTT1	NaN	NaN	NaN	198	27503	NaN	163	28264	NaN	138	29110	NaN	139	29065	NaN	162	28295	NaN	164	28232	NaN	153	28556	NaN	148	28719	NaN	120	30196	NaN	107	31538	NaN	94	33817	NaN
sctc_E2R1_2m_I1_STL1	NaN	NaN	NaN	77	116	NaN	74	116	NaN	73	117	NaN	121	112	NaN	73	117	NaN	72	117	NaN	70	118	NaN	69	118	NaN	59	129	NaN	48	194	NaN	36	761	NaN
sctc_E2R1_2m_I1_CTT1	NaN	NaN	NaN	237	1	NaN	NaN	NaN	NaN	235	1	NaN	NaN	NaN	NaN	126	87	NaN	126	87	NaN	116	139	NaN	113	156	NaN	96	390	NaN	81	934	NaN	65	2820	NaN
sctc_E2R1_2m_I2_STL1	NaN	NaN	NaN	499	7	NaN	447	19	NaN	332	67	NaN	440	21	NaN	72	142	NaN	71	143	NaN	68	145	NaN	67	146	NaN	69	143	NaN	60	154	NaN	51	205	NaN
sctc_E2R1_2m_I2_CTT1	NaN	NaN	NaN	498	2	NaN	496	2	NaN	493	2	NaN	493	2	NaN	143	77	NaN	140	86	NaN	120	161	NaN	112	235	NaN	107	306	NaN	95	573	NaN	82	1265	NaN
sctc_E2R1_2m_I3_STL1	NaN	NaN	NaN	78	412	NaN	75	415	NaN	71	417	NaN	72	415	NaN	77	414	NaN	76	415	NaN	74	415	NaN	72	415	NaN	59	433	NaN	50	528	NaN	42	956	NaN
sctc_E2R1_2m_I3_CTT1	NaN	NaN	NaN	484	23	NaN	433	27	NaN	313	38	NaN	352	34	NaN	142	154	NaN	141	160	NaN	134	203	NaN	133	212	NaN	115	387	NaN	108	504	NaN	100	750	NaN
sctc_E2R1_2m_I4_STL1	NaN	NaN	NaN	348	83	NaN	281	123	NaN	178	165	NaN	214	153	NaN	79	182	NaN	77	182	NaN	73	182	NaN	71	186	NaN	66	190	NaN	52	242	NaN	39	661	NaN
sctc_E2R1_2m_I4_CTT1	NaN	NaN	NaN	5	1326492	NaN	5	1326492	NaN	5	1326492	NaN	5	1326492	NaN	119	98	NaN	118	101	NaN	108	186	NaN	105	213	NaN	110	163	NaN	85	774	NaN	60	4707	NaN
sctc_E2R1_30m_I1_STL1	NaN	NaN	NaN	193	9671	NaN	171	10145	NaN	136	10752	NaN	120	11011	NaN	111	11170	NaN	109	11200	NaN	104	11287	NaN	101	11352	NaN	86	11779	NaN	70	12731	NaN	54	15413	NaN
sctc_E2R1_30m_I1_CTT1	NaN	NaN	NaN	214	3145	NaN	194	3258	NaN	162	3437	NaN	171	3386	NaN	120	3683	NaN	116	3709	NaN	109	3771	NaN	105	3818	NaN	96	3946	NaN	82	4298	NaN	68	5043	NaN
sctc_E2R1_30m_I2_STL1	NaN	NaN	NaN	204	12502	NaN	184	13202	NaN	151	14287	NaN	134	14731	NaN	137	14660	NaN	136	14675	NaN	122	14997	NaN	114	15216	NaN	99	15675	NaN	90	16055	NaN	80	16675	NaN
sctc_E2R1_30m_I2_CTT1	NaN	NaN	NaN	166	4753	NaN	155	4846	NaN	137	5008	NaN	138	5000	NaN	126	5136	NaN	123	5176	NaN	114	5301	NaN	110	5343	NaN	80	6274	NaN	69	7179	NaN	58	9101	NaN
sctc_E2R1_30m_I3_STL1	NaN	NaN	NaN	192	8465	NaN	175	8817	NaN	144	9357	NaN	146	9330	NaN	106	9916	NaN	105	9939	NaN	99	10038	NaN	95	10107	NaN	78	10523	NaN	63	11435	NaN	48	13931	NaN
sctc_E2R1_30m_I3_CTT1	NaN	NaN	NaN	317	1906	NaN	259	2295	NaN	175	2761	NaN	192	2672	NaN	128	3027	NaN	127	3030	NaN	116	3120	NaN	112	3152	NaN	70	4377	NaN	58	5733	NaN	46	8835	NaN
sctc_E2R1_30m_I4_STL1	NaN	NaN	NaN	195	8523	NaN	180	8801	NaN	153	9236	NaN	162	9110	NaN	108	9773	NaN	105	9810	NaN	98	9902	NaN	95	9941	NaN	85	10104	NaN	76	10320	NaN	68	10658	NaN
sctc_E2R1_30m_I4_CTT1	NaN	NaN	NaN	133	3391	NaN	125	3440	NaN	118	3492	NaN	113	3539	NaN	122	3468	NaN	124	3451	NaN	115	3517	NaN	113	3539	NaN	81	4158	NaN	67	4942	NaN	53	7106	NaN
sctc_E2R1_35m_I1_STL1	NaN	NaN	NaN	155	7388	NaN	146	7434	NaN	131	7480	NaN	137	7465	NaN	132	7479	NaN	126	7508	NaN	116	7557	NaN	113	7572	NaN	70	8477	NaN	57	9569	NaN	45	12099	NaN
sctc_E2R1_35m_I1_CTT1	NaN	NaN	NaN	271	557	NaN	239	568	NaN	193	595	NaN	205	587	NaN	140	673	NaN	136	685	NaN	127	717	NaN	124	738	NaN	100	1013	NaN	85	1532	NaN	69	2873	NaN
sctc_E2R1_35m_I2_STL1	NaN	NaN	NaN	178	13013	NaN	162	13200	NaN	136	13449	NaN	132	13498	NaN	129	13521	NaN	127	13529	NaN	118	13618	NaN	115	13642	NaN	56	17327	NaN	43	22786	NaN	30	37036	NaN
sctc_E2R1_35m_I2_CTT1	NaN	NaN	NaN	198	1306	NaN	178	1348	NaN	158	1398	NaN	174	1355	NaN	135	1503	NaN	131	1528	NaN	124	1591	NaN	122	1611	NaN	115	1707	NaN	103	1994	NaN	91	2517	NaN
sctc_E2R1_35m_I3_STL1	NaN	NaN	NaN	187	11621	NaN	167	11865	NaN	137	12126	NaN	143	12081	NaN	115	12338	NaN	113	12364	NaN	107	12432	NaN	104	12481	NaN	96	12627	NaN	83	13014	NaN	70	13775	NaN
sctc_E2R1_35m_I3_CTT1	NaN	NaN	NaN	192	1294	NaN	178	1314	NaN	160	1349	NaN	157	1358	NaN	136	1422	NaN	135	1427	NaN	127	1477	NaN	124	1496	NaN	100	1885	NaN	83	2877	NaN	66	5725	NaN
sctc_E2R1_35m_I4_STL1	NaN	NaN	NaN	122	17598	NaN	118	17644	NaN	112	17713	NaN	106	17787	NaN	111	17730	NaN	109	17752	NaN	105	17801	NaN	104	17816	NaN	86	18324	NaN	71	19193	NaN	56	21504	NaN
sctc_E2R1_35m_I4_CTT1	NaN	NaN	NaN	273	1353	NaN	238	1416	NaN	196	1510	NaN	201	1500	NaN	148	1685	NaN	146	1701	NaN	139	1748	NaN	137	1766	NaN	112	2131	NaN	102	2516	NaN	91	3259	NaN
sctc_E2R1_40m_I1_STL1	NaN	NaN	NaN	129	5877	NaN	122	5908	NaN	111	5955	NaN	128	5879	NaN	112	5952	NaN	111	5955	NaN	105	5989	NaN	100	6014	NaN	77	6310	NaN	59	7070	NaN	41	9719	NaN
sctc_E2R1_40m_I1_CTT1	NaN	NaN	NaN	517	0	NaN	470	58	NaN	409	72	NaN	437	66	NaN	131	188	NaN	128	198	NaN	122	219	NaN	121	224	NaN	111	302	NaN	98	548	NaN	86	1021	NaN
sctc_E2R1_40m_I2_STL1	NaN	NaN	NaN	129	6554	NaN	123	6582	NaN	112	6645	NaN	114	6631	NaN	115	6629	NaN	109	6664	NaN	100	6704	NaN	95	6753	NaN	81	6921	NaN	68	7245	NaN	54	8078	NaN
sctc_E2R1_40m_I2_CTT1	NaN	NaN	NaN	414	108	NaN	349	135	NaN	252	167	NaN	311	153	NaN	137	261	NaN	134	266	NaN	129	283	NaN	127	286	NaN	110	393	NaN	91	830	NaN	71	2423	NaN
sctc_E2R1_40m_I3_STL1	NaN	NaN	NaN	127	5945	NaN	119	5964	NaN	108	6021	NaN	112	5996	NaN	114	5983	NaN	108	6021	NaN	100	6052	NaN	96	6075	NaN	62	6661	NaN	49	7635	NaN	37	9943	NaN
sctc_E2R1_40m_I3_CTT1	NaN	NaN	NaN	483	45	NaN	439	56	NaN	393	69	NaN	423	62	NaN	144	162	NaN	140	170	NaN	124	228	NaN	115	294	NaN	102	502	NaN	84	1214	NaN	65	3730	NaN
sctc_E2R1_40m_I4_STL1	NaN	NaN	NaN	155	9397	NaN	138	9545	NaN	113	9778	NaN	107	9830	NaN	103	9867	NaN	105	9849	NaN	101	9894	NaN	100	9908	NaN	81	10184	NaN	66	10752	NaN	50	12348	NaN
sctc_E2R1_40m_I4_CTT1	NaN	NaN	NaN	540	0	NaN	478	92	NaN	431	118	NaN	476	92	NaN	150	269	NaN	147	281	NaN	134	346	NaN	129	378	NaN	104	816	NaN	90	1600	NaN	77	3426	NaN
sctc_E2R1_45m_I1_STL1	NaN	NaN	NaN	212	3455	NaN	192	3602	NaN	159	3802	NaN	170	3744	NaN	96	4044	NaN	94	4047	NaN	87	4073	NaN	82	4088	NaN	72	4156	NaN	59	4323	NaN	45	4829	NaN
sctc_E2R1_45m_I1_CTT1	NaN	NaN	NaN	256	69	NaN	232	75	NaN	209	78	NaN	209	78	NaN	126	204	NaN	126	204	NaN	115	267	NaN	110	307	NaN	88	776	NaN	73	1789	NaN	58	4529	NaN
sctc_E2R1_45m_I2_STL1	NaN	NaN	NaN	99	5382	NaN	93	5410	NaN	85	5455	NaN	82	5476	NaN	82	5476	NaN	79	5494	NaN	73	5539	NaN	71	5553	NaN	59	5713	NaN	47	6133	NaN	36	7389	NaN
sctc_E2R1_45m_I2_CTT1	NaN	NaN	NaN	400	28	NaN	372	33	NaN	322	38	NaN	354	35	NaN	143	100	NaN	141	104	NaN	133	117	NaN	133	117	NaN	96	506	NaN	81	1240	NaN	66	3317	NaN
sctc_E2R1_45m_I3_STL1	NaN	NaN	NaN	122	5789	NaN	112	5827	NaN	96	5892	NaN	93	5901	NaN	93	5901	NaN	92	5907	NaN	89	5916	NaN	88	5921	NaN	80	5988	NaN	70	6113	NaN	60	6309	NaN
sctc_E2R1_45m_I3_CTT1	NaN	NaN	NaN	500	8	NaN	453	9	NaN	405	10	NaN	404	11	NaN	135	128	NaN	134	130	NaN	123	178	NaN	118	200	NaN	110	260	NaN	99	417	NaN	88	773	NaN
sctc_E2R1_45m_I4_STL1	NaN	NaN	NaN	88	4951	NaN	84	4970	NaN	82	4982	NaN	83	4980	NaN	83	4980	NaN	82	4982	NaN	80	4990	NaN	79	4999	NaN	78	5006	NaN	67	5114	NaN	57	5332	NaN
sctc_E2R1_45m_I4_CTT1	NaN	NaN	NaN	401	18	NaN	369	18	NaN	332	22	NaN	352	20	NaN	118	153	NaN	116	160	NaN	110	191	NaN	107	217	NaN	109	199	NaN	98	340	NaN	87	657	NaN
sctc_E2R1_4m_I1_STL1	NaN	NaN	NaN	229	146	NaN	179	162	NaN	113	181	NaN	139	172	NaN	67	223	NaN	66	227	NaN	65	228	NaN	65	228	NaN	58	242	NaN	45	387	NaN	32	1621	NaN
sctc_E2R1_4m_I1_CTT1	NaN	NaN	NaN	530	0	NaN	472	15	NaN	432	17	NaN	466	15	NaN	134	87	NaN	132	91	NaN	122	122	NaN	118	143	NaN	108	203	NaN	94	391	NaN	80	903	NaN
sctc_E2R1_4m_I2_STL1	NaN	NaN	NaN	447	12	NaN	382	22	NaN	266	59	NaN	339	37	NaN	79	94	NaN	76	96	NaN	68	99	NaN	63	99	NaN	61	100	NaN	52	112	NaN	43	170	NaN
sctc_E2R1_4m_I2_CTT1	NaN	NaN	NaN	504	0	NaN	426	8	NaN	338	11	NaN	344	11	NaN	116	110	NaN	112	125	NaN	102	188	NaN	98	218	NaN	92	281	NaN	80	559	NaN	67	1169	NaN
sctc_E2R1_4m_I3_STL1	NaN	NaN	NaN	288	24	NaN	NaN	NaN	NaN	230	42	NaN	NaN	NaN	NaN	77	70	NaN	77	70	NaN	70	75	NaN	67	75	NaN	67	75	NaN	54	89	NaN	41	201	NaN
sctc_E2R1_4m_I3_CTT1	NaN	NaN	NaN	562	0	NaN	495	15	NaN	453	18	NaN	491	15	NaN	134	91	NaN	135	90	NaN	102	246	NaN	97	293	NaN	90	379	NaN	82	574	NaN	74	871	NaN
sctc_E2R1_4m_I4_STL1	NaN	NaN	NaN	437	28	NaN	378	42	NaN	256	93	NaN	330	58	NaN	74	184	NaN	72	184	NaN	68	186	NaN	67	187	NaN	69	186	NaN	54	226	NaN	40	516	NaN
sctc_E2R1_4m_I4_CTT1	NaN	NaN	NaN	543	0	NaN	484	9	NaN	442	11	NaN	481	9	NaN	120	114	NaN	119	118	NaN	112	152	NaN	111	160	NaN	99	258	NaN	89	394	NaN	79	705	NaN
sctc_E2R1_50m_I1_STL1	NaN	NaN	NaN	125	1905	NaN	112	1941	NaN	91	1999	NaN	96	1989	NaN	82	2021	NaN	81	2024	NaN	75	2040	NaN	71	2057	NaN	69	2059	NaN	54	2217	NaN	40	2766	NaN
sctc_E2R1_50m_I1_CTT1	NaN	NaN	NaN	475	1	NaN	473	1	NaN	470	1	NaN	470	1	NaN	118	61	NaN	116	70	NaN	103	136	NaN	102	139	NaN	93	217	NaN	79	566	NaN	65	1500	NaN
sctc_E2R1_50m_I2_STL1	NaN	NaN	NaN	137	3672	NaN	121	3815	NaN	96	4047	NaN	114	3874	NaN	89	4112	NaN	84	4153	NaN	77	4223	NaN	75	4241	NaN	45	5056	NaN	30	8308	NaN	14	45421	NaN
sctc_E2R1_50m_I2_CTT1	NaN	NaN	NaN	469	5	NaN	405	8	NaN	341	14	NaN	341	14	NaN	139	94	NaN	141	89	NaN	127	131	NaN	119	187	NaN	112	261	NaN	100	469	NaN	87	969	NaN
sctc_E2R1_50m_I3_STL1	NaN	NaN	NaN	165	2367	NaN	147	2504	NaN	114	2681	NaN	106	2714	NaN	98	2740	NaN	95	2756	NaN	85	2791	NaN	79	2805	NaN	62	2873	NaN	42	3253	NaN	23	8972	NaN
sctc_E2R1_50m_I3_CTT1	NaN	NaN	NaN	516	0	NaN	457	4	NaN	413	8	NaN	448	5	NaN	126	112	NaN	121	130	NaN	107	208	NaN	102	266	NaN	103	253	NaN	90	486	NaN	76	1155	NaN
sctc_E2R1_50m_I4_STL1	NaN	NaN	NaN	147	1606	NaN	131	1953	NaN	115	2307	NaN	129	1993	NaN	59	3597	NaN	61	3548	NaN	56	3681	NaN	54	3724	NaN	60	3571	NaN	42	4037	NaN	23	6906	NaN
sctc_E2R1_50m_I4_CTT1	NaN	NaN	NaN	465	1	NaN	463	1	NaN	460	1	NaN	460	1	NaN	126	98	NaN	123	119	NaN	116	165	NaN	112	188	NaN	109	228	NaN	93	469	NaN	77	1115	NaN
sctc_E2R1_55m_I1_STL1	NaN	NaN	NaN	157	2287	NaN	135	2378	NaN	102	2458	NaN	91	2491	NaN	90	2494	NaN	84	2516	NaN	76	2534	NaN	73	2547	NaN	54	2756	NaN	37	3489	NaN	21	10584	NaN
sctc_E2R1_55m_I1_CTT1	NaN	NaN	NaN	462	2	NaN	405	3	NaN	349	5	NaN	342	5	NaN	122	44	NaN	123	42	NaN	112	64	NaN	109	74	NaN	80	352	NaN	66	859	NaN	52	2367	NaN
sctc_E2R1_55m_I2_STL1	NaN	NaN	NaN	197	2575	NaN	178	2698	NaN	144	2907	NaN	140	2927	NaN	81	3178	NaN	78	3195	NaN	71	3226	NaN	66	3281	NaN	66	3281	NaN	55	3431	NaN	44	3847	NaN
sctc_E2R1_55m_I2_CTT1	NaN	NaN	NaN	356	10	NaN	NaN	NaN	NaN	305	13	NaN	NaN	NaN	NaN	116	82	NaN	113	93	NaN	107	121	NaN	105	131	NaN	99	173	NaN	86	320	NaN	73	710	NaN
sctc_E2R1_55m_I3_STL1	NaN	NaN	NaN	163	2941	NaN	150	3009	NaN	125	3105	NaN	124	3113	NaN	94	3219	NaN	91	3237	NaN	85	3272	NaN	82	3286	NaN	69	3374	NaN	53	3652	NaN	37	4928	NaN
sctc_E2R1_55m_I3_CTT1	NaN	NaN	NaN	532	0	NaN	469	7	NaN	407	10	NaN	405	10	NaN	109	100	NaN	107	104	NaN	103	115	NaN	102	118	NaN	96	163	NaN	85	294	NaN	75	520	NaN
sctc_E2R1_55m_I4_STL1	NaN	NaN	NaN	195	3055	NaN	173	3211	NaN	135	3431	NaN	132	3446	NaN	95	3602	NaN	95	3602	NaN	83	3644	NaN	77	3676	NaN	69	3740	NaN	57	3914	NaN	44	4351	NaN
sctc_E2R1_55m_I4_CTT1	NaN	NaN	NaN	493	15	NaN	494	15	NaN	322	37	NaN	438	21	NaN	133	95	NaN	132	99	NaN	112	155	NaN	105	195	NaN	92	338	NaN	82	590	NaN	71	1142	NaN
sctc_E2R1_6m_I1_STL1	NaN	NaN	NaN	130	1063	NaN	113	1104	NaN	93	1148	NaN	137	1051	NaN	75	1215	NaN	74	1220	NaN	69	1237	NaN	67	1254	NaN	64	1287	NaN	54	1425	NaN	44	1700	NaN
sctc_E2R1_6m_I1_CTT1	NaN	NaN	NaN	146	941	NaN	140	962	NaN	136	970	NaN	134	977	NaN	133	980	NaN	136	970	NaN	129	1002	NaN	127	1011	NaN	85	1648	NaN	71	2586	NaN	56	5211	NaN
sctc_E2R1_6m_I2_STL1	NaN	NaN	NaN	110	1345	NaN	100	1363	NaN	84	1415	NaN	88	1395	NaN	76	1446	NaN	72	1454	NaN	67	1480	NaN	65	1488	NaN	67	1480	NaN	56	1551	NaN	45	1752	NaN
sctc_E2R1_6m_I2_CTT1	NaN	NaN	NaN	273	688	NaN	238	780	NaN	184	911	NaN	221	827	NaN	135	1062	NaN	130	1082	NaN	118	1162	NaN	111	1224	NaN	88	1693	NaN	73	2651	NaN	59	5073	NaN
sctc_E2R1_6m_I3_STL1	NaN	NaN	NaN	249	391	NaN	204	520	NaN	134	645	NaN	148	632	NaN	77	714	NaN	71	724	NaN	66	732	NaN	63	738	NaN	49	812	NaN	32	1565	NaN	15	15513	NaN
sctc_E2R1_6m_I3_CTT1	NaN	NaN	NaN	155	465	NaN	103	736	NaN	102	742	NaN	156	461	NaN	125	567	NaN	124	573	NaN	118	594	NaN	116	612	NaN	97	810	NaN	86	1078	NaN	74	1661	NaN
sctc_E2R1_6m_I4_STL1	NaN	NaN	NaN	101	1863	NaN	95	1891	NaN	87	1909	NaN	90	1901	NaN	92	1898	NaN	88	1907	NaN	74	1979	NaN	66	2039	NaN	67	2034	NaN	50	2227	NaN	33	3688	NaN
sctc_E2R1_6m_I4_CTT1	NaN	NaN	NaN	359	445	NaN	305	599	NaN	222	860	NaN	265	712	NaN	123	1329	NaN	121	1343	NaN	116	1403	NaN	113	1424	NaN	108	1487	NaN	99	1661	NaN	90	1917	NaN
sctc_E2R1_8m_I1_STL1	NaN	NaN	NaN	388	409	NaN	331	666	NaN	225	1102	NaN	271	948	NaN	82	1302	NaN	80	1306	NaN	75	1330	NaN	73	1334	NaN	56	1470	NaN	43	1751	NaN	30	3014	NaN
sctc_E2R1_8m_I1_CTT1	NaN	NaN	NaN	335	967	NaN	272	1131	NaN	184	1319	NaN	221	1250	NaN	121	1486	NaN	118	1501	NaN	109	1542	NaN	103	1603	NaN	77	2149	NaN	65	2895	NaN	54	4161	NaN
sctc_E2R1_8m_I2_STL1	NaN	NaN	NaN	93	969	NaN	79	989	NaN	75	1000	NaN	93	969	NaN	77	989	NaN	73	1005	NaN	71	1010	NaN	70	1013	NaN	57	1059	NaN	47	1151	NaN	37	1403	NaN
sctc_E2R1_8m_I2_CTT1	NaN	NaN	NaN	323	542	NaN	269	668	NaN	186	848	NaN	236	739	NaN	116	983	NaN	113	997	NaN	105	1033	NaN	102	1049	NaN	82	1199	NaN	72	1383	NaN	63	1668	NaN
sctc_E2R1_8m_I3_STL1	NaN	NaN	NaN	112	3923	NaN	104	3952	NaN	94	4002	NaN	89	4039	NaN	90	4031	NaN	89	4039	NaN	86	4065	NaN	86	4065	NaN	70	4242	NaN	60	4495	NaN	50	5064	NaN
sctc_E2R1_8m_I3_CTT1	NaN	NaN	NaN	184	3851	NaN	165	3959	NaN	149	4055	NaN	148	4061	NaN	129	4295	NaN	127	4329	NaN	122	4405	NaN	122	4405	NaN	103	4832	NaN	90	5401	NaN	77	6478	NaN
sctc_E2R1_8m_I4_STL1	NaN	NaN	NaN	493	264	NaN	415	551	NaN	287	1707	NaN	339	1170	NaN	83	3005	NaN	83	3005	NaN	78	3037	NaN	76	3051	NaN	73	3070	NaN	65	3148	NaN	57	3285	NaN
sctc_E2R1_8m_I4_CTT1	NaN	NaN	NaN	176	3088	NaN	167	3135	NaN	149	3237	NaN	159	3179	NaN	125	3442	NaN	126	3434	NaN	116	3560	NaN	111	3654	NaN	101	3849	NaN	93	4108	NaN	84	4579	NaN
sctc_E2R2_0m_I1_STL1	NaN	NaN	NaN	556	0	NaN	469	0	NaN	415	3	NaN	465	0	NaN	78	83	NaN	76	83	NaN	65	83	NaN	59	84	NaN	56	84	NaN	38	144	NaN	20	3117	NaN
sctc_E2R2_0m_I1_CTT1	NaN	NaN	NaN	262	0	NaN	247	0	NaN	219	0	NaN	217	0	NaN	118	70	NaN	119	64	NaN	108	134	NaN	104	174	NaN	95	321	NaN	74	1433	NaN	53	6056	NaN
sctc_E2R2_0m_I2_STL1	NaN	NaN	NaN	382	0	NaN	323	5	NaN	219	41	NaN	285	14	NaN	56	119	NaN	56	119	NaN	55	120	NaN	55	120	NaN	68	117	NaN	44	133	NaN	19	3703	NaN
sctc_E2R2_0m_I2_CTT1	NaN	NaN	NaN	316	0	NaN	298	0	NaN	268	0	NaN	275	0	NaN	118	83	NaN	115	94	NaN	100	230	NaN	92	382	NaN	97	273	NaN	71	1514	NaN	45	8433	NaN
sctc_E2R2_0m_I3_STL1	NaN	NaN	NaN	407	0	NaN	355	0	NaN	308	2	NaN	340	0	NaN	55	62	NaN	54	62	NaN	53	64	NaN	53	64	NaN	68	56	NaN	41	87	NaN	13	6832	NaN
sctc_E2R2_0m_I3_CTT1	NaN	NaN	NaN	12	1161716	NaN	10	1368882	NaN	8	1368882	NaN	8	1368882	NaN	119	63	NaN	116	81	NaN	107	125	NaN	104	152	NaN	105	143	NaN	73	1215	NaN	41	10243	NaN
sctc_E2R2_0m_I4_STL1	NaN	NaN	NaN	459	0	NaN	391	0	NaN	344	2	NaN	384	1	NaN	87	72	NaN	86	73	NaN	67	73	NaN	59	73	NaN	61	73	NaN	38	137	NaN	15	6342	NaN
sctc_E2R2_0m_I4_CTT1	NaN	NaN	NaN	245	0	NaN	213	3	NaN	220	2	NaN	220	2	NaN	116	74	NaN	114	87	NaN	102	151	NaN	97	203	NaN	103	146	NaN	75	1087	NaN	46	7444	NaN
sctc_E2R2_10m_I1_STL1	NaN	NaN	NaN	194	2695	NaN	173	3136	NaN	150	3558	NaN	171	3184	NaN	67	4488	NaN	67	4488	NaN	65	4498	NaN	64	4503	NaN	66	4492	NaN	48	4707	NaN	30	6172	NaN
sctc_E2R2_10m_I1_CTT1	NaN	NaN	NaN	232	3199	NaN	214	3443	NaN	192	3728	NaN	201	3611	NaN	106	4668	NaN	104	4691	NaN	101	4723	NaN	98	4771	NaN	89	4946	NaN	72	5630	NaN	55	7593	NaN
sctc_E2R2_10m_I2_STL1	NaN	NaN	NaN	152	2674	NaN	137	2904	NaN	118	3183	NaN	129	3017	NaN	59	3719	NaN	57	3733	NaN	55	3750	NaN	54	3763	NaN	62	3688	NaN	45	3877	NaN	27	5264	NaN
sctc_E2R2_10m_I3_STL1	NaN	NaN	NaN	86	2911	NaN	79	2950	NaN	68	3015	NaN	76	2969	NaN	88	2900	NaN	82	2933	NaN	76	2969	NaN	73	2994	NaN	76	2969	NaN	57	3086	NaN	38	3330	NaN
sctc_E2R2_10m_I3_CTT1	NaN	NaN	NaN	256	1827	NaN	246	1933	NaN	226	2155	NaN	218	2235	NaN	106	3322	NaN	101	3374	NaN	96	3440	NaN	92	3504	NaN	80	3772	NaN	66	4424	NaN	51	6166	NaN
sctc_E2R2_10m_I4_STL1	NaN	NaN	NaN	179	2225	NaN	157	2592	NaN	140	2834	NaN	153	2648	NaN	64	3509	NaN	62	3517	NaN	59	3540	NaN	57	3551	NaN	53	3574	NaN	35	3964	NaN	16	15414	NaN
sctc_E2R2_10m_I4_CTT1	NaN	NaN	NaN	225	2409	NaN	213	2532	NaN	201	2673	NaN	180	2888	NaN	108	3563	NaN	107	3572	NaN	103	3626	NaN	101	3650	NaN	90	3813	NaN	74	4248	NaN	58	5362	NaN
sctc_E2R2_10m_I5_STL1	NaN	NaN	NaN	147	2326	NaN	133	2514	NaN	112	2756	NaN	120	2668	NaN	68	3074	NaN	66	3083	NaN	61	3104	NaN	57	3127	NaN	58	3122	NaN	39	3336	NaN	20	7817	NaN
sctc_E2R2_10m_I5_CTT1	NaN	NaN	NaN	230	1660	NaN	216	1798	NaN	200	1949	NaN	182	2108	NaN	108	2646	NaN	107	2655	NaN	102	2696	NaN	101	2706	NaN	90	2832	NaN	80	3031	NaN	71	3311	NaN
sctc_E2R2_15m_I1_STL1	NaN	NaN	NaN	141	3753	NaN	129	3919	NaN	108	4192	NaN	110	4172	NaN	88	4376	NaN	88	4376	NaN	74	4503	NaN	66	4568	NaN	65	4584	NaN	48	4894	NaN	32	6657	NaN
sctc_E2R2_15m_I1_CTT1	NaN	NaN	NaN	158	4116	NaN	144	4256	NaN	122	4464	NaN	117	4516	NaN	106	4628	NaN	102	4675	NaN	95	4773	NaN	91	4842	NaN	87	4899	NaN	75	5235	NaN	63	5947	NaN
sctc_E2R2_15m_I2_STL1	NaN	NaN	NaN	200	2890	NaN	178	3328	NaN	157	3814	NaN	172	3470	NaN	72	5050	NaN	70	5068	NaN	67	5104	NaN	66	5117	NaN	66	5117	NaN	49	5451	NaN	31	7601	NaN
sctc_E2R2_15m_I2_CTT1	NaN	NaN	NaN	208	4072	NaN	175	4522	NaN	164	4664	NaN	157	4737	NaN	123	5063	NaN	123	5063	NaN	113	5160	NaN	108	5228	NaN	98	5373	NaN	88	5538	NaN	78	5816	NaN
sctc_E2R2_15m_I3_STL1	NaN	NaN	NaN	170	3124	NaN	153	3511	NaN	132	4034	NaN	146	3697	NaN	77	5154	NaN	75	5184	NaN	66	5310	NaN	60	5403	NaN	55	5496	NaN	36	6319	NaN	17	21350	NaN
sctc_E2R2_15m_I3_CTT1	NaN	NaN	NaN	228	3601	NaN	214	3837	NaN	203	4045	NaN	186	4359	NaN	103	5641	NaN	101	5665	NaN	96	5751	NaN	94	5801	NaN	87	5943	NaN	76	6254	NaN	65	6814	NaN
sctc_E2R2_15m_I4_STL1	NaN	NaN	NaN	163	2792	NaN	124	3390	NaN	105	3587	NaN	97	3651	NaN	74	3823	NaN	69	3850	NaN	64	3877	NaN	61	3913	NaN	47	4088	NaN	28	6032	NaN	9	75616	NaN
sctc_E2R2_15m_I4_CTT1	NaN	NaN	NaN	232	3077	NaN	212	3334	NaN	177	3812	NaN	181	3774	NaN	119	4450	NaN	108	4524	NaN	100	4599	NaN	95	4647	NaN	61	5680	NaN	47	7578	NaN	33	15522	NaN
sctc_E2R2_1m_I1_STL1	NaN	NaN	NaN	307	62	NaN	NaN	NaN	NaN	240	172	NaN	NaN	NaN	NaN	76	465	NaN	78	463	NaN	74	467	NaN	73	467	NaN	73	467	NaN	55	505	NaN	37	1051	NaN
sctc_E2R2_1m_I1_CTT1	NaN	NaN	NaN	484	3	NaN	NaN	NaN	NaN	476	4	NaN	NaN	NaN	NaN	149	224	NaN	148	226	NaN	143	247	NaN	142	253	NaN	108	645	NaN	88	1810	NaN	69	6976	NaN
sctc_E2R2_1m_I2_STL1	NaN	NaN	NaN	425	0	NaN	369	0	NaN	320	2	NaN	352	0	NaN	69	409	NaN	69	409	NaN	64	424	NaN	61	430	NaN	80	374	NaN	53	460	NaN	26	2864	NaN
sctc_E2R2_1m_I2_CTT1	NaN	NaN	NaN	496	2	NaN	493	2	NaN	493	2	NaN	494	2	NaN	138	270	NaN	135	285	NaN	126	357	NaN	122	409	NaN	103	866	NaN	85	2194	NaN	67	7125	NaN
sctc_E2R2_1m_I3_STL1	NaN	NaN	NaN	281	26	NaN	NaN	NaN	NaN	222	65	NaN	NaN	NaN	NaN	77	185	NaN	75	188	NaN	69	192	NaN	64	197	NaN	54	206	NaN	30	1190	NaN	6	66397	NaN
sctc_E2R2_1m_I3_CTT1	NaN	NaN	NaN	349	1	NaN	347	1	NaN	344	1	NaN	344	1	NaN	130	60	NaN	131	59	NaN	123	88	NaN	120	97	NaN	107	191	NaN	82	1184	NaN	58	8092	NaN
sctc_E2R2_1m_I4_STL1	NaN	NaN	NaN	517	0	NaN	438	1	NaN	390	3	NaN	437	1	NaN	64	124	NaN	62	126	NaN	61	126	NaN	60	126	NaN	66	124	NaN	47	162	NaN	27	1876	NaN
sctc_E2R2_1m_I4_CTT1	NaN	NaN	NaN	295	0	NaN	273	0	NaN	246	0	NaN	243	0	NaN	113	125	NaN	113	125	NaN	111	135	NaN	112	128	NaN	95	332	NaN	76	1420	NaN	56	6667	NaN
sctc_E2R2_1m_I5_STL1	NaN	NaN	NaN	568	0	NaN	480	0	NaN	425	2	NaN	476	0	NaN	72	144	NaN	71	144	NaN	64	148	NaN	61	152	NaN	69	145	NaN	48	183	NaN	27	1911	NaN
sctc_E2R2_1m_I5_CTT1	NaN	NaN	NaN	460	4	NaN	417	4	NaN	384	5	NaN	414	4	NaN	132	52	NaN	129	60	NaN	126	69	NaN	126	69	NaN	108	171	NaN	92	468	NaN	75	1507	NaN
sctc_E2R2_20m_I1_STL1	NaN	NaN	NaN	144	40023	NaN	125	41894	NaN	96	44320	NaN	93	44504	NaN	104	43738	NaN	104	43738	NaN	95	44380	NaN	90	44662	NaN	64	46506	NaN	51	49833	NaN	38	61001	NaN
sctc_E2R2_20m_I1_CTT1	NaN	NaN	NaN	199	38016	NaN	174	39968	NaN	137	42662	NaN	140	42412	NaN	136	42743	NaN	134	42866	NaN	127	43420	NaN	123	43743	NaN	109	44964	NaN	97	46394	NaN	85	48386	NaN
sctc_E2R2_20m_I2_STL1	NaN	NaN	NaN	138	27065	NaN	125	28295	NaN	102	30263	NaN	101	30340	NaN	99	30517	NaN	98	30602	NaN	92	31067	NaN	88	31348	NaN	64	33533	NaN	46	38324	NaN	27	72753	NaN
sctc_E2R2_20m_I2_CTT1	NaN	NaN	NaN	210	25221	NaN	175	27759	NaN	132	30399	NaN	132	30399	NaN	118	31286	NaN	118	31286	NaN	117	31341	NaN	117	31341	NaN	111	31753	NaN	103	32393	NaN	95	33203	NaN
sctc_E2R2_20m_I3_STL1	NaN	NaN	NaN	211	15177	NaN	180	18468	NaN	129	23838	NaN	114	25271	NaN	81	27941	NaN	82	27867	NaN	81	27941	NaN	81	27941	NaN	81	27941	NaN	70	28852	NaN	59	30150	NaN
sctc_E2R2_20m_I3_CTT1	NaN	NaN	NaN	265	17131	NaN	218	20906	NaN	182	23684	NaN	193	22897	NaN	117	28168	NaN	116	28229	NaN	114	28380	NaN	114	28380	NaN	106	28938	NaN	98	29640	NaN	90	30494	NaN
sctc_E2R2_20m_I4_STL1	NaN	NaN	NaN	216	11038	NaN	193	13504	NaN	153	18703	NaN	148	19424	NaN	71	28953	NaN	69	29123	NaN	68	29224	NaN	67	29315	NaN	50	31290	NaN	31	41383	NaN	13	229239	NaN
sctc_E2R2_20m_I4_CTT1	NaN	NaN	NaN	282	13226	NaN	233	17214	NaN	189	21154	NaN	185	21546	NaN	141	25405	NaN	137	25740	NaN	129	26425	NaN	121	27140	NaN	74	33237	NaN	61	38020	NaN	47	49281	NaN
sctc_E2R2_25m_I1_STL1	NaN	NaN	NaN	113	2295	NaN	106	2334	NaN	93	2391	NaN	86	2424	NaN	83	2440	NaN	82	2447	NaN	78	2470	NaN	76	2481	NaN	75	2491	NaN	63	2599	NaN	52	2824	NaN
sctc_E2R2_25m_I1_CTT1	NaN	NaN	NaN	157	1867	NaN	144	1908	NaN	123	1983	NaN	122	1985	NaN	121	1986	NaN	115	2024	NaN	100	2085	NaN	91	2153	NaN	70	2408	NaN	59	2728	NaN	48	3523	NaN
sctc_E2R2_25m_I2_STL1	NaN	NaN	NaN	95	1620	NaN	87	1658	NaN	78	1705	NaN	78	1705	NaN	74	1725	NaN	73	1731	NaN	71	1738	NaN	70	1740	NaN	70	1740	NaN	55	1892	NaN	40	2380	NaN
sctc_E2R2_25m_I2_CTT1	NaN	NaN	NaN	133	1336	NaN	122	1374	NaN	106	1415	NaN	123	1365	NaN	91	1483	NaN	89	1495	NaN	83	1528	NaN	81	1541	NaN	71	1613	NaN	60	1819	NaN	49	2287	NaN
sctc_E2R2_25m_I3_STL1	NaN	NaN	NaN	106	2800	NaN	97	2875	NaN	85	2963	NaN	78	3031	NaN	76	3055	NaN	76	3055	NaN	73	3082	NaN	73	3082	NaN	78	3031	NaN	67	3150	NaN	57	3353	NaN
sctc_E2R2_25m_I3_CTT1	NaN	NaN	NaN	192	2192	NaN	185	2248	NaN	180	2293	NaN	175	2325	NaN	92	2970	NaN	92	2970	NaN	91	2974	NaN	91	2974	NaN	83	3057	NaN	74	3209	NaN	65	3450	NaN
sctc_E2R2_25m_I4_STL1	NaN	NaN	NaN	161	1431	NaN	149	1502	NaN	131	1609	NaN	127	1630	NaN	95	1763	NaN	89	1785	NaN	81	1811	NaN	75	1838	NaN	63	1910	NaN	46	2209	NaN	29	3594	NaN
sctc_E2R2_25m_I4_CTT1	NaN	NaN	NaN	351	727	NaN	288	990	NaN	189	1371	NaN	220	1277	NaN	108	1650	NaN	104	1668	NaN	94	1719	NaN	87	1761	NaN	70	1984	NaN	53	2605	NaN	36	4942	NaN
sctc_E2R2_2m_I1_STL1	NaN	NaN	NaN	411	0	NaN	358	0	NaN	312	2	NaN	346	0	NaN	76	27	NaN	76	27	NaN	61	27	NaN	56	31	NaN	61	27	NaN	33	92	NaN	5	11050	NaN
sctc_E2R2_2m_I1_CTT1	NaN	NaN	NaN	5	1330442	NaN	5	1330442	NaN	5	1330442	NaN	5	1330442	NaN	103	35	NaN	100	45	NaN	89	79	NaN	85	100	NaN	98	48	NaN	64	416	NaN	30	6924	NaN
sctc_E2R2_2m_I2_STL1	NaN	NaN	NaN	321	0	NaN	NaN	NaN	NaN	313	0	NaN	NaN	NaN	NaN	65	45	NaN	64	46	NaN	58	46	NaN	55	46	NaN	75	43	NaN	45	55	NaN	15	4163	NaN
sctc_E2R2_2m_I2_CTT1	NaN	NaN	NaN	293	0	NaN	247	0	NaN	236	0	NaN	238	0	NaN	94	64	NaN	94	64	NaN	83	123	NaN	78	168	NaN	85	109	NaN	61	652	NaN	36	5567	NaN
sctc_E2R2_2m_I3_STL1	NaN	NaN	NaN	413	1	NaN	350	2	NaN	312	2	NaN	349	2	NaN	64	66	NaN	61	67	NaN	57	67	NaN	55	67	NaN	60	67	NaN	35	141	NaN	10	18725	NaN
sctc_E2R2_2m_I3_CTT1	NaN	NaN	NaN	324	0	NaN	273	0	NaN	212	0	NaN	242	0	NaN	122	21	NaN	122	21	NaN	108	38	NaN	102	49	NaN	92	93	NaN	66	622	NaN	40	5464	NaN
sctc_E2R2_2m_I4_STL1	NaN	NaN	NaN	379	3	NaN	325	4	NaN	290	9	NaN	325	4	NaN	85	161	NaN	87	157	NaN	70	174	NaN	62	178	NaN	56	185	NaN	33	335	NaN	10	29779	NaN
sctc_E2R2_2m_I4_CTT1	NaN	NaN	NaN	360	0	NaN	320	0	NaN	256	2	NaN	243	2	NaN	120	32	NaN	119	34	NaN	110	54	NaN	108	60	NaN	87	191	NaN	73	572	NaN	59	1728	NaN
sctc_E2R2_30m_I1_STL1	NaN	NaN	NaN	97	5497	NaN	92	5532	NaN	86	5583	NaN	88	5565	NaN	86	5583	NaN	87	5576	NaN	86	5583	NaN	86	5583	NaN	78	5659	NaN	64	5972	NaN	51	6762	NaN
sctc_E2R2_30m_I1_CTT1	NaN	NaN	NaN	184	3468	NaN	172	3503	NaN	154	3573	NaN	161	3545	NaN	126	3714	NaN	125	3719	NaN	118	3778	NaN	115	3799	NaN	90	4175	NaN	75	4790	NaN	59	6283	NaN
sctc_E2R2_30m_I2_STL1	NaN	NaN	NaN	164	5141	NaN	151	5342	NaN	129	5641	NaN	136	5539	NaN	89	6059	NaN	87	6077	NaN	87	6077	NaN	86	6088	NaN	71	6270	NaN	59	6631	NaN	48	7502	NaN
sctc_E2R2_30m_I2_CTT1	NaN	NaN	NaN	177	3931	NaN	162	3986	NaN	143	4072	NaN	163	3980	NaN	136	4110	NaN	132	4131	NaN	119	4199	NaN	111	4273	NaN	88	4681	NaN	75	5213	NaN	63	6160	NaN
sctc_E2R2_30m_I3_STL1	NaN	NaN	NaN	185	7033	NaN	168	7476	NaN	136	8207	NaN	146	8002	NaN	106	8657	NaN	100	8732	NaN	94	8805	NaN	89	8867	NaN	63	9421	NaN	49	10528	NaN	36	13877	NaN
sctc_E2R2_30m_I3_CTT1	NaN	NaN	NaN	246	4619	NaN	210	4951	NaN	156	5334	NaN	166	5275	NaN	137	5449	NaN	133	5476	NaN	120	5572	NaN	114	5632	NaN	90	6103	NaN	75	6838	NaN	61	8330	NaN
sctc_E2R2_30m_I4_STL1	NaN	NaN	NaN	223	4385	NaN	204	4766	NaN	170	5502	NaN	166	5603	NaN	88	6686	NaN	88	6686	NaN	82	6762	NaN	79	6809	NaN	81	6779	NaN	71	6940	NaN	61	7178	NaN
sctc_E2R2_30m_I4_CTT1	NaN	NaN	NaN	228	3662	NaN	213	3739	NaN	186	3873	NaN	197	3825	NaN	128	4161	NaN	123	4189	NaN	109	4320	NaN	102	4414	NaN	88	4703	NaN	74	5301	NaN	61	6405	NaN
sctc_E2R2_35m_I1_STL1	NaN	NaN	NaN	194	4158	NaN	173	4627	NaN	135	5386	NaN	142	5277	NaN	85	6039	NaN	84	6052	NaN	82	6074	NaN	81	6080	NaN	47	6660	NaN	27	9929	NaN	7	69538	NaN
sctc_E2R2_35m_I1_CTT1	NaN	NaN	NaN	278	1403	NaN	234	1677	NaN	168	2020	NaN	178	1966	NaN	115	2276	NaN	115	2276	NaN	108	2332	NaN	107	2339	NaN	100	2412	NaN	88	2627	NaN	77	3018	NaN
sctc_E2R2_35m_I2_STL1	NaN	NaN	NaN	212	5812	NaN	191	6461	NaN	152	7644	NaN	149	7728	NaN	84	9063	NaN	83	9079	NaN	80	9139	NaN	79	9158	NaN	77	9190	NaN	60	9669	NaN	44	11101	NaN
sctc_E2R2_35m_I2_CTT1	NaN	NaN	NaN	175	2796	NaN	167	2853	NaN	152	2963	NaN	165	2866	NaN	116	3245	NaN	114	3260	NaN	110	3297	NaN	108	3326	NaN	93	3577	NaN	76	4194	NaN	59	6049	NaN
sctc_E2R2_35m_I3_STL1	NaN	NaN	NaN	188	5807	NaN	166	6462	NaN	127	7407	NaN	131	7333	NaN	97	7932	NaN	94	7982	NaN	82	8200	NaN	78	8264	NaN	58	8833	NaN	42	10633	NaN	27	19319	NaN
sctc_E2R2_35m_I3_CTT1	NaN	NaN	NaN	151	2561	NaN	141	2612	NaN	123	2720	NaN	127	2698	NaN	106	2862	NaN	105	2870	NaN	98	2958	NaN	97	2971	NaN	96	2984	NaN	88	3108	NaN	81	3287	NaN
sctc_E2R2_35m_I4_STL1	NaN	NaN	NaN	201	9550	NaN	176	11012	NaN	134	13417	NaN	121	14089	NaN	81	15738	NaN	81	15738	NaN	80	15779	NaN	79	15818	NaN	73	16042	NaN	56	17203	NaN	38	22887	NaN
sctc_E2R2_35m_I4_CTT1	NaN	NaN	NaN	221	4414	NaN	204	4785	NaN	175	5306	NaN	174	5316	NaN	115	6338	NaN	114	6354	NaN	107	6485	NaN	104	6538	NaN	98	6640	NaN	91	6860	NaN	83	7183	NaN
sctc_E2R2_40m_I1_STL1	NaN	NaN	NaN	204	5840	NaN	194	6235	NaN	190	6399	NaN	189	6445	NaN	88	9681	NaN	88	9681	NaN	87	9699	NaN	85	9743	NaN	67	10257	NaN	46	12289	NaN	25	26732	NaN
sctc_E2R2_40m_I1_CTT1	NaN	NaN	NaN	310	582	NaN	234	960	NaN	158	1313	NaN	170	1248	NaN	125	1477	NaN	125	1477	NaN	118	1526	NaN	115	1544	NaN	100	1702	NaN	90	1919	NaN	79	2319	NaN
sctc_E2R2_40m_I2_STL1	NaN	NaN	NaN	138	5728	NaN	126	5987	NaN	103	6395	NaN	117	6163	NaN	97	6476	NaN	92	6561	NaN	87	6627	NaN	84	6658	NaN	74	6802	NaN	60	7153	NaN	47	8014	NaN
sctc_E2R2_40m_I2_CTT1	NaN	NaN	NaN	347	321	NaN	302	458	NaN	209	792	NaN	255	641	NaN	113	1137	NaN	112	1140	NaN	107	1175	NaN	105	1189	NaN	93	1301	NaN	82	1491	NaN	70	1985	NaN
sctc_E2R2_40m_I3_STL1	NaN	NaN	NaN	199	8105	NaN	180	8890	NaN	148	10083	NaN	160	9657	NaN	80	12079	NaN	79	12098	NaN	78	12129	NaN	77	12154	NaN	79	12098	NaN	68	12424	NaN	57	12969	NaN
sctc_E2R2_40m_I3_CTT1	NaN	NaN	NaN	163	1812	NaN	156	1857	NaN	139	1966	NaN	150	1895	NaN	132	2013	NaN	133	2007	NaN	129	2033	NaN	128	2039	NaN	96	2476	NaN	83	2970	NaN	69	4217	NaN
sctc_E2R2_40m_I4_STL1	NaN	NaN	NaN	205	7612	NaN	185	8514	NaN	162	9674	NaN	177	8909	NaN	81	12705	NaN	80	12732	NaN	78	12790	NaN	76	12837	NaN	70	13019	NaN	53	13992	NaN	36	18052	NaN
sctc_E2R2_40m_I4_CTT1	NaN	NaN	NaN	408	329	NaN	346	575	NaN	243	1186	NaN	308	784	NaN	129	1998	NaN	125	2036	NaN	117	2107	NaN	112	2148	NaN	90	2581	NaN	75	3398	NaN	59	5998	NaN
sctc_E2R2_45m_I1_STL1	NaN	NaN	NaN	136	2375	NaN	119	2871	NaN	103	3401	NaN	117	2947	NaN	62	4740	NaN	61	4774	NaN	59	4835	NaN	57	4902	NaN	68	4518	NaN	51	5102	NaN	35	6457	NaN
sctc_E2R2_45m_I1_CTT1	NaN	NaN	NaN	522	0	NaN	454	0	NaN	410	4	NaN	449	0	NaN	106	305	NaN	105	311	NaN	100	349	NaN	100	349	NaN	90	440	NaN	79	602	NaN	67	956	NaN
sctc_E2R2_45m_I2_STL1	NaN	NaN	NaN	133	1980	NaN	118	2318	NaN	107	2569	NaN	115	2388	NaN	79	3205	NaN	79	3205	NaN	66	3452	NaN	60	3602	NaN	56	3706	NaN	38	4608	NaN	19	22542	NaN
sctc_E2R2_45m_I2_CTT1	NaN	NaN	NaN	478	1	NaN	415	1	NaN	371	2	NaN	412	1	NaN	114	122	NaN	112	127	NaN	100	166	NaN	96	186	NaN	94	199	NaN	74	493	NaN	54	1480	NaN
sctc_E2R2_45m_I3_STL1	NaN	NaN	NaN	129	2438	NaN	116	2692	NaN	104	2931	NaN	111	2808	NaN	73	3591	NaN	70	3656	NaN	64	3768	NaN	60	3852	NaN	50	4135	NaN	30	6724	NaN	10	143165	NaN
sctc_E2R2_45m_I3_CTT1	NaN	NaN	NaN	477	1	NaN	414	1	NaN	371	2	NaN	411	1	NaN	109	168	NaN	106	176	NaN	96	228	NaN	92	260	NaN	92	260	NaN	71	555	NaN	50	1906	NaN
sctc_E2R2_45m_I4_STL1	NaN	NaN	NaN	289	85	NaN	256	146	NaN	187	457	NaN	235	213	NaN	55	2132	NaN	56	2119	NaN	55	2132	NaN	55	2132	NaN	61	2034	NaN	42	2358	NaN	23	4824	NaN
sctc_E2R2_45m_I4_CTT1	NaN	NaN	NaN	499	2	NaN	432	2	NaN	373	5	NaN	429	2	NaN	93	115	NaN	92	117	NaN	80	170	NaN	79	176	NaN	87	136	NaN	71	263	NaN	56	585	NaN
sctc_E2R2_4m_I1_STL1	NaN	NaN	NaN	263	8	NaN	NaN	NaN	NaN	210	12	NaN	NaN	NaN	NaN	50	42	NaN	50	42	NaN	48	43	NaN	48	43	NaN	54	41	NaN	38	51	NaN	22	489	NaN
sctc_E2R2_4m_I1_CTT1	NaN	NaN	NaN	208	1	NaN	206	1	NaN	205	1	NaN	205	1	NaN	94	27	NaN	91	33	NaN	84	50	NaN	82	52	NaN	77	73	NaN	66	190	NaN	54	510	NaN
sctc_E2R2_4m_I2_STL1	NaN	NaN	NaN	472	1	NaN	433	1	NaN	405	2	NaN	430	1	NaN	52	33	NaN	51	34	NaN	50	34	NaN	50	34	NaN	61	31	NaN	39	45	NaN	16	2451	NaN
sctc_E2R2_4m_I2_CTT1	NaN	NaN	NaN	413	1	NaN	411	1	NaN	408	1	NaN	408	1	NaN	90	55	NaN	88	58	NaN	85	65	NaN	85	65	NaN	79	89	NaN	65	229	NaN	51	725	NaN
sctc_E2R2_4m_I3_STL1	NaN	NaN	NaN	347	0	NaN	302	0	NaN	256	0	NaN	282	0	NaN	60	63	NaN	60	63	NaN	56	65	NaN	54	65	NaN	73	53	NaN	37	93	NaN	1	17687	NaN
sctc_E2R2_4m_I3_CTT1	NaN	NaN	NaN	305	1	NaN	303	1	NaN	300	1	NaN	300	1	NaN	101	53	NaN	99	56	NaN	94	71	NaN	93	72	NaN	92	72	NaN	77	168	NaN	63	451	NaN
sctc_E2R2_4m_I4_STL1	NaN	NaN	NaN	330	0	NaN	292	0	NaN	244	0	NaN	283	0	NaN	48	28	NaN	47	28	NaN	45	28	NaN	45	28	NaN	69	26	NaN	36	34	NaN	3	7783	NaN
sctc_E2R2_4m_I4_CTT1	NaN	NaN	NaN	303	0	NaN	178	1	NaN	225	0	NaN	178	1	NaN	88	40	NaN	85	50	NaN	78	71	NaN	76	81	NaN	92	29	NaN	63	220	NaN	33	3017	NaN
sctc_E2R2_50m_I1_STL1	NaN	NaN	NaN	193	2593	NaN	182	2815	NaN	171	3025	NaN	174	2964	NaN	63	4706	NaN	60	4741	NaN	55	4803	NaN	54	4816	NaN	60	4741	NaN	43	4983	NaN	26	6368	NaN
sctc_E2R2_50m_I1_CTT1	NaN	NaN	NaN	559	0	NaN	483	4	NaN	421	11	NaN	483	4	NaN	114	159	NaN	111	170	NaN	108	181	NaN	107	187	NaN	100	230	NaN	90	361	NaN	79	634	NaN
sctc_E2R2_50m_I2_STL1	NaN	NaN	NaN	179	2233	NaN	151	2701	NaN	147	2762	NaN	147	2762	NaN	66	3929	NaN	64	3949	NaN	61	3984	NaN	60	3995	NaN	68	3909	NaN	53	4088	NaN	38	4440	NaN
sctc_E2R2_50m_I2_CTT1	NaN	NaN	NaN	418	59	NaN	364	91	NaN	309	148	NaN	305	152	NaN	114	498	NaN	113	503	NaN	109	523	NaN	108	526	NaN	96	631	NaN	81	963	NaN	66	1910	NaN
sctc_E2R2_50m_I3_STL1	NaN	NaN	NaN	190	2758	NaN	184	2909	NaN	180	3026	NaN	182	2967	NaN	66	5804	NaN	65	5824	NaN	65	5824	NaN	65	5824	NaN	54	6045	NaN	34	7369	NaN	14	28063	NaN
sctc_E2R2_50m_I3_CTT1	NaN	NaN	NaN	513	0	NaN	467	12	NaN	407	14	NaN	451	13	NaN	120	166	NaN	119	168	NaN	115	182	NaN	113	190	NaN	98	320	NaN	80	817	NaN	63	2538	NaN
sctc_E2R2_50m_I4_STL1	NaN	NaN	NaN	227	1507	NaN	202	1901	NaN	157	2696	NaN	152	2786	NaN	94	3670	NaN	90	3716	NaN	75	3866	NaN	69	3919	NaN	43	4268	NaN	22	7079	NaN	1	44497	NaN
sctc_E2R2_50m_I4_CTT1	NaN	NaN	NaN	420	11	NaN	371	15	NaN	323	24	NaN	323	24	NaN	118	107	NaN	117	114	NaN	105	171	NaN	101	200	NaN	93	286	NaN	78	689	NaN	62	2122	NaN
sctc_E2R2_50m_I5_STL1	NaN	NaN	NaN	98	2772	NaN	90	2852	NaN	78	2958	NaN	82	2932	NaN	91	2841	NaN	90	2852	NaN	86	2897	NaN	84	2911	NaN	81	2941	NaN	63	3078	NaN	45	3354	NaN
sctc_E2R2_50m_I5_CTT1	NaN	NaN	NaN	556	0	NaN	481	3	NaN	416	4	NaN	478	3	NaN	125	78	NaN	121	83	NaN	105	131	NaN	98	175	NaN	98	175	NaN	81	421	NaN	64	1431	NaN
sctc_E2R2_55m_I1_STL1	NaN	NaN	NaN	171	2225	NaN	162	2452	NaN	158	2564	NaN	162	2452	NaN	66	4882	NaN	66	4882	NaN	65	4900	NaN	64	4921	NaN	71	4759	NaN	56	5114	NaN	41	5747	NaN
sctc_E2R2_55m_I1_CTT1	NaN	NaN	NaN	198	356	NaN	158	418	NaN	118	508	NaN	118	508	NaN	124	488	NaN	123	490	NaN	112	537	NaN	110	549	NaN	102	598	NaN	91	731	NaN	79	1103	NaN
sctc_E2R2_55m_I2_STL1	NaN	NaN	NaN	155	2300	NaN	140	2637	NaN	118	3115	NaN	135	2739	NaN	56	4264	NaN	55	4287	NaN	54	4296	NaN	53	4313	NaN	58	4241	NaN	37	4753	NaN	17	15786	NaN
sctc_E2R2_55m_I2_CTT1	NaN	NaN	NaN	431	1	NaN	428	1	NaN	424	1	NaN	427	1	NaN	123	112	NaN	122	115	NaN	116	132	NaN	113	144	NaN	106	198	NaN	91	364	NaN	77	868	NaN
sctc_E2R2_55m_I3_STL1	NaN	NaN	NaN	120	3246	NaN	108	3492	NaN	97	3734	NaN	102	3628	NaN	83	3980	NaN	82	4000	NaN	76	4113	NaN	72	4169	NaN	81	4018	NaN	67	4243	NaN	53	4410	NaN
sctc_E2R2_55m_I3_CTT1	NaN	NaN	NaN	554	0	NaN	475	3	NaN	397	5	NaN	397	5	NaN	125	159	NaN	123	167	NaN	113	206	NaN	110	227	NaN	102	287	NaN	92	420	NaN	81	722	NaN
sctc_E2R2_55m_I4_STL1	NaN	NaN	NaN	127	2291	NaN	114	2531	NaN	101	2769	NaN	112	2575	NaN	65	3327	NaN	66	3313	NaN	59	3407	NaN	56	3448	NaN	63	3347	NaN	45	3628	NaN	27	4984	NaN
sctc_E2R2_55m_I4_CTT1	NaN	NaN	NaN	412	1	NaN	410	1	NaN	407	1	NaN	407	1	NaN	122	77	NaN	121	82	NaN	112	116	NaN	109	127	NaN	99	187	NaN	80	552	NaN	62	1946	NaN
sctc_E2R2_60m_I1_STL1	NaN	NaN	NaN	116	2594	NaN	104	2708	NaN	95	2793	NaN	104	2708	NaN	66	3031	NaN	64	3041	NaN	61	3069	NaN	60	3078	NaN	68	3017	NaN	52	3168	NaN	36	3735	NaN
sctc_E2R2_60m_I1_CTT1	NaN	NaN	NaN	398	1	NaN	NaN	NaN	NaN	396	1	NaN	NaN	NaN	NaN	105	108	NaN	103	110	NaN	99	131	NaN	97	149	NaN	100	127	NaN	89	236	NaN	78	436	NaN
sctc_E2R2_60m_I2_STL1	NaN	NaN	NaN	143	3795	NaN	130	4155	NaN	114	4587	NaN	124	4342	NaN	67	5522	NaN	67	5522	NaN	66	5540	NaN	65	5565	NaN	52	5845	NaN	31	8053	NaN	10	98854	NaN
sctc_E2R2_60m_I2_CTT1	NaN	NaN	NaN	464	0	NaN	457	0	NaN	447	1	NaN	450	0	NaN	122	154	NaN	122	154	NaN	110	197	NaN	105	219	NaN	95	322	NaN	80	765	NaN	66	1894	NaN
sctc_E2R2_60m_I3_STL1	NaN	NaN	NaN	131	3215	NaN	117	3569	NaN	104	3875	NaN	111	3717	NaN	79	4287	NaN	76	4328	NaN	72	4398	NaN	69	4455	NaN	72	4398	NaN	54	4680	NaN	36	5435	NaN
sctc_E2R2_60m_I3_CTT1	NaN	NaN	NaN	476	3	NaN	420	5	NaN	386	5	NaN	419	5	NaN	121	97	NaN	118	101	NaN	109	143	NaN	107	149	NaN	102	177	NaN	87	357	NaN	71	1037	NaN
sctc_E2R2_60m_I4_STL1	NaN	NaN	NaN	126	4349	NaN	114	4677	NaN	102	4986	NaN	114	4677	NaN	61	5793	NaN	61	5793	NaN	61	5793	NaN	61	5793	NaN	69	5641	NaN	53	5945	NaN	37	6679	NaN
sctc_E2R2_60m_I4_CTT1	NaN	NaN	NaN	473	1	NaN	470	1	NaN	467	1	NaN	470	1	NaN	117	133	NaN	114	142	NaN	108	186	NaN	107	189	NaN	102	226	NaN	93	330	NaN	85	511	NaN
sctc_E2R2_6m_I1_STL1	NaN	NaN	NaN	112	873	NaN	102	898	NaN	85	953	NaN	84	953	NaN	66	1006	NaN	66	1006	NaN	64	1014	NaN	63	1015	NaN	71	990	NaN	56	1048	NaN	40	1294	NaN
sctc_E2R2_6m_I1_CTT1	NaN	NaN	NaN	477	92	NaN	419	116	NaN	282	280	NaN	376	153	NaN	127	572	NaN	127	572	NaN	118	624	NaN	116	642	NaN	103	815	NaN	91	1113	NaN	79	1865	NaN
sctc_E2R2_6m_I2_STL1	NaN	NaN	NaN	105	738	NaN	97	761	NaN	87	776	NaN	132	664	NaN	60	849	NaN	61	844	NaN	60	849	NaN	59	850	NaN	62	843	NaN	44	934	NaN	25	2403	NaN
sctc_E2R2_6m_I2_CTT1	NaN	NaN	NaN	460	111	NaN	400	158	NaN	292	322	NaN	364	196	NaN	126	695	NaN	122	707	NaN	117	734	NaN	114	749	NaN	97	868	NaN	88	1032	NaN	78	1391	NaN
sctc_E2R2_6m_I3_STL1	NaN	NaN	NaN	105	607	NaN	82	667	NaN	78	673	NaN	106	604	NaN	64	722	NaN	64	722	NaN	59	733	NaN	55	748	NaN	59	733	NaN	37	909	NaN	16	9461	NaN
sctc_E2R2_6m_I3_CTT1	NaN	NaN	NaN	394	141	NaN	351	185	NaN	258	314	NaN	318	227	NaN	136	532	NaN	136	532	NaN	122	574	NaN	115	601	NaN	99	723	NaN	90	911	NaN	81	1232	NaN
sctc_E2R2_6m_I4_STL1	NaN	NaN	NaN	106	725	NaN	95	775	NaN	86	800	NaN	93	784	NaN	65	889	NaN	64	892	NaN	55	937	NaN	52	960	NaN	53	954	NaN	34	1255	NaN	15	14148	NaN
sctc_E2R2_6m_I4_CTT1	NaN	NaN	NaN	483	85	NaN	427	119	NaN	313	259	NaN	373	169	NaN	125	757	NaN	126	753	NaN	123	769	NaN	122	772	NaN	112	853	NaN	103	955	NaN	94	1171	NaN
sctc_E2R2_8m_I1_STL1	NaN	NaN	NaN	134	1089	NaN	121	1168	NaN	98	1268	NaN	93	1282	NaN	65	1388	NaN	65	1388	NaN	58	1417	NaN	53	1440	NaN	44	1500	NaN	24	2723	NaN	4	38412	NaN
sctc_E2R2_8m_I1_CTT1	NaN	NaN	NaN	174	916	NaN	145	1026	NaN	109	1198	NaN	116	1168	NaN	107	1205	NaN	100	1264	NaN	90	1368	NaN	84	1447	NaN	81	1499	NaN	68	1909	NaN	55	2850	NaN
sctc_E2R2_8m_I2_STL1	NaN	NaN	NaN	121	1079	NaN	110	1176	NaN	94	1287	NaN	106	1207	NaN	55	1462	NaN	54	1466	NaN	51	1480	NaN	51	1480	NaN	62	1435	NaN	45	1536	NaN	28	2088	NaN
sctc_E2R2_8m_I2_CTT1	NaN	NaN	NaN	115	1009	NaN	97	1139	NaN	85	1296	NaN	74	1566	NaN	111	1023	NaN	109	1040	NaN	104	1075	NaN	101	1096	NaN	90	1217	NaN	75	1533	NaN	60	2385	NaN
sctc_E2R2_8m_I3_STL1	NaN	NaN	NaN	118	1107	NaN	108	1180	NaN	92	1296	NaN	101	1243	NaN	58	1548	NaN	58	1548	NaN	56	1563	NaN	55	1566	NaN	60	1532	NaN	42	1695	NaN	24	3018	NaN
sctc_E2R2_8m_I3_CTT1	NaN	NaN	NaN	154	946	NaN	135	1064	NaN	119	1173	NaN	114	1218	NaN	120	1170	NaN	119	1173	NaN	110	1265	NaN	107	1296	NaN	90	1536	NaN	79	1816	NaN	69	2284	NaN
sctc_E2R2_8m_I4_STL1	NaN	NaN	NaN	121	880	NaN	110	963	NaN	90	1097	NaN	90	1097	NaN	89	1103	NaN	83	1157	NaN	73	1206	NaN	68	1245	NaN	63	1278	NaN	42	1393	NaN	21	3054	NaN
sctc_E2R2_8m_I4_CTT1	NaN	NaN	NaN	176	583	NaN	144	754	NaN	114	952	NaN	98	1081	NaN	101	1054	NaN	100	1063	NaN	95	1110	NaN	93	1138	NaN	94	1123	NaN	82	1319	NaN	70	1676	NaN
sctc_E2R3_0m_I1_STL1	NaN	NaN	NaN	181	2	NaN	160	3	NaN	135	16	NaN	143	9	NaN	36	131	NaN	35	131	NaN	32	132	NaN	31	133	NaN	51	119	NaN	20	155	NaN	0	NaN	NaN
sctc_E2R3_0m_I1_CTT1	NaN	NaN	NaN	338	0	NaN	300	0	NaN	251	0	NaN	273	0	NaN	58	10	NaN	56	12	NaN	54	14	NaN	53	14	NaN	74	8	NaN	42	44	NaN	9	212551	NaN
sctc_E2R3_0m_I2_STL1	NaN	NaN	NaN	102	99	NaN	102	99	NaN	101	99	NaN	100	100	NaN	54	124	NaN	51	130	NaN	39	133	NaN	34	137	NaN	58	121	NaN	19	185	NaN	0	NaN	NaN
sctc_E2R3_0m_I2_CTT1	NaN	NaN	NaN	165	0	NaN	136	0	NaN	96	0	NaN	91	1	NaN	58	2	NaN	59	2	NaN	56	2	NaN	55	2	NaN	52	7	NaN	43	32	NaN	34	345	NaN
sctc_E2R3_0m_I3_STL1	NaN	NaN	NaN	139	27	NaN	88	58	NaN	91	57	NaN	102	49	NaN	34	75	NaN	32	78	NaN	31	78	NaN	31	78	NaN	54	64	NaN	21	100	NaN	0	NaN	NaN
sctc_E2R3_0m_I3_CTT1	NaN	NaN	NaN	215	0	NaN	177	0	NaN	130	0	NaN	131	0	NaN	72	4	NaN	70	4	NaN	65	5	NaN	63	8	NaN	67	5	NaN	54	10	NaN	40	120	NaN
sctc_E2R3_0m_I4_STL1	NaN	NaN	NaN	95	48	NaN	80	56	NaN	62	68	NaN	105	43	NaN	65	66	NaN	63	66	NaN	46	77	NaN	36	89	NaN	35	89	NaN	19	135	NaN	4	3884	NaN
sctc_E2R3_0m_I4_CTT1	NaN	NaN	NaN	255	0	NaN	NaN	NaN	NaN	254	0	NaN	NaN	NaN	NaN	68	16	NaN	66	17	NaN	58	21	NaN	55	24	NaN	70	16	NaN	43	59	NaN	16	21237	NaN
sctc_E2R3_0m_I5_STL1	NaN	NaN	NaN	373	0	NaN	329	0	NaN	256	0	NaN	290	0	NaN	56	87	NaN	55	87	NaN	44	95	NaN	39	101	NaN	52	91	NaN	16	248	NaN	0	NaN	NaN
sctc_E2R3_0m_I5_CTT1	NaN	NaN	NaN	230	0	NaN	206	0	NaN	170	0	NaN	172	0	NaN	64	10	NaN	63	10	NaN	60	11	NaN	58	11	NaN	64	10	NaN	44	44	NaN	23	5906	NaN
sctc_E2R3_10m_I1_STL1	NaN	NaN	NaN	171	4712	NaN	154	5577	NaN	125	6589	NaN	123	6636	NaN	64	7528	NaN	62	7538	NaN	60	7558	NaN	60	7558	NaN	67	7499	NaN	49	7725	NaN	30	8938	NaN
sctc_E2R3_10m_I1_CTT1	NaN	NaN	NaN	227	5634	NaN	204	6545	NaN	179	7618	NaN	183	7432	NaN	103	10627	NaN	102	10679	NaN	94	11052	NaN	89	11286	NaN	88	11340	NaN	77	11929	NaN	67	12640	NaN
sctc_E2R3_10m_I2_STL1	NaN	NaN	NaN	165	4006	NaN	148	5197	NaN	121	6791	NaN	133	6178	NaN	74	8323	NaN	65	8444	NaN	60	8505	NaN	55	8587	NaN	52	8629	NaN	30	9655	NaN	8	87376	NaN
sctc_E2R3_10m_I2_CTT1	NaN	NaN	NaN	219	4725	NaN	195	5847	NaN	174	6795	NaN	173	6844	NaN	87	10225	NaN	86	10271	NaN	79	10554	NaN	76	10706	NaN	74	10799	NaN	56	12044	NaN	39	15863	NaN
sctc_E2R3_10m_I3_STL1	NaN	NaN	NaN	200	2866	NaN	176	4694	NaN	151	6973	NaN	164	5778	NaN	100	10188	NaN	93	10411	NaN	73	10762	NaN	65	10838	NaN	66	10827	NaN	45	11211	NaN	25	14113	NaN
sctc_E2R3_10m_I3_CTT1	NaN	NaN	NaN	237	6257	NaN	209	8152	NaN	182	10237	NaN	193	9352	NaN	106	16238	NaN	97	17068	NaN	86	18129	NaN	80	18751	NaN	54	22827	NaN	33	35867	NaN	13	218173	NaN
sctc_E2R3_10m_I4_STL1	NaN	NaN	NaN	174	4361	NaN	156	5263	NaN	132	6239	NaN	137	6053	NaN	70	7362	NaN	68	7379	NaN	66	7405	NaN	66	7405	NaN	65	7416	NaN	47	7674	NaN	29	9044	NaN
sctc_E2R3_10m_I4_CTT1	NaN	NaN	NaN	229	6664	NaN	206	7830	NaN	181	9135	NaN	193	8493	NaN	97	13273	NaN	96	13323	NaN	89	13709	NaN	86	13890	NaN	80	14277	NaN	65	15539	NaN	49	18218	NaN
sctc_E2R3_10m_I5_STL1	NaN	NaN	NaN	77	4194	NaN	68	4278	NaN	54	4372	NaN	48	4422	NaN	59	4336	NaN	55	4367	NaN	52	4391	NaN	50	4411	NaN	51	4400	NaN	29	4943	NaN	6	40997	NaN
sctc_E2R3_10m_I5_CTT1	NaN	NaN	NaN	232	1838	NaN	191	2833	NaN	165	3585	NaN	171	3382	NaN	81	6859	NaN	79	6978	NaN	74	7225	NaN	73	7296	NaN	60	8015	NaN	41	9924	NaN	21	27800	NaN
sctc_E2R3_15m_I1_STL1	NaN	NaN	NaN	176	4377	NaN	155	6153	NaN	132	8237	NaN	143	7220	NaN	66	11608	NaN	61	11731	NaN	56	11817	NaN	53	11882	NaN	44	12103	NaN	22	14925	NaN	0	NaN	NaN
sctc_E2R3_15m_I1_CTT1	NaN	NaN	NaN	266	3568	NaN	234	4961	NaN	177	7779	NaN	214	5938	NaN	76	11325	NaN	73	11385	NaN	71	11438	NaN	69	11488	NaN	73	11385	NaN	58	11913	NaN	42	13239	NaN
sctc_E2R3_15m_I2_STL1	NaN	NaN	NaN	153	6495	NaN	135	8400	NaN	117	10147	NaN	119	9972	NaN	70	12693	NaN	63	12850	NaN	60	12918	NaN	56	13001	NaN	44	13345	NaN	22	17812	NaN	0	NaN	NaN
sctc_E2R3_15m_I2_CTT1	NaN	NaN	NaN	208	6495	NaN	187	7621	NaN	148	9635	NaN	155	9279	NaN	93	11937	NaN	91	11995	NaN	84	12222	NaN	80	12372	NaN	72	12651	NaN	51	13910	NaN	31	19667	NaN
sctc_E2R3_15m_I3_STL1	NaN	NaN	NaN	125	6638	NaN	111	7454	NaN	85	8499	NaN	91	8318	NaN	84	8513	NaN	73	8773	NaN	65	8923	NaN	60	8999	NaN	60	8999	NaN	40	9362	NaN	21	13174	NaN
sctc_E2R3_15m_I3_CTT1	NaN	NaN	NaN	259	2590	NaN	211	4304	NaN	170	5873	NaN	148	6641	NaN	79	8248	NaN	80	8237	NaN	79	8248	NaN	78	8264	NaN	78	8264	NaN	60	8697	NaN	42	9890	NaN
sctc_E2R3_15m_I4_STL1	NaN	NaN	NaN	139	6433	NaN	123	8125	NaN	94	10426	NaN	96	10308	NaN	65	11508	NaN	60	11629	NaN	59	11652	NaN	58	11674	NaN	54	11753	NaN	33	12683	NaN	12	52935	NaN
sctc_E2R3_15m_I4_CTT1	NaN	NaN	NaN	214	4723	NaN	194	5860	NaN	159	7996	NaN	165	7645	NaN	96	10927	NaN	93	11028	NaN	86	11238	NaN	81	11391	NaN	68	11779	NaN	52	12624	NaN	36	15712	NaN
sctc_E2R3_15m_I5_STL1	NaN	NaN	NaN	165	5186	NaN	147	6686	NaN	124	8568	NaN	133	7838	NaN	53	11348	NaN	53	11348	NaN	53	11348	NaN	52	11369	NaN	61	11194	NaN	42	11601	NaN	23	15919	NaN
sctc_E2R3_15m_I5_CTT1	NaN	NaN	NaN	214	5080	NaN	209	5282	NaN	203	5565	NaN	194	5966	NaN	75	9794	NaN	77	9751	NaN	76	9771	NaN	75	9794	NaN	68	9957	NaN	50	10766	NaN	33	14658	NaN
sctc_E2R3_20m_I1_STL1	NaN	NaN	NaN	146	10406	NaN	131	12774	NaN	110	15852	NaN	119	14593	NaN	61	19340	NaN	60	19379	NaN	59	19418	NaN	59	19418	NaN	58	19448	NaN	37	21018	NaN	16	55942	NaN
sctc_E2R3_20m_I1_CTT1	NaN	NaN	NaN	254	5650	NaN	225	7640	NaN	199	9804	NaN	214	8528	NaN	97	16737	NaN	95	16810	NaN	88	17034	NaN	84	17185	NaN	77	17472	NaN	59	18551	NaN	41	21791	NaN
sctc_E2R3_20m_I2_STL1	NaN	NaN	NaN	140	16972	NaN	125	19529	NaN	100	23001	NaN	107	22158	NaN	107	22158	NaN	100	23001	NaN	90	24012	NaN	86	24311	NaN	70	25334	NaN	47	26463	NaN	24	38944	NaN
sctc_E2R3_20m_I2_CTT1	NaN	NaN	NaN	228	11713	NaN	197	14587	NaN	144	19297	NaN	172	16979	NaN	94	22340	NaN	88	22636	NaN	85	22780	NaN	82	22906	NaN	56	24669	NaN	37	30739	NaN	17	91484	NaN
sctc_E2R3_20m_I3_STL1	NaN	NaN	NaN	179	10916	NaN	159	14452	NaN	134	19261	NaN	137	18679	NaN	68	26993	NaN	65	27146	NaN	64	27197	NaN	64	27197	NaN	45	28346	NaN	25	38419	NaN	4	156728	NaN
sctc_E2R3_20m_I3_CTT1	NaN	NaN	NaN	270	8205	NaN	221	12595	NaN	177	17168	NaN	198	14975	NaN	89	23703	NaN	91	23596	NaN	87	23812	NaN	84	24000	NaN	83	24050	NaN	72	24674	NaN	61	25640	NaN
sctc_E2R3_20m_I4_STL1	NaN	NaN	NaN	154	9092	NaN	138	11702	NaN	116	15399	NaN	121	14547	NaN	72	20201	NaN	63	20574	NaN	61	20650	NaN	58	20758	NaN	52	20957	NaN	31	23347	NaN	10	112869	NaN
sctc_E2R3_20m_I4_CTT1	NaN	NaN	NaN	230	6117	NaN	202	8214	NaN	179	10139	NaN	195	8792	NaN	80	16647	NaN	80	16647	NaN	79	16678	NaN	78	16710	NaN	77	16737	NaN	63	17338	NaN	49	18383	NaN
sctc_E2R3_20m_I5_STL1	NaN	NaN	NaN	196	7124	NaN	172	10284	NaN	149	14058	NaN	147	14383	NaN	81	22243	NaN	75	22557	NaN	67	22872	NaN	65	22940	NaN	51	23446	NaN	31	26619	NaN	10	122989	NaN
sctc_E2R3_20m_I5_CTT1	NaN	NaN	NaN	280	6413	NaN	232	10030	NaN	183	14822	NaN	177	15417	NaN	94	20971	NaN	93	21020	NaN	89	21174	NaN	87	21252	NaN	79	21600	NaN	65	22396	NaN	52	23893	NaN
sctc_E2R3_25m_I1_STL1	NaN	NaN	NaN	166	10237	NaN	143	13682	NaN	103	19675	NaN	118	17610	NaN	93	20792	NaN	87	21396	NaN	77	22112	NaN	73	22356	NaN	63	22821	NaN	38	24325	NaN	14	60163	NaN
sctc_E2R3_25m_I1_CTT1	NaN	NaN	NaN	236	7041	NaN	208	8959	NaN	185	10723	NaN	193	10110	NaN	76	17228	NaN	78	17139	NaN	77	17184	NaN	77	17184	NaN	75	17272	NaN	58	18197	NaN	41	20669	NaN
sctc_E2R3_25m_I2_STL1	NaN	NaN	NaN	178	7090	NaN	158	9560	NaN	123	14692	NaN	128	14000	NaN	75	19318	NaN	69	19601	NaN	61	19923	NaN	59	19988	NaN	44	20526	NaN	22	27508	NaN	0	NaN	NaN
sctc_E2R3_25m_I2_CTT1	NaN	NaN	NaN	224	6796	NaN	198	8419	NaN	153	11168	NaN	152	11229	NaN	89	13738	NaN	88	13767	NaN	81	14006	NaN	78	14104	NaN	65	14583	NaN	49	15852	NaN	32	21428	NaN
sctc_E2R3_25m_I3_STL1	NaN	NaN	NaN	143	23234	NaN	129	27608	NaN	104	34543	NaN	106	34062	NaN	95	36529	NaN	87	38007	NaN	81	38934	NaN	74	39859	NaN	74	39859	NaN	53	41895	NaN	31	47974	NaN
sctc_E2R3_25m_I3_CTT1	NaN	NaN	NaN	266	9053	NaN	233	12830	NaN	204	16803	NaN	224	14033	NaN	87	30435	NaN	86	30520	NaN	84	30653	NaN	83	30724	NaN	85	30578	NaN	72	31381	NaN	58	32880	NaN
sctc_E2R3_25m_I4_STL1	NaN	NaN	NaN	166	13700	NaN	143	18476	NaN	101	27210	NaN	132	20996	NaN	80	29891	NaN	73	30511	NaN	72	30584	NaN	67	30878	NaN	48	31870	NaN	26	37855	NaN	5	134317	NaN
sctc_E2R3_25m_I4_CTT1	NaN	NaN	NaN	239	8772	NaN	209	11629	NaN	187	13813	NaN	203	12205	NaN	83	22379	NaN	81	22511	NaN	79	22644	NaN	78	22698	NaN	73	22990	NaN	58	24142	NaN	43	26729	NaN
sctc_E2R3_25m_I5_STL1	NaN	NaN	NaN	148	15360	NaN	132	18788	NaN	113	22640	NaN	123	20670	NaN	67	28067	NaN	68	28005	NaN	67	28067	NaN	66	28132	NaN	53	28835	NaN	32	31782	NaN	11	96498	NaN
sctc_E2R3_25m_I5_CTT1	NaN	NaN	NaN	270	6521	NaN	239	8927	NaN	183	14469	NaN	198	12978	NaN	83	22634	NaN	83	22634	NaN	81	22743	NaN	79	22866	NaN	76	23068	NaN	60	24340	NaN	45	27124	NaN
sctc_E2R3_2m_I1_STL1	NaN	NaN	NaN	374	0	NaN	329	0	NaN	256	0	NaN	292	0	NaN	41	141	NaN	43	141	NaN	39	142	NaN	38	142	NaN	58	136	NaN	23	166	NaN	0	NaN	NaN
sctc_E2R3_2m_I1_CTT1	NaN	NaN	NaN	85	1	NaN	84	1	NaN	82	1	NaN	82	1	NaN	69	2	NaN	70	2	NaN	64	6	NaN	63	8	NaN	48	131	NaN	29	5854	NaN	9	322967	NaN
sctc_E2R3_2m_I2_STL1	NaN	NaN	NaN	263	41	NaN	210	89	NaN	135	209	NaN	180	142	NaN	68	254	NaN	67	254	NaN	52	257	NaN	45	260	NaN	50	258	NaN	26	362	NaN	2	39703	NaN
sctc_E2R3_2m_I2_CTT1	NaN	NaN	NaN	487	2	NaN	413	3	NaN	359	13	NaN	412	3	NaN	150	43	NaN	157	42	NaN	108	47	NaN	92	56	NaN	79	57	NaN	59	126	NaN	39	2244	NaN
sctc_E2R3_2m_I3_STL1	NaN	NaN	NaN	251	8	NaN	205	27	NaN	135	90	NaN	169	52	NaN	41	151	NaN	39	154	NaN	37	155	NaN	36	157	NaN	56	145	NaN	20	382	NaN	0	NaN	NaN
sctc_E2R3_2m_I3_CTT1	NaN	NaN	NaN	5	338128	NaN	5	338128	NaN	5	338128	NaN	5	338128	NaN	74	8	NaN	73	8	NaN	71	11	NaN	71	11	NaN	87	6	NaN	57	41	NaN	27	10143	NaN
sctc_E2R3_2m_I4_STL1	NaN	NaN	NaN	225	5	NaN	109	107	NaN	121	93	NaN	104	112	NaN	40	149	NaN	39	149	NaN	38	149	NaN	38	149	NaN	57	145	NaN	26	168	NaN	0	NaN	NaN
sctc_E2R3_2m_I4_CTT1	NaN	NaN	NaN	198	0	NaN	159	0	NaN	141	1	NaN	149	0	NaN	72	7	NaN	71	8	NaN	69	8	NaN	70	8	NaN	72	7	NaN	56	36	NaN	39	968	NaN
sctc_E2R3_30m_I1_STL1	NaN	NaN	NaN	135	7717	NaN	116	10874	NaN	104	12834	NaN	114	11204	NaN	107	12347	NaN	98	13693	NaN	71	16159	NaN	57	16772	NaN	45	17127	NaN	23	19449	NaN	0	NaN	NaN
sctc_E2R3_30m_I1_CTT1	NaN	NaN	NaN	163	4431	NaN	147	5154	NaN	126	6092	NaN	144	5287	NaN	75	7535	NaN	70	7655	NaN	69	7675	NaN	67	7710	NaN	54	8053	NaN	33	9992	NaN	11	153381	NaN
sctc_E2R3_30m_I2_STL1	NaN	NaN	NaN	154	8205	NaN	134	10056	NaN	120	11068	NaN	121	11010	NaN	60	13119	NaN	59	13137	NaN	58	13155	NaN	57	13168	NaN	61	13104	NaN	41	13608	NaN	21	19499	NaN
sctc_E2R3_30m_I2_CTT1	NaN	NaN	NaN	213	3542	NaN	194	4003	NaN	159	4806	NaN	160	4785	NaN	92	5878	NaN	90	5900	NaN	85	5971	NaN	81	6013	NaN	57	6494	NaN	40	8101	NaN	23	22841	NaN
sctc_E2R3_30m_I3_STL1	NaN	NaN	NaN	139	8601	NaN	123	10221	NaN	106	11623	NaN	119	10607	NaN	68	13358	NaN	64	13442	NaN	62	13491	NaN	60	13544	NaN	47	13936	NaN	26	18391	NaN	5	92517	NaN
sctc_E2R3_30m_I3_CTT1	NaN	NaN	NaN	215	3503	NaN	196	4098	NaN	177	4674	NaN	187	4365	NaN	83	6976	NaN	83	6976	NaN	79	7052	NaN	77	7086	NaN	71	7176	NaN	53	7700	NaN	35	10487	NaN
sctc_E2R3_30m_I4_STL1	NaN	NaN	NaN	170	6040	NaN	151	7950	NaN	128	10341	NaN	132	9954	NaN	74	13542	NaN	65	13764	NaN	62	13830	NaN	60	13865	NaN	63	13800	NaN	44	14316	NaN	24	18693	NaN
sctc_E2R3_30m_I4_CTT1	NaN	NaN	NaN	206	3225	NaN	189	3737	NaN	188	3766	NaN	184	3887	NaN	79	6278	NaN	76	6325	NaN	74	6360	NaN	73	6375	NaN	80	6267	NaN	66	6513	NaN	52	6906	NaN
sctc_E2R3_30m_I5_STL1	NaN	NaN	NaN	168	9551	NaN	150	11185	NaN	121	13269	NaN	118	13451	NaN	66	15093	NaN	63	15147	NaN	62	15162	NaN	61	15182	NaN	62	15162	NaN	43	15818	NaN	25	22419	NaN
sctc_E2R3_30m_I5_CTT1	NaN	NaN	NaN	172	5989	NaN	154	6346	NaN	122	6834	NaN	113	6958	NaN	85	7348	NaN	83	7377	NaN	79	7450	NaN	76	7517	NaN	72	7588	NaN	57	8141	NaN	43	9988	NaN
sctc_E2R3_35m_I1_STL1	NaN	NaN	NaN	128	7789	NaN	110	9896	NaN	78	12606	NaN	78	12606	NaN	82	12380	NaN	72	12897	NaN	57	13498	NaN	49	13714	NaN	45	13802	NaN	22	16120	NaN	0	NaN	NaN
sctc_E2R3_35m_I1_CTT1	NaN	NaN	NaN	137	1976	NaN	124	2144	NaN	85	2615	NaN	125	2132	NaN	80	2667	NaN	81	2655	NaN	77	2696	NaN	76	2702	NaN	73	2733	NaN	55	2946	NaN	37	3885	NaN
sctc_E2R3_35m_I2_STL1	NaN	NaN	NaN	133	6449	NaN	116	8497	NaN	102	10059	NaN	111	9115	NaN	62	12825	NaN	52	13133	NaN	49	13196	NaN	47	13254	NaN	49	13196	NaN	27	14198	NaN	5	54938	NaN
sctc_E2R3_35m_I2_CTT1	NaN	NaN	NaN	135	2457	NaN	122	2669	NaN	83	3215	NaN	187	1420	NaN	63	3429	NaN	63	3429	NaN	59	3491	NaN	59	3491	NaN	68	3353	NaN	51	3605	NaN	35	4617	NaN
sctc_E2R3_35m_I3_STL1	NaN	NaN	NaN	45	11033	NaN	42	11112	NaN	39	11196	NaN	41	11132	NaN	93	8839	NaN	91	9000	NaN	74	10151	NaN	64	10561	NaN	62	10638	NaN	41	11132	NaN	20	13468	NaN
sctc_E2R3_35m_I3_CTT1	NaN	NaN	NaN	328	33	NaN	277	106	NaN	196	622	NaN	253	177	NaN	90	2035	NaN	90	2035	NaN	81	2111	NaN	76	2148	NaN	65	2243	NaN	48	2453	NaN	31	3780	NaN
sctc_E2R3_35m_I4_STL1	NaN	NaN	NaN	116	10553	NaN	103	11877	NaN	80	13447	NaN	79	13505	NaN	53	14324	NaN	51	14381	NaN	50	14404	NaN	50	14404	NaN	62	14082	NaN	44	14572	NaN	26	16497	NaN
sctc_E2R3_35m_I4_CTT1	NaN	NaN	NaN	142	2368	NaN	128	2573	NaN	113	2756	NaN	122	2658	NaN	77	3175	NaN	71	3235	NaN	67	3271	NaN	65	3291	NaN	58	3380	NaN	37	4460	NaN	16	56742	NaN
sctc_E2R3_35m_I5_STL1	NaN	NaN	NaN	140	7870	NaN	124	9376	NaN	108	10570	NaN	119	9784	NaN	53	12640	NaN	52	12660	NaN	52	12660	NaN	52	12660	NaN	60	12481	NaN	41	12937	NaN	23	15906	NaN
sctc_E2R3_35m_I5_CTT1	NaN	NaN	NaN	199	1766	NaN	176	2098	NaN	134	2592	NaN	149	2410	NaN	92	3029	NaN	93	3019	NaN	79	3147	NaN	70	3242	NaN	69	3247	NaN	51	3574	NaN	34	6128	NaN
sctc_E2R3_40m_I1_STL1	NaN	NaN	NaN	148	13645	NaN	131	16892	NaN	113	20001	NaN	123	18349	NaN	74	23826	NaN	67	24134	NaN	64	24293	NaN	61	24419	NaN	48	24970	NaN	26	28970	NaN	4	92717	NaN
sctc_E2R3_40m_I1_CTT1	NaN	NaN	NaN	272	369	NaN	241	661	NaN	180	1321	NaN	225	831	NaN	86	2272	NaN	83	2303	NaN	76	2360	NaN	73	2392	NaN	64	2492	NaN	45	3481	NaN	26	29205	NaN
sctc_E2R3_40m_I2_STL1	NaN	NaN	NaN	169	5589	NaN	148	7560	NaN	128	9481	NaN	135	8862	NaN	62	12715	NaN	59	12783	NaN	59	12783	NaN	57	12827	NaN	51	12952	NaN	29	14260	NaN	7	82752	NaN
sctc_E2R3_40m_I2_CTT1	NaN	NaN	NaN	538	0	NaN	479	8	NaN	350	62	NaN	481	8	NaN	78	1199	NaN	77	1201	NaN	72	1223	NaN	70	1234	NaN	77	1201	NaN	61	1300	NaN	46	1735	NaN
sctc_E2R3_40m_I4_STL1	NaN	NaN	NaN	145	5865	NaN	126	7814	NaN	109	9263	NaN	122	8176	NaN	58	11360	NaN	53	11445	NaN	52	11464	NaN	51	11482	NaN	46	11580	NaN	24	13017	NaN	2	61659	NaN
sctc_E2R3_40m_I4_CTT1	NaN	NaN	NaN	552	0	NaN	466	1	NaN	418	3	NaN	466	1	NaN	74	921	NaN	72	927	NaN	68	943	NaN	66	964	NaN	74	921	NaN	53	1061	NaN	32	3502	NaN
sctc_E2R3_45m_I1_STL1	NaN	NaN	NaN	149	4486	NaN	131	5666	NaN	113	6656	NaN	121	6244	NaN	53	8422	NaN	53	8422	NaN	50	8472	NaN	48	8520	NaN	59	8322	NaN	40	8691	NaN	21	10488	NaN
sctc_E2R3_45m_I1_CTT1	NaN	NaN	NaN	528	0	NaN	469	5	NaN	348	18	NaN	463	5	NaN	73	399	NaN	73	399	NaN	72	401	NaN	72	401	NaN	71	404	NaN	52	504	NaN	33	3921	NaN
sctc_E2R3_45m_I2_STL1	NaN	NaN	NaN	136	6540	NaN	121	7696	NaN	103	8846	NaN	116	8071	NaN	57	10174	NaN	55	10200	NaN	55	10200	NaN	55	10200	NaN	48	10310	NaN	26	11532	NaN	5	63395	NaN
sctc_E2R3_45m_I2_CTT1	NaN	NaN	NaN	521	0	NaN	444	1	NaN	327	18	NaN	442	1	NaN	83	363	NaN	84	362	NaN	81	368	NaN	80	368	NaN	76	373	NaN	60	441	NaN	43	1225	NaN
sctc_E2R3_45m_I3_STL1	NaN	NaN	NaN	119	6659	NaN	106	7364	NaN	91	8007	NaN	101	7579	NaN	47	9087	NaN	46	9108	NaN	45	9126	NaN	45	9126	NaN	50	9016	NaN	30	9596	NaN	9	58858	NaN
sctc_E2R3_45m_I3_CTT1	NaN	NaN	NaN	488	0	NaN	417	0	NaN	372	3	NaN	412	0	NaN	86	271	NaN	84	273	NaN	78	277	NaN	76	281	NaN	76	281	NaN	55	390	NaN	34	4749	NaN
sctc_E2R3_45m_I4_STL1	NaN	NaN	NaN	142	5797	NaN	126	6878	NaN	106	7952	NaN	120	7246	NaN	58	9226	NaN	55	9250	NaN	54	9264	NaN	53	9280	NaN	47	9364	NaN	25	10402	NaN	3	53979	NaN
sctc_E2R3_45m_I4_CTT1	NaN	NaN	NaN	453	0	NaN	391	1	NaN	347	9	NaN	386	1	NaN	85	256	NaN	83	258	NaN	77	264	NaN	72	272	NaN	60	321	NaN	39	1679	NaN	19	54245	NaN
sctc_E2R3_4m_I1_STL1	NaN	NaN	NaN	498	7	NaN	496	7	NaN	494	7	NaN	494	7	NaN	43	109	NaN	43	109	NaN	38	118	NaN	38	118	NaN	53	96	NaN	26	165	NaN	0	NaN	NaN
sctc_E2R3_4m_I1_CTT1	NaN	NaN	NaN	518	0	NaN	447	4	NaN	400	7	NaN	443	4	NaN	97	34	NaN	96	35	NaN	86	38	NaN	86	38	NaN	77	49	NaN	67	76	NaN	56	215	NaN
sctc_E2R3_4m_I2_STL1	NaN	NaN	NaN	439	5	NaN	375	6	NaN	287	7	NaN	313	6	NaN	45	97	NaN	44	97	NaN	41	99	NaN	40	100	NaN	48	97	NaN	33	107	NaN	17	892	NaN
sctc_E2R3_4m_I2_CTT1	NaN	NaN	NaN	562	0	NaN	478	1	NaN	420	3	NaN	475	1	NaN	102	41	NaN	101	41	NaN	82	48	NaN	77	53	NaN	64	91	NaN	49	397	NaN	33	4614	NaN
sctc_E2R3_4m_I3_STL1	NaN	NaN	NaN	518	0	NaN	466	3	NaN	415	5	NaN	463	3	NaN	39	75	NaN	38	75	NaN	36	75	NaN	36	75	NaN	46	71	NaN	27	93	NaN	8	12718	NaN
sctc_E2R3_4m_I3_CTT1	NaN	NaN	NaN	573	0	NaN	486	3	NaN	411	5	NaN	483	3	NaN	72	39	NaN	72	39	NaN	71	39	NaN	71	39	NaN	77	36	NaN	62	47	NaN	48	156	NaN
sctc_E2R3_4m_I4_STL1	NaN	NaN	NaN	62	160	NaN	46	165	NaN	43	169	NaN	39	172	NaN	50	164	NaN	50	164	NaN	46	165	NaN	44	167	NaN	48	165	NaN	31	191	NaN	14	3523	NaN
sctc_E2R3_4m_I4_CTT1	NaN	NaN	NaN	336	11	NaN	271	16	NaN	172	38	NaN	203	29	NaN	86	55	NaN	85	55	NaN	77	59	NaN	75	64	NaN	76	62	NaN	54	196	NaN	31	7726	NaN
sctc_E2R3_50m_I1_STL1	NaN	NaN	NaN	107	4316	NaN	95	4492	NaN	73	4751	NaN	75	4742	NaN	56	4853	NaN	53	4878	NaN	48	4922	NaN	46	4951	NaN	49	4914	NaN	27	5397	NaN	5	46811	NaN
sctc_E2R3_50m_I1_CTT1	NaN	NaN	NaN	405	1	NaN	NaN	NaN	NaN	404	1	NaN	NaN	NaN	NaN	89	77	NaN	86	77	NaN	79	83	NaN	74	87	NaN	56	151	NaN	37	2219	NaN	19	47090	NaN
sctc_E2R3_50m_I2_STL1	NaN	NaN	NaN	127	3161	NaN	113	3649	NaN	98	4087	NaN	106	3876	NaN	75	4526	NaN	69	4622	NaN	61	4713	NaN	57	4762	NaN	51	4819	NaN	30	5458	NaN	9	40007	NaN
sctc_E2R3_50m_I2_CTT1	NaN	NaN	NaN	382	0	NaN	333	0	NaN	292	6	NaN	322	1	NaN	73	117	NaN	72	119	NaN	69	120	NaN	68	120	NaN	85	111	NaN	58	133	NaN	32	1615	NaN
sctc_E2R3_50m_I3_STL1	NaN	NaN	NaN	41	2869	NaN	39	2891	NaN	36	2911	NaN	70	2668	NaN	43	2857	NaN	42	2862	NaN	41	2869	NaN	41	2869	NaN	56	2767	NaN	32	2962	NaN	8	20753	NaN
sctc_E2R3_50m_I3_CTT1	NaN	NaN	NaN	434	0	NaN	375	1	NaN	337	2	NaN	373	1	NaN	68	74	NaN	66	74	NaN	64	77	NaN	63	77	NaN	75	67	NaN	53	88	NaN	30	1348	NaN
sctc_E2R3_50m_I4_STL1	NaN	NaN	NaN	43	3488	NaN	41	3509	NaN	38	3543	NaN	69	3254	NaN	45	3465	NaN	44	3476	NaN	43	3488	NaN	43	3488	NaN	55	3383	NaN	31	3653	NaN	7	29787	NaN
sctc_E2R3_50m_I4_CTT1	NaN	NaN	NaN	318	0	NaN	280	1	NaN	259	1	NaN	280	1	NaN	96	64	NaN	93	66	NaN	82	82	NaN	78	86	NaN	76	89	NaN	41	303	NaN	7	231204	NaN
sctc_E2R3_55m_I1_STL1	NaN	NaN	NaN	114	4296	NaN	101	4626	NaN	88	4831	NaN	96	4717	NaN	56	5137	NaN	57	5132	NaN	54	5153	NaN	54	5153	NaN	61	5106	NaN	41	5287	NaN	21	7199	NaN
sctc_E2R3_55m_I1_CTT1	NaN	NaN	NaN	420	0	NaN	366	0	NaN	323	2	NaN	355	0	NaN	87	104	NaN	86	104	NaN	76	122	NaN	71	124	NaN	77	119	NaN	52	233	NaN	27	12635	NaN
sctc_E2R3_55m_I2_STL1	NaN	NaN	NaN	131	3915	NaN	116	4452	NaN	101	4847	NaN	107	4702	NaN	53	5383	NaN	53	5383	NaN	52	5390	NaN	52	5390	NaN	64	5302	NaN	46	5426	NaN	27	6101	NaN
sctc_E2R3_55m_I2_CTT1	NaN	NaN	NaN	494	0	NaN	421	1	NaN	378	3	NaN	421	1	NaN	96	140	NaN	99	134	NaN	86	148	NaN	83	150	NaN	79	155	NaN	57	218	NaN	35	2919	NaN
sctc_E2R3_55m_I3_STL1	NaN	NaN	NaN	117	4347	NaN	105	4613	NaN	85	4891	NaN	85	4891	NaN	58	5100	NaN	57	5107	NaN	55	5116	NaN	55	5116	NaN	58	5100	NaN	39	5287	NaN	19	8616	NaN
sctc_E2R3_55m_I3_CTT1	NaN	NaN	NaN	442	0	NaN	388	0	NaN	343	2	NaN	376	0	NaN	84	66	NaN	83	68	NaN	75	77	NaN	72	81	NaN	85	66	NaN	61	118	NaN	37	2660	NaN
sctc_E2R3_55m_I4_STL1	NaN	NaN	NaN	138	4573	NaN	121	5310	NaN	106	5766	NaN	115	5508	NaN	55	6466	NaN	52	6504	NaN	50	6527	NaN	48	6544	NaN	57	6448	NaN	36	6777	NaN	15	18141	NaN
sctc_E2R3_55m_I4_CTT1	NaN	NaN	NaN	500	6	NaN	425	7	NaN	295	29	NaN	382	12	NaN	79	210	NaN	78	212	NaN	76	217	NaN	74	225	NaN	78	212	NaN	63	284	NaN	47	977	NaN
sctc_E2R3_6m_I1_STL1	NaN	NaN	NaN	448	53	NaN	416	54	NaN	396	54	NaN	425	54	NaN	70	757	NaN	69	762	NaN	58	800	NaN	52	845	NaN	48	861	NaN	26	1172	NaN	5	21370	NaN
sctc_E2R3_6m_I1_CTT1	NaN	NaN	NaN	98	591	NaN	72	639	NaN	72	639	NaN	115	545	NaN	80	624	NaN	80	624	NaN	73	636	NaN	69	646	NaN	50	780	NaN	29	5151	NaN	8	284562	NaN
sctc_E2R3_6m_I2_STL1	NaN	NaN	NaN	361	133	NaN	345	137	NaN	324	142	NaN	331	141	NaN	58	1838	NaN	57	1849	NaN	52	1890	NaN	49	1928	NaN	60	1815	NaN	37	2160	NaN	14	9169	NaN
sctc_E2R3_6m_I2_CTT1	NaN	NaN	NaN	98	887	NaN	73	982	NaN	73	982	NaN	68	1011	NaN	81	948	NaN	82	942	NaN	79	955	NaN	77	962	NaN	76	964	NaN	59	1100	NaN	42	1800	NaN
sctc_E2R3_6m_I3_STL1	NaN	NaN	NaN	427	99	NaN	400	102	NaN	371	110	NaN	386	104	NaN	72	1513	NaN	67	1547	NaN	58	1626	NaN	53	1662	NaN	55	1650	NaN	35	1929	NaN	14	6768	NaN
sctc_E2R3_6m_I3_CTT1	NaN	NaN	NaN	120	778	NaN	95	902	NaN	89	929	NaN	87	934	NaN	73	989	NaN	73	989	NaN	69	1011	NaN	67	1021	NaN	73	989	NaN	57	1098	NaN	40	1664	NaN
sctc_E2R3_6m_I4_STL1	NaN	NaN	NaN	328	84	NaN	288	92	NaN	246	106	NaN	225	122	NaN	79	1389	NaN	74	1429	NaN	65	1487	NaN	59	1532	NaN	64	1490	NaN	42	1643	NaN	21	2470	NaN
sctc_E2R3_6m_I4_CTT1	NaN	NaN	NaN	95	635	NaN	66	751	NaN	67	750	NaN	61	780	NaN	74	702	NaN	75	701	NaN	69	738	NaN	68	746	NaN	59	792	NaN	42	1054	NaN	26	6992	NaN
sctc_E2R3_8m_I1_STL1	NaN	NaN	NaN	379	139	NaN	319	163	NaN	256	247	NaN	285	204	NaN	61	3718	NaN	62	3710	NaN	57	3753	NaN	56	3761	NaN	63	3703	NaN	43	3937	NaN	23	5252	NaN
sctc_E2R3_8m_I1_CTT1	NaN	NaN	NaN	105	2942	NaN	82	3185	NaN	74	3269	NaN	67	3361	NaN	92	3103	NaN	91	3110	NaN	83	3174	NaN	78	3237	NaN	67	3361	NaN	50	3743	NaN	33	6370	NaN
sctc_E2R3_8m_I2_STL1	NaN	NaN	NaN	409	102	NaN	369	106	NaN	309	116	NaN	301	117	NaN	56	2905	NaN	54	2912	NaN	51	2933	NaN	50	2940	NaN	60	2880	NaN	40	3041	NaN	20	4177	NaN
sctc_E2R3_8m_I2_CTT1	NaN	NaN	NaN	104	2402	NaN	96	2470	NaN	82	2549	NaN	84	2540	NaN	71	2612	NaN	69	2626	NaN	66	2653	NaN	65	2658	NaN	74	2589	NaN	58	2720	NaN	42	3156	NaN
sctc_E2R3_8m_I3_STL1	NaN	NaN	NaN	540	0	NaN	478	114	NaN	374	125	NaN	452	117	NaN	58	3458	NaN	55	3486	NaN	52	3508	NaN	50	3538	NaN	53	3504	NaN	32	3852	NaN	11	23319	NaN
sctc_E2R3_8m_I3_CTT1	NaN	NaN	NaN	107	2252	NaN	81	2430	NaN	72	2494	NaN	72	2494	NaN	66	2532	NaN	66	2532	NaN	64	2541	NaN	63	2548	NaN	73	2485	NaN	56	2622	NaN	39	3210	NaN
sctc_E2R3_8m_I4_STL1	NaN	NaN	NaN	431	123	NaN	330	146	NaN	232	296	NaN	275	196	NaN	73	3526	NaN	66	3557	NaN	59	3604	NaN	53	3627	NaN	57	3615	NaN	36	3798	NaN	15	7933	NaN
sctc_E2R3_8m_I4_CTT1	NaN	NaN	NaN	128	2452	NaN	117	2563	NaN	99	2667	NaN	112	2601	NaN	70	2823	NaN	70	2823	NaN	67	2845	NaN	66	2850	NaN	68	2838	NaN	49	3088	NaN	30	5935	NaN
sctc_E2R3_8m_I5_STL1	NaN	NaN	NaN	133	2324	NaN	95	2997	NaN	78	3165	NaN	76	3192	NaN	63	3273	NaN	62	3283	NaN	57	3326	NaN	54	3355	NaN	56	3339	NaN	38	3573	NaN	19	6093	NaN
sctc_E2R3_8m_I5_CTT1	NaN	NaN	NaN	112	2338	NaN	103	2410	NaN	87	2524	NaN	90	2500	NaN	82	2553	NaN	82	2553	NaN	78	2587	NaN	76	2609	NaN	56	2902	NaN	36	5198	NaN	16	56564	NaN
rsfish_celegans	1126	1155	0.92992	2897	0	0.92992	2466	189	0.92992	1953	494	0.92992	1239	1093	0.92992	561	1314	0.92992	545	1321	0.92992	450	1463	0.92992	398	1672	0.92992	385	1753	0.92992	292	3075	0.92992	199	8022	0.92992
simerly_40x_00_AF647	1118	7627	0.94382	3979	485	0.94382	3207	815	0.94382	1945	4585	0.94382	5788	236	0.94382	634	9057	0.94382	611	9127	0.94382	582	9223	0.94382	573	9258	0.94382	711	8820	0.94382	482	9642	0.94382	254	25602	0.94382
simerly_40x_00_tdTom	1242	1113	0.95552	7771	0	0.95552	6786	0	0.95552	5091	255	0.95552	4946	265	0.95552	1197	1138	0.95552	1123	1202	0.95552	918	1417	0.95552	873	1506	0.95552	894	1464	0.95552	698	2275	0.95552	501	7016	0.95552
simerly_40x_00_AF488	804	1395	0.94844	6175	201	0.94844	5741	216	0.94844	4903	232	0.94844	3352	269	0.94844	781	1430	0.94844	728	1495	0.94844	608	1689	0.94844	581	1742	0.94844	537	1829	0.94844	285	5062	0.94844	33	490534	0.94844
simerly_40x_01_tdTom	1571	1171	0.96287	8665	188	0.96287	7843	213	0.96287	5210	327	0.96287	7257	230	0.96287	1854	1094	0.96287	1992	1058	0.96287	1159	1332	0.96287	978	1478	0.96287	1084	1383	0.96287	814	1830	0.96287	544	5725	0.96287
simerly_40x_01_AF488	817	1797	0.96032	8480	0	0.96032	7756	225	0.96032	6349	278	0.96032	7063	247	0.96032	859	1749	0.96032	835	1779	0.96032	673	2000	0.96032	615	2132	0.96032	757	1878	0.96032	549	2282	0.96032	341	3789	0.96032
simerly_40x_02_AF647	1511	3129	0.91114	4025	538	0.91114	2960	784	0.91114	1822	2338	0.91114	8623	186	0.91114	698	4714	0.91114	661	4760	0.91114	561	4891	0.91114	540	4916	0.91114	743	4650	0.91114	422	5166	0.91114	100	76785	0.91114
simerly_40x_02_tdTom	794	861	0.91147	6315	253	0.91147	4897	277	0.91147	2841	341	0.91147	9569	184	0.91147	1421	494	0.91147	1391	498	0.91147	1224	554	0.91147	1221	555	0.91147	962	703	0.91147	645	1094	0.91147	327	5229	0.91147
simerly_40x_02_AF488	661	654	0.91589	6420	0	0.91589	5746	100	0.91589	5212	104	0.91589	3330	121	0.91589	982	403	0.91589	1029	377	0.91589	612	720	0.91589	569	765	0.91589	644	678	0.91589	469	936	0.91589	294	2817	0.91589
simerly_40x_03_AF647	2723	4267	0.94388	2177	5034	0.94388	1945	5606	0.94388	1608	6378	0.94388	6635	1607	0.94388	923	7888	0.94388	912	7917	0.94388	619	8471	0.94388	581	8563	0.94388	731	8254	0.94388	275	10637	0.94388	0	NaN	NaN
simerly_40x_03_tdTom	981	653	0.93735	6781	351	0.93735	4922	407	0.93735	3064	457	0.93735	10300	217	0.93735	2094	512	0.93735	2268	497	0.93735	1132	622	0.93735	895	688	0.93735	963	662	0.93735	738	763	0.93735	512	1160	0.93735
simerly_40x_03_AF488	536	700	0.91454	6212	121	0.91454	5667	131	0.91454	4673	137	0.91454	2401	168	0.91454	1079	303	0.91454	1096	298	0.91454	843	370	0.91454	709	471	0.91454	737	440	0.91454	551	669	0.91454	365	1046	0.91454
simerly_40x_04_AF647	1476	3071	0.93787	5645	157	0.93787	4761	187	0.93787	3129	1384	0.93787	5366	162	0.93787	976	3677	0.93787	949	3716	0.93787	885	3837	0.93787	868	3874	0.93787	886	3835	0.93787	727	4317	0.93787	568	6574	0.93787
simerly_40x_04_tdTom	1326	963	0.88285	3754	195	0.88285	3267	262	0.88285	2781	357	0.88285	4172	145	0.88285	1195	1092	0.88285	1214	1066	0.88285	1019	1349	0.88285	910	1643	0.88285	881	1791	0.88285	782	2599	0.88285	682	4338	0.88285
simerly_40x_04_AF488	783	1336	0.94204	2476	358	0.94204	1887	624	0.94204	1075	1214	0.94204	4654	188	0.94204	470	1799	0.94204	440	1882	0.94204	413	1953	0.94204	403	1982	0.94204	462	1822	0.94204	292	2642	0.94204	121	45731	0.94204
simerly_HiBkg_00_tdTom	NaN	NaN	NaN	3804	292	NaN	4225	235	NaN	2143	1125	NaN	4027	256	NaN	1261	3559	NaN	1161	4312	NaN	1028	5825	NaN	978	6594	NaN	891	8336	NaN	715	14901	NaN	539	30951	NaN
simerly_HiBkg_00_AF488	NaN	NaN	NaN	4141	284	NaN	4420	241	NaN	3045	533	NaN	4276	259	NaN	1197	4089	NaN	1281	3475	NaN	1013	6030	NaN	868	8973	NaN	834	9955	NaN	727	14309	NaN	620	21833	NaN
simerly_HiBkg_01_AF647	591	12422	0.73365	785	5387	0.73365	418	28038	0.73365	497	18778	0.73365	2660	124	0.73365	853	4078	0.73365	809	4867	0.73365	699	7802	0.73365	649	9715	0.73365	646	9815	0.73365	551	14821	0.73365	455	23055	0.73365
simerly_HiBkg_01_tdTom	1237	3427	0.68972	3154	330	0.68972	3343	285	0.68972	1552	1767	0.68972	5091	110	0.68972	1550	1773	0.68972	1386	2418	0.68972	1212	3630	0.68972	1123	4601	0.68972	1051	5750	0.68972	833	13098	0.68972	615	36967	0.68972
simerly_HiBkg_01_AF488	1066	2775	0.51373	1683	251	0.51373	1704	239	0.51373	1651	274	0.51373	1713	231	0.51373	398	88693	0.51373	418	79586	0.51373	359	109274	0.51373	373	101362	0.51373	207	255120	0.51373	124	350636	0.51373	40	371884	0.51373
simerly_HiBkg_02_AF647	NaN	NaN	NaN	1500	1047	NaN	1024	2899	NaN	802	5985	NaN	2595	232	NaN	876	4571	NaN	772	6671	NaN	632	11756	NaN	574	15052	NaN	593	13891	NaN	466	24555	NaN	339	54643	NaN
simerly_HiBkg_02_tdTom	NaN	NaN	NaN	1896	1254	NaN	1227	5555	NaN	1030	10978	NaN	2823	317	NaN	1366	3691	NaN	1269	4863	NaN	1089	8916	NaN	1013	11645	NaN	790	27502	NaN	571	63768	NaN	351	137795	NaN
simerly_HiBkg_02_AF488	NaN	NaN	NaN	3605	119	NaN	2944	258	NaN	2283	565	NaN	3621	114	NaN	1739	1494	NaN	1667	1735	NaN	1080	9687	NaN	811	25506	NaN	826	24155	NaN	629	49320	NaN	432	99728	NaN
simerly_HiBkg_03_AF647	NaN	NaN	NaN	3388	126	NaN	2915	186	NaN	2442	294	NaN	3321	133	NaN	1284	1738	NaN	1328	1555	NaN	977	4200	NaN	823	7211	NaN	847	6635	NaN	722	10364	NaN	598	15723	NaN
simerly_HiBkg_03_tdTom	NaN	NaN	NaN	6577	103	NaN	6000	120	NaN	4911	181	NaN	5629	135	NaN	1813	950	NaN	1701	1073	NaN	1417	1677	NaN	1275	2294	NaN	1280	2255	NaN	998	4976	NaN	717	17066	NaN
simerly_HiBkg_03_AF488	NaN	NaN	NaN	1813	118	NaN	1491	326	NaN	1168	1265	NaN	1415	433	NaN	410	73757	NaN	359	99450	NaN	256	190918	NaN	234	220732	NaN	210	255183	NaN	130	369299	NaN	51	405699	NaN
simerly_HiBkg_04_AF647	NaN	NaN	NaN	2178	263	NaN	1736	437	NaN	1294	1054	NaN	1390	843	NaN	975	2728	NaN	872	4070	NaN	716	7650	NaN	674	9102	NaN	584	13513	NaN	445	29437	NaN	306	83007	NaN
simerly_HiBkg_04_tdTom	NaN	NaN	NaN	4182	0	NaN	3604	176	NaN	3025	276	NaN	3777	153	NaN	1353	1616	NaN	1224	2212	NaN	1045	3963	NaN	1007	4668	NaN	873	8493	NaN	678	22419	NaN	482	59571	NaN
simerly_HiBkg_04_AF488	NaN	NaN	NaN	3053	75	NaN	2662	92	NaN	2272	120	NaN	1137	1611	NaN	1085	2077	NaN	971	3710	NaN	768	11034	NaN	666	19316	NaN	675	18434	NaN	496	47157	NaN	317	119112	NaN
simerly_HiBkg_05_AF647	NaN	NaN	NaN	2893	188	NaN	3168	141	NaN	1979	496	NaN	3063	156	NaN	1106	2382	NaN	1048	2825	NaN	824	5923	NaN	710	9068	NaN	705	9229	NaN	547	17760	NaN	389	44203	NaN
simerly_HiBkg_05_tdTom	NaN	NaN	NaN	4234	286	NaN	4814	180	NaN	2604	916	NaN	4553	224	NaN	1454	2492	NaN	1422	2582	NaN	1211	3441	NaN	1094	4272	NaN	1110	4127	NaN	973	5745	NaN	835	9211	NaN
simerly_HiBkg_05_AF488	NaN	NaN	NaN	1802	127	NaN	1678	163	NaN	1553	206	NaN	2030	90	NaN	527	33865	NaN	482	44169	NaN	321	114107	NaN	294	134267	NaN	331	107437	NaN	192	245399	NaN	53	345228	NaN
simerly_HiBkg_06_AF647	696	11935	0.73565	1945	818	0.73565	1523	1393	0.73565	1101	3323	0.73565	3314	189	0.73565	1097	3366	0.73565	1016	4206	0.73565	841	7214	0.73565	767	9288	0.73565	696	11935	0.73565	540	21524	0.73565	384	53788	0.73565
simerly_HiBkg_06_tdTom	1359	1193	0.73368	2064	532	0.73368	1690	759	0.73368	1317	1301	0.73368	1388	1130	0.73368	1369	1174	0.73368	1392	1121	0.73368	1129	2219	0.73368	1006	3521	0.73368	925	5070	0.73368	798	9999	0.73368	670	20834	0.73368
simerly_HiBkg_06_AF488	1124	2347	0.53655	3191	97	0.53655	3018	103	0.53655	2599	123	0.53655	2302	147	0.53655	1146	2114	0.53655	995	4260	0.53655	885	7529	0.53655	845	9266	0.53655	843	9372	0.53655	664	23844	0.53655	485	60896	0.53655
simerly_HiBkg_07_AF647	NaN	NaN	NaN	4752	223	NaN	5417	172	NaN	3086	521	NaN	5477	166	NaN	1259	2729	NaN	1158	3293	NaN	994	4624	NaN	921	5431	NaN	920	5442	NaN	753	8180	NaN	587	14255	NaN
simerly_HiBkg_07_tdTom	NaN	NaN	NaN	2586	230	NaN	2067	375	NaN	1547	1027	NaN	3149	126	NaN	967	7898	NaN	891	10514	NaN	687	21594	NaN	621	26738	NaN	578	30702	NaN	426	50119	NaN	274	91927	NaN
simerly_HiBkg_07_AF488	NaN	NaN	NaN	3179	190	NaN	2504	248	NaN	1829	596	NaN	3537	168	NaN	2097	353	NaN	2136	333	NaN	1476	1713	NaN	1119	5955	NaN	1137	5583	NaN	900	12012	NaN	664	24523	NaN
simerly_HiBkg_08_AF647	NaN	NaN	NaN	4843	227	NaN	3911	351	NaN	2980	570	NaN	5063	205	NaN	1703	1381	NaN	1691	1397	NaN	1259	2465	NaN	1010	3999	NaN	1019	3910	NaN	785	6751	NaN	552	14479	NaN
simerly_HiBkg_08_tdTom	NaN	NaN	NaN	3015	246	NaN	2465	379	NaN	1915	655	NaN	1833	727	NaN	1085	4830	NaN	1005	6468	NaN	769	15112	NaN	656	22227	NaN	663	21760	NaN	509	35629	NaN	354	58435	NaN
simerly_HiBkg_08_AF488	NaN	NaN	NaN	1284	3575	NaN	403	52011	NaN	632	26893	NaN	1577	1309	NaN	560	32629	NaN	482	40619	NaN	398	52849	NaN	356	61461	NaN	354	61954	NaN	259	90533	NaN	165	141340	NaN
simerly_HiBkg_09_AF647	NaN	NaN	NaN	4346	94	NaN	3543	149	NaN	2741	253	NaN	5141	59	NaN	1553	754	NaN	1605	701	NaN	1147	1667	NaN	1026	2294	NaN	1030	2257	NaN	884	3634	NaN	738	6453	NaN
simerly_HiBkg_09_tdTom	NaN	NaN	NaN	2979	152	NaN	2670	201	NaN	2362	295	NaN	3250	123	NaN	1258	4152	NaN	1151	6076	NaN	827	19724	NaN	694	30991	NaN	726	27834	NaN	555	47929	NaN	383	81634	NaN
simerly_HiBkg_09_AF488	NaN	NaN	NaN	5748	0	NaN	5558	122	NaN	4351	193	NaN	5170	143	NaN	1663	1864	NaN	1504	2843	NaN	1295	5188	NaN	1224	6388	NaN	1203	6803	NaN	966	14211	NaN	728	29326	NaN
simerly_HiBkg_10_AF647	NaN	NaN	NaN	5058	198	NaN	4433	287	NaN	3808	408	NaN	5486	151	NaN	1775	2278	NaN	1744	2387	NaN	1399	4378	NaN	1220	6291	NaN	1074	8734	NaN	905	13076	NaN	736	21899	NaN
simerly_HiBkg_10_tdTom	NaN	NaN	NaN	3012	482	NaN	2389	775	NaN	1765	1444	NaN	1850	1312	NaN	2484	703	NaN	2516	685	NaN	1577	1842	NaN	1201	4241	NaN	1202	4224	NaN	939	11109	NaN	677	35752	NaN
simerly_HiBkg_10_AF488	NaN	NaN	NaN	1997	159	NaN	1640	377	NaN	1282	1491	NaN	2283	92	NaN	986	6383	NaN	881	10987	NaN	677	30767	NaN	572	50940	NaN	569	51669	NaN	424	100690	NaN	279	199802	NaN
simerly_HiBkg_11_AF647	1221	6940	0.74042	6789	72	0.74042	6169	102	0.74042	5550	142	0.74042	6508	82	0.74042	2420	1049	0.74042	2730	785	0.74042	1731	2573	0.74042	1314	5708	0.74042	1362	5156	0.74042	1099	9050	0.74042	837	16119	0.74042
simerly_HiBkg_11_tdTom	1635	754	0.69002	2017	397	0.69002	1483	1049	0.69002	1135	3433	0.69002	2475	213	0.69002	1111	3777	0.69002	980	6995	0.69002	815	15984	0.69002	741	23105	0.69002	719	25705	0.69002	529	61900	0.69002	338	138552	0.69002
simerly_HiBkg_11_AF488	1534	799	0.59024	2989	110	0.59024	2755	128	0.59024	2522	167	0.59024	2836	125	0.59024	1176	3216	0.59024	1042	5870	0.59024	892	11766	0.59024	839	15191	0.59024	716	26927	0.59024	515	65913	0.59024	314	160742	0.59024
simerly_HiBkg_12_AF647	NaN	NaN	NaN	7731	77	NaN	6252	121	NaN	5599	149	NaN	8173	69	NaN	2598	781	NaN	2634	759	NaN	1683	2774	NaN	1383	5151	NaN	1396	5016	NaN	1154	8566	NaN	912	14790	NaN
simerly_HiBkg_12_tdTom	NaN	NaN	NaN	3598	429	NaN	2957	749	NaN	2316	1406	NaN	4290	224	NaN	1796	2470	NaN	1789	2487	NaN	1214	6511	NaN	960	13334	NaN	973	12803	NaN	746	27406	NaN	518	61032	NaN
simerly_HiBkg_12_AF488	NaN	NaN	NaN	2394	134	NaN	2072	260	NaN	1749	704	NaN	2526	109	NaN	982	11716	NaN	883	17192	NaN	672	37397	NaN	567	54470	NaN	573	53280	NaN	417	95851	NaN	260	199027	NaN
simerly_HiBkg_13_AF647	1369	9903	0.78149	3224	1098	0.78149	2552	1989	0.78149	1881	4502	0.78149	4010	664	0.78149	2493	2118	0.78149	2553	1985	0.78149	1538	7597	0.78149	1176	13304	0.78149	1236	12150	0.78149	944	18964	0.78149	653	35014	0.78149
simerly_HiBkg_13_tdTom	1323	1127	0.71941	4329	0	0.71941	3982	0	0.71941	2911	223	0.71941	3709	118	0.71941	1355	1051	0.71941	1300	1184	0.71941	1025	2482	0.71941	870	4683	0.71941	875	4578	0.71941	724	9836	0.71941	572	22821	0.71941
simerly_HiBkg_13_AF488	2178	745	0.64111	3679	187	0.64111	2925	307	0.64111	2171	755	0.64111	1912	1221	0.64111	1682	2142	0.64111	1548	3122	0.64111	1191	9334	0.64111	1038	15417	0.64111	988	18187	0.64111	725	43045	0.64111	462	98425	0.64111
simerly_HiBkg_14_AF647	NaN	NaN	NaN	7291	202	NaN	6083	307	NaN	4876	526	NaN	8393	128	NaN	2036	3632	NaN	1879	4478	NaN	1307	9789	NaN	1079	13334	NaN	1151	12065	NaN	847	18300	NaN	544	33661	NaN
simerly_HiBkg_14_tdTom	NaN	NaN	NaN	7277	0	NaN	6632	134	NaN	4969	282	NaN	6796	116	NaN	1713	2484	NaN	1779	2377	NaN	1309	3505	NaN	1047	4634	NaN	1109	4315	NaN	919	5629	NaN	729	8510	NaN
simerly_HiBkg_14_AF488	NaN	NaN	NaN	1232	4131	NaN	984	9714	NaN	736	24212	NaN	2128	320	NaN	926	12046	NaN	845	16194	NaN	575	43534	NaN	441	71518	NaN	460	66529	NaN	338	106805	NaN	216	170592	NaN
simerly_HiBkg_15_AF647	NaN	NaN	NaN	8862	216	NaN	7359	323	NaN	5857	583	NaN	10180	142	NaN	2451	3543	NaN	2344	3886	NaN	1695	7760	NaN	1366	11788	NaN	1520	9711	NaN	1191	14749	NaN	863	22785	NaN
simerly_HiBkg_15_tdTom	NaN	NaN	NaN	2868	322	NaN	2260	504	NaN	1653	875	NaN	3355	218	NaN	1350	1271	NaN	1287	1406	NaN	1010	2696	NaN	877	4562	NaN	880	4507	NaN	712	9807	NaN	544	23808	NaN
simerly_HiBkg_15_AF488	NaN	NaN	NaN	4949	124	NaN	4249	145	NaN	3115	234	NaN	4970	123	NaN	2120	680	NaN	2057	768	NaN	1424	3729	NaN	1220	7059	NaN	1240	6625	NaN	1030	13197	NaN	820	26317	NaN
simerly_HiBkg_16_AF647	NaN	NaN	NaN	1380	10347	NaN	831	25651	NaN	829	25739	NaN	5595	171	NaN	1816	4700	NaN	1778	5017	NaN	1100	16705	NaN	923	22003	NaN	995	19663	NaN	762	29076	NaN	529	54096	NaN
simerly_HiBkg_16_tdTom	NaN	NaN	NaN	3290	144	NaN	1281	4722	NaN	1564	1787	NaN	3033	175	NaN	1663	1307	NaN	1574	1740	NaN	1100	9222	NaN	873	22365	NaN	880	21748	NaN	600	61662	NaN	321	157369	NaN
simerly_HiBkg_16_AF488	NaN	NaN	NaN	4088	0	NaN	3924	106	NaN	3145	162	NaN	3176	160	NaN	1478	2216	NaN	1365	3269	NaN	1012	11747	NaN	922	16546	NaN	853	21686	NaN	584	58919	NaN	316	167430	NaN
simerly_HiBkg_17_AF647	1282	9057	0.75393	7155	123	0.75393	7149	123	0.75393	7144	123	0.75393	4347	369	0.75393	2002	2665	0.75393	1946	2901	0.75393	1508	5942	0.75393	1295	8851	0.75393	1346	8045	0.75393	1069	13043	0.75393	792	20857	0.75393
simerly_HiBkg_17_tdTom	1731	2690	0.78740	5646	248	0.78740	4496	461	0.78740	3346	850	0.78740	6692	151	0.78740	2273	1661	0.78740	2329	1599	0.78740	1687	2816	0.78740	1329	4779	0.78740	1238	5730	0.78740	959	12192	0.78740	680	32542	0.78740
simerly_HiBkg_17_AF488	1556	1370	0.55355	2125	262	0.55355	1708	860	0.55355	1291	3284	0.55355	1522	1516	0.55355	719	29538	0.55355	599	47816	0.55355	463	83195	0.55355	408	104754	0.55355	407	105193	0.55355	240	217421	0.55355	73	354514	0.55355
simerly_HiBkg_18_AF647	NaN	NaN	NaN	8726	81	NaN	8669	81	NaN	8534	83	NaN	7813	95	NaN	2655	874	NaN	2643	890	NaN	2041	2070	NaN	1808	3212	NaN	1840	3021	NaN	1481	6322	NaN	1122	12942	NaN
simerly_HiBkg_18_tdTom	NaN	NaN	NaN	2132	1116	NaN	1395	5140	NaN	1167	9970	NaN	3961	158	NaN	1612	2972	NaN	1509	3822	NaN	1063	13775	NaN	851	27143	NaN	867	25749	NaN	599	59200	NaN	331	129270	NaN
simerly_HiBkg_18_AF488	NaN	NaN	NaN	2824	347	NaN	1860	2127	NaN	1572	4361	NaN	3096	273	NaN	1682	3292	NaN	1576	4312	NaN	1181	12707	NaN	1031	19411	NaN	921	26484	NaN	662	55182	NaN	404	119729	NaN
simerly_HiBkg_19_AF647	658	13106	0.73153	2948	198	0.73153	2607	283	0.73153	2265	410	0.73153	3328	140	0.73153	965	4248	0.73153	886	5541	0.73153	766	8625	0.73153	714	10554	0.73153	696	11349	0.73153	531	20818	0.73153	365	40245	0.73153
simerly_HiBkg_19_tdTom	956	5730	0.72745	5020	173	0.72745	5611	134	0.72745	3647	348	0.72745	5045	172	0.72745	1266	2935	0.72745	1246	3058	0.72745	1118	3900	0.72745	1073	4287	0.72745	1106	3983	0.72745	930	6162	0.72745	753	11010	0.72745
simerly_HiBkg_19_AF488	1223	2807	0.51091	2409	163	0.51091	1491	1064	0.51091	1652	652	0.51091	2701	120	0.51091	1179	3383	0.51091	1077	5197	0.51091	802	17375	0.51091	672	31363	0.51091	671	31496	0.51091	528	59408	0.51091	385	112734	0.51091
simerly_HiBkg_20_AF647	NaN	NaN	NaN	1196	1456	NaN	799	6491	NaN	650	12197	NaN	2072	190	NaN	894	4411	NaN	803	6377	NaN	672	11117	NaN	623	13608	NaN	583	15937	NaN	429	29781	NaN	276	79715	NaN
simerly_HiBkg_20_tdTom	NaN	NaN	NaN	1147	2474	NaN	723	16477	NaN	598	30876	NaN	1711	569	NaN	921	6386	NaN	830	9727	NaN	697	18774	NaN	634	25777	NaN	569	35642	NaN	450	63127	NaN	332	110428	NaN
simerly_HiBkg_20_AF488	NaN	NaN	NaN	2573	245	NaN	1808	827	NaN	1648	1249	NaN	3215	147	NaN	1386	2836	NaN	1290	3951	NaN	980	12634	NaN	828	22647	NaN	814	23939	NaN	597	54841	NaN	381	123417	NaN
simerly_HiBkg_21_AF647	660	14277	0.87816	1057	9107	0.87816	873	11282	0.87816	797	12205	0.87816	2096	3177	0.87816	840	11679	0.87816	759	12741	0.87816	706	13509	0.87816	683	13873	0.87816	754	12822	0.87816	567	16387	0.87816	380	27805	0.87816
simerly_HiBkg_21_tdTom	1371	4213	0.84856	4040	1251	0.84856	3194	1790	0.84856	2212	2745	0.84856	7795	262	0.84856	1989	3054	0.84856	2094	2894	0.84856	1450	4006	0.84856	1072	5461	0.84856	1193	4851	0.84856	884	7059	0.84856	576	15585	0.84856
simerly_HiBkg_21_AF488	2352	3204	0.73487	1226	14424	0.73487	649	42711	0.73487	644	43091	0.73487	5884	240	0.73487	1790	5976	0.73487	1727	6499	0.73487	1232	14262	0.73487	969	23257	0.73487	1007	21632	0.73487	704	38580	0.73487	401	62599	0.73487
simerly_HiBkg_22_CY5	1019	18874	0.85347	1535	12210	0.85347	1284	15252	0.85347	1113	17520	0.85347	6465	383	0.85347	1445	13243	0.85347	1425	13478	0.85347	1040	18550	0.85347	797	22709	0.85347	907	20654	0.85347	632	26232	0.85347	356	39827	0.85347
simerly_HiBkg_22_AF568	818	5324	0.84907	3216	1219	0.84907	2367	1947	0.84907	1519	3147	0.84907	6649	180	0.84907	1158	3983	0.84907	1147	4007	0.84907	963	4598	0.84907	864	5073	0.84907	966	4582	0.84907	762	5698	0.84907	558	8367	0.84907
simerly_HiBkg_22_AF488	2092	3086	0.73877	974	15790	0.73877	820	21544	0.73877	666	29709	0.73877	1371	7896	0.73877	1638	5318	0.73877	1630	5372	0.73877	1075	13115	0.73877	910	18000	0.73877	833	20993	0.73877	576	36649	0.73877	320	71663	0.73877
simerly_HiBkg_23_CY5	1077	17065	0.83628	8535	149	0.83628	6453	363	0.83628	4371	1235	0.83628	8174	174	0.83628	2322	5548	0.83628	2355	5386	0.83628	1434	12392	0.83628	1409	12671	0.83628	1499	11609	0.83628	1038	17682	0.83628	576	29892	0.83628
simerly_HiBkg_23_AF568	1003	4523	0.85417	7050	133	0.85417	5963	232	0.85417	4875	424	0.85417	7739	102	0.85417	1523	3192	0.85417	1520	3199	0.85417	1023	4451	0.85417	942	4745	0.85417	1079	4254	0.85417	798	5477	0.85417	518	9940	0.85417
simerly_HiBkg_23_AF488	1758	4667	0.73282	11058	68	0.73282	9702	81	0.73282	8434	104	0.73282	9361	83	0.73282	2471	2156	0.73282	2341	2433	0.73282	1843	4198	0.73282	1639	5448	0.73282	1819	4325	0.73282	1378	8000	0.73282	937	17907	0.73282
simerly_HiBkg_24_CY5	681	17613	0.86276	940	13042	0.86276	837	14828	0.86276	703	17184	0.86276	255	27007	0.86276	602	19050	0.86276	549	20059	0.86276	487	21369	0.86276	448	22142	0.86276	531	20416	0.86276	373	23482	0.86276	214	29753	0.86276
simerly_HiBkg_24_AF568	669	6905	0.84926	2946	1176	0.84926	2360	1797	0.84926	1660	2921	0.84926	5471	187	0.84926	1311	3749	0.84926	1291	3798	0.84926	943	4986	0.84926	772	5967	0.84926	781	5914	0.84926	568	8348	0.84926	355	17634	0.84926
simerly_HiBkg_24_AF488	2132	3973	0.72071	2526	2559	0.72071	1471	9613	0.72071	1111	16490	0.72071	5531	235	0.72071	1549	8595	0.72071	1432	10184	0.72071	939	21415	0.72071	746	29061	0.72071	793	26933	0.72071	549	40664	0.72071	304	64904	0.72071
simerly_HiBkg_25_CY5	723	14477	0.86487	4323	365	0.86487	3211	951	0.86487	2069	2963	0.86487	6953	49	0.86487	1410	6111	0.86487	1288	7035	0.86487	1079	9117	0.86487	1024	9828	0.86487	873	12052	0.86487	502	19072	0.86487	130	46877	0.86487
simerly_HiBkg_25_AF568	661	4936	0.86208	992	3589	0.86208	786	4290	0.86208	658	4955	0.86208	1121	3276	0.86208	790	4275	0.86208	747	4483	0.86208	682	4825	0.86208	662	4927	0.86208	721	4609	0.86208	557	5783	0.86208	393	9071	0.86208
simerly_HiBkg_25_AF488	1639	4208	0.71837	2894	1369	0.71837	1904	3080	0.71837	1395	6051	0.71837	5675	208	0.71837	1554	4727	0.71837	1469	5372	0.71837	1197	8333	0.71837	1136	9303	0.71837	843	16251	0.71837	546	30696	0.71837	250	64921	0.71837
simerly_HiBkg_26_AF647	NaN	NaN	NaN	2789	762	NaN	2142	1529	NaN	1543	3188	NaN	2890	693	NaN	892	8317	NaN	839	9086	NaN	585	14162	NaN	566	14596	NaN	600	13808	NaN	418	18906	NaN	236	26514	NaN
simerly_HiBkg_26_tdTom	NaN	NaN	NaN	7067	185	NaN	5999	302	NaN	4932	527	NaN	7051	187	NaN	1406	2713	NaN	1437	2662	NaN	1064	3274	NaN	866	3832	NaN	980	3491	NaN	690	4888	NaN	401	10604	NaN
simerly_HiBkg_26_AF488	NaN	NaN	NaN	2553	2564	NaN	1797	4082	NaN	1363	6169	NaN	6610	244	NaN	1882	3838	NaN	1829	3974	NaN	1301	6673	NaN	1065	9534	NaN	1103	8958	NaN	857	13980	NaN	612	24803	NaN
simerly_HiBkg_27_AF647	1123	16477	0.85540	4869	1306	0.85540	3631	2596	0.85540	2462	5676	0.85540	9667	170	0.85540	2074	7588	0.85540	2032	7823	0.85540	1419	13018	0.85540	1149	16159	0.85540	1208	15434	0.85540	821	21528	0.85540	434	31402	0.85540
simerly_HiBkg_27_tdTom	1056	3387	0.85329	7202	101	0.85329	6477	156	0.85329	4280	548	0.85329	85	38869	0.85329	1200	3093	0.85329	1132	3217	0.85329	840	3928	0.85329	738	4318	0.85329	786	4136	0.85329	528	5829	0.85329	270	16567	0.85329
simerly_HiBkg_27_AF488	1720	5135	0.78440	1617	5603	0.78440	1088	10665	0.78440	1026	11853	0.78440	7461	218	0.78440	1922	4396	0.78440	1906	4453	0.78440	1291	7896	0.78440	1113	10254	0.78440	1175	9294	0.78440	912	14522	0.78440	648	25623	0.78440
simerly_HiBkg_28_AF647	NaN	NaN	NaN	1165	9889	NaN	905	13161	NaN	860	13764	NaN	5427	236	NaN	949	12521	NaN	869	13648	NaN	809	14659	NaN	792	14972	NaN	836	14169	NaN	653	18420	NaN	470	28576	NaN
simerly_HiBkg_28_tdTom	NaN	NaN	NaN	5963	239	NaN	6191	223	NaN	2675	903	NaN	8199	115	NaN	1506	1917	NaN	1390	2141	NaN	1210	2658	NaN	1133	2977	NaN	1104	3090	NaN	815	5544	NaN	526	14041	NaN
simerly_HiBkg_28_AF488	NaN	NaN	NaN	1172	15940	NaN	898	24163	NaN	814	27351	NaN	5474	270	NaN	1422	11129	NaN	1317	12874	NaN	955	22202	NaN	811	27473	NaN	846	26129	NaN	550	41146	NaN	254	69226	NaN
simerly_HiBkg_29_AF647	NaN	NaN	NaN	1306	12700	NaN	1152	13708	NaN	946	14972	NaN	4934	971	NaN	1057	14283	NaN	980	14749	NaN	900	15263	NaN	852	15587	NaN	1063	14259	NaN	696	17027	NaN	329	26136	NaN
simerly_HiBkg_29_tdTom	NaN	NaN	NaN	7089	186	NaN	5600	343	NaN	4110	619	NaN	8268	101	NaN	1081	2205	NaN	1021	2266	NaN	933	2395	NaN	909	2432	NaN	998	2295	NaN	732	2804	NaN	465	4629	NaN
simerly_HiBkg_29_AF488	NaN	NaN	NaN	1095	11557	NaN	745	23248	NaN	815	19919	NaN	4470	269	NaN	1303	8075	NaN	1263	8645	NaN	1033	12931	NaN	981	14229	NaN	879	17339	NaN	697	25970	NaN	515	41989	NaN
simerly_HiBkg_30_AF647	816	15200	0.90159	1586	9782	0.90159	1387	11240	0.90159	1188	12691	0.90159	7318	220	0.90159	1141	12979	0.90159	1045	13647	0.90159	911	14546	0.90159	842	15026	0.90159	977	14078	0.90159	678	16541	0.90159	378	23711	0.90159
simerly_HiBkg_30_tdTom	962	2307	0.88444	4099	642	0.88444	3501	845	0.88444	2452	1271	0.88444	7048	149	0.88444	1267	2016	0.88444	1299	1985	0.88444	976	2295	0.88444	840	2468	0.88444	899	2384	0.88444	694	2776	0.88444	488	3863	0.88444
simerly_HiBkg_30_AF488	1514	5572	0.72189	2206	2484	0.72189	1549	5322	0.72189	1005	12805	0.72189	4804	240	0.72189	1547	5338	0.72189	1522	5513	0.72189	1082	11096	0.72189	942	14579	0.72189	941	14617	0.72189	720	24497	0.72189	500	45766	0.72189
simerly_HiBkg_31_AF647	343	11032	0.89100	510	8141	0.89100	453	9117	0.89100	377	10428	0.89100	161	20494	0.89100	451	9156	0.89100	486	8547	0.89100	400	10055	0.89100	350	10908	0.89100	369	10549	0.89100	307	11838	0.89100	246	13937	0.89100
simerly_HiBkg_31_tdTom	803	2257	0.81264	2639	374	0.81264	2030	568	0.81264	1420	906	0.81264	3825	135	0.81264	968	1651	0.81264	986	1609	0.81264	743	2577	0.81264	617	3781	0.81264	650	3390	0.81264	533	5325	0.81264	416	10132	0.81264
simerly_HiBkg_31_AF488	1495	5389	0.71344	943	14879	0.71344	610	32009	0.71344	632	30275	0.71344	3892	335	0.71344	1024	12664	0.71344	903	16146	0.71344	769	21670	0.71344	729	23825	0.71344	754	22477	0.71344	612	31838	0.71344	471	47892	0.71344
simerly_HiBkg_32_AF647	NaN	NaN	NaN	441	11127	NaN	299	22778	NaN	318	20022	NaN	1648	529	NaN	630	6190	NaN	600	6775	NaN	526	8410	NaN	490	9454	NaN	448	10872	NaN	359	15861	NaN	271	27800	NaN
simerly_HiBkg_32_tdTom	NaN	NaN	NaN	2678	153	NaN	2111	222	NaN	1544	466	NaN	1390	634	NaN	1263	852	NaN	1251	876	NaN	1001	1833	NaN	867	3096	NaN	896	2733	NaN	738	5457	NaN	581	12206	NaN
simerly_HiBkg_32_AF488	NaN	NaN	NaN	3191	1016	NaN	2184	2663	NaN	1697	5272	NaN	5310	223	NaN	2017	3322	NaN	1998	3417	NaN	1463	7653	NaN	1149	13802	NaN	1196	12635	NaN	923	22555	NaN	650	46084	NaN
simerly_HiBkg_33_AF647	NaN	NaN	NaN	391	12745	NaN	286	21300	NaN	286	21300	NaN	2060	186	NaN	467	10078	NaN	433	11130	NaN	409	11975	NaN	398	12432	NaN	405	12121	NaN	340	15738	NaN	276	22758	NaN
simerly_HiBkg_33_tdTom	NaN	NaN	NaN	565	2628	NaN	307	22568	NaN	279	28804	NaN	821	586	NaN	449	6664	NaN	415	8933	NaN	367	13517	NaN	346	16130	NaN	293	25459	NaN	237	41612	NaN	181	70342	NaN
simerly_HiBkg_33_AF488	NaN	NaN	NaN	3925	357	NaN	3192	599	NaN	2459	1076	NaN	4781	202	NaN	1555	4282	NaN	1430	5445	NaN	1183	9325	NaN	1069	12181	NaN	1019	13799	NaN	780	25632	NaN	541	54257	NaN
simerly_HiBkg_34_AF647	1137	21067	0.77245	5559	193	0.77245	4610	340	0.77245	3661	740	0.77245	6233	125	0.77245	734	32888	0.77245	683	34676	0.77245	620	36837	0.77245	592	37871	0.77245	718	33446	0.77245	478	41576	0.77245	237	56708	0.77245
simerly_HiBkg_34_tdTom	1418	736	0.83884	10892	0	0.83884	9652	69	0.83884	7718	113	0.83884	6807	132	0.83884	1742	589	0.83884	2197	476	0.83884	1546	667	0.83884	1320	818	0.83884	1426	732	0.83884	1182	991	0.83884	937	1806	0.83884
simerly_HiBkg_34_AF488	2872	2962	0.71493	1475	14580	0.71493	884	32163	0.71493	876	32474	0.71493	6358	365	0.71493	1682	10864	0.71493	1611	11953	0.71493	930	30356	0.71493	742	38221	0.71493	847	33708	0.71493	544	47933	0.71493	241	77016	0.71493
simerly_HiBkg_35_AF647	NaN	NaN	NaN	5436	376	NaN	4218	659	NaN	2601	1808	NaN	7250	174	NaN	2106	2648	NaN	2131	2592	NaN	1276	6368	NaN	1105	7945	NaN	1206	6938	NaN	877	10990	NaN	549	19710	NaN
simerly_HiBkg_35_tdTom	NaN	NaN	NaN	8840	223	NaN	7488	331	NaN	6137	530	NaN	9543	179	NaN	1746	2051	NaN	1837	1977	NaN	1722	2065	NaN	1728	2064	NaN	1275	2461	NaN	975	3005	NaN	675	5101	NaN
simerly_HiBkg_35_AF488	NaN	NaN	NaN	5692	388	NaN	4727	658	NaN	3762	1135	NaN	6401	244	NaN	1778	4315	NaN	1698	4775	NaN	1262	9187	NaN	1094	12328	NaN	1076	12773	NaN	836	20044	NaN	596	32900	NaN
simerly_HiBkg_36_AF647	NaN	NaN	NaN	2914	2714	NaN	2040	5395	NaN	1525	8854	NaN	8848	185	NaN	1828	6543	NaN	1748	7032	NaN	1308	11207	NaN	1092	14544	NaN	1257	11932	NaN	911	18270	NaN	565	29360	NaN
simerly_HiBkg_36_tdTom	NaN	NaN	NaN	9699	339	NaN	8196	547	NaN	6693	795	NaN	10859	216	NaN	1316	3105	NaN	1281	3162	NaN	1160	3338	NaN	1126	3397	NaN	1332	3084	NaN	1018	3597	NaN	704	5389	NaN
simerly_HiBkg_36_AF488	NaN	NaN	NaN	1269	13815	NaN	875	23017	NaN	807	25201	NaN	5017	888	NaN	1626	8821	NaN	1518	10044	NaN	1062	18071	NaN	928	21491	NaN	986	19936	NaN	689	29562	NaN	393	41836	NaN
simerly_HiBkg_37_AF647	NaN	NaN	NaN	927	9534	NaN	686	13984	NaN	683	14052	NaN	4375	209	NaN	819	11316	NaN	798	11653	NaN	723	13122	NaN	685	14006	NaN	746	12675	NaN	621	15599	NaN	496	20991	NaN
simerly_HiBkg_37_tdTom	NaN	NaN	NaN	7853	0	NaN	6846	148	NaN	4929	337	NaN	6706	165	NaN	2116	1572	NaN	2165	1515	NaN	1498	2947	NaN	1181	4820	NaN	1248	4268	NaN	1005	7083	NaN	762	14888	NaN
simerly_HiBkg_37_AF488	NaN	NaN	NaN	1203	17263	NaN	652	53134	NaN	736	44861	NaN	5005	327	NaN	1684	7218	NaN	1607	8187	NaN	1178	18132	NaN	1094	21456	NaN	944	29296	NaN	646	53746	NaN	347	99855	NaN
simerly_HiBkg_38_AF647	874	12707	0.73147	767	16580	0.73147	554	29875	0.73147	578	27839	0.73147	3234	203	0.73147	1246	5456	0.73147	1218	5792	0.73147	757	17044	0.73147	593	26729	0.73147	634	23840	0.73147	482	36783	0.73147	329	57786	0.73147
simerly_HiBkg_38_tdTom	1762	2754	0.71468	4482	305	0.71468	3527	563	0.71468	2572	1231	0.71468	5776	126	0.71468	1707	2927	0.71468	1615	3295	0.71468	1168	6514	0.71468	1109	7353	0.71468	1036	8583	0.71468	822	14593	0.71468	608	27887	0.71468
simerly_HiBkg_38_AF488	2007	4866	0.67074	1222	15815	0.67074	823	32738	0.67074	862	30363	0.67074	4926	299	0.67074	1421	11282	0.67074	1289	14123	0.67074	940	26295	0.67074	767	36547	0.67074	792	34759	0.67074	506	62560	0.67074	219	136435	0.67074
simerly_HiBkg_39_AF647	NaN	NaN	NaN	1433	3814	NaN	1028	9286	NaN	787	16434	NaN	3939	94	NaN	1299	5083	NaN	1270	5403	NaN	823	15046	NaN	706	20069	NaN	682	21303	NaN	506	34480	NaN	329	57371	NaN
simerly_HiBkg_39_tdTom	NaN	NaN	NaN	4360	410	NaN	3312	814	NaN	2264	1836	NaN	5228	244	NaN	1446	4313	NaN	1284	5337	NaN	1123	6803	NaN	1048	7738	NaN	940	9587	NaN	696	17803	NaN	452	40710	NaN
simerly_HiBkg_39_AF488	NaN	NaN	NaN	1010	20286	NaN	949	22651	NaN	888	25445	NaN	3721	1055	NaN	1702	7333	NaN	1667	7654	NaN	1214	14333	NaN	1083	17802	NaN	1066	18357	NaN	799	30523	NaN	531	55939	NaN
simerly_HiBkg_40_CY5	453	15375	0.91190	766	11210	0.91190	691	12245	0.91190	593	13606	0.91190	334	17813	0.91190	484	14961	0.91190	511	14614	0.91190	474	15089	0.91190	454	15360	0.91190	521	14481	0.91190	395	16333	0.91190	270	19655	0.91190
simerly_HiBkg_40_AF568	579	2703	0.87113	3620	332	0.87113	3131	449	0.87113	2544	637	0.87113	5573	105	0.87113	794	2063	0.87113	768	2104	0.87113	717	2218	0.87113	698	2268	0.87113	755	2133	0.87113	586	2665	0.87113	416	4300	0.87113
simerly_HiBkg_40_AF488	1548	4322	0.69509	922	13907	0.69509	571	30305	0.69509	606	27925	0.69509	3925	292	0.69509	1161	8499	0.69509	1491	4742	0.69509	1215	7677	0.69509	1089	9889	0.69509	652	25143	0.69509	502	35532	0.69509	353	49884	0.69509
simerly_HiBkg_41_CY5	972	7975	0.85790	4071	449	0.85790	3076	1004	0.85790	2148	2504	0.85790	6748	72	0.85790	1299	6283	0.85790	1294	6308	0.85790	1115	7218	0.85790	1007	7782	0.85790	1027	7672	0.85790	841	8839	0.85790	655	11039	0.85790
simerly_HiBkg_41_AF568	1010	2543	0.87008	10599	0	0.87008	9438	84	0.87008	6502	261	0.87008	9410	86	0.87008	1087	2400	0.87008	1095	2387	0.87008	899	2755	0.87008	869	2812	0.87008	1081	2412	0.87008	755	3098	0.87008	430	9645	0.87008
simerly_HiBkg_41_AF488	1203	1778	0.65770	3981	0	0.65770	3563	100	0.65770	3126	161	0.65770	3579	99	0.65770	974	3581	0.65770	833	6045	0.65770	681	11443	0.65770	603	16478	0.65770	630	14417	0.65770	451	35951	0.65770	273	94166	0.65770
simerly_LoBkg_00_AF647	706	8945	0.89167	6425	373	0.89167	4897	604	0.89167	3370	1015	0.89167	6464	370	0.89167	948	6979	0.89167	902	7314	0.89167	853	7670	0.89167	850	7690	0.89167	1030	6402	0.89167	781	8200	0.89167	533	12082	0.89167
simerly_LoBkg_00_tdTom	631	3992	0.81765	10093	0	0.81765	9319	71	0.81765	6015	208	0.81765	8460	94	0.81765	1279	1799	0.81765	1249	1840	0.81765	1007	2269	0.81765	949	2403	0.81765	1068	2141	0.81765	763	3137	0.81765	458	7021	0.81765
simerly_LoBkg_00_AF488	2117	2512	0.83168	7912	144	0.83168	6364	350	0.83168	4817	750	0.83168	6788	280	0.83168	1884	2902	0.83168	1761	3186	0.83168	1387	4518	0.83168	1205	5830	0.83168	1264	5313	0.83168	955	9628	0.83168	646	21987	0.83168
simerly_LoBkg_01_AF647	799	12010	0.87008	8865	188	0.87008	7006	337	0.87008	5147	551	0.87008	3830	913	0.87008	1241	7783	0.87008	1160	8415	0.87008	1018	9642	0.87008	973	10084	0.87008	1050	9331	0.87008	707	13525	0.87008	363	29491	0.87008
simerly_LoBkg_01_tdTom	827	4411	0.81886	7945	163	0.81886	6329	291	0.81886	4713	497	0.81886	8191	145	0.81886	1792	1777	0.81886	1774	1794	0.81886	1367	2365	0.81886	1143	2901	0.81886	1245	2636	0.81886	934	3753	0.81886	624	6863	0.81886
simerly_LoBkg_01_AF488	1354	4005	0.75716	5564	318	0.75716	4537	574	0.75716	3510	944	0.75716	6315	201	0.75716	2077	1992	0.75716	2134	1929	0.75716	1396	3749	0.75716	1188	5260	0.75716	1178	5359	0.75716	950	8778	0.75716	722	16194	0.75716
simerly_LoBkg_02_AF647	NaN	NaN	NaN	1912	5335	NaN	1513	7112	NaN	1281	8507	NaN	8045	296	NaN	1644	6398	NaN	1677	6244	NaN	1267	8593	NaN	1044	10452	NaN	1110	9826	NaN	851	12689	NaN	592	18723	NaN
simerly_LoBkg_02_tdTom	NaN	NaN	NaN	5906	144	NaN	4648	297	NaN	3390	622	NaN	2613	981	NaN	1933	1518	NaN	1937	1515	NaN	1477	2163	NaN	1237	2839	NaN	1191	3035	NaN	913	5045	NaN	635	12178	NaN
simerly_LoBkg_02_AF488	NaN	NaN	NaN	1281	8761	NaN	760	27428	NaN	856	22138	NaN	5683	224	NaN	2067	2620	NaN	2079	2571	NaN	1469	6161	NaN	1142	11694	NaN	1187	10612	NaN	887	20705	NaN	586	40472	NaN
simerly_LoBkg_03_AF647	NaN	NaN	NaN	1885	6362	NaN	1575	7857	NaN	1340	9344	NaN	8620	310	NaN	1563	7910	NaN	1352	9272	NaN	1096	11300	NaN	1006	12210	NaN	902	13598	NaN	599	19032	NaN	296	27438	NaN
simerly_LoBkg_03_tdTom	NaN	NaN	NaN	8876	70	NaN	8174	97	NaN	7472	129	NaN	8439	86	NaN	2561	1186	NaN	2611	1160	NaN	1624	2021	NaN	1246	2865	NaN	1340	2594	NaN	969	4281	NaN	597	12824	NaN
simerly_LoBkg_03_AF488	NaN	NaN	NaN	4753	412	NaN	3708	715	NaN	2663	1291	NaN	4195	551	NaN	2178	1873	NaN	2133	1947	NaN	1446	4629	NaN	1076	10033	NaN	1139	8648	NaN	869	16627	NaN	599	32378	NaN
simerly_LoBkg_04_AF647	2672	1624	0.73144	5639	259	0.73144	4947	378	0.73144	4255	518	0.73144	6208	204	0.73144	2035	3706	0.73144	1857	5100	0.73144	1420	12107	0.73144	1210	19185	0.73144	1240	17983	0.73144	921	36386	0.73144	602	71211	0.73144
simerly_LoBkg_04_tdTom	903	5276	0.74853	5899	151	0.74853	5104	217	0.74853	4309	291	0.74853	6545	120	0.74853	1392	2289	0.74853	1315	2552	0.74853	1077	3710	0.74853	1031	4039	0.74853	996	4320	0.74853	803	6838	0.74853	610	14189	0.74853
simerly_LoBkg_04_AF488	2097	2236	0.67102	2047	2358	0.67102	1258	10311	0.67102	1019	18890	0.67102	4700	172	0.67102	1726	3857	0.67102	1660	4373	0.67102	1171	12764	0.67102	895	26399	0.67102	879	27595	0.67102	650	50556	0.67102	420	88571	0.67102
simerly_LoBkg_05_AF647	1524	9083	0.88857	1647	8562	0.88857	1433	9489	0.88857	1247	10429	0.88857	1435	9474	0.88857	1961	7479	0.88857	1986	7425	0.88857	1313	10042	0.88857	916	13228	0.88857	1038	12016	0.88857	749	14294	0.88857	460	15434	0.88857
simerly_LoBkg_05_tdTom	860	3509	0.87700	5234	343	0.87700	4088	606	0.87700	2352	1564	0.87700	1249	2748	0.87700	1170	2868	0.87700	1120	2949	0.87700	968	3224	0.87700	915	3330	0.87700	1053	3061	0.87700	725	4029	0.87700	397	9956	0.87700
simerly_LoBkg_05_AF488	1878	2573	0.82903	3399	1299	0.82903	2266	2128	0.82903	1575	3123	0.82903	7094	131	0.82903	1498	3335	0.82903	1372	3838	0.82903	1111	5684	0.82903	1073	6059	0.82903	1103	5767	0.82903	779	11268	0.82903	456	24374	0.82903
simerly_LoBkg_06_AF647	1240	9192	0.90298	1479	8181	0.90298	1277	9026	0.90298	1100	9926	0.90298	894	11235	0.90298	1337	8737	0.90298	1353	8676	0.90298	850	11540	0.90298	594	12738	0.90298	796	11990	0.90298	454	12998	0.90298	111	22304	0.90298
simerly_LoBkg_06_tdTom	1326	2617	0.83204	1380	2510	0.83204	1096	3360	0.83204	1024	3659	0.83204	4791	284	0.83204	1370	2524	0.83204	1235	2848	0.83204	1009	3734	0.83204	912	4242	0.83204	1008	3739	0.83204	766	5428	0.83204	523	9578	0.83204
simerly_LoBkg_06_AF488	2335	2266	0.75161	1063	7991	0.75161	883	10505	0.75161	759	12942	0.75161	1930	3163	0.75161	1363	5485	0.75161	1330	5696	0.75161	933	9679	0.75161	842	11272	0.75161	861	10904	0.75161	669	15253	0.75161	476	21308	0.75161
simerly_LoBkg_07_AF647	NaN	NaN	NaN	6620	529	NaN	5068	1045	NaN	3516	1808	NaN	8642	212	NaN	1909	2977	NaN	1879	3009	NaN	1525	3606	NaN	1327	4280	NaN	1378	4072	NaN	1114	5660	NaN	851	9623	NaN
simerly_LoBkg_07_tdTom	NaN	NaN	NaN	13701	0	NaN	12337	71	NaN	8942	168	NaN	11995	77	NaN	1401	2153	NaN	1318	2280	NaN	1185	2514	NaN	1141	2605	NaN	1141	2605	NaN	707	4150	NaN	273	23060	NaN
simerly_LoBkg_07_AF488	NaN	NaN	NaN	5306	253	NaN	4424	464	NaN	3543	848	NaN	6129	146	NaN	1776	2491	NaN	1730	2577	NaN	1279	3879	NaN	1029	5639	NaN	995	5968	NaN	767	10351	NaN	538	21398	NaN
simerly_LoBkg_08_AF647	NaN	NaN	NaN	2042	7041	NaN	1686	8201	NaN	1540	8793	NaN	6291	979	NaN	1546	8760	NaN	1397	9562	NaN	1286	10355	NaN	1241	10752	NaN	1355	9837	NaN	960	14453	NaN	566	22198	NaN
simerly_LoBkg_08_tdTom	NaN	NaN	NaN	11546	51	NaN	11353	51	NaN	10825	60	NaN	10145	70	NaN	785	3560	NaN	756	3642	NaN	692	3841	NaN	662	3934	NaN	991	3013	NaN	551	4309	NaN	112	19541	NaN
simerly_LoBkg_08_AF488	NaN	NaN	NaN	6007	185	NaN	5150	361	NaN	4293	673	NaN	7010	104	NaN	1493	2963	NaN	1484	2977	NaN	1162	3598	NaN	991	4253	NaN	1061	3949	NaN	856	5070	NaN	652	7888	NaN
simerly_LoBkg_09_AF647	NaN	NaN	NaN	1854	8167	NaN	1651	8816	NaN	1389	9962	NaN	77	63498	NaN	1396	9928	NaN	1241	10864	NaN	1064	12276	NaN	1010	12763	NaN	861	14382	NaN	498	17603	NaN	135	37410	NaN
simerly_LoBkg_09_tdTom	NaN	NaN	NaN	8774	97	NaN	7728	138	NaN	4785	393	NaN	9464	78	NaN	813	3592	NaN	759	3725	NaN	712	3853	NaN	693	3909	NaN	906	3355	NaN	529	4491	NaN	151	17341	NaN
simerly_LoBkg_09_AF488	NaN	NaN	NaN	6319	345	NaN	5445	593	NaN	4571	985	NaN	7456	177	NaN	1896	3181	NaN	1863	3236	NaN	1370	4327	NaN	1106	5566	NaN	1162	5213	NaN	851	8153	NaN	539	17970	NaN
simerly_LoBkg_10_AF647	NaN	NaN	NaN	2884	1406	NaN	1992	2134	NaN	1408	3338	NaN	8227	219	NaN	1754	2493	NaN	1835	2354	NaN	1027	5350	NaN	821	7002	NaN	910	6237	NaN	572	9548	NaN	233	18333	NaN
simerly_LoBkg_10_tdTom	NaN	NaN	NaN	2347	2373	NaN	1792	3008	NaN	1675	3165	NaN	3280	1668	NaN	1636	3223	NaN	1574	3315	NaN	1261	3919	NaN	1116	4231	NaN	1353	3717	NaN	891	4932	NaN	430	8589	NaN
simerly_LoBkg_10_AF488	NaN	NaN	NaN	4947	717	NaN	3917	1182	NaN	2860	1852	NaN	8172	142	NaN	1837	2679	NaN	1830	2686	NaN	1199	3959	NaN	1077	4524	NaN	1198	3962	NaN	882	5915	NaN	566	11812	NaN
simerly_LoBkg_11_AF647	NaN	NaN	NaN	10864	0	NaN	10061	0	NaN	6706	220	NaN	9625	88	NaN	2358	1404	NaN	2360	1401	NaN	1638	2353	NaN	1221	3630	NaN	1349	3102	NaN	975	5112	NaN	601	9376	NaN
simerly_LoBkg_11_tdTom	NaN	NaN	NaN	6096	267	NaN	5007	389	NaN	3836	588	NaN	9229	112	NaN	1367	1786	NaN	1439	1698	NaN	1030	2229	NaN	931	2403	NaN	1117	2108	NaN	768	2864	NaN	420	5509	NaN
simerly_LoBkg_11_AF488	NaN	NaN	NaN	3796	286	NaN	3035	555	NaN	2274	1047	NaN	3669	320	NaN	1528	1872	NaN	1579	1797	NaN	1034	3079	NaN	870	3973	NaN	873	3957	NaN	693	5966	NaN	513	11128	NaN
simerly_LoBkg_12_AF647	2917	4910	0.80982	1745	9883	0.80982	1532	11636	0.80982	1303	13989	0.80982	6845	619	0.80982	2127	7699	0.80982	2084	7888	0.80982	1390	13018	0.80982	983	18708	0.80982	1053	17507	0.80982	703	21793	0.80982	353	26251	0.80982
simerly_LoBkg_12_tdTom	1346	2299	0.86503	10794	46	0.86503	10770	46	0.86503	10725	46	0.86503	10730	46	0.86503	1273	2430	0.86503	1566	1939	0.86503	1392	2226	0.86503	1320	2345	0.86503	1163	2640	0.86503	758	3667	0.86503	353	9486	0.86503
simerly_LoBkg_12_AF488	2272	2436	0.89202	3278	1674	0.89202	2233	2474	0.89202	1521	3781	0.89202	8498	164	0.89202	1938	2872	0.89202	1931	2880	0.89202	1353	4418	0.89202	1237	5043	0.89202	1315	4598	0.89202	1061	6444	0.89202	808	10267	0.89202
simerly_LoBkg_13_AF647	1876	8302	0.80720	1325	13515	0.80720	1180	15667	0.80720	981	19400	0.80720	7042	332	0.80720	1908	8106	0.80720	1940	7938	0.80720	1072	17549	0.80720	847	22377	0.80720	982	19376	0.80720	596	26597	0.80720	210	37428	0.80720
simerly_LoBkg_13_tdTom	617	5003	0.84801	8742	0	0.84801	7347	60	0.84801	6402	90	0.84801	946	3512	0.84801	1101	3090	0.84801	1090	3122	0.84801	976	3422	0.84801	923	3594	0.84801	902	3644	0.84801	665	4636	0.84801	427	8041	0.84801
simerly_LoBkg_13_AF488	1610	2808	0.85079	7494	107	0.85079	2779	1535	0.85079	3798	946	0.85079	7270	117	0.85079	2028	2178	0.85079	2073	2127	0.85079	1393	3491	0.85079	1092	5134	0.85079	1158	4637	0.85079	942	6823	0.85079	725	11336	0.85079
simerly_LoBkg_14_AF647	NaN	NaN	NaN	1719	4185	NaN	1428	4862	NaN	1262	5484	NaN	1918	3859	NaN	1452	4776	NaN	1328	5207	NaN	1197	5779	NaN	1154	6027	NaN	1186	5826	NaN	930	7724	NaN	674	11589	NaN
simerly_LoBkg_14_tdTom	NaN	NaN	NaN	1659	2670	NaN	1300	3329	NaN	1118	3789	NaN	8678	123	NaN	1106	3825	NaN	1044	3994	NaN	831	4719	NaN	729	5140	NaN	927	4392	NaN	613	5809	NaN	299	8817	NaN
simerly_LoBkg_14_AF488	1556	3625	0.91569	1764	3343	0.91569	1523	3681	0.91569	1442	3819	0.91569	8354	137	0.91569	1591	3567	0.91569	1507	3705	0.91569	1228	4386	0.91569	1088	5002	0.91569	1156	4665	0.91569	876	6860	0.91569	596	13051	0.91569
simerly_LoBkg_15_AF647	1976	2541	0.88995	6695	476	0.88995	5087	861	0.88995	3479	1446	0.88995	9554	137	0.88995	2664	1902	0.88995	2759	1845	0.88995	1958	2562	0.88995	1501	3704	0.88995	1443	3940	0.88995	1111	6116	0.88995	778	11001	0.88995
simerly_LoBkg_15_tdTom	633	3869	0.83915	11905	0	0.83915	9898	63	0.83915	7360	135	0.83915	5311	300	0.83915	1254	2039	0.83915	1145	2204	0.83915	1027	2470	0.83915	984	2579	0.83915	1046	2402	0.83915	674	3622	0.83915	303	14366	0.83915
simerly_LoBkg_15_AF488	1731	2184	0.87316	5826	250	0.87316	4583	513	0.87316	3340	1005	0.87316	7145	110	0.87316	1679	2271	0.87316	1544	2454	0.87316	1332	2901	0.87316	1256	3138	0.87316	1071	4057	0.87316	831	6565	0.87316	592	13748	0.87316
simerly_LoBkg_16_AF647	1819	3108	0.90912	1729	3272	0.90912	1180	5340	0.90912	1284	4727	0.90912	8137	199	0.90912	1282	4742	0.90912	1289	4709	0.90912	692	9623	0.90912	654	10068	0.90912	813	8378	0.90912	552	11428	0.90912	292	16362	0.90912
simerly_LoBkg_16_tdTom	NaN	NaN	NaN	1927	1890	NaN	1474	2385	NaN	1362	2566	NaN	8606	121	NaN	1318	2631	NaN	1323	2622	NaN	1001	3269	NaN	826	3785	NaN	1053	3128	NaN	678	4415	NaN	304	8445	NaN
simerly_LoBkg_16_AF488	1386	3499	0.87209	4721	663	0.87209	3582	1219	0.87209	2444	2078	0.87209	4198	885	0.87209	1876	2657	0.87209	1873	2660	0.87209	1299	3698	0.87209	1094	4556	0.87209	1076	4655	0.87209	857	6797	0.87209	637	12892	0.87209
simerly_LoBkg_17_AF647	1845	3318	0.89380	2341	2638	0.89380	1656	3754	0.89380	1712	3608	0.89380	9818	218	0.89380	1820	3366	0.89380	1698	3636	0.89380	1283	5315	0.89380	1092	6477	0.89380	1197	5820	0.89380	776	9017	0.89380	356	14508	0.89380
simerly_LoBkg_17_tdTom	NaN	NaN	NaN	3197	718	NaN	2365	1113	NaN	1594	1836	NaN	9196	78	NaN	1278	2314	NaN	1124	2624	NaN	887	3254	NaN	766	3678	NaN	913	3167	NaN	533	5012	NaN	153	15145	NaN
simerly_LoBkg_17_AF488	1584	3334	0.89005	6611	335	0.89005	5207	686	0.89005	3803	1326	0.89005	2371	2407	0.89005	2515	2286	0.89005	2649	2159	0.89005	1608	3303	0.89005	1210	4398	0.89005	1307	4014	0.89005	1018	5509	0.89005	729	9944	0.89005
simerly_LoBkg_18_AF647	NaN	NaN	NaN	1917	7232	NaN	1594	8853	NaN	1401	10099	NaN	10290	220	NaN	1409	10031	NaN	1312	10721	NaN	1123	12099	NaN	1015	12979	NaN	1092	12321	NaN	706	16422	NaN	320	23677	NaN
simerly_LoBkg_18_tdTom	NaN	NaN	NaN	9568	0	NaN	8289	68	NaN	6711	145	NaN	7898	78	NaN	1425	2440	NaN	1390	2508	NaN	1145	3160	NaN	1053	3511	NaN	1156	3137	NaN	899	4357	NaN	642	8073	NaN
simerly_LoBkg_18_AF488	NaN	NaN	NaN	6285	0	NaN	5108	311	NaN	3931	671	NaN	6030	147	NaN	1605	3808	NaN	1494	4527	NaN	1187	8051	NaN	1098	9817	NaN	1033	11521	NaN	749	24175	NaN	465	50647	NaN
simerly_LoBkg_19_AF647	NaN	NaN	NaN	2134	5946	NaN	1721	7564	NaN	1544	8518	NaN	8954	334	NaN	1271	10299	NaN	1139	11236	NaN	1054	11926	NaN	1031	12102	NaN	1188	10875	NaN	799	14685	NaN	411	20857	NaN
simerly_LoBkg_19_tdTom	NaN	NaN	NaN	9538	70	NaN	9496	71	NaN	9281	78	NaN	8953	87	NaN	1549	2024	NaN	1514	2079	NaN	1334	2420	NaN	1264	2572	NaN	1259	2580	NaN	952	3731	NaN	644	7174	NaN
simerly_LoBkg_19_AF488	NaN	NaN	NaN	4597	426	NaN	3562	770	NaN	2527	1413	NaN	5526	232	NaN	2255	1669	NaN	2276	1655	NaN	1612	2872	NaN	1232	5238	NaN	1247	5115	NaN	949	10307	NaN	650	25071	NaN
simerly_LoBkg_20_AF647	1212	5170	0.78345	1395	3783	0.78345	738	11763	0.78345	741	11690	0.78345	5008	252	0.78345	1453	3483	0.78345	1391	3807	0.78345	1031	7069	0.78345	885	9002	0.78345	942	8169	0.78345	769	11112	0.78345	596	15779	0.78345
simerly_LoBkg_20_tdTom	469	3307	0.87198	4582	333	0.87198	3548	530	0.87198	2076	1095	0.87198	8253	86	0.87198	951	2048	0.87198	883	2154	0.87198	846	2216	0.87198	854	2200	0.87198	746	2415	0.87198	428	3548	0.87198	110	11820	0.87198
simerly_LoBkg_20_AF488	1445	4115	0.88557	1331	4338	0.88557	1144	4802	0.88557	1032	5188	0.88557	2631	2393	0.88557	1557	3934	0.88557	1602	3858	0.88557	1205	4613	0.88557	980	5444	0.88557	1003	5333	0.88557	812	6585	0.88557	620	9326	0.88557
simerly_LoBkg_21_AF647	1402	3683	0.81227	11081	0	0.81227	9254	144	0.81227	7427	325	0.81227	9905	101	0.81227	2690	1368	0.81227	2817	1305	0.81227	1912	2074	0.81227	1396	3718	0.81227	1422	3588	0.81227	1039	6531	0.81227	656	12869	0.81227
simerly_LoBkg_21_tdTom	NaN	NaN	NaN	1460	1788	NaN	1132	2134	NaN	1042	2241	NaN	7998	100	NaN	795	2689	NaN	751	2780	NaN	655	2991	NaN	632	3077	NaN	754	2771	NaN	426	3981	NaN	98	13957	NaN
simerly_LoBkg_21_AF488	1127	3949	0.89841	1660	3116	0.89841	1420	3417	0.89841	1287	3619	0.89841	1722	3042	0.89841	1334	3554	0.89841	1360	3497	0.89841	1026	4194	0.89841	825	5003	0.89841	944	4458	0.89841	709	5877	0.89841	474	10380	0.89841
simerly_LoBkg_22_AF647	NaN	NaN	NaN	1983	8636	NaN	1715	9406	NaN	1492	10136	NaN	1862	8984	NaN	1639	9643	NaN	1657	9591	NaN	1131	11719	NaN	854	13284	NaN	1044	12250	NaN	676	13896	NaN	309	15578	NaN
simerly_LoBkg_22_tdTom	NaN	NaN	NaN	5448	470	NaN	4306	843	NaN	3163	1452	NaN	3743	1075	NaN	2939	1619	NaN	2216	2327	NaN	1364	3531	NaN	916	4554	NaN	1172	3904	NaN	815	4871	NaN	457	8803	NaN
simerly_LoBkg_22_AF488	NaN	NaN	NaN	1639	3727	NaN	1401	4232	NaN	1288	4535	NaN	1654	3696	NaN	2076	3080	NaN	2227	2895	NaN	1484	4026	NaN	1052	5529	NaN	1114	5248	NaN	843	7152	NaN	571	12216	NaN
simerly_LoBkg_24_AF647	NaN	NaN	NaN	1657	7788	NaN	1451	8303	NaN	1245	8926	NaN	543	12109	NaN	1177	9180	NaN	1049	9793	NaN	857	10959	NaN	779	11389	NaN	954	10316	NaN	630	11858	NaN	306	12889	NaN
