IMGNAME	GROUP_A	GROUP_B	THVAL_HB	SPOTS_HB	FSCORE_HB	THVAL_BF	SPOTS_BF	FSCORE_BF
mESC4d_Tsix-AF594	TsixE_AF594	mESC4d_Tsix	76	335	NaN	151	318	NaN
mESC4d_Xist-CY5	XistE_CY5	XistE_Hi	64	316	NaN	130	340	NaN
scrna_E1R2I4_STL1	CTT1_CY5_Smpl	CTT1_CY5_Smpl	93	6356	NaN	150	4608	NaN
scrna_E1R2I4_CTT1	STL1_TMR_Smpl	STL1_TMR_Smpl	236	4049	NaN	113	2860	NaN
scrna_E2R1I2_STL1	CTT1_CY5_Smpl	CTT1_CY5_Smpl	113	16222	NaN	638	810	NaN
scrna_E2R1I2_CTT1	STL1_TMR_Smpl	STL1_TMR_Smpl	184	16188	NaN	551	705	NaN
scrna_E2R2I3_STL1	CTT1_CY5_Smpl	CTT1_CY5_Smpl	94	2841	NaN	193	2439	NaN
scrna_E2R2I3_CTT1	STL1_TMR_Smpl	STL1_TMR_Smpl	115	3226	NaN	273	2285	NaN
scrna_E2R2I5_STL1	CTT1_CY5_Smpl	CTT1_CY5_Smpl	101	2846	NaN	201	2230	NaN
scrna_E2R2I5_CTT1	STL1_TMR_Smpl	STL1_TMR_Smpl	112	2618	NaN	317	1905	NaN
mESC_loday_D0I18_Xist	XistE_CY5	XistE_Lo	59	109	NaN	150	136	NaN
mESC_loday_D0I18_Tsix	TsixE_TMR	TsixE_loday	124	344	NaN	287	273	NaN
mESC_loday_D0I04_Xist	XistE_CY5	XistE_Lo	48	26	NaN	152	88	NaN
mESC_loday_D0I04_Tsix	TsixE_TMR	TsixE_loday	114	411	NaN	192	356	NaN
mESC_loday_D0I29_Xist	XistE_CY5	XistE_Lo	57	197	NaN	132	271	NaN
mESC_loday_D0I29_Tsix	TsixE_TMR	TsixE_loday	124	244	NaN	264	292	NaN
mESC_loday_D0I40_Xist	XistE_CY5	XistE_Lo	50	103	NaN	158	118	NaN
mESC_loday_D0I40_Tsix	TsixE_TMR	TsixE_loday	110	477	NaN	244	383	NaN
mESC_loday_DHI07_Xist	XistE_CY5	XistE_Lo	65	29	NaN	164	71	NaN
mESC_loday_DHI07_Tsix	TsixE_TMR	TsixE_loday	133	240	NaN	147	186	NaN
mESC_loday_DHI32_Xist	XistE_CY5	XistE_Lo	53	21	NaN	137	94	NaN
mESC_loday_DHI32_Tsix	TsixE_TMR	TsixE_loday	116	154	NaN	181	156	NaN
mESC_loday_D1I02_Xist	XistE_CY5	XistE_Hi	61	115	NaN	53	241	NaN
mESC_loday_D1I02_Tsix	TsixE_TMR	TsixE_loday	111	511	NaN	204	387	NaN
mESC_loday_D1I15_Xist	XistE_CY5	XistE_Hi	65	284	NaN	137	262	NaN
mESC_loday_D1I15_Tsix	TsixE_TMR	TsixE_loday	109	545	NaN	256	279	NaN
mESC_loday_D1I32_Xist	XistE_CY5	XistE_Hi	38	293	NaN	98	373	NaN
mESC_loday_D1I32_Tsix	TsixE_TMR	TsixE_loday	113	557	NaN	174	371	NaN
scprotein_Msb2_2M1m	Msb2	Msb2	123	809	NaN	221	16835	NaN
scprotein_Msb2_2M5m	Msb2	Msb2	127	1718	NaN	5	32507	NaN
scprotein_Msb2_4M1m	Msb2	Msb2	108	854	NaN	782	1372	NaN
scprotein_Msb2_4M5m	Msb2	Msb2	137	809	NaN	246	16129	NaN
scprotein_Msb2_NoSalt	Msb2	Msb2	120	269	NaN	728	682	NaN
scprotein_Opy2_2M1m	Opy2	Opy2	112	348	NaN	289	26638	NaN
scprotein_Opy2_2M5m	Opy2	Opy2	113	181	NaN	88	39149	NaN
scprotein_Opy2_4M1m	Opy2	Opy2	109	256	NaN	33	41607	NaN
scprotein_Opy2_4M5m	Opy2	Opy2	106	299	NaN	863	758	NaN
scprotein_Opy2_NoSalt	Opy2	Opy2	122	242	NaN	55	34416	NaN
sim_mESC_histone_100x_1	SimBig	SimBig	95	9433	0.971673	364	9877	0.966566
sim_mESC_histone_100x_2	SimBig	SimBig	96	9402	0.977378	422	9786	0.974252
sim_mESC_histone_100x_3	SimBig	SimBig	92	9496	0.976142	340	9919	0.970359
sim_mESC_RNA_100x_1	SimBig	SimBig	26	159	0.682403	61	156	0.673866
sim_mESC_RNA_100x_2	SimBig	SimBig	161	210	0.840000	65	211	0.842315
sim_mESC_RNA_100x_3	SimBig	SimBig	133	145	0.692124	58	146	0.690476
sim_mESC_RNA_LE_100x_1	SimBig	SimBig	85	37	0.804348	87	39	0.808511
sim_mESC_RNA_LE_100x_2	SimBig	SimBig	25	33	0.825000	90	35	0.829268
sim_mESC_RNA_LE_100x_3	SimBig	SimBig	27	47	0.969072	220	49	0.969697
sim_mESC_RNA_LEHB_100x_1	SimBig	SimBig	126	47	0.893204	658	80	0.676471
sim_mESC_RNA_LEHB_100x_2	SimBig	SimBig	126	34	0.790698	556	49	0.673267
sim_mESC_RNA_LEHB_100x_3	SimBig	SimBig	102	210	NaN	565	37	NaN
sim_mESC_RNA_TMRLike_100x_1	SimBig	SimBig	430	360	0.837209	69	364	0.840278
sim_mESC_RNA_TMRLike_100x_2	SimBig	SimBig	466	387	0.894798	66	392	0.898851
sim_mESC_RNA_TMRLike_100x_3	SimBig	SimBig	70	342	0.859296	68	351	0.869565
sim_yeast_proteinGFP_100x_1	SimBig	SimBig	49	2958	0.753280	523	3566	0.833195
sim_yeast_proteinGFP_100x_2	SimBig	SimBig	50	3116	0.772823	304	3755	0.849252
sim_yeast_proteinGFP_100x_1_blur	SimBig	SimBig	78	898	0.279399	527	1271	0.348151
sim_yeast_proteinGFP_100x_2_blur	SimBig	SimBig	118	1109	0.326936	523	1384	0.382339
sim_yeast_RNA_CY5like_100x_1	SimBig	SimBig	75	3847	0.972570	215	3941	0.972392
sim_yeast_RNA_CY5like_100x_2	SimBig	SimBig	81	3832	0.972465	241	3927	0.972166
sim_yeast_RNA_LE_CY5like_100x_1	SimBig	SimBig	66	80	0.924855	529	104	0.822335
sim_yeast_RNA_LE_CY5like_100x_2	SimBig	SimBig	72	97	0.950980	397	102	0.947368
sim_yeast_RNA_TMRlike_100x_1	SimBig	SimBig	162	3552	0.945813	103	3841	0.980256
sim_yeast_RNA_TMRlike_100x_2	SimBig	SimBig	113	3786	0.963727	99	3941	0.978532
histonesc_D0I1A_H3K36me3_Xist	XistI_CY5	XistI_Lo	68	4	NaN	163	212	NaN
histonesc_D0I1A_H3K36me3_Tsix	TsixI_TMR	TsixI_wHist	1298	152	NaN	189	304	NaN
histonesc_D0I1A_H3K36me3_Histone	H3K36me3	H3K36me3_D0	87	6898	NaN	109	56464	NaN
histonesc_D0I1B_H3K36me3_Xist	XistI_CY5	XistI_Lo	69	12	NaN	189	194	NaN
histonesc_D0I1B_H3K36me3_Tsix	TsixI_TMR	TsixI_wHist	1038	221	NaN	37	28190	NaN
histonesc_D0I1B_H3K36me3_Histone	H3K36me3	H3K36me3_D0	69	19109	NaN	329	69517	NaN
histonesc_D0I1C_H3K36me3_Xist	XistI_CY5	XistI_Lo	73	18	NaN	195	61	NaN
histonesc_D0I1C_H3K36me3_Tsix	TsixI_TMR	TsixI_wHist	946	268	NaN	267	254	NaN
histonesc_D0I1C_H3K36me3_Histone	H3K36me3	H3K36me3_D0	89	2264	NaN	520	7107	NaN
histonesc_D0I2A_H3K36me3_Xist	XistI_CY5	XistI_Lo	62	13	NaN	202	46	NaN
histonesc_D0I2A_H3K36me3_Tsix	TsixI_TMR	TsixI_wHist	824	237	NaN	211	245	NaN
histonesc_D0I2A_H3K36me3_Histone	H3K36me3	H3K36me3_D0	148	897	NaN	22	74802	NaN
histonesc_D0I2B_H3K36me3_Xist	XistI_CY5	XistI_Lo	74	24	NaN	220	91	NaN
histonesc_D0I2B_H3K36me3_Tsix	TsixI_TMR	TsixI_wHist	1285	188	NaN	222	263	NaN
histonesc_D0I2B_H3K36me3_Histone	H3K36me3	H3K36me3_D0	76	13964	NaN	312	60366	NaN
histonesc_D0I2C_H3K36me3_Xist	XistI_CY5	XistI_Lo	68	10	NaN	186	104	NaN
histonesc_D0I2C_H3K36me3_Tsix	TsixI_TMR	TsixI_wHist	1056	261	NaN	156	457	NaN
histonesc_D0I2C_H3K36me3_Histone	H3K36me3	H3K36me3_D0	78	5997	NaN	281	46282	NaN
histonesc_D0I3A_H3K36me3_Xist	XistI_CY5	XistI_Lo	79	12	NaN	201	86	NaN
histonesc_D0I3A_H3K36me3_Tsix	TsixI_TMR	TsixI_wHist	922	230	NaN	227	256	NaN
histonesc_D0I3A_H3K36me3_Histone	H3K36me3	H3K36me3_D0	67	13943	NaN	274	51610	NaN
histonesc_D0I3B_H3K36me3_Xist	XistI_CY5	XistI_Lo	62	35	NaN	187	188	NaN
histonesc_D0I3B_H3K36me3_Tsix	TsixI_TMR	TsixI_wHist	1170	189	NaN	210	241	NaN
histonesc_D0I3B_H3K36me3_Histone	H3K36me3	H3K36me3_D0	75	12029	NaN	348	57610	NaN
histonesc_D0I3C_H3K36me3_Xist	XistI_CY5	XistI_Lo	80	10	NaN	186	92	NaN
histonesc_D0I3C_H3K36me3_Tsix	TsixI_TMR	TsixI_wHist	1366	197	NaN	183	297	NaN
histonesc_D0I3C_H3K36me3_Histone	H3K36me3	H3K36me3_D0	86	3051	NaN	191	66591	NaN
histonesc_D2I1A_H3K36me3_Xist	XistI_CY5	XistI_Hi	60	189	NaN	185	217	NaN
histonesc_D2I1A_H3K36me3_Tsix	TsixI_TMR	TsixI_wHist	836	166	NaN	37	29269	NaN
histonesc_D2I1A_H3K36me3_Histone	H3K36me3	H3K36me3_D2	57	23959	NaN	258	96432	NaN
histonesc_D2I1B_H3K36me3_Xist	XistI_CY5	XistI_Hi	58	144	NaN	171	96	NaN
histonesc_D2I1B_H3K36me3_Tsix	TsixI_TMR	TsixI_wHist	1164	114	NaN	201	151	NaN
histonesc_D2I1B_H3K36me3_Histone	H3K36me3	H3K36me3_D2	66	14123	NaN	191	76667	NaN
histonesc_D2I1C_H3K36me3_Xist	XistI_CY5	XistI_Hi	68	182	NaN	160	120	NaN
histonesc_D2I1C_H3K36me3_Tsix	TsixI_TMR	TsixI_wHist	1147	165	NaN	39	27889	NaN
histonesc_D2I1C_H3K36me3_Histone	H3K36me3	H3K36me3_D2	62	10577	NaN	351	52726	NaN
histonesc_D2I2A_H3K36me3_Xist	XistI_CY5	XistI_Hi	64	113	NaN	182	150	NaN
histonesc_D2I2A_H3K36me3_Tsix	TsixI_TMR	TsixI_wHist	950	185	NaN	189	248	NaN
histonesc_D2I2A_H3K36me3_Histone	H3K36me3	H3K36me3_D2	91	7458	NaN	271	75030	NaN
histonesc_D2I2B_H3K36me3_Xist	XistI_CY5	XistI_Hi	73	126	NaN	192	119	NaN
histonesc_D2I2B_H3K36me3_Tsix	TsixI_TMR	TsixI_wHist	1716	135	NaN	214	189	NaN
histonesc_D2I2B_H3K36me3_Histone	H3K36me3	H3K36me3_D2	84	7622	NaN	259	80463	NaN
histonesc_D2I2C_H3K36me3_Xist	XistI_CY5	XistI_Hi	80	122	NaN	233	129	NaN
histonesc_D2I2C_H3K36me3_Tsix	TsixI_TMR	TsixI_wHist	950	220	NaN	39	29912	NaN
histonesc_D2I2C_H3K36me3_Histone	H3K36me3	H3K36me3_D2	58	13080	NaN	305	65552	NaN
histonesc_D2I3A_H3K36me3_Xist	XistI_CY5	XistI_Hi	61	134	NaN	158	139	NaN
histonesc_D2I3A_H3K36me3_Tsix	TsixI_TMR	TsixI_wHist	1120	143	NaN	245	244	NaN
histonesc_D2I3A_H3K36me3_Histone	H3K36me3	H3K36me3_D2	87	9971	NaN	229	81571	NaN
histonesc_D2I3B_H3K36me3_Xist	XistI_CY5	XistI_Hi	64	146	NaN	197	119	NaN
histonesc_D2I3B_H3K36me3_Tsix	TsixI_TMR	TsixI_wHist	1015	160	NaN	223	288	NaN
histonesc_D2I3B_H3K36me3_Histone	H3K36me3	H3K36me3_D2	74	10642	NaN	290	71203	NaN
histonesc_D2I3C_H3K36me3_Xist	XistI_CY5	XistI_Hi	85	194	NaN	211	229	NaN
histonesc_D2I3C_H3K36me3_Tsix	TsixI_TMR	TsixI_wHist	1117	162	NaN	36	28363	NaN
histonesc_D2I3C_H3K36me3_Histone	H3K36me3	H3K36me3_D2	65	9727	NaN	276	57515	NaN
ROI001_P01_XY1657818948_Z00_T0_GFP	HeLa_GFP	HeLa_GFP	104	892	NaN	722	1888	NaN
ROI001_P01_XY1657818948_Z00_T0_CY5	HeLa_CY5	HeLa_CY5	111	579	NaN	419	638	NaN
ROI001_P02_XY1657818949_Z00_T0_GFP	HeLa_GFP	HeLa_GFP	114	326	NaN	131	6137	NaN
ROI001_P02_XY1657818949_Z00_T0_CY5	HeLa_CY5	HeLa_CY5	183	371	NaN	109	608	NaN
ROI001_P03_XY1657818950_Z00_T0_GFP	HeLa_GFP	HeLa_GFP	111	789	NaN	589	2765	NaN
ROI001_P03_XY1657818950_Z00_T0_CY5	HeLa_CY5	HeLa_CY5	131	478	NaN	219	564	NaN
ROI001_P04_XY1657818951_Z00_T0_GFP	HeLa_GFP	HeLa_GFP	106	1054	NaN	962	3305	NaN
ROI001_P04_XY1657818951_Z00_T0_CY5	HeLa_CY5	HeLa_CY5	128	287	NaN	1337	580	NaN
ROI001_P05_XY1657818952_Z00_T0_GFP	HeLa_GFP	HeLa_GFP	91	1275	NaN	906	2150	NaN
ROI001_P05_XY1657818952_Z00_T0_CY5	HeLa_CY5	HeLa_CY5	115	614	NaN	1365	824	NaN
ROI001_P06_XY1657818953_Z00_T0_GFP	HeLa_GFP	HeLa_GFP	93	1238	NaN	336	1777	NaN
ROI001_P06_XY1657818953_Z00_T0_CY5	HeLa_CY5	HeLa_CY5	120	473	NaN	NaN	NaN	NaN
ROI001_P07_XY1657818954_Z00_T0_GFP	HeLa_GFP	HeLa_GFP	105	2381	NaN	85	3073	NaN
ROI001_P07_XY1657818954_Z00_T0_CY5	HeLa_CY5	HeLa_CY5	129	1458	NaN	107	1840	NaN
ROI001_P08_XY1657818955_Z00_T0_GFP	HeLa_GFP	HeLa_GFP	103	1403	NaN	599	2392	NaN
ROI001_P08_XY1657818955_Z00_T0_CY5	HeLa_CY5	HeLa_CY5	117	703	NaN	159	866	NaN
ROI001_P09_XY1657818956_Z00_T0_GFP	HeLa_GFP	HeLa_GFP	95	2012	NaN	720	3216	NaN
ROI001_P09_XY1657818956_Z00_T0_CY5	HeLa_CY5	HeLa_CY5	125	1189	NaN	1186	1764	NaN
ROI001_P10_XY1657818957_Z00_T0_GFP	HeLa_GFP	HeLa_GFP	115	1191	NaN	543	2740	NaN
ROI001_P10_XY1657818957_Z00_T0_CY5	HeLa_CY5	HeLa_CY5	111	635	NaN	NaN	NaN	NaN
ROI001_P11_XY1657818958_Z00_T0_GFP	HeLa_GFP	HeLa_GFP	96	2851	NaN	617	3648	NaN
ROI001_P11_XY1657818958_Z00_T0_CY5	HeLa_CY5	HeLa_CY5	107	1853	NaN	265	2231	NaN
ROI001_P12_XY1657818959_Z00_T0_GFP	HeLa_GFP	HeLa_GFP	140	1679	NaN	527	2750	NaN
ROI001_P12_XY1657818959_Z00_T0_CY5	HeLa_CY5	HeLa_CY5	155	792	NaN	1327	1622	NaN
ROI001_XY1657822809_Z00_T0_GFP	HeLa_GFP	HeLa_GFP	106	135	NaN	962	2285	NaN
ROI001_XY1657822809_Z00_T0_CY5	HeLa_CY5	HeLa_CY5	146	79	NaN	NaN	NaN	NaN
ROI002_XY1657822933_Z00_T0_GFP	HeLa_GFP	HeLa_GFP	83	658	NaN	769	2704	NaN
ROI002_XY1657822933_Z00_T0_CY5	HeLa_CY5	HeLa_CY5	114	84	NaN	1890	219	NaN
ROI003_XY1657822934_Z00_T0_GFP	HeLa_GFP	HeLa_GFP	103	148	NaN	978	2631	NaN
ROI003_XY1657822934_Z00_T0_CY5	HeLa_CY5	HeLa_CY5	116	14	NaN	107	32	NaN
ROI005_XY1657822936_Z00_T0_GFP	HeLa_GFP	HeLa_GFP	95	300	NaN	833	3313	NaN
ROI005_XY1657822936_Z00_T0_CY5	HeLa_CY5	HeLa_CY5	118	118	NaN	262	186	NaN
ROI006_XY1657822937_Z00_T0_GFP	HeLa_GFP	HeLa_GFP	70	287	NaN	1028	1371	NaN
ROI006_XY1657822937_Z00_T0_CY5	HeLa_CY5	HeLa_CY5	113	21	NaN	163	134	NaN
ROI007_XY1657822938_Z00_T0_GFP	HeLa_GFP	HeLa_GFP	80	14	NaN	NaN	NaN	NaN
ROI007_XY1657822938_Z00_T0_CY5	HeLa_CY5	HeLa_CY5	127	15	NaN	964	78476	NaN
ROI008_XY1657822939_Z00_T0_GFP	HeLa_GFP	HeLa_GFP	70	379	NaN	NaN	NaN	NaN
ROI008_XY1657822939_Z00_T0_CY5	HeLa_CY5	HeLa_CY5	115	12	NaN	1191	62824	NaN
ROI009_XY1657822940_Z00_T0_GFP	HeLa_GFP	HeLa_GFP	76	242	NaN	1086	1018	NaN
ROI009_XY1657822940_Z00_T0_CY5	HeLa_CY5	HeLa_CY5	109	100	NaN	NaN	NaN	NaN
ROI010_XY1657822941_Z00_T0_GFP	HeLa_GFP	HeLa_GFP	81	340	NaN	764	2533	NaN
ROI010_XY1657822941_Z00_T0_CY5	HeLa_CY5	HeLa_CY5	109	74	NaN	NaN	NaN	NaN
ROI011_XY1657822942_Z00_T0_GFP	HeLa_GFP	HeLa_GFP	71	77	NaN	1059	1464	NaN
ROI011_XY1657822942_Z00_T0_CY5	HeLa_CY5	HeLa_CY5	110	61	NaN	686	99	NaN
ROI012_XY1657822943_Z00_T0_GFP	HeLa_GFP	HeLa_GFP	73	34	NaN	1028	1411	NaN
ROI012_XY1657822943_Z00_T0_CY5	HeLa_CY5	HeLa_CY5	105	14	NaN	531	41175	NaN
ROI013_XY1657822944_Z00_T0_GFP	HeLa_GFP	HeLa_GFP	80	204	NaN	904	2946	NaN
ROI013_XY1657822944_Z00_T0_CY5	HeLa_CY5	HeLa_CY5	110	28	NaN	1111	56780	NaN
ROI014_XY1657822945_Z00_T0_GFP	HeLa_GFP	HeLa_GFP	109	202	NaN	866	3960	NaN
ROI014_XY1657822945_Z00_T0_CY5	HeLa_CY5	HeLa_CY5	130	152	NaN	1454	498	NaN
ROI016_XY1657822947_Z00_T0_GFP	HeLa_GFP	HeLa_GFP	97	427	NaN	784	4313	NaN
ROI016_XY1657822947_Z00_T0_CY5	HeLa_CY5	HeLa_CY5	126	114	NaN	840	228	NaN
ROI017_XY1657822948_Z00_T0_GFP	HeLa_GFP	HeLa_GFP	98	753	NaN	837	3926	NaN
ROI017_XY1657822948_Z00_T0_CY5	HeLa_CY5	HeLa_CY5	131	147	NaN	168	190	NaN
ROI018_XY1657822949_Z00_T0_GFP	HeLa_GFP	HeLa_GFP	88	648	NaN	965	2290	NaN
ROI018_XY1657822949_Z00_T0_CY5	HeLa_CY5	HeLa_CY5	126	167	NaN	1577	505	NaN
ROI001_XY1657814108_Z00_T0_GFP	HeLa_GFP	HeLa_GFP	136	2060	NaN	126	2362	NaN
ROI001_XY1657814108_Z00_T0_CY5	HeLa_CY5	HeLa_CY5	129	1570	NaN	112	1593	NaN
ROI002_XY1657815441_Z00_T0_GFP	HeLa_GFP	HeLa_GFP	127	3452	NaN	722	98	NaN
ROI002_XY1657815441_Z00_T0_CY5	HeLa_CY5	HeLa_CY5	170	2277	NaN	815	159	NaN
ROI003_XY1657814110_Z00_T0_GFP	HeLa_GFP	HeLa_GFP	101	1441	NaN	116	1655	NaN
ROI003_XY1657814110_Z00_T0_CY5	HeLa_CY5	HeLa_CY5	152	952	NaN	107	1121	NaN
ROI004_XY1657814111_Z00_T0_GFP	HeLa_GFP	HeLa_GFP	171	1106	NaN	104	2984	NaN
ROI004_XY1657814111_Z00_T0_CY5	HeLa_CY5	HeLa_CY5	128	958	NaN	125	1019	NaN
ROI005_XY1657814112_Z00_T0_GFP	HeLa_GFP	HeLa_GFP	156	1687	NaN	96	3584	NaN
ROI005_XY1657814112_Z00_T0_CY5	HeLa_CY5	HeLa_CY5	153	1549	NaN	117	1764	NaN
ROI006_XY1657814113_Z00_T0_GFP	HeLa_GFP	HeLa_GFP	216	620	NaN	137	1526	NaN
ROI006_XY1657814113_Z00_T0_CY5	HeLa_CY5	HeLa_CY5	129	730	NaN	112	854	NaN
ROI007_XY1657814114_Z00_T0_GFP	HeLa_GFP	HeLa_GFP	128	1645	NaN	119	2516	NaN
ROI007_XY1657814114_Z00_T0_CY5	HeLa_CY5	HeLa_CY5	130	1260	NaN	106	1349	NaN
ROI008_XY1657814115_Z00_T0_GFP	HeLa_GFP	HeLa_GFP	157	3042	NaN	710	182	NaN
ROI008_XY1657814115_Z00_T0_CY5	HeLa_CY5	HeLa_CY5	173	2169	NaN	750	199	NaN
ROI009_XY1657814116_Z00_T0_GFP	HeLa_GFP	HeLa_GFP	124	1567	NaN	145	2431	NaN
ROI009_XY1657814116_Z00_T0_CY5	HeLa_CY5	HeLa_CY5	156	1066	NaN	165	1111	NaN
ROI010_XY1657814117_Z00_T0_GFP	HeLa_GFP	HeLa_GFP	190	1037	NaN	93	3574	NaN
ROI010_XY1657814117_Z00_T0_CY5	HeLa_CY5	HeLa_CY5	163	706	NaN	110	939	NaN
ROI011_XY1657814118_Z00_T0_GFP	HeLa_GFP	HeLa_GFP	159	1374	NaN	113	2987	NaN
ROI011_XY1657814118_Z00_T0_CY5	HeLa_CY5	HeLa_CY5	125	1077	NaN	121	1219	NaN
ROI012_XY1657814119_Z00_T0_GFP	HeLa_GFP	HeLa_GFP	158	2234	NaN	554	286	NaN
ROI012_XY1657814119_Z00_T0_CY5	HeLa_CY5	HeLa_CY5	161	1809	NaN	135	1972	NaN
histonesc_D0I1D_H3K4me2_Xist	XistI_CY5	XistI_Lo	64	12	NaN	191	132	NaN
histonesc_D0I1D_H3K4me2_Tsix	TsixI_TMR	TsixI_wHist	1128	236	NaN	210	316	NaN
histonesc_D0I1D_H3K4me2_Histone	H3K4me2	H3K4me2_D0	66	28024	NaN	275	74097	NaN
histonesc_D0I1E_H3K4me2_Xist	XistI_CY5	XistI_Lo	66	21	NaN	179	187	NaN
histonesc_D0I1E_H3K4me2_Tsix	TsixI_TMR	TsixI_wHist	1101	261	NaN	38	30920	NaN
histonesc_D0I1E_H3K4me2_Histone	H3K4me2	H3K4me2_D0	73	19226	NaN	279	71356	NaN
histonesc_D0I2D_H3K4me2_Xist	XistI_CY5	XistI_Lo	102	9	NaN	200	69	NaN
histonesc_D0I2D_H3K4me2_Tsix	TsixI_TMR	TsixI_wHist	1411	208	NaN	211	256	NaN
histonesc_D0I2D_H3K4me2_Histone	H3K4me2	H3K4me2_D0	45	40144	NaN	240	73783	NaN
histonesc_D0I2E_H3K4me2_Xist	XistI_CY5	XistI_Lo	69	17	NaN	205	138	NaN
histonesc_D0I2E_H3K4me2_Tsix	TsixI_TMR	TsixI_wHist	1147	215	NaN	212	345	NaN
histonesc_D0I2E_H3K4me2_Histone	H3K4me2	H3K4me2_D0	61	29811	NaN	260	76794	NaN
histonesc_D2I1D_H3K4me2_Xist	XistI_CY5	XistI_Hi	67	144	NaN	205	116	NaN
histonesc_D2I1D_H3K4me2_Tsix	TsixI_TMR	TsixI_wHist	1100	134	NaN	30	32086	NaN
histonesc_D2I1D_H3K4me2_Histone	H3K4me2	H3K4me2_D2	60	22117	NaN	276	66827	NaN
histonesc_D2I1E_H3K4me2_Xist	XistI_CY5	XistI_Hi	78	128	NaN	243	150	NaN
histonesc_D2I1E_H3K4me2_Tsix	TsixI_TMR	TsixI_wHist	1802	147	NaN	220	242	NaN
histonesc_D2I1E_H3K4me2_Histone	H3K4me2	H3K4me2_D2	64	21218	NaN	207	66757	NaN
histonesc_D2I2D_H3K4me2_Xist	XistI_CY5	XistI_Hi	84	154	NaN	263	144	NaN
histonesc_D2I2D_H3K4me2_Tsix	TsixI_TMR	TsixI_wHist	1158	143	NaN	36	29517	NaN
histonesc_D2I2D_H3K4me2_Histone	H3K4me2	H3K4me2_D2	65	19588	NaN	217	67659	NaN
histonesc_D2I2E_H3K4me2_Xist	XistI_CY5	XistI_Hi	65	182	NaN	255	161	NaN
histonesc_D2I2E_H3K4me2_Tsix	TsixI_TMR	TsixI_wHist	1112	166	NaN	126	389	NaN
histonesc_D2I2E_H3K4me2_Histone	H3K4me2	H3K4me2_D2	46	32858	NaN	121	54816	NaN
histonesc_D2I3D_H3K4me2_Xist	XistI_CY5	XistI_Hi	65	157	NaN	81	173	NaN
histonesc_D2I3D_H3K4me2_Tsix	TsixI_TMR	TsixI_wHist	1215	133	NaN	34	29220	NaN
histonesc_D2I3D_H3K4me2_Histone	H3K4me2	H3K4me2_D2	69	16528	NaN	239	71590	NaN
histonesc_D2I3E_H3K4me2_Xist	XistI_CY5	XistI_Hi	87	144	NaN	246	164	NaN
histonesc_D2I3E_H3K4me2_Tsix	TsixI_TMR	TsixI_wHist	994	162	NaN	180	260	NaN
histonesc_D2I3E_H3K4me2_Histone	H3K4me2	H3K4me2_D2	71	17504	NaN	342	64036	NaN
sctc_E1R1_0m_I1_STL1	CTT1_CY5	CTT1_E1R1_00min	94	443	NaN	190	417	NaN
sctc_E1R1_0m_I1_CTT1	STL1_TMR	STL1_E1R1_00min	128	297	NaN	339	508	NaN
sctc_E1R1_0m_I2_STL1	CTT1_CY5	CTT1_E1R1_00min	83	196	NaN	175	231	NaN
sctc_E1R1_0m_I2_CTT1	STL1_TMR	STL1_E1R1_00min	120	494	NaN	296	874	NaN
sctc_E1R1_0m_I3_STL1	CTT1_CY5	CTT1_E1R1_00min	75	371	NaN	171	365	NaN
sctc_E1R1_0m_I3_CTT1	STL1_TMR	STL1_E1R1_00min	136	557	NaN	394	664	NaN
sctc_E1R1_0m_I4_STL1	CTT1_CY5	CTT1_E1R1_00min	67	287	NaN	169	310	NaN
sctc_E1R1_0m_I4_CTT1	STL1_TMR	STL1_E1R1_00min	147	349	NaN	46	82815	NaN
sctc_E1R1_10m_I1_STL1	CTT1_CY5	CTT1_E1R1_10min	88	4139	NaN	169	3166	NaN
sctc_E1R1_10m_I1_CTT1	STL1_TMR	STL1_E1R1_10min	188	4465	NaN	141	2979	NaN
sctc_E1R1_10m_I2_STL1	CTT1_CY5	CTT1_E1R1_10min	86	3081	NaN	161	2489	NaN
sctc_E1R1_10m_I2_CTT1	STL1_TMR	STL1_E1R1_10min	142	3242	NaN	147	2166	NaN
sctc_E1R1_10m_I3_STL1	CTT1_CY5	CTT1_E1R1_10min	81	3547	NaN	163	2948	NaN
sctc_E1R1_10m_I3_CTT1	STL1_TMR	STL1_E1R1_10min	163	3752	NaN	150	2773	NaN
sctc_E1R1_10m_I4_STL1	CTT1_CY5	CTT1_E1R1_10min	83	4020	NaN	163	3372	NaN
sctc_E1R1_10m_I4_CTT1	STL1_TMR	STL1_E1R1_10min	192	4921	NaN	179	3296	NaN
sctc_E1R1_15m_I1_STL1	CTT1_CY5	CTT1_E1R1_15min	93	4490	NaN	254	4205	NaN
sctc_E1R1_15m_I1_CTT1	STL1_TMR	STL1_E1R1_15min	210	5004	NaN	169	4122	NaN
sctc_E1R1_15m_I2_STL1	CTT1_CY5	CTT1_E1R1_15min	85	7400	NaN	215	7639	NaN
sctc_E1R1_15m_I2_CTT1	STL1_TMR	STL1_E1R1_15min	199	5930	NaN	176	5405	NaN
sctc_E1R1_15m_I3_STL1	CTT1_CY5	CTT1_E1R1_15min	109	6600	NaN	217	5305	NaN
sctc_E1R1_15m_I3_CTT1	STL1_TMR	STL1_E1R1_15min	181	5834	NaN	142	4372	NaN
sctc_E1R1_15m_I4_STL1	CTT1_CY5	CTT1_E1R1_15min	92	7157	NaN	224	5429	NaN
sctc_E1R1_15m_I4_CTT1	STL1_TMR	STL1_E1R1_15min	194	6749	NaN	181	5185	NaN
sctc_E1R1_1m_I1_STL1	CTT1_CY5	CTT1_E1R1_01min	72	164	NaN	176	216	NaN
sctc_E1R1_1m_I1_CTT1	STL1_TMR	STL1_E1R1_01min	125	160	NaN	299	595	NaN
sctc_E1R1_1m_I2_STL1	CTT1_CY5	CTT1_E1R1_01min	74	93	NaN	204	106	NaN
sctc_E1R1_1m_I2_CTT1	STL1_TMR	STL1_E1R1_01min	122	131	NaN	100	38888	NaN
sctc_E1R1_1m_I3_STL1	CTT1_CY5	CTT1_E1R1_01min	81	329	NaN	151	400	NaN
sctc_E1R1_1m_I3_CTT1	STL1_TMR	STL1_E1R1_01min	148	137	NaN	357	383	NaN
sctc_E1R1_1m_I4_STL1	CTT1_CY5	CTT1_E1R1_01min	74	114	NaN	191	141	NaN
sctc_E1R1_1m_I4_CTT1	STL1_TMR	STL1_E1R1_01min	129	108	NaN	271	944	NaN
sctc_E1R1_20m_I1_STL1	CTT1_CY5	CTT1_E1R1_20min	116	10941	NaN	223	9656	NaN
sctc_E1R1_20m_I1_CTT1	STL1_TMR	STL1_E1R1_20min	176	4234	NaN	303	3817	NaN
sctc_E1R1_20m_I2_STL1	CTT1_CY5	CTT1_E1R1_20min	89	10263	NaN	260	7990	NaN
sctc_E1R1_20m_I2_CTT1	STL1_TMR	STL1_E1R1_20min	166	4201	NaN	393	3898	NaN
sctc_E1R1_20m_I3_STL1	CTT1_CY5	CTT1_E1R1_20min	102	8834	NaN	213	8070	NaN
sctc_E1R1_20m_I3_CTT1	STL1_TMR	STL1_E1R1_20min	164	3355	NaN	385	3176	NaN
sctc_E1R1_20m_I4_STL1	CTT1_CY5	CTT1_E1R1_20min	86	9467	NaN	267	8461	NaN
sctc_E1R1_20m_I4_CTT1	STL1_TMR	STL1_E1R1_20min	166	4575	NaN	287	4126	NaN
sctc_E1R1_25m_I1_STL1	CTT1_CY5	CTT1_E1R1_25min	74	3975	NaN	249	3679	NaN
sctc_E1R1_25m_I1_CTT1	STL1_TMR	STL1_E1R1_25min	143	565	NaN	172	29287	NaN
sctc_E1R1_25m_I2_STL1	CTT1_CY5	CTT1_E1R1_25min	75	3244	NaN	210	3421	NaN
sctc_E1R1_25m_I2_CTT1	STL1_TMR	STL1_E1R1_25min	149	412	NaN	163	31221	NaN
sctc_E1R1_25m_I3_STL1	CTT1_CY5	CTT1_E1R1_25min	70	2914	NaN	198	2810	NaN
sctc_E1R1_25m_I3_CTT1	STL1_TMR	STL1_E1R1_25min	129	435	NaN	551	463	NaN
sctc_E1R1_25m_I4_STL1	CTT1_CY5	CTT1_E1R1_25min	70	3169	NaN	210	2926	NaN
sctc_E1R1_25m_I4_CTT1	STL1_TMR	STL1_E1R1_25min	145	406	NaN	659	430	NaN
sctc_E1R1_2m_I1_STL1	CTT1_CY5	CTT1_E1R1_02min	65	80	NaN	161	96	NaN
sctc_E1R1_2m_I1_CTT1	STL1_TMR	STL1_E1R1_02min	109	135	NaN	261	507	NaN
sctc_E1R1_2m_I2_STL1	CTT1_CY5	CTT1_E1R1_02min	76	78	NaN	164	100	NaN
sctc_E1R1_2m_I2_CTT1	STL1_TMR	STL1_E1R1_02min	109	114	NaN	204	388	NaN
sctc_E1R1_2m_I3_STL1	CTT1_CY5	CTT1_E1R1_02min	70	166	NaN	155	186	NaN
sctc_E1R1_2m_I3_CTT1	STL1_TMR	STL1_E1R1_02min	116	76	NaN	43	84286	NaN
sctc_E1R1_2m_I4_STL1	CTT1_CY5	CTT1_E1R1_02min	79	208	NaN	169	239	NaN
sctc_E1R1_2m_I4_CTT1	STL1_TMR	STL1_E1R1_02min	121	146	NaN	72	55399	NaN
sctc_E1R1_30m_I1_STL1	CTT1_CY5	CTT1_E1R1_30min	73	5853	NaN	204	5846	NaN
sctc_E1R1_30m_I1_CTT1	STL1_TMR	STL1_E1R1_30min	154	280	NaN	94	55240	NaN
sctc_E1R1_30m_I2_STL1	CTT1_CY5	CTT1_E1R1_30min	76	6515	NaN	194	6443	NaN
sctc_E1R1_30m_I2_CTT1	STL1_TMR	STL1_E1R1_30min	186	223	NaN	495	394	NaN
sctc_E1R1_30m_I3_STL1	CTT1_CY5	CTT1_E1R1_30min	80	5698	NaN	180	6380	NaN
sctc_E1R1_30m_I3_CTT1	STL1_TMR	STL1_E1R1_30min	168	233	NaN	480	286	NaN
sctc_E1R1_30m_I4_STL1	CTT1_CY5	CTT1_E1R1_30min	84	7137	NaN	143	8025	NaN
sctc_E1R1_30m_I4_CTT1	STL1_TMR	STL1_E1R1_30min	170	246	NaN	441	348	NaN
sctc_E1R1_35m_I1_STL1	CTT1_CY5	CTT1_E1R1_35min	72	966	NaN	187	984	NaN
sctc_E1R1_35m_I1_CTT1	STL1_TMR	STL1_E1R1_35min	123	85	NaN	101	38383	NaN
sctc_E1R1_35m_I2_STL1	CTT1_CY5	CTT1_E1R1_35min	73	1134	NaN	151	1261	NaN
sctc_E1R1_35m_I2_CTT1	STL1_TMR	STL1_E1R1_35min	120	93	NaN	64	61196	NaN
sctc_E1R1_35m_I3_STL1	CTT1_CY5	CTT1_E1R1_35min	66	1257	NaN	139	1430	NaN
sctc_E1R1_35m_I3_CTT1	STL1_TMR	STL1_E1R1_35min	118	118	NaN	96	40161	NaN
sctc_E1R1_35m_I4_STL1	CTT1_CY5	CTT1_E1R1_35min	63	1099	NaN	142	1148	NaN
sctc_E1R1_35m_I4_CTT1	STL1_TMR	STL1_E1R1_35min	116	171	NaN	451	312	NaN
sctc_E1R1_40m_I1_STL1	CTT1_CY5	CTT1_E1R1_40min	81	1330	NaN	179	1344	NaN
sctc_E1R1_40m_I1_CTT1	STL1_TMR	STL1_E1R1_40min	119	106	NaN	82	52646	NaN
sctc_E1R1_40m_I2_STL1	CTT1_CY5	CTT1_E1R1_40min	75	984	NaN	166	919	NaN
sctc_E1R1_40m_I2_CTT1	STL1_TMR	STL1_E1R1_40min	129	140	NaN	98	39815	NaN
sctc_E1R1_40m_I3_STL1	CTT1_CY5	CTT1_E1R1_40min	73	2510	NaN	177	2439	NaN
sctc_E1R1_40m_I3_CTT1	STL1_TMR	STL1_E1R1_40min	143	122	NaN	345	2116	NaN
sctc_E1R1_40m_I4_STL1	CTT1_CY5	CTT1_E1R1_40min	72	3139	NaN	188	3122	NaN
sctc_E1R1_40m_I4_CTT1	STL1_TMR	STL1_E1R1_40min	147	158	NaN	517	254	NaN
sctc_E1R1_45m_I1_STL1	CTT1_CY5	CTT1_E1R1_45min	80	2071	NaN	172	2027	NaN
sctc_E1R1_45m_I1_CTT1	STL1_TMR	STL1_E1R1_45min	147	92	NaN	69	65936	NaN
sctc_E1R1_45m_I2_STL1	CTT1_CY5	CTT1_E1R1_45min	88	3701	NaN	165	3732	NaN
sctc_E1R1_45m_I2_CTT1	STL1_TMR	STL1_E1R1_45min	167	96	NaN	216	15246	NaN
sctc_E1R1_45m_I3_STL1	CTT1_CY5	CTT1_E1R1_45min	70	2521	NaN	188	2491	NaN
sctc_E1R1_45m_I3_CTT1	STL1_TMR	STL1_E1R1_45min	151	87	NaN	130	19656	NaN
sctc_E1R1_45m_I4_STL1	CTT1_CY5	CTT1_E1R1_45min	74	3413	NaN	194	3028	NaN
sctc_E1R1_45m_I4_CTT1	STL1_TMR	STL1_E1R1_45min	138	132	NaN	88	58331	NaN
sctc_E1R1_4m_I1_STL1	CTT1_CY5	CTT1_E1R1_04min	80	461	NaN	174	527	NaN
sctc_E1R1_4m_I1_CTT1	STL1_TMR	STL1_E1R1_04min	134	190	NaN	66	79000	NaN
sctc_E1R1_4m_I2_STL1	CTT1_CY5	CTT1_E1R1_04min	73	145	NaN	194	238	NaN
sctc_E1R1_4m_I2_CTT1	STL1_TMR	STL1_E1R1_04min	127	196	NaN	306	855	NaN
sctc_E1R1_4m_I3_STL1	CTT1_CY5	CTT1_E1R1_04min	77	610	NaN	210	628	NaN
sctc_E1R1_4m_I3_CTT1	STL1_TMR	STL1_E1R1_04min	140	153	NaN	125	25696	NaN
sctc_E1R1_4m_I4_STL1	CTT1_CY5	CTT1_E1R1_04min	79	138	NaN	182	212	NaN
sctc_E1R1_4m_I4_CTT1	STL1_TMR	STL1_E1R1_04min	128	144	NaN	232	1767	NaN
sctc_E1R1_50m_I1_STL1	CTT1_CY5	CTT1_E1R1_50min	69	1141	NaN	161	1017	NaN
sctc_E1R1_50m_I1_CTT1	STL1_TMR	STL1_E1R1_50min	125	106	NaN	113	39375	NaN
sctc_E1R1_50m_I2_STL1	CTT1_CY5	CTT1_E1R1_50min	69	1672	NaN	178	1632	NaN
sctc_E1R1_50m_I2_CTT1	STL1_TMR	STL1_E1R1_50min	136	93	NaN	129	38302	NaN
sctc_E1R1_50m_I3_STL1	CTT1_CY5	CTT1_E1R1_50min	71	1233	NaN	161	1253	NaN
sctc_E1R1_50m_I3_CTT1	STL1_TMR	STL1_E1R1_50min	183	19	NaN	94	45099	NaN
sctc_E1R1_55m_I1_STL1	CTT1_CY5	CTT1_E1R1_55min	92	2803	NaN	214	2625	NaN
sctc_E1R1_55m_I1_CTT1	STL1_TMR	STL1_E1R1_55min	147	115	NaN	67	74423	NaN
sctc_E1R1_55m_I2_STL1	CTT1_CY5	CTT1_E1R1_55min	98	4552	NaN	245	4418	NaN
sctc_E1R1_55m_I2_CTT1	STL1_TMR	STL1_E1R1_55min	158	143	NaN	71	67571	NaN
sctc_E1R1_55m_I3_STL1	CTT1_CY5	CTT1_E1R1_55min	83	4007	NaN	147	3608	NaN
sctc_E1R1_55m_I3_CTT1	STL1_TMR	STL1_E1R1_55min	148	226	NaN	302	8843	NaN
sctc_E1R1_55m_I4_STL1	CTT1_CY5	CTT1_E1R1_55min	91	3269	NaN	234	3037	NaN
sctc_E1R1_55m_I4_CTT1	STL1_TMR	STL1_E1R1_55min	154	142	NaN	126	48014	NaN
sctc_E1R1_6m_I1_STL1	CTT1_CY5	CTT1_E1R1_06min	50	568	NaN	115	539	NaN
sctc_E1R1_6m_I1_CTT1	STL1_TMR	STL1_E1R1_06min	131	645	NaN	167	437	NaN
sctc_E1R1_6m_I2_STL1	CTT1_CY5	CTT1_E1R1_06min	66	38	NaN	88	154	NaN
sctc_E1R1_6m_I2_CTT1	STL1_TMR	STL1_E1R1_06min	106	768	NaN	263	369	NaN
sctc_E1R1_6m_I3_STL1	CTT1_CY5	CTT1_E1R1_06min	78	1590	NaN	111	1316	NaN
sctc_E1R1_6m_I3_CTT1	STL1_TMR	STL1_E1R1_06min	167	764	NaN	146	502	NaN
sctc_E1R1_6m_I4_STL1	CTT1_CY5	CTT1_E1R1_06min	80	2111	NaN	173	1813	NaN
sctc_E1R1_6m_I4_CTT1	STL1_TMR	STL1_E1R1_06min	155	1527	NaN	163	1010	NaN
sctc_E1R1_8m_I1_STL1	CTT1_CY5	CTT1_E1R1_08min	83	8576	NaN	250	6657	NaN
sctc_E1R1_8m_I1_CTT1	STL1_TMR	STL1_E1R1_08min	187	7668	NaN	582	566	NaN
sctc_E1R1_8m_I2_STL1	CTT1_CY5	CTT1_E1R1_08min	94	7249	NaN	140	5469	NaN
sctc_E1R1_8m_I2_CTT1	STL1_TMR	STL1_E1R1_08min	190	5605	NaN	144	3995	NaN
sctc_E1R1_8m_I3_STL1	CTT1_CY5	CTT1_E1R1_08min	82	8851	NaN	168	6953	NaN
sctc_E1R1_8m_I3_CTT1	STL1_TMR	STL1_E1R1_08min	228	7166	NaN	168	5224	NaN
sctc_E1R1_8m_I4_STL1	CTT1_CY5	CTT1_E1R1_08min	79	9232	NaN	224	7189	NaN
sctc_E1R1_8m_I4_CTT1	STL1_TMR	STL1_E1R1_08min	195	7683	NaN	155	5508	NaN
sctc_E1R2_0m_I1_STL1	CTT1_CY5	CTT1_E1R2_00min	82	270	NaN	169	310	NaN
sctc_E1R2_0m_I1_CTT1	STL1_TMR	STL1_E1R2_00min	139	419	NaN	48	90569	NaN
sctc_E1R2_0m_I2_STL1	CTT1_CY5	CTT1_E1R2_00min	71	381	NaN	183	341	NaN
sctc_E1R2_0m_I2_CTT1	STL1_TMR	STL1_E1R2_00min	138	556	NaN	127	48156	NaN
sctc_E1R2_0m_I3_STL1	CTT1_CY5	CTT1_E1R2_00min	80	193	NaN	175	232	NaN
sctc_E1R2_0m_I3_CTT1	STL1_TMR	STL1_E1R2_00min	128	393	NaN	94	57753	NaN
sctc_E1R2_0m_I4_STL1	CTT1_CY5	CTT1_E1R2_00min	76	468	NaN	188	421	NaN
sctc_E1R2_0m_I4_CTT1	STL1_TMR	STL1_E1R2_00min	142	218	NaN	81	72918	NaN
sctc_E1R2_10m_I1_STL1	CTT1_CY5	CTT1_E1R2_10min	52	5511	NaN	148	4017	NaN
sctc_E1R2_10m_I1_CTT1	STL1_TMR	STL1_E1R2_10min	165	4230	NaN	156	2902	NaN
sctc_E1R2_10m_I2_STL1	CTT1_CY5	CTT1_E1R2_10min	80	8347	NaN	290	3533	NaN
sctc_E1R2_10m_I2_CTT1	STL1_TMR	STL1_E1R2_10min	175	5932	NaN	59	28807	NaN
sctc_E1R2_10m_I3_STL1	CTT1_CY5	CTT1_E1R2_10min	45	7419	NaN	168	4344	NaN
sctc_E1R2_10m_I3_CTT1	STL1_TMR	STL1_E1R2_10min	165	6847	NaN	62	28820	NaN
sctc_E1R2_10m_I4_STL1	CTT1_CY5	CTT1_E1R2_10min	86	6390	NaN	189	4221	NaN
sctc_E1R2_10m_I4_CTT1	STL1_TMR	STL1_E1R2_10min	168	4351	NaN	45	27862	NaN
sctc_E1R2_15m_I1_STL1	CTT1_CY5	CTT1_E1R2_15min	79	8295	NaN	325	6362	NaN
sctc_E1R2_15m_I1_CTT1	STL1_TMR	STL1_E1R2_15min	163	6264	NaN	170	4464	NaN
sctc_E1R2_15m_I2_STL1	CTT1_CY5	CTT1_E1R2_15min	95	5726	NaN	240	4384	NaN
sctc_E1R2_15m_I2_CTT1	STL1_TMR	STL1_E1R2_15min	160	5528	NaN	194	3696	NaN
sctc_E1R2_15m_I3_STL1	CTT1_CY5	CTT1_E1R2_15min	106	8642	NaN	266	7197	NaN
sctc_E1R2_15m_I3_CTT1	STL1_TMR	STL1_E1R2_15min	180	6751	NaN	175	4976	NaN
sctc_E1R2_15m_I4_STL1	CTT1_CY5	CTT1_E1R2_15min	68	6706	NaN	136	5643	NaN
sctc_E1R2_15m_I4_CTT1	STL1_TMR	STL1_E1R2_15min	163	5958	NaN	216	4499	NaN
sctc_E1R2_1m_I1_STL1	CTT1_CY5	CTT1_E1R2_01min	73	148	NaN	220	302	NaN
sctc_E1R2_1m_I1_CTT1	STL1_TMR	STL1_E1R2_01min	141	125	NaN	425	698	NaN
sctc_E1R2_1m_I2_STL1	CTT1_CY5	CTT1_E1R2_01min	79	141	NaN	224	186	NaN
sctc_E1R2_1m_I2_CTT1	STL1_TMR	STL1_E1R2_01min	141	107	NaN	94	66474	NaN
sctc_E1R2_1m_I3_STL1	CTT1_CY5	CTT1_E1R2_01min	78	104	NaN	215	331	NaN
sctc_E1R2_1m_I3_CTT1	STL1_TMR	STL1_E1R2_01min	137	106	NaN	84	62681	NaN
sctc_E1R2_1m_I4_STL1	CTT1_CY5	CTT1_E1R2_01min	90	109	NaN	194	145	NaN
sctc_E1R2_1m_I4_CTT1	STL1_TMR	STL1_E1R2_01min	164	113	NaN	514	289	NaN
sctc_E1R2_20m_I1_STL1	CTT1_CY5	CTT1_E1R2_20min	110	14521	NaN	242	11806	NaN
sctc_E1R2_20m_I1_CTT1	STL1_TMR	STL1_E1R2_20min	172	4946	NaN	353	4037	NaN
sctc_E1R2_20m_I2_STL1	CTT1_CY5	CTT1_E1R2_20min	103	14923	NaN	269	11564	NaN
sctc_E1R2_20m_I2_CTT1	STL1_TMR	STL1_E1R2_20min	177	4590	NaN	207	28695	NaN
sctc_E1R2_20m_I3_STL1	CTT1_CY5	CTT1_E1R2_20min	97	13067	NaN	277	10308	NaN
sctc_E1R2_20m_I3_CTT1	STL1_TMR	STL1_E1R2_20min	184	4310	NaN	362	3961	NaN
sctc_E1R2_20m_I4_STL1	CTT1_CY5	CTT1_E1R2_20min	89	14069	NaN	222	11460	NaN
sctc_E1R2_20m_I4_CTT1	STL1_TMR	STL1_E1R2_20min	170	4624	NaN	430	4467	NaN
sctc_E1R2_25m_I1_STL1	CTT1_CY5	CTT1_E1R2_25min	112	1605	NaN	219	1599	NaN
sctc_E1R2_25m_I1_CTT1	STL1_TMR	STL1_E1R2_25min	117	863	NaN	143	26527	NaN
sctc_E1R2_25m_I2_STL1	CTT1_CY5	CTT1_E1R2_25min	79	1686	NaN	234	1691	NaN
sctc_E1R2_25m_I2_CTT1	STL1_TMR	STL1_E1R2_25min	153	199	NaN	199	28758	NaN
sctc_E1R2_25m_I3_STL1	CTT1_CY5	CTT1_E1R2_25min	81	969	NaN	143	1135	NaN
sctc_E1R2_25m_I3_CTT1	STL1_TMR	STL1_E1R2_25min	121	321	NaN	541	308	NaN
sctc_E1R2_25m_I4_STL1	CTT1_CY5	CTT1_E1R2_25min	64	1430	NaN	165	1289	NaN
sctc_E1R2_25m_I4_CTT1	STL1_TMR	STL1_E1R2_25min	149	221	NaN	153	29538	NaN
sctc_E1R2_2m_I1_STL1	CTT1_CY5	CTT1_E1R2_02min	82	178	NaN	252	226	NaN
sctc_E1R2_2m_I1_CTT1	STL1_TMR	STL1_E1R2_02min	136	180	NaN	100	41342	NaN
sctc_E1R2_2m_I2_STL1	CTT1_CY5	CTT1_E1R2_02min	80	210	NaN	231	322	NaN
sctc_E1R2_2m_I2_CTT1	STL1_TMR	STL1_E1R2_02min	155	140	NaN	124	48408	NaN
sctc_E1R2_2m_I3_STL1	CTT1_CY5	CTT1_E1R2_02min	82	151	NaN	232	182	NaN
sctc_E1R2_2m_I3_CTT1	STL1_TMR	STL1_E1R2_02min	127	161	NaN	114	45374	NaN
sctc_E1R2_2m_I4_STL1	CTT1_CY5	CTT1_E1R2_02min	81	152	NaN	248	207	NaN
sctc_E1R2_2m_I4_CTT1	STL1_TMR	STL1_E1R2_02min	142	165	NaN	103	59507	NaN
sctc_E1R2_30m_I1_STL1	CTT1_CY5	CTT1_E1R2_30min	97	1217	NaN	137	1341	NaN
sctc_E1R2_30m_I1_CTT1	STL1_TMR	STL1_E1R2_30min	143	105	NaN	134	32135	NaN
sctc_E1R2_30m_I2_STL1	CTT1_CY5	CTT1_E1R2_30min	68	886	NaN	201	784	NaN
sctc_E1R2_30m_I2_CTT1	STL1_TMR	STL1_E1R2_30min	119	234	NaN	119	33440	NaN
sctc_E1R2_30m_I3_STL1	CTT1_CY5	CTT1_E1R2_30min	75	570	NaN	149	624	NaN
sctc_E1R2_30m_I3_CTT1	STL1_TMR	STL1_E1R2_30min	141	88	NaN	128	30397	NaN
sctc_E1R2_30m_I4_STL1	CTT1_CY5	CTT1_E1R2_30min	70	549	NaN	159	574	NaN
sctc_E1R2_30m_I4_CTT1	STL1_TMR	STL1_E1R2_30min	141	45	NaN	81	56891	NaN
sctc_E1R2_30m_I7_STL1	CTT1_CY5	CTT1_E1R2_30min	66	699	NaN	149	635	NaN
sctc_E1R2_30m_I7_CTT1	STL1_TMR	STL1_E1R2_30min	130	91	NaN	114	28734	NaN
sctc_E1R2_35m_I1_STL1	CTT1_CY5	CTT1_E1R2_35min	83	3225	NaN	178	3059	NaN
sctc_E1R2_35m_I1_CTT1	STL1_TMR	STL1_E1R2_35min	165	90	NaN	137	39305	NaN
sctc_E1R2_35m_I2_STL1	CTT1_CY5	CTT1_E1R2_35min	82	2944	NaN	176	3015	NaN
sctc_E1R2_35m_I2_CTT1	STL1_TMR	STL1_E1R2_35min	162	100	NaN	120	46665	NaN
sctc_E1R2_35m_I3_STL1	CTT1_CY5	CTT1_E1R2_35min	72	1953	NaN	178	1938	NaN
sctc_E1R2_35m_I3_CTT1	STL1_TMR	STL1_E1R2_35min	152	92	NaN	601	155	NaN
sctc_E1R2_35m_I4_STL1	CTT1_CY5	CTT1_E1R2_35min	72	1934	NaN	147	2290	NaN
sctc_E1R2_35m_I4_CTT1	STL1_TMR	STL1_E1R2_35min	155	75	NaN	107	40849	NaN
sctc_E1R2_40m_I1_STL1	CTT1_CY5	CTT1_E1R2_40min	87	1316	NaN	151	1433	NaN
sctc_E1R2_40m_I1_CTT1	STL1_TMR	STL1_E1R2_40min	171	35	NaN	89	45902	NaN
sctc_E1R2_40m_I2_STL1	CTT1_CY5	CTT1_E1R2_40min	73	1761	NaN	154	1759	NaN
sctc_E1R2_40m_I2_CTT1	STL1_TMR	STL1_E1R2_40min	137	147	NaN	54	51541	NaN
sctc_E1R2_40m_I3_STL1	CTT1_CY5	CTT1_E1R2_40min	75	2162	NaN	158	2302	NaN
sctc_E1R2_40m_I3_CTT1	STL1_TMR	STL1_E1R2_40min	147	119	NaN	98	44952	NaN
sctc_E1R2_40m_I4_STL1	CTT1_CY5	CTT1_E1R2_40min	72	1814	NaN	167	1805	NaN
sctc_E1R2_40m_I4_CTT1	STL1_TMR	STL1_E1R2_40min	151	97	NaN	96	46459	NaN
sctc_E1R2_45m_I1_STL1	CTT1_CY5	CTT1_E1R2_45min	70	633	NaN	120	656	NaN
sctc_E1R2_45m_I1_CTT1	STL1_TMR	STL1_E1R2_45min	149	96	NaN	88	45562	NaN
sctc_E1R2_45m_I2_STL1	CTT1_CY5	CTT1_E1R2_45min	83	512	NaN	180	672	NaN
sctc_E1R2_45m_I2_CTT1	STL1_TMR	STL1_E1R2_45min	141	154	NaN	82	50246	NaN
sctc_E1R2_45m_I3_STL1	CTT1_CY5	CTT1_E1R2_45min	79	773	NaN	125	682	NaN
sctc_E1R2_45m_I3_CTT1	STL1_TMR	STL1_E1R2_45min	144	71	NaN	91	41746	NaN
sctc_E1R2_45m_I4_STL1	CTT1_CY5	CTT1_E1R2_45min	73	767	NaN	161	710	NaN
sctc_E1R2_45m_I4_CTT1	STL1_TMR	STL1_E1R2_45min	138	108	NaN	103	37728	NaN
sctc_E1R2_4m_I1_STL1	CTT1_CY5	CTT1_E1R2_04min	72	327	NaN	164	246	NaN
sctc_E1R2_4m_I1_CTT1	STL1_TMR	STL1_E1R2_04min	175	202	NaN	162	97	NaN
sctc_E1R2_4m_I2_STL1	CTT1_CY5	CTT1_E1R2_04min	81	493	NaN	96	402	NaN
sctc_E1R2_4m_I2_CTT1	STL1_TMR	STL1_E1R2_04min	193	147	NaN	31	36173	NaN
sctc_E1R2_4m_I3_STL1	CTT1_CY5	CTT1_E1R2_04min	77	495	NaN	183	430	NaN
sctc_E1R2_4m_I3_CTT1	STL1_TMR	STL1_E1R2_04min	139	85	NaN	55	48759	NaN
sctc_E1R2_4m_I4_STL1	CTT1_CY5	CTT1_E1R2_04min	83	447	NaN	119	410	NaN
sctc_E1R2_4m_I4_CTT1	STL1_TMR	STL1_E1R2_04min	133	97	NaN	36	51532	NaN
sctc_E1R2_50m_I1_STL1	CTT1_CY5	CTT1_E1R2_50min	64	331	NaN	116	388	NaN
sctc_E1R2_50m_I1_CTT1	STL1_TMR	STL1_E1R2_50min	98	72	NaN	77	37564	NaN
sctc_E1R2_50m_I2_STL1	CTT1_CY5	CTT1_E1R2_50min	60	432	NaN	137	474	NaN
sctc_E1R2_50m_I2_CTT1	STL1_TMR	STL1_E1R2_50min	118	154	NaN	81	43492	NaN
sctc_E1R2_50m_I3_STL1	CTT1_CY5	CTT1_E1R2_50min	70	298	NaN	130	320	NaN
sctc_E1R2_50m_I3_CTT1	STL1_TMR	STL1_E1R2_50min	109	151	NaN	78	51612	NaN
sctc_E1R2_55m_I1_STL1	CTT1_CY5	CTT1_E1R2_55min	83	1298	NaN	185	1427	NaN
sctc_E1R2_55m_I1_CTT1	STL1_TMR	STL1_E1R2_55min	143	149	NaN	58	71905	NaN
sctc_E1R2_55m_I2_STL1	CTT1_CY5	CTT1_E1R2_55min	75	1898	NaN	161	1936	NaN
sctc_E1R2_55m_I2_CTT1	STL1_TMR	STL1_E1R2_55min	156	126	NaN	93	52238	NaN
sctc_E1R2_55m_I3_STL1	CTT1_CY5	CTT1_E1R2_55min	72	1883	NaN	160	2096	NaN
sctc_E1R2_55m_I3_CTT1	STL1_TMR	STL1_E1R2_55min	160	142	NaN	70	75522	NaN
sctc_E1R2_55m_I4_STL1	CTT1_CY5	CTT1_E1R2_55min	112	1449	NaN	138	1743	NaN
sctc_E1R2_55m_I4_CTT1	STL1_TMR	STL1_E1R2_55min	161	79	NaN	81	51315	NaN
sctc_E1R2_6m_I1_STL1	CTT1_CY5	CTT1_E1R2_06min	90	1754	NaN	99	1410	NaN
sctc_E1R2_6m_I1_CTT1	STL1_TMR	STL1_E1R2_06min	193	643	NaN	137	415	NaN
sctc_E1R2_6m_I2_STL1	CTT1_CY5	CTT1_E1R2_06min	103	2554	NaN	140	1996	NaN
sctc_E1R2_6m_I2_CTT1	STL1_TMR	STL1_E1R2_06min	168	1213	NaN	198	765	NaN
sctc_E1R2_6m_I3_STL1	CTT1_CY5	CTT1_E1R2_06min	88	2565	NaN	152	2213	NaN
sctc_E1R2_6m_I3_CTT1	STL1_TMR	STL1_E1R2_06min	174	1041	NaN	196	673	NaN
sctc_E1R2_6m_I4_STL1	CTT1_CY5	CTT1_E1R2_06min	80	2535	NaN	103	2348	NaN
sctc_E1R2_6m_I4_CTT1	STL1_TMR	STL1_E1R2_06min	177	931	NaN	133	553	NaN
sctc_E1R2_8m_I1_STL1	CTT1_CY5	CTT1_E1R2_08min	82	2625	NaN	99	2028	NaN
sctc_E1R2_8m_I1_CTT1	STL1_TMR	STL1_E1R2_08min	163	1445	NaN	97	1046	NaN
sctc_E1R2_8m_I2_STL1	CTT1_CY5	CTT1_E1R2_08min	104	3295	NaN	92	2437	NaN
sctc_E1R2_8m_I2_CTT1	STL1_TMR	STL1_E1R2_08min	158	1857	NaN	31	31607	NaN
sctc_E1R2_8m_I3_STL1	CTT1_CY5	CTT1_E1R2_08min	93	2979	NaN	99	2141	NaN
sctc_E1R2_8m_I3_CTT1	STL1_TMR	STL1_E1R2_08min	152	2040	NaN	195	1209	NaN
sctc_E1R2_8m_I4_STL1	CTT1_CY5	CTT1_E1R2_08min	92	3281	NaN	109	2351	NaN
sctc_E1R2_8m_I4_CTT1	STL1_TMR	STL1_E1R2_08min	160	1710	NaN	137	1056	NaN
sctc_E2R1_0m_I1_STL1	CTT1_CY5	CTT1_E2R1_00min	95	405	NaN	198	507	NaN
sctc_E2R1_0m_I1_CTT1	STL1_TMR	STL1_E2R1_00min	133	144	NaN	139	43414	NaN
sctc_E2R1_0m_I2_STL1	CTT1_CY5	CTT1_E2R1_00min	83	389	NaN	197	444	NaN
sctc_E2R1_0m_I2_CTT1	STL1_TMR	STL1_E2R1_00min	130	156	NaN	119	41065	NaN
sctc_E2R1_0m_I3_STL1	CTT1_CY5	CTT1_E2R1_00min	76	146	NaN	188	182	NaN
sctc_E2R1_0m_I3_CTT1	STL1_TMR	STL1_E2R1_00min	132	108	NaN	98	41993	NaN
sctc_E2R1_0m_I4_STL1	CTT1_CY5	CTT1_E2R1_00min	68	203	NaN	169	244	NaN
sctc_E2R1_0m_I4_CTT1	STL1_TMR	STL1_E2R1_00min	126	72	NaN	88	43027	NaN
sctc_E2R1_10m_I1_STL1	CTT1_CY5	CTT1_E2R1_10min	77	22281	NaN	644	716	NaN
sctc_E2R1_10m_I1_CTT1	STL1_TMR	STL1_E2R1_10min	214	21329	NaN	622	912	NaN
sctc_E2R1_10m_I2_STL1	CTT1_CY5	CTT1_E2R1_10min	111	16252	NaN	639	833	NaN
sctc_E2R1_10m_I2_CTT1	STL1_TMR	STL1_E2R1_10min	158	16836	NaN	71	39045	NaN
sctc_E2R1_10m_I3_STL1	CTT1_CY5	CTT1_E2R1_10min	110	22625	NaN	593	711	NaN
sctc_E2R1_10m_I3_CTT1	STL1_TMR	STL1_E2R1_10min	167	23329	NaN	587	854	NaN
sctc_E2R1_10m_I4_STL1	CTT1_CY5	CTT1_E2R1_10min	112	17105	NaN	187	12292	NaN
sctc_E2R1_10m_I4_CTT1	STL1_TMR	STL1_E2R1_10min	146	18351	NaN	464	1003	NaN
sctc_E2R1_15m_I1_STL1	CTT1_CY5	CTT1_E2R1_15min	86	26436	NaN	280	11525	NaN
sctc_E2R1_15m_I1_CTT1	STL1_TMR	STL1_E2R1_15min	134	26233	NaN	63	39831	NaN
sctc_E2R1_15m_I2_STL1	CTT1_CY5	CTT1_E2R1_15min	105	40737	NaN	906	1502	NaN
sctc_E2R1_15m_I2_CTT1	STL1_TMR	STL1_E2R1_15min	146	41638	NaN	781	1264	NaN
sctc_E2R1_15m_I3_STL1	CTT1_CY5	CTT1_E2R1_15min	104	35625	NaN	395	13358	NaN
sctc_E2R1_15m_I3_CTT1	STL1_TMR	STL1_E2R1_15min	166	35812	NaN	726	1748	NaN
sctc_E2R1_15m_I4_STL1	CTT1_CY5	CTT1_E2R1_15min	84	27008	NaN	220	14586	NaN
sctc_E2R1_15m_I4_CTT1	STL1_TMR	STL1_E2R1_15min	119	27707	NaN	49	40729	NaN
sctc_E2R1_15m_I5_STL1	CTT1_CY5	CTT1_E2R1_15min	102	31990	NaN	322	11346	NaN
sctc_E2R1_15m_I5_CTT1	STL1_TMR	STL1_E2R1_15min	146	31891	NaN	818	1446	NaN
sctc_E2R1_15m_I6_STL1	CTT1_CY5	CTT1_E2R1_15min	108	10612	NaN	315	5616	NaN
sctc_E2R1_15m_I6_CTT1	STL1_TMR	STL1_E2R1_15min	135	11424	NaN	498	1670	NaN
sctc_E2R1_15m_I7_STL1	CTT1_CY5	CTT1_E2R1_15min	101	20219	NaN	317	8956	NaN
sctc_E2R1_15m_I7_CTT1	STL1_TMR	STL1_E2R1_15min	138	20138	NaN	592	1534	NaN
sctc_E2R1_15m_I8_STL1	CTT1_CY5	CTT1_E2R1_15min	108	9500	NaN	295	5710	NaN
sctc_E2R1_15m_I8_CTT1	STL1_TMR	STL1_E2R1_15min	149	10187	NaN	296	3941	NaN
sctc_E2R1_15m_I9_STL1	CTT1_CY5	CTT1_E2R1_15min	86	33153	NaN	589	3732	NaN
sctc_E2R1_15m_I9_CTT1	STL1_TMR	STL1_E2R1_15min	113	35902	NaN	715	1731	NaN
sctc_E2R1_1m_I1_STL1	CTT1_CY5	CTT1_E2R1_01min	89	250	NaN	183	288	NaN
sctc_E2R1_1m_I1_CTT1	STL1_TMR	STL1_E2R1_01min	135	242	NaN	97	56110	NaN
sctc_E2R1_1m_I2_STL1	CTT1_CY5	CTT1_E2R1_01min	72	177	NaN	153	215	NaN
sctc_E2R1_1m_I2_CTT1	STL1_TMR	STL1_E2R1_01min	116	211	NaN	98	37644	NaN
sctc_E2R1_1m_I3_STL1	CTT1_CY5	CTT1_E2R1_01min	74	430	NaN	177	495	NaN
sctc_E2R1_1m_I3_CTT1	STL1_TMR	STL1_E2R1_01min	135	358	NaN	87	73911	NaN
sctc_E2R1_1m_I4_STL1	CTT1_CY5	CTT1_E2R1_01min	79	551	NaN	186	638	NaN
sctc_E2R1_1m_I4_CTT1	STL1_TMR	STL1_E2R1_01min	133	356	NaN	104	62279	NaN
sctc_E2R1_1m_I5_STL1	CTT1_CY5	CTT1_E2R1_01min	77	484	NaN	175	513	NaN
sctc_E2R1_1m_I5_CTT1	STL1_TMR	STL1_E2R1_01min	134	276	NaN	102	54043	NaN
sctc_E2R1_1m_I6_STL1	CTT1_CY5	CTT1_E2R1_01min	75	189	NaN	162	215	NaN
sctc_E2R1_1m_I6_CTT1	STL1_TMR	STL1_E2R1_01min	118	221	NaN	96	44300	NaN
sctc_E2R1_20m_I1_STL1	CTT1_CY5	CTT1_E2R1_20min	121	28264	NaN	292	10377	NaN
sctc_E2R1_20m_I1_CTT1	STL1_TMR	STL1_E2R1_20min	166	27629	NaN	824	1248	NaN
sctc_E2R1_20m_I2_STL1	CTT1_CY5	CTT1_E2R1_20min	113	44794	NaN	973	1302	NaN
sctc_E2R1_20m_I2_CTT1	STL1_TMR	STL1_E2R1_20min	166	42372	NaN	70	50298	NaN
sctc_E2R1_20m_I3_STL1	CTT1_CY5	CTT1_E2R1_20min	99	35769	NaN	887	1398	NaN
sctc_E2R1_20m_I3_CTT1	STL1_TMR	STL1_E2R1_20min	154	35505	NaN	864	1011	NaN
sctc_E2R1_20m_I4_STL1	CTT1_CY5	CTT1_E2R1_20min	132	29862	NaN	354	10473	NaN
sctc_E2R1_20m_I4_CTT1	STL1_TMR	STL1_E2R1_20min	169	27700	NaN	691	1888	NaN
sctc_E2R1_20m_I5_STL1	CTT1_CY5	CTT1_E2R1_20min	73	32628	NaN	179	29092	NaN
sctc_E2R1_20m_I5_CTT1	STL1_TMR	STL1_E2R1_20min	171	31310	NaN	756	1560	NaN
sctc_E2R1_25m_I1_STL1	CTT1_CY5	CTT1_E2R1_25min	120	40601	NaN	82	30518	NaN
sctc_E2R1_25m_I1_CTT1	STL1_TMR	STL1_E2R1_25min	165	31425	NaN	826	927	NaN
sctc_E2R1_25m_I2_STL1	CTT1_CY5	CTT1_E2R1_25min	110	42780	NaN	125	32091	NaN
sctc_E2R1_25m_I2_CTT1	STL1_TMR	STL1_E2R1_25min	160	29566	NaN	798	2999	NaN
sctc_E2R1_25m_I3_STL1	CTT1_CY5	CTT1_E2R1_25min	103	41798	NaN	168	28704	NaN
sctc_E2R1_25m_I3_CTT1	STL1_TMR	STL1_E2R1_25min	159	29199	NaN	279	11513	NaN
sctc_E2R1_25m_I4_STL1	CTT1_CY5	CTT1_E2R1_25min	96	35159	NaN	235	21888	NaN
sctc_E2R1_25m_I4_CTT1	STL1_TMR	STL1_E2R1_25min	164	28232	NaN	224	15024	NaN
sctc_E2R1_2m_I1_STL1	CTT1_CY5	CTT1_E2R1_02min	72	117	NaN	174	139	NaN
sctc_E2R1_2m_I1_CTT1	STL1_TMR	STL1_E2R1_02min	126	87	NaN	95	41450	NaN
sctc_E2R1_2m_I2_STL1	CTT1_CY5	CTT1_E2R1_02min	71	143	NaN	190	153	NaN
sctc_E2R1_2m_I2_CTT1	STL1_TMR	STL1_E2R1_02min	140	86	NaN	95	39613	NaN
sctc_E2R1_2m_I3_STL1	CTT1_CY5	CTT1_E2R1_02min	76	415	NaN	160	502	NaN
sctc_E2R1_2m_I3_CTT1	STL1_TMR	STL1_E2R1_02min	141	160	NaN	72	41728	NaN
sctc_E2R1_2m_I4_STL1	CTT1_CY5	CTT1_E2R1_02min	77	182	NaN	158	256	NaN
sctc_E2R1_2m_I4_CTT1	STL1_TMR	STL1_E2R1_02min	118	101	NaN	104	48174	NaN
sctc_E2R1_30m_I1_STL1	CTT1_CY5	CTT1_E2R1_30min	109	11200	NaN	294	7644	NaN
sctc_E2R1_30m_I1_CTT1	STL1_TMR	STL1_E2R1_30min	116	3709	NaN	100	29787	NaN
sctc_E2R1_30m_I2_STL1	CTT1_CY5	CTT1_E2R1_30min	136	14675	NaN	336	10285	NaN
sctc_E2R1_30m_I2_CTT1	STL1_TMR	STL1_E2R1_30min	123	5176	NaN	140	31111	NaN
sctc_E2R1_30m_I3_STL1	CTT1_CY5	CTT1_E2R1_30min	105	9939	NaN	330	7290	NaN
sctc_E2R1_30m_I3_CTT1	STL1_TMR	STL1_E2R1_30min	127	3030	NaN	141	31106	NaN
sctc_E2R1_30m_I4_STL1	CTT1_CY5	CTT1_E2R1_30min	105	9810	NaN	335	6705	NaN
sctc_E2R1_30m_I4_CTT1	STL1_TMR	STL1_E2R1_30min	124	3451	NaN	224	2736	NaN
sctc_E2R1_35m_I1_STL1	CTT1_CY5	CTT1_E2R1_35min	126	7508	NaN	231	4915	NaN
sctc_E2R1_35m_I1_CTT1	STL1_TMR	STL1_E2R1_35min	136	685	NaN	128	29737	NaN
sctc_E2R1_35m_I2_STL1	CTT1_CY5	CTT1_E2R1_35min	127	13529	NaN	250	8346	NaN
sctc_E2R1_35m_I2_CTT1	STL1_TMR	STL1_E2R1_35min	131	1528	NaN	140	32343	NaN
sctc_E2R1_35m_I3_STL1	CTT1_CY5	CTT1_E2R1_35min	113	12364	NaN	216	7792	NaN
sctc_E2R1_35m_I3_CTT1	STL1_TMR	STL1_E2R1_35min	135	1427	NaN	48	35259	NaN
sctc_E2R1_35m_I4_STL1	CTT1_CY5	CTT1_E2R1_35min	109	17752	NaN	181	14063	NaN
sctc_E2R1_35m_I4_CTT1	STL1_TMR	STL1_E2R1_35min	146	1701	NaN	118	31290	NaN
sctc_E2R1_40m_I1_STL1	CTT1_CY5	CTT1_E2R1_40min	111	5955	NaN	192	4124	NaN
sctc_E2R1_40m_I1_CTT1	STL1_TMR	STL1_E2R1_40min	128	198	NaN	123	31985	NaN
sctc_E2R1_40m_I2_STL1	CTT1_CY5	CTT1_E2R1_40min	109	6664	NaN	193	4753	NaN
sctc_E2R1_40m_I2_CTT1	STL1_TMR	STL1_E2R1_40min	134	266	NaN	127	31817	NaN
sctc_E2R1_40m_I3_STL1	CTT1_CY5	CTT1_E2R1_40min	108	6021	NaN	198	4589	NaN
sctc_E2R1_40m_I3_CTT1	STL1_TMR	STL1_E2R1_40min	140	170	NaN	158	32179	NaN
sctc_E2R1_40m_I4_STL1	CTT1_CY5	CTT1_E2R1_40min	105	9849	NaN	263	7581	NaN
sctc_E2R1_40m_I4_CTT1	STL1_TMR	STL1_E2R1_40min	147	281	NaN	417	304	NaN
sctc_E2R1_45m_I1_STL1	CTT1_CY5	CTT1_E2R1_45min	94	4047	NaN	184	3268	NaN
sctc_E2R1_45m_I1_CTT1	STL1_TMR	STL1_E2R1_45min	126	204	NaN	53	36493	NaN
sctc_E2R1_45m_I2_STL1	CTT1_CY5	CTT1_E2R1_45min	79	5494	NaN	212	4253	NaN
sctc_E2R1_45m_I2_CTT1	STL1_TMR	STL1_E2R1_45min	141	104	NaN	53	40618	NaN
sctc_E2R1_45m_I3_STL1	CTT1_CY5	CTT1_E2R1_45min	92	5907	NaN	271	4035	NaN
sctc_E2R1_45m_I3_CTT1	STL1_TMR	STL1_E2R1_45min	134	130	NaN	111	34838	NaN
sctc_E2R1_45m_I4_STL1	CTT1_CY5	CTT1_E2R1_45min	82	4982	NaN	244	3467	NaN
sctc_E2R1_45m_I4_CTT1	STL1_TMR	STL1_E2R1_45min	116	160	NaN	108	33064	NaN
sctc_E2R1_4m_I1_STL1	CTT1_CY5	CTT1_E2R1_04min	66	227	NaN	119	189	NaN
sctc_E2R1_4m_I1_CTT1	STL1_TMR	STL1_E2R1_04min	132	91	NaN	96	31615	NaN
sctc_E2R1_4m_I2_STL1	CTT1_CY5	CTT1_E2R1_04min	76	96	NaN	137	178	NaN
sctc_E2R1_4m_I2_CTT1	STL1_TMR	STL1_E2R1_04min	112	125	NaN	108	32743	NaN
sctc_E2R1_4m_I3_STL1	CTT1_CY5	CTT1_E2R1_04min	77	70	NaN	156	112	NaN
sctc_E2R1_4m_I3_CTT1	STL1_TMR	STL1_E2R1_04min	135	90	NaN	78	32146	NaN
sctc_E2R1_4m_I4_STL1	CTT1_CY5	CTT1_E2R1_04min	72	184	NaN	163	227	NaN
sctc_E2R1_4m_I4_CTT1	STL1_TMR	STL1_E2R1_04min	119	118	NaN	94	33693	NaN
sctc_E2R1_50m_I1_STL1	CTT1_CY5	CTT1_E2R1_50min	81	2024	NaN	191	1904	NaN
sctc_E2R1_50m_I1_CTT1	STL1_TMR	STL1_E2R1_50min	116	70	NaN	267	365	NaN
sctc_E2R1_50m_I2_STL1	CTT1_CY5	CTT1_E2R1_50min	84	4153	NaN	180	3786	NaN
sctc_E2R1_50m_I2_CTT1	STL1_TMR	STL1_E2R1_50min	141	89	NaN	96	45489	NaN
sctc_E2R1_50m_I3_STL1	CTT1_CY5	CTT1_E2R1_50min	95	2756	NaN	170	2581	NaN
sctc_E2R1_50m_I3_CTT1	STL1_TMR	STL1_E2R1_50min	121	130	NaN	92	39075	NaN
sctc_E2R1_50m_I4_STL1	CTT1_CY5	CTT1_E2R1_50min	61	3548	NaN	118	3071	NaN
sctc_E2R1_50m_I4_CTT1	STL1_TMR	STL1_E2R1_50min	123	119	NaN	92	88965	NaN
sctc_E2R1_55m_I1_STL1	CTT1_CY5	CTT1_E2R1_55min	84	2516	NaN	186	2035	NaN
sctc_E2R1_55m_I1_CTT1	STL1_TMR	STL1_E2R1_55min	123	42	NaN	90	34063	NaN
sctc_E2R1_55m_I2_STL1	CTT1_CY5	CTT1_E2R1_55min	78	3195	NaN	193	2677	NaN
sctc_E2R1_55m_I2_CTT1	STL1_TMR	STL1_E2R1_55min	113	93	NaN	58	34040	NaN
sctc_E2R1_55m_I3_STL1	CTT1_CY5	CTT1_E2R1_55min	91	3237	NaN	143	2496	NaN
sctc_E2R1_55m_I3_CTT1	STL1_TMR	STL1_E2R1_55min	107	104	NaN	324	118	NaN
sctc_E2R1_55m_I4_STL1	CTT1_CY5	CTT1_E2R1_55min	95	3602	NaN	192	3561	NaN
sctc_E2R1_55m_I4_CTT1	STL1_TMR	STL1_E2R1_55min	132	99	NaN	83	33344	NaN
sctc_E2R1_6m_I1_STL1	CTT1_CY5	CTT1_E2R1_06min	74	1220	NaN	137	925	NaN
sctc_E2R1_6m_I1_CTT1	STL1_TMR	STL1_E2R1_06min	136	970	NaN	198	772	NaN
sctc_E2R1_6m_I2_STL1	CTT1_CY5	CTT1_E2R1_06min	72	1454	NaN	143	1288	NaN
sctc_E2R1_6m_I2_CTT1	STL1_TMR	STL1_E2R1_06min	130	1082	NaN	64	29430	NaN
sctc_E2R1_6m_I3_STL1	CTT1_CY5	CTT1_E2R1_06min	71	724	NaN	176	585	NaN
sctc_E2R1_6m_I3_CTT1	STL1_TMR	STL1_E2R1_06min	124	573	NaN	57	29013	NaN
sctc_E2R1_6m_I4_STL1	CTT1_CY5	CTT1_E2R1_06min	88	1907	NaN	167	1731	NaN
sctc_E2R1_6m_I4_CTT1	STL1_TMR	STL1_E2R1_06min	121	1343	NaN	105	28402	NaN
sctc_E2R1_8m_I1_STL1	CTT1_CY5	CTT1_E2R1_08min	80	1306	NaN	155	1256	NaN
sctc_E2R1_8m_I1_CTT1	STL1_TMR	STL1_E2R1_08min	118	1501	NaN	153	1140	NaN
sctc_E2R1_8m_I2_STL1	CTT1_CY5	CTT1_E2R1_08min	73	1005	NaN	88	1154	NaN
sctc_E2R1_8m_I2_CTT1	STL1_TMR	STL1_E2R1_08min	113	997	NaN	55	27788	NaN
sctc_E2R1_8m_I3_STL1	CTT1_CY5	CTT1_E2R1_08min	89	4039	NaN	154	3217	NaN
sctc_E2R1_8m_I3_CTT1	STL1_TMR	STL1_E2R1_08min	127	4329	NaN	502	331	NaN
sctc_E2R1_8m_I4_STL1	CTT1_CY5	CTT1_E2R1_08min	83	3005	NaN	150	2399	NaN
sctc_E2R1_8m_I4_CTT1	STL1_TMR	STL1_E2R1_08min	126	3434	NaN	63	29829	NaN
sctc_E2R2_0m_I1_STL1	CTT1_CY5	CTT1_E2R2_00min	76	83	NaN	142	186	NaN
sctc_E2R2_0m_I1_CTT1	STL1_TMR	STL1_E2R2_00min	119	64	NaN	79	44780	NaN
sctc_E2R2_0m_I2_STL1	CTT1_CY5	CTT1_E2R2_00min	56	119	NaN	115	517	NaN
sctc_E2R2_0m_I2_CTT1	STL1_TMR	STL1_E2R2_00min	115	94	NaN	95	40268	NaN
sctc_E2R2_0m_I3_STL1	CTT1_CY5	CTT1_E2R2_00min	54	62	NaN	132	73	NaN
sctc_E2R2_0m_I3_CTT1	STL1_TMR	STL1_E2R2_00min	116	81	NaN	102	39213	NaN
sctc_E2R2_0m_I4_STL1	CTT1_CY5	CTT1_E2R2_00min	86	73	NaN	131	110	NaN
sctc_E2R2_0m_I4_CTT1	STL1_TMR	STL1_E2R2_00min	114	87	NaN	127	33844	NaN
sctc_E2R2_10m_I1_STL1	CTT1_CY5	CTT1_E2R2_10min	67	4488	NaN	205	3165	NaN
sctc_E2R2_10m_I1_CTT1	STL1_TMR	STL1_E2R2_10min	104	4691	NaN	89	29572	NaN
sctc_E2R2_10m_I2_STL1	CTT1_CY5	CTT1_E2R2_10min	57	3733	NaN	158	2524	NaN
sctc_E2R2_10m_I2_CTT1	STL1_TMR	STL1_E2R2_10min	NaN	NaN	NaN	356	2082	NaN
sctc_E2R2_10m_I3_STL1	CTT1_CY5	CTT1_E2R2_10min	82	2933	NaN	193	2363	NaN
sctc_E2R2_10m_I3_CTT1	STL1_TMR	STL1_E2R2_10min	101	3374	NaN	111	28594	NaN
sctc_E2R2_10m_I4_STL1	CTT1_CY5	CTT1_E2R2_10min	62	3517	NaN	184	2645	NaN
sctc_E2R2_10m_I4_CTT1	STL1_TMR	STL1_E2R2_10min	107	3572	NaN	118	28274	NaN
sctc_E2R2_10m_I5_STL1	CTT1_CY5	CTT1_E2R2_10min	66	3083	NaN	161	2446	NaN
sctc_E2R2_10m_I5_CTT1	STL1_TMR	STL1_E2R2_10min	107	2655	NaN	318	1904	NaN
sctc_E2R2_15m_I1_STL1	CTT1_CY5	CTT1_E2R2_15min	88	4376	NaN	237	2679	NaN
sctc_E2R2_15m_I1_CTT1	STL1_TMR	STL1_E2R2_15min	102	4675	NaN	404	2007	NaN
sctc_E2R2_15m_I2_STL1	CTT1_CY5	CTT1_E2R2_15min	70	5068	NaN	214	3045	NaN
sctc_E2R2_15m_I2_CTT1	STL1_TMR	STL1_E2R2_15min	123	5063	NaN	71	28680	NaN
sctc_E2R2_15m_I3_STL1	CTT1_CY5	CTT1_E2R2_15min	75	5184	NaN	189	3635	NaN
sctc_E2R2_15m_I3_CTT1	STL1_TMR	STL1_E2R2_15min	101	5665	NaN	80	28196	NaN
sctc_E2R2_15m_I4_STL1	CTT1_CY5	CTT1_E2R2_15min	69	3850	NaN	219	2735	NaN
sctc_E2R2_15m_I4_CTT1	STL1_TMR	STL1_E2R2_15min	108	4524	NaN	71	28068	NaN
sctc_E2R2_1m_I1_STL1	CTT1_CY5	CTT1_E2R2_01min	78	463	NaN	121	610	NaN
sctc_E2R2_1m_I1_CTT1	STL1_TMR	STL1_E2R2_01min	148	226	NaN	363	187	NaN
sctc_E2R2_1m_I2_STL1	CTT1_CY5	CTT1_E2R2_01min	69	409	NaN	98	547	NaN
sctc_E2R2_1m_I2_CTT1	STL1_TMR	STL1_E2R2_01min	135	285	NaN	124	34936	NaN
sctc_E2R2_1m_I3_STL1	CTT1_CY5	CTT1_E2R2_01min	75	188	NaN	117	303	NaN
sctc_E2R2_1m_I3_CTT1	STL1_TMR	STL1_E2R2_01min	131	59	NaN	512	12	NaN
sctc_E2R2_1m_I4_STL1	CTT1_CY5	CTT1_E2R2_01min	62	126	NaN	132	154	NaN
sctc_E2R2_1m_I4_CTT1	STL1_TMR	STL1_E2R2_01min	113	125	NaN	227	7238	NaN
sctc_E2R2_1m_I5_STL1	CTT1_CY5	CTT1_E2R2_01min	71	144	NaN	113	195	NaN
sctc_E2R2_1m_I5_CTT1	STL1_TMR	STL1_E2R2_01min	129	60	NaN	90	43340	NaN
sctc_E2R2_20m_I1_STL1	CTT1_CY5	CTT1_E2R2_20min	104	43738	NaN	777	4657	NaN
sctc_E2R2_20m_I1_CTT1	STL1_TMR	STL1_E2R2_20min	134	42866	NaN	836	3062	NaN
sctc_E2R2_20m_I2_STL1	CTT1_CY5	CTT1_E2R2_20min	98	30602	NaN	307	11229	NaN
sctc_E2R2_20m_I2_CTT1	STL1_TMR	STL1_E2R2_20min	118	31286	NaN	135	33501	NaN
sctc_E2R2_20m_I3_STL1	CTT1_CY5	CTT1_E2R2_20min	82	27867	NaN	390	10397	NaN
sctc_E2R2_20m_I3_CTT1	STL1_TMR	STL1_E2R2_20min	116	28229	NaN	609	5390	NaN
sctc_E2R2_20m_I4_STL1	CTT1_CY5	CTT1_E2R2_20min	69	29123	NaN	268	14148	NaN
sctc_E2R2_20m_I4_CTT1	STL1_TMR	STL1_E2R2_20min	137	25740	NaN	24	45532	NaN
sctc_E2R2_25m_I1_STL1	CTT1_CY5	CTT1_E2R2_25min	82	2447	NaN	200	1482	NaN
sctc_E2R2_25m_I1_CTT1	STL1_TMR	STL1_E2R2_25min	115	2024	NaN	85	27334	NaN
sctc_E2R2_25m_I2_STL1	CTT1_CY5	CTT1_E2R2_25min	73	1731	NaN	164	1790	NaN
sctc_E2R2_25m_I2_CTT1	STL1_TMR	STL1_E2R2_25min	89	1495	NaN	85	27168	NaN
sctc_E2R2_25m_I3_STL1	CTT1_CY5	CTT1_E2R2_25min	76	3055	NaN	241	1920	NaN
sctc_E2R2_25m_I3_CTT1	STL1_TMR	STL1_E2R2_25min	92	2970	NaN	268	1655	NaN
sctc_E2R2_25m_I4_STL1	CTT1_CY5	CTT1_E2R2_25min	89	1785	NaN	207	1110	NaN
sctc_E2R2_25m_I4_CTT1	STL1_TMR	STL1_E2R2_25min	104	1668	NaN	50	27498	NaN
sctc_E2R2_2m_I1_STL1	CTT1_CY5	CTT1_E2R2_02min	76	27	NaN	115	55	NaN
sctc_E2R2_2m_I1_CTT1	STL1_TMR	STL1_E2R2_02min	100	45	NaN	335	45	NaN
sctc_E2R2_2m_I2_STL1	CTT1_CY5	CTT1_E2R2_02min	64	46	NaN	87	118	NaN
sctc_E2R2_2m_I2_CTT1	STL1_TMR	STL1_E2R2_02min	94	64	NaN	73	36671	NaN
sctc_E2R2_2m_I3_STL1	CTT1_CY5	CTT1_E2R2_02min	61	67	NaN	113	86	NaN
sctc_E2R2_2m_I3_CTT1	STL1_TMR	STL1_E2R2_02min	122	21	NaN	333	99	NaN
sctc_E2R2_2m_I4_STL1	CTT1_CY5	CTT1_E2R2_02min	87	157	NaN	96	245	NaN
sctc_E2R2_2m_I4_CTT1	STL1_TMR	STL1_E2R2_02min	119	34	NaN	76	81611	NaN
sctc_E2R2_30m_I1_STL1	CTT1_CY5	CTT1_E2R2_30min	87	5576	NaN	246	3070	NaN
sctc_E2R2_30m_I1_CTT1	STL1_TMR	STL1_E2R2_30min	125	3719	NaN	224	2340	NaN
sctc_E2R2_30m_I2_STL1	CTT1_CY5	CTT1_E2R2_30min	87	6077	NaN	253	4154	NaN
sctc_E2R2_30m_I2_CTT1	STL1_TMR	STL1_E2R2_30min	132	4131	NaN	71	29797	NaN
sctc_E2R2_30m_I3_STL1	CTT1_CY5	CTT1_E2R2_30min	100	8732	NaN	293	5532	NaN
sctc_E2R2_30m_I3_CTT1	STL1_TMR	STL1_E2R2_30min	133	5476	NaN	62	31391	NaN
sctc_E2R2_30m_I4_STL1	CTT1_CY5	CTT1_E2R2_30min	88	6686	NaN	260	3664	NaN
sctc_E2R2_30m_I4_CTT1	STL1_TMR	STL1_E2R2_30min	123	4189	NaN	118	29227	NaN
sctc_E2R2_35m_I1_STL1	CTT1_CY5	CTT1_E2R2_35min	84	6052	NaN	207	4959	NaN
sctc_E2R2_35m_I1_CTT1	STL1_TMR	STL1_E2R2_35min	115	2276	NaN	343	1957	NaN
sctc_E2R2_35m_I2_STL1	CTT1_CY5	CTT1_E2R2_35min	83	9079	NaN	312	5039	NaN
sctc_E2R2_35m_I2_CTT1	STL1_TMR	STL1_E2R2_35min	114	3260	NaN	126	31762	NaN
sctc_E2R2_35m_I3_STL1	CTT1_CY5	CTT1_E2R2_35min	94	7982	NaN	297	4321	NaN
sctc_E2R2_35m_I3_CTT1	STL1_TMR	STL1_E2R2_35min	105	2870	NaN	116	29863	NaN
sctc_E2R2_35m_I4_STL1	CTT1_CY5	CTT1_E2R2_35min	81	15738	NaN	319	9826	NaN
sctc_E2R2_35m_I4_CTT1	STL1_TMR	STL1_E2R2_35min	114	6354	NaN	131	31056	NaN
sctc_E2R2_40m_I1_STL1	CTT1_CY5	CTT1_E2R2_40min	88	9681	NaN	200	8283	NaN
sctc_E2R2_40m_I1_CTT1	STL1_TMR	STL1_E2R2_40min	125	1477	NaN	456	1157	NaN
sctc_E2R2_40m_I2_STL1	CTT1_CY5	CTT1_E2R2_40min	92	6561	NaN	199	5242	NaN
sctc_E2R2_40m_I2_CTT1	STL1_TMR	STL1_E2R2_40min	112	1140	NaN	91	32097	NaN
sctc_E2R2_40m_I3_STL1	CTT1_CY5	CTT1_E2R2_40min	79	12098	NaN	130	12612	NaN
sctc_E2R2_40m_I3_CTT1	STL1_TMR	STL1_E2R2_40min	133	2007	NaN	116	31515	NaN
sctc_E2R2_40m_I4_STL1	CTT1_CY5	CTT1_E2R2_40min	80	12732	NaN	206	11653	NaN
sctc_E2R2_40m_I4_CTT1	STL1_TMR	STL1_E2R2_40min	125	2036	NaN	153	33788	NaN
sctc_E2R2_45m_I1_STL1	CTT1_CY5	CTT1_E2R2_45min	61	4774	NaN	209	2796	NaN
sctc_E2R2_45m_I1_CTT1	STL1_TMR	STL1_E2R2_45min	105	311	NaN	97	32620	NaN
sctc_E2R2_45m_I2_STL1	CTT1_CY5	CTT1_E2R2_45min	79	3205	NaN	181	2507	NaN
sctc_E2R2_45m_I2_CTT1	STL1_TMR	STL1_E2R2_45min	112	127	NaN	86	32452	NaN
sctc_E2R2_45m_I3_STL1	CTT1_CY5	CTT1_E2R2_45min	70	3656	NaN	194	2388	NaN
sctc_E2R2_45m_I3_CTT1	STL1_TMR	STL1_E2R2_45min	106	176	NaN	103	32736	NaN
sctc_E2R2_45m_I4_STL1	CTT1_CY5	CTT1_E2R2_45min	56	2119	NaN	147	1634	NaN
sctc_E2R2_45m_I4_CTT1	STL1_TMR	STL1_E2R2_45min	92	117	NaN	100	29658	NaN
sctc_E2R2_4m_I1_STL1	CTT1_CY5	CTT1_E2R2_04min	50	42	NaN	140	42	NaN
sctc_E2R2_4m_I1_CTT1	STL1_TMR	STL1_E2R2_04min	91	33	NaN	367	7	NaN
sctc_E2R2_4m_I2_STL1	CTT1_CY5	CTT1_E2R2_04min	51	34	NaN	110	57	NaN
sctc_E2R2_4m_I2_CTT1	STL1_TMR	STL1_E2R2_04min	88	58	NaN	70	38539	NaN
sctc_E2R2_4m_I3_STL1	CTT1_CY5	CTT1_E2R2_04min	60	63	NaN	95	172	NaN
sctc_E2R2_4m_I3_CTT1	STL1_TMR	STL1_E2R2_04min	99	56	NaN	73	36795	NaN
sctc_E2R2_4m_I4_STL1	CTT1_CY5	CTT1_E2R2_04min	47	28	NaN	95	57	NaN
sctc_E2R2_4m_I4_CTT1	STL1_TMR	STL1_E2R2_04min	85	50	NaN	299	36	NaN
sctc_E2R2_50m_I1_STL1	CTT1_CY5	CTT1_E2R2_50min	60	4741	NaN	152	3795	NaN
sctc_E2R2_50m_I1_CTT1	STL1_TMR	STL1_E2R2_50min	111	170	NaN	283	217	NaN
sctc_E2R2_50m_I2_STL1	CTT1_CY5	CTT1_E2R2_50min	64	3949	NaN	150	3467	NaN
sctc_E2R2_50m_I2_CTT1	STL1_TMR	STL1_E2R2_50min	113	503	NaN	118	31509	NaN
sctc_E2R2_50m_I3_STL1	CTT1_CY5	CTT1_E2R2_50min	65	5824	NaN	142	5443	NaN
sctc_E2R2_50m_I3_CTT1	STL1_TMR	STL1_E2R2_50min	119	168	NaN	101	40308	NaN
sctc_E2R2_50m_I4_STL1	CTT1_CY5	CTT1_E2R2_50min	90	3716	NaN	125	3900	NaN
sctc_E2R2_50m_I4_CTT1	STL1_TMR	STL1_E2R2_50min	117	114	NaN	103	35102	NaN
sctc_E2R2_50m_I5_STL1	CTT1_CY5	CTT1_E2R2_50min	90	2852	NaN	160	2852	NaN
sctc_E2R2_50m_I5_CTT1	STL1_TMR	STL1_E2R2_50min	121	83	NaN	112	34418	NaN
sctc_E2R2_55m_I1_STL1	CTT1_CY5	CTT1_E2R2_55min	66	4882	NaN	111	3696	NaN
sctc_E2R2_55m_I1_CTT1	STL1_TMR	STL1_E2R2_55min	123	490	NaN	156	494	NaN
sctc_E2R2_55m_I2_STL1	CTT1_CY5	CTT1_E2R2_55min	55	4287	NaN	131	3246	NaN
sctc_E2R2_55m_I2_CTT1	STL1_TMR	STL1_E2R2_55min	122	115	NaN	82	36914	NaN
sctc_E2R2_55m_I3_STL1	CTT1_CY5	CTT1_E2R2_55min	82	4000	NaN	138	3183	NaN
sctc_E2R2_55m_I3_CTT1	STL1_TMR	STL1_E2R2_55min	123	167	NaN	94	37610	NaN
sctc_E2R2_55m_I4_STL1	CTT1_CY5	CTT1_E2R2_55min	66	3313	NaN	120	2700	NaN
sctc_E2R2_55m_I4_CTT1	STL1_TMR	STL1_E2R2_55min	121	82	NaN	74	38800	NaN
sctc_E2R2_60m_I1_STL1	CTT1_CY5	CTT1_E2R2_60min	64	3041	NaN	147	3004	NaN
sctc_E2R2_60m_I1_CTT1	STL1_TMR	STL1_E2R2_60min	103	110	NaN	316	202	NaN
sctc_E2R2_60m_I2_STL1	CTT1_CY5	CTT1_E2R2_60min	67	5522	NaN	160	4788	NaN
sctc_E2R2_60m_I2_CTT1	STL1_TMR	STL1_E2R2_60min	122	154	NaN	62	68375	NaN
sctc_E2R2_60m_I3_STL1	CTT1_CY5	CTT1_E2R2_60min	76	4328	NaN	156	3958	NaN
sctc_E2R2_60m_I3_CTT1	STL1_TMR	STL1_E2R2_60min	118	101	NaN	58	45251	NaN
sctc_E2R2_60m_I4_STL1	CTT1_CY5	CTT1_E2R2_60min	61	5793	NaN	165	5284	NaN
sctc_E2R2_60m_I4_CTT1	STL1_TMR	STL1_E2R2_60min	114	142	NaN	374	146	NaN
sctc_E2R2_6m_I1_STL1	CTT1_CY5	CTT1_E2R2_06min	66	1006	NaN	169	900	NaN
sctc_E2R2_6m_I1_CTT1	STL1_TMR	STL1_E2R2_06min	127	572	NaN	373	468	NaN
sctc_E2R2_6m_I2_STL1	CTT1_CY5	CTT1_E2R2_06min	61	844	NaN	134	818	NaN
sctc_E2R2_6m_I2_CTT1	STL1_TMR	STL1_E2R2_06min	122	707	NaN	335	514	NaN
sctc_E2R2_6m_I3_STL1	CTT1_CY5	CTT1_E2R2_06min	64	722	NaN	153	626	NaN
sctc_E2R2_6m_I3_CTT1	STL1_TMR	STL1_E2R2_06min	136	532	NaN	149	29128	NaN
sctc_E2R2_6m_I4_STL1	CTT1_CY5	CTT1_E2R2_06min	64	892	NaN	137	1230	NaN
sctc_E2R2_6m_I4_CTT1	STL1_TMR	STL1_E2R2_06min	126	753	NaN	399	470	NaN
sctc_E2R2_8m_I1_STL1	CTT1_CY5	CTT1_E2R2_08min	65	1388	NaN	148	1256	NaN
sctc_E2R2_8m_I1_CTT1	STL1_TMR	STL1_E2R2_08min	100	1264	NaN	333	890	NaN
sctc_E2R2_8m_I2_STL1	CTT1_CY5	CTT1_E2R2_08min	54	1466	NaN	167	1170	NaN
sctc_E2R2_8m_I2_CTT1	STL1_TMR	STL1_E2R2_08min	109	1040	NaN	132	27942	NaN
sctc_E2R2_8m_I3_STL1	CTT1_CY5	CTT1_E2R2_08min	58	1548	NaN	185	1233	NaN
sctc_E2R2_8m_I3_CTT1	STL1_TMR	STL1_E2R2_08min	119	1173	NaN	130	28398	NaN
sctc_E2R2_8m_I4_STL1	CTT1_CY5	CTT1_E2R2_08min	83	1157	NaN	128	1233	NaN
sctc_E2R2_8m_I4_CTT1	STL1_TMR	STL1_E2R2_08min	100	1063	NaN	173	27273	NaN
sctc_E2R3_0m_I1_STL1	CTT1_CY5	CTT1_E2R3_00min	35	131	NaN	57	186	NaN
sctc_E2R3_0m_I1_CTT1	STL1_TMR	STL1_E2R3_00min	56	12	NaN	129	119	NaN
sctc_E2R3_0m_I2_STL1	CTT1_CY5	CTT1_E2R3_00min	51	130	NaN	129	194	NaN
sctc_E2R3_0m_I2_CTT1	STL1_TMR	STL1_E2R3_00min	59	2	NaN	59	9535	NaN
sctc_E2R3_0m_I3_STL1	CTT1_CY5	CTT1_E2R3_00min	32	78	NaN	68	119	NaN
sctc_E2R3_0m_I3_CTT1	STL1_TMR	STL1_E2R3_00min	70	4	NaN	69	5753	NaN
sctc_E2R3_0m_I4_STL1	CTT1_CY5	CTT1_E2R3_00min	63	66	NaN	57	172	NaN
sctc_E2R3_0m_I4_CTT1	STL1_TMR	STL1_E2R3_00min	66	17	NaN	141	110	NaN
sctc_E2R3_0m_I5_STL1	CTT1_CY5	CTT1_E2R3_00min	55	87	NaN	130	161	NaN
sctc_E2R3_0m_I5_CTT1	STL1_TMR	STL1_E2R3_00min	63	10	NaN	145	158	NaN
sctc_E2R3_10m_I1_STL1	CTT1_CY5	CTT1_E2R3_10min	62	7538	NaN	132	5450	NaN
sctc_E2R3_10m_I1_CTT1	STL1_TMR	STL1_E2R3_10min	102	10679	NaN	490	415	NaN
sctc_E2R3_10m_I2_STL1	CTT1_CY5	CTT1_E2R3_10min	65	8444	NaN	115	6159	NaN
sctc_E2R3_10m_I2_CTT1	STL1_TMR	STL1_E2R3_10min	86	10271	NaN	94	5239	NaN
sctc_E2R3_10m_I3_STL1	CTT1_CY5	CTT1_E2R3_10min	93	10411	NaN	116	8017	NaN
sctc_E2R3_10m_I3_CTT1	STL1_TMR	STL1_E2R3_10min	97	17068	NaN	566	569	NaN
sctc_E2R3_10m_I4_STL1	CTT1_CY5	CTT1_E2R3_10min	68	7379	NaN	109	5487	NaN
sctc_E2R3_10m_I4_CTT1	STL1_TMR	STL1_E2R3_10min	96	13323	NaN	573	401	NaN
sctc_E2R3_10m_I5_STL1	CTT1_CY5	CTT1_E2R3_10min	55	4367	NaN	116	3478	NaN
sctc_E2R3_10m_I5_CTT1	STL1_TMR	STL1_E2R3_10min	79	6978	NaN	527	254	NaN
sctc_E2R3_15m_I1_STL1	CTT1_CY5	CTT1_E2R3_15min	61	11731	NaN	134	8049	NaN
sctc_E2R3_15m_I1_CTT1	STL1_TMR	STL1_E2R3_15min	73	11385	NaN	694	329	NaN
sctc_E2R3_15m_I2_STL1	CTT1_CY5	CTT1_E2R3_15min	63	12850	NaN	161	8453	NaN
sctc_E2R3_15m_I2_CTT1	STL1_TMR	STL1_E2R3_15min	91	11995	NaN	480	996	NaN
sctc_E2R3_15m_I3_STL1	CTT1_CY5	CTT1_E2R3_15min	73	8773	NaN	108	5914	NaN
sctc_E2R3_15m_I3_CTT1	STL1_TMR	STL1_E2R3_15min	80	8237	NaN	180	4223	NaN
sctc_E2R3_15m_I4_STL1	CTT1_CY5	CTT1_E2R3_15min	60	11629	NaN	122	7298	NaN
sctc_E2R3_15m_I4_CTT1	STL1_TMR	STL1_E2R3_15min	93	11028	NaN	142	6792	NaN
sctc_E2R3_15m_I5_STL1	CTT1_CY5	CTT1_E2R3_15min	53	11348	NaN	166	6825	NaN
sctc_E2R3_15m_I5_CTT1	STL1_TMR	STL1_E2R3_15min	77	9751	NaN	160	5129	NaN
sctc_E2R3_20m_I1_STL1	CTT1_CY5	CTT1_E2R3_20min	60	19379	NaN	148	10479	NaN
sctc_E2R3_20m_I1_CTT1	STL1_TMR	STL1_E2R3_20min	95	16810	NaN	796	724	NaN
sctc_E2R3_20m_I2_STL1	CTT1_CY5	CTT1_E2R3_20min	100	23001	NaN	180	14365	NaN
sctc_E2R3_20m_I2_CTT1	STL1_TMR	STL1_E2R3_20min	88	22636	NaN	751	851	NaN
sctc_E2R3_20m_I3_STL1	CTT1_CY5	CTT1_E2R3_20min	65	27146	NaN	204	15147	NaN
sctc_E2R3_20m_I3_CTT1	STL1_TMR	STL1_E2R3_20min	91	23596	NaN	713	1119	NaN
sctc_E2R3_20m_I4_STL1	CTT1_CY5	CTT1_E2R3_20min	63	20574	NaN	155	12455	NaN
sctc_E2R3_20m_I4_CTT1	STL1_TMR	STL1_E2R3_20min	80	16647	NaN	721	779	NaN
sctc_E2R3_20m_I5_STL1	CTT1_CY5	CTT1_E2R3_20min	75	22557	NaN	182	13723	NaN
sctc_E2R3_20m_I5_CTT1	STL1_TMR	STL1_E2R3_20min	93	21020	NaN	612	753	NaN
sctc_E2R3_25m_I1_STL1	CTT1_CY5	CTT1_E2R3_25min	87	21396	NaN	106	12863	NaN
sctc_E2R3_25m_I1_CTT1	STL1_TMR	STL1_E2R3_25min	78	17139	NaN	115	10564	NaN
sctc_E2R3_25m_I2_STL1	CTT1_CY5	CTT1_E2R3_25min	69	19601	NaN	117	12271	NaN
sctc_E2R3_25m_I2_CTT1	STL1_TMR	STL1_E2R3_25min	88	13767	NaN	146	9281	NaN
sctc_E2R3_25m_I3_STL1	CTT1_CY5	CTT1_E2R3_25min	87	38007	NaN	180	23414	NaN
sctc_E2R3_25m_I3_CTT1	STL1_TMR	STL1_E2R3_25min	86	30520	NaN	790	462	NaN
sctc_E2R3_25m_I4_STL1	CTT1_CY5	CTT1_E2R3_25min	73	30511	NaN	199	17738	NaN
sctc_E2R3_25m_I4_CTT1	STL1_TMR	STL1_E2R3_25min	81	22511	NaN	159	12399	NaN
sctc_E2R3_25m_I5_STL1	CTT1_CY5	CTT1_E2R3_25min	68	28005	NaN	211	16477	NaN
sctc_E2R3_25m_I5_CTT1	STL1_TMR	STL1_E2R3_25min	83	22634	NaN	595	2063	NaN
sctc_E2R3_2m_I1_STL1	CTT1_CY5	CTT1_E2R3_02min	43	141	NaN	88	184	NaN
sctc_E2R3_2m_I1_CTT1	STL1_TMR	STL1_E2R3_02min	70	2	NaN	68	16436	NaN
sctc_E2R3_2m_I2_STL1	CTT1_CY5	CTT1_E2R3_02min	67	254	NaN	195	238	NaN
sctc_E2R3_2m_I2_CTT1	STL1_TMR	STL1_E2R3_02min	157	42	NaN	317	74	NaN
sctc_E2R3_2m_I3_STL1	CTT1_CY5	CTT1_E2R3_02min	39	154	NaN	113	164	NaN
sctc_E2R3_2m_I3_CTT1	STL1_TMR	STL1_E2R3_02min	73	8	NaN	68	18464	NaN
sctc_E2R3_2m_I4_STL1	CTT1_CY5	CTT1_E2R3_02min	39	149	NaN	154	175	NaN
sctc_E2R3_2m_I4_CTT1	STL1_TMR	STL1_E2R3_02min	71	8	NaN	40	45768	NaN
sctc_E2R3_30m_I1_STL1	CTT1_CY5	CTT1_E2R3_30min	98	13693	NaN	129	10761	NaN
sctc_E2R3_30m_I1_CTT1	STL1_TMR	STL1_E2R3_30min	70	7655	NaN	108	5933	NaN
sctc_E2R3_30m_I2_STL1	CTT1_CY5	CTT1_E2R3_30min	59	13137	NaN	129	8372	NaN
sctc_E2R3_30m_I2_CTT1	STL1_TMR	STL1_E2R3_30min	90	5900	NaN	174	5170	NaN
sctc_E2R3_30m_I3_STL1	CTT1_CY5	CTT1_E2R3_30min	64	13442	NaN	142	9914	NaN
sctc_E2R3_30m_I3_CTT1	STL1_TMR	STL1_E2R3_30min	83	6976	NaN	177	6695	NaN
sctc_E2R3_30m_I4_STL1	CTT1_CY5	CTT1_E2R3_30min	65	13764	NaN	168	9362	NaN
sctc_E2R3_30m_I4_CTT1	STL1_TMR	STL1_E2R3_30min	76	6325	NaN	216	5510	NaN
sctc_E2R3_30m_I5_STL1	CTT1_CY5	CTT1_E2R3_30min	63	15147	NaN	150	10908	NaN
sctc_E2R3_30m_I5_CTT1	STL1_TMR	STL1_E2R3_30min	83	7377	NaN	140	6190	NaN
sctc_E2R3_35m_I1_STL1	CTT1_CY5	CTT1_E2R3_35min	72	12897	NaN	117	9580	NaN
sctc_E2R3_35m_I1_CTT1	STL1_TMR	STL1_E2R3_35min	81	2655	NaN	152	2855	NaN
sctc_E2R3_35m_I2_STL1	CTT1_CY5	CTT1_E2R3_35min	52	13133	NaN	124	8755	NaN
sctc_E2R3_35m_I2_CTT1	STL1_TMR	STL1_E2R3_35min	63	3429	NaN	142	3060	NaN
sctc_E2R3_35m_I3_STL1	CTT1_CY5	CTT1_E2R3_35min	91	9000	NaN	103	7448	NaN
sctc_E2R3_35m_I3_CTT1	STL1_TMR	STL1_E2R3_35min	90	2035	NaN	141	2268	NaN
sctc_E2R3_35m_I4_STL1	CTT1_CY5	CTT1_E2R3_35min	51	14381	NaN	120	10080	NaN
sctc_E2R3_35m_I4_CTT1	STL1_TMR	STL1_E2R3_35min	71	3235	NaN	156	3204	NaN
sctc_E2R3_35m_I5_STL1	CTT1_CY5	CTT1_E2R3_35min	52	12660	NaN	126	9152	NaN
sctc_E2R3_35m_I5_CTT1	STL1_TMR	STL1_E2R3_35min	93	3019	NaN	171	3071	NaN
sctc_E2R3_40m_I1_STL1	CTT1_CY5	CTT1_E2R3_40min	67	24134	NaN	131	17082	NaN
sctc_E2R3_40m_I1_CTT1	STL1_TMR	STL1_E2R3_40min	83	2303	NaN	189	2475	NaN
sctc_E2R3_40m_I2_STL1	CTT1_CY5	CTT1_E2R3_40min	59	12783	NaN	131	10580	NaN
sctc_E2R3_40m_I2_CTT1	STL1_TMR	STL1_E2R3_40min	77	1201	NaN	182	1285	NaN
sctc_E2R3_40m_I4_STL1	CTT1_CY5	CTT1_E2R3_40min	53	11445	NaN	120	8958	NaN
sctc_E2R3_40m_I4_CTT1	STL1_TMR	STL1_E2R3_40min	72	927	NaN	160	1069	NaN
sctc_E2R3_45m_I1_STL1	CTT1_CY5	CTT1_E2R3_45min	53	8422	NaN	86	6996	NaN
sctc_E2R3_45m_I1_CTT1	STL1_TMR	STL1_E2R3_45min	73	399	NaN	180	424	NaN
sctc_E2R3_45m_I2_STL1	CTT1_CY5	CTT1_E2R3_45min	55	10200	NaN	113	8042	NaN
sctc_E2R3_45m_I2_CTT1	STL1_TMR	STL1_E2R3_45min	84	362	NaN	191	444	NaN
sctc_E2R3_45m_I3_STL1	CTT1_CY5	CTT1_E2R3_45min	46	9108	NaN	90	7616	NaN
sctc_E2R3_45m_I3_CTT1	STL1_TMR	STL1_E2R3_45min	84	273	NaN	196	341	NaN
sctc_E2R3_45m_I4_STL1	CTT1_CY5	CTT1_E2R3_45min	55	9250	NaN	102	7478	NaN
sctc_E2R3_45m_I4_CTT1	STL1_TMR	STL1_E2R3_45min	83	258	NaN	205	324	NaN
sctc_E2R3_4m_I1_STL1	CTT1_CY5	CTT1_E2R3_04min	43	109	NaN	104	112	NaN
sctc_E2R3_4m_I1_CTT1	STL1_TMR	STL1_E2R3_04min	96	35	NaN	213	39	NaN
sctc_E2R3_4m_I2_STL1	CTT1_CY5	CTT1_E2R3_04min	44	97	NaN	105	121	NaN
sctc_E2R3_4m_I2_CTT1	STL1_TMR	STL1_E2R3_04min	101	41	NaN	293	98	NaN
sctc_E2R3_4m_I3_STL1	CTT1_CY5	CTT1_E2R3_04min	38	75	NaN	108	77	NaN
sctc_E2R3_4m_I3_CTT1	STL1_TMR	STL1_E2R3_04min	72	39	NaN	268	57	NaN
sctc_E2R3_4m_I4_STL1	CTT1_CY5	CTT1_E2R3_04min	50	164	NaN	108	199	NaN
sctc_E2R3_4m_I4_CTT1	STL1_TMR	STL1_E2R3_04min	85	55	NaN	197	64	NaN
sctc_E2R3_50m_I1_STL1	CTT1_CY5	CTT1_E2R3_50min	53	4878	NaN	105	4291	NaN
sctc_E2R3_50m_I1_CTT1	STL1_TMR	STL1_E2R3_50min	86	77	NaN	229	114	NaN
sctc_E2R3_50m_I2_STL1	CTT1_CY5	CTT1_E2R3_50min	69	4622	NaN	141	4140	NaN
sctc_E2R3_50m_I2_CTT1	STL1_TMR	STL1_E2R3_50min	72	119	NaN	183	156	NaN
sctc_E2R3_50m_I3_STL1	CTT1_CY5	CTT1_E2R3_50min	42	2862	NaN	80	2643	NaN
sctc_E2R3_50m_I3_CTT1	STL1_TMR	STL1_E2R3_50min	66	74	NaN	168	93	NaN
sctc_E2R3_50m_I4_STL1	CTT1_CY5	CTT1_E2R3_50min	44	3476	NaN	141	3280	NaN
sctc_E2R3_50m_I4_CTT1	STL1_TMR	STL1_E2R3_50min	93	66	NaN	172	143	NaN
sctc_E2R3_55m_I1_STL1	CTT1_CY5	CTT1_E2R3_55min	57	5132	NaN	115	4262	NaN
sctc_E2R3_55m_I1_CTT1	STL1_TMR	STL1_E2R3_55min	86	104	NaN	286	163	NaN
sctc_E2R3_55m_I2_STL1	CTT1_CY5	CTT1_E2R3_55min	53	5383	NaN	121	4370	NaN
sctc_E2R3_55m_I2_CTT1	STL1_TMR	STL1_E2R3_55min	99	134	NaN	279	141	NaN
sctc_E2R3_55m_I3_STL1	CTT1_CY5	CTT1_E2R3_55min	57	5107	NaN	147	4114	NaN
sctc_E2R3_55m_I3_CTT1	STL1_TMR	STL1_E2R3_55min	83	68	NaN	300	78	NaN
sctc_E2R3_55m_I4_STL1	CTT1_CY5	CTT1_E2R3_55min	52	6504	NaN	136	5726	NaN
sctc_E2R3_55m_I4_CTT1	STL1_TMR	STL1_E2R3_55min	78	212	NaN	159	116	NaN
sctc_E2R3_6m_I1_STL1	CTT1_CY5	CTT1_E2R3_06min	69	762	NaN	124	670	NaN
sctc_E2R3_6m_I1_CTT1	STL1_TMR	STL1_E2R3_06min	80	624	NaN	170	498	NaN
sctc_E2R3_6m_I2_STL1	CTT1_CY5	CTT1_E2R3_06min	57	1849	NaN	125	1535	NaN
sctc_E2R3_6m_I2_CTT1	STL1_TMR	STL1_E2R3_06min	82	942	NaN	190	713	NaN
sctc_E2R3_6m_I3_STL1	CTT1_CY5	CTT1_E2R3_06min	67	1547	NaN	106	1379	NaN
sctc_E2R3_6m_I3_CTT1	STL1_TMR	STL1_E2R3_06min	73	989	NaN	136	811	NaN
sctc_E2R3_6m_I4_STL1	CTT1_CY5	CTT1_E2R3_06min	74	1429	NaN	113	1275	NaN
sctc_E2R3_6m_I4_CTT1	STL1_TMR	STL1_E2R3_06min	75	701	NaN	154	474	NaN
sctc_E2R3_8m_I1_STL1	CTT1_CY5	CTT1_E2R3_08min	62	3710	NaN	119	3048	NaN
sctc_E2R3_8m_I1_CTT1	STL1_TMR	STL1_E2R3_08min	91	3110	NaN	483	307	NaN
sctc_E2R3_8m_I2_STL1	CTT1_CY5	CTT1_E2R3_08min	54	2912	NaN	105	2602	NaN
sctc_E2R3_8m_I2_CTT1	STL1_TMR	STL1_E2R3_08min	69	2626	NaN	117	2065	NaN
sctc_E2R3_8m_I3_STL1	CTT1_CY5	CTT1_E2R3_08min	55	3486	NaN	113	2797	NaN
sctc_E2R3_8m_I3_CTT1	STL1_TMR	STL1_E2R3_08min	66	2532	NaN	170	1914	NaN
sctc_E2R3_8m_I4_STL1	CTT1_CY5	CTT1_E2R3_08min	66	3557	NaN	103	2965	NaN
sctc_E2R3_8m_I4_CTT1	STL1_TMR	STL1_E2R3_08min	70	2823	NaN	154	2235	NaN
sctc_E2R3_8m_I5_STL1	CTT1_CY5	CTT1_E2R3_08min	62	3283	NaN	76	2682	NaN
sctc_E2R3_8m_I5_CTT1	STL1_TMR	STL1_E2R3_08min	82	2553	NaN	126	1993	NaN
rsfish_celegans	Preibisch_celegans	Preibisch_celegans	545	1321	NaN	145	1393	NaN
rsfish_sim_bgs_30A	Preibisch_sim	Preibisch_sim	25	37	0.865672	942	85	0.521739
rsfish_sim_bgs_30B	Preibisch_sim	Preibisch_sim	32	36	0.878788	325	9021	0.006629
rsfish_sim_bgs_30C	Preibisch_sim	Preibisch_sim	28	40	0.828571	348	9113	0.006562
rsfish_sim_bgs_300A	Preibisch_sim	Preibisch_sim	24	403	0.819346	296	8508	0.066076
rsfish_sim_bgs_300B	Preibisch_sim	Preibisch_sim	20	419	0.815021	241	8607	0.065117
rsfish_sim_bgs_300C	Preibisch_sim	Preibisch_sim	19	402	0.814815	236	8646	0.065281
rsfish_sim_bgs_3000A	Preibisch_sim	Preibisch_sim	29	2129	0.688633	104	6121	0.413990
rsfish_sim_bgs_3000B	Preibisch_sim	Preibisch_sim	20	2894	0.771293	111	6156	0.428353
rsfish_sim_bgs_3000C	Preibisch_sim	Preibisch_sim	26	2322	0.707253	107	6089	0.422709
rsfish_sim_bgl_30A	Preibisch_sim	Preibisch_sim	26	53	0.722892	548	86	0.517241
rsfish_sim_bgl_30B	Preibisch_sim	Preibisch_sim	27	51	0.740741	200	5795	0.009957
rsfish_sim_bgl_30C	Preibisch_sim	Preibisch_sim	26	57	0.689655	623	41	0.845070
rsfish_sim_bgl_300A	Preibisch_sim	Preibisch_sim	22	480	0.748718	478	317	0.907618
rsfish_sim_bgl_300B	Preibisch_sim	Preibisch_sim	17	529	0.694813	127	5410	0.095271
rsfish_sim_bgl_3000A	Preibisch_sim	Preibisch_sim	15	3506	0.708884	52	3781	0.426781
rsfish_sim_bgl_3000B	Preibisch_sim	Preibisch_sim	17	3354	0.716084	48	3888	0.416667
rsfish_sim_bgl_3000C	Preibisch_sim	Preibisch_sim	21	2881	0.710083	289	1595	0.641567
rsfish_sim_snrs_1A	Preibisch_sim	Preibisch_sim	16	45	0.746667	647	93	0.471545
rsfish_sim_snrs_1B	Preibisch_sim	Preibisch_sim	14	37	0.865672	648	76	0.566038
rsfish_sim_snrs_1C	Preibisch_sim	Preibisch_sim	16	42	0.833333	685	51	0.740741
rsfish_sim_snrs_2A	Preibisch_sim	Preibisch_sim	22	41	0.845070	960	143	0.346821
rsfish_sim_snrs_2B	Preibisch_sim	Preibisch_sim	27	44	0.810811	337	9046	0.006611
rsfish_sim_snrs_2C	Preibisch_sim	Preibisch_sim	27	38	0.852941	328	9214	0.006491
rsfish_sim_snrs_4A	Preibisch_sim	Preibisch_sim	29	57	0.666667	558	7873	0.007592
rsfish_sim_snrs_4B	Preibisch_sim	Preibisch_sim	29	47	0.753247	534	8053	0.007423
rsfish_sim_snrs_4C	Preibisch_sim	Preibisch_sim	33	42	0.777778	589	7951	0.007518
rsfish_sim_snrl_1A	Preibisch_sim	Preibisch_sim	21	45	0.800000	434	69	0.606061
rsfish_sim_snrl_1B	Preibisch_sim	Preibisch_sim	19	48	0.769231	405	46	0.789474
rsfish_sim_snrl_1C	Preibisch_sim	Preibisch_sim	21	52	0.731707	114	6124	0.009750
rsfish_sim_snrl_2A	Preibisch_sim	Preibisch_sim	29	48	0.769231	582	108	0.434783
rsfish_sim_snrl_2B	Preibisch_sim	Preibisch_sim	27	50	0.725000	200	5693	0.010484
rsfish_sim_snrl_2C	Preibisch_sim	Preibisch_sim	27	50	0.750000	215	5590	0.010676
rsfish_sim_snri_30A	Preibisch_sim	Preibisch_sim	1	33	0.952381	13306	29	0.983051
rsfish_sim_snri_30B	Preibisch_sim	Preibisch_sim	1	31	0.950820	13150	29	0.983051
rsfish_sim_snri_30C	Preibisch_sim	Preibisch_sim	1	30	1.000000	13473	29	0.983051
rsfish_sim_snri_300A	Preibisch_sim	Preibisch_sim	1	299	0.961603	7206	294	0.989899
rsfish_sim_snri_300B	Preibisch_sim	Preibisch_sim	1	300	0.950000	7672	292	0.986486
rsfish_sim_snri_300C	Preibisch_sim	Preibisch_sim	1	306	0.940594	9940	289	0.981324
rsfish_sim_snri_3000A	Preibisch_sim	Preibisch_sim	1	2119	0.785310	4508	2010	0.801198
rsfish_sim_snri_3000B	Preibisch_sim	Preibisch_sim	1	2119	0.781793	3993	2025	0.805174
rsfish_sim_snri_3000C	Preibisch_sim	Preibisch_sim	1	2122	0.785240	4620	1991	0.797435
simvar_amplvar_var_pt2	SimVar	SimVar	44	240	0.965795	185	252	0.970530
simvar_amplvar_var_pt3	SimVar	SimVar	58	248	0.964981	210	261	0.975332
simvar_amplvar_var_pt4	SimVar	SimVar	44	221	0.962963	231	235	0.955603
simvar_amplvar_var_pt5	SimVar	SimVar	45	237	0.953722	159	250	0.964706
simvar_amplvar_var_pt6	SimVar	SimVar	54	226	0.947589	199	245	0.959677
simvar_amplvar_var_pt7	SimVar	SimVar	55	246	0.951644	158	261	0.966165
simvar_amplvar_var_pt8	SimVar	SimVar	47	227	0.959831	275	247	0.945233
simvar_bkgvar_var_pt05	SimVar	SimVar	118	220	0.971302	236	228	0.984816
simvar_bkgvar_var_pt10	SimVar	SimVar	351	219	0.929936	236	250	0.956175
simvar_bkgvar_var_pt15	SimVar	SimVar	80	204	0.942263	285	216	0.943820
simvar_bkgvar_var_pt20	SimVar	SimVar	329	214	0.924406	327	240	0.940695
simvar_bkgvar_var_pt25	SimVar	SimVar	96	225	0.949367	585	254	0.942346
simvar_bkgvar_var_pt30	SimVar	SimVar	183	244	0.964427	814	291	0.940325
simvar_bkgvar_var_pt35	SimVar	SimVar	116	221	0.950108	726	286	0.866920
simvar_cluster_var_10_31	SimVar	SimVar	198	173	0.772321	171	181	0.780702
simvar_cluster_var_12_38	SimVar	SimVar	76	155	0.699774	149	163	0.718404
simvar_cluster_var_14_45	SimVar	SimVar	283	147	0.761658	160	157	0.772727
simvar_cluster_var_2_3	SimVar	SimVar	51	232	0.970711	209	240	0.987654
simvar_cluster_var_4_10	SimVar	SimVar	400	214	0.895397	145	229	0.920892
simvar_cluster_var_6_17	SimVar	SimVar	179	160	0.767386	157	170	0.796253
simvar_cluster_var_8_24	SimVar	SimVar	517	173	0.774049	162	224	0.899598
simvar_expr_var_1024	SimVar	SimVar	1	1334	0.826556	167	1065	0.969640
simvar_expr_var_16	SimVar	SimVar	30	5	0.500000	178	8	0.434783
simvar_expr_var_256	SimVar	SimVar	436	204	0.923077	265	230	0.978632
simvar_expr_var_4096	SimVar	SimVar	1	3493	0.920300	192	3658	0.927540
simvar_expr_var_64	SimVar	SimVar	100	75	0.914634	185	82	0.923977
simvar_intensity_var_100	SimVar	SimVar	42	28	0.192171	1129	21800	0.021584
simvar_intensity_var_200	SimVar	SimVar	36	214	0.891775	684	24997	0.018776
simvar_intensity_var_300	SimVar	SimVar	38	227	0.953390	613	26221	0.017985
simvar_intensity_var_400	SimVar	SimVar	38	243	0.956349	557	26048	0.019385
simvar_intensity_var_500	SimVar	SimVar	72	238	0.946108	795	309	0.870629
simvar_intensity_var_600	SimVar	SimVar	39	244	0.956863	245	26769	0.019012
simvar_intensity_var_700	SimVar	SimVar	39	232	0.983051	299	27115	0.017328
simerly_40x_00_AF647	simerly_40x_Oxtr_AF647	simerly_40x_Oxtr_AF647	611	9127	NaN	202	9052	NaN
simerly_40x_00_tdTom	simerly_40x_Esr1_tdTom	simerly_40x_Esr1_tdTom	1123	1202	NaN	443	1285	NaN
simerly_40x_00_AF488	simerly_40x_Mc3r_AF488	simerly_40x_Mc3r_AF488	728	1495	NaN	369	1365	NaN
simerly_40x_01_tdTom	simerly_40x_Esr1_tdTom	simerly_40x_Esr1_tdTom	1992	1058	NaN	408	1388	NaN
simerly_40x_01_AF488	simerly_40x_Mc3r_AF488	simerly_40x_Mc3r_AF488	835	1779	NaN	305	1852	NaN
simerly_40x_02_AF647	simerly_40x_Oxtr_AF647	simerly_40x_Oxtr_AF647	661	4760	NaN	166	4772	NaN
simerly_40x_02_tdTom	simerly_40x_Esr1_tdTom	simerly_40x_Esr1_tdTom	1391	498	NaN	357	760	NaN
simerly_40x_02_AF488	simerly_40x_Mc3r_AF488	simerly_40x_Mc3r_AF488	1029	377	NaN	321	556	NaN
simerly_40x_03_AF647	simerly_40x_Slc32a1_AF647	simerly_40x_Slc32a1_AF647	912	7917	NaN	144	8346	NaN
simerly_40x_03_tdTom	simerly_40x_Slc17a6_tdTom	simerly_40x_Slc17a6_tdTom	2268	497	NaN	295	730	NaN
simerly_40x_03_AF488	simerly_40x_Mc3r_AF488	simerly_40x_Mc3r_AF488	1096	298	NaN	353	371	NaN
simerly_40x_04_AF647	simerly_40x_Glp1r_AF647	simerly_40x_Glp1r_AF647	949	3716	NaN	348	3783	NaN
simerly_40x_04_tdTom	simerly_40x_Th_tdTom	simerly_40x_Th_tdTom	1214	1066	NaN	483	1180	NaN
simerly_40x_04_AF488	simerly_40x_Mc3r_AF488	simerly_40x_Mc3r_AF488	440	1882	NaN	268	1556	NaN
simerly_HiBkg_00_tdTom	simerly_HiBkg_BST_Crh_tdTom	simerly_HiBkg_BST_Crh_tdTom	1161	4312	NaN	819	27266	NaN
simerly_HiBkg_00_AF488	simerly_HiBkg_BST_Mc3r_AF488	simerly_HiBkg_BST_Mc3r_AF488	1281	3475	NaN	974	22563	NaN
simerly_HiBkg_01_AF647	simerly_HiBkg_BST_Prkcd_AF647	simerly_HiBkg_BST_Prkcd_AF647	809	4867	NaN	61	35005	NaN
simerly_HiBkg_01_tdTom	simerly_HiBkg_BST_Crh_tdTom	simerly_HiBkg_BST_Crh_tdTom	1386	2418	NaN	103	27029	NaN
simerly_HiBkg_01_AF488	simerly_HiBkg_BST_Mc3r_AF488	simerly_HiBkg_BST_Mc3r_AF488	418	79586	NaN	36	38634	NaN
simerly_HiBkg_02_AF647	simerly_HiBkg_BST_Prkcd_AF647	simerly_HiBkg_BST_Prkcd_AF647	772	6671	NaN	5	42182	NaN
simerly_HiBkg_02_tdTom	simerly_HiBkg_BST_Crh_tdTom	simerly_HiBkg_BST_Crh_tdTom	1269	4863	NaN	517	24278	NaN
simerly_HiBkg_02_AF488	simerly_HiBkg_BST_Mc3r_AF488	simerly_HiBkg_BST_Mc3r_AF488	1667	1735	NaN	334	24424	NaN
simerly_HiBkg_03_AF647	simerly_HiBkg_BST_Prkcd_AF647	simerly_HiBkg_BST_Prkcd_AF647	1328	1555	NaN	83	27956	NaN
simerly_HiBkg_03_tdTom	simerly_HiBkg_BST_Crh_tdTom	simerly_HiBkg_BST_Crh_tdTom	1701	1073	NaN	115	19965	NaN
simerly_HiBkg_03_AF488	simerly_HiBkg_BST_Mc3r_AF488	simerly_HiBkg_BST_Mc3r_AF488	359	99450	NaN	144	19398	NaN
simerly_HiBkg_04_AF647	simerly_HiBkg_BST_Prkcd_AF647	simerly_HiBkg_BST_Prkcd_AF647	872	4070	NaN	100	33245	NaN
simerly_HiBkg_04_tdTom	simerly_HiBkg_BST_Crh_tdTom	simerly_HiBkg_BST_Crh_tdTom	1224	2212	NaN	90	28416	NaN
simerly_HiBkg_04_AF488	simerly_HiBkg_BST_Mc3r_AF488	simerly_HiBkg_BST_Mc3r_AF488	971	3710	NaN	138	22973	NaN
simerly_HiBkg_05_AF647	simerly_HiBkg_BST_Prkcd_AF647	simerly_HiBkg_BST_Prkcd_AF647	1048	2825	NaN	104	33076	NaN
simerly_HiBkg_05_tdTom	simerly_HiBkg_BST_Crh_tdTom	simerly_HiBkg_BST_Crh_tdTom	1422	2582	NaN	87	25257	NaN
simerly_HiBkg_05_AF488	simerly_HiBkg_BST_Mc3r_AF488	simerly_HiBkg_BST_Mc3r_AF488	482	44169	NaN	92	24685	NaN
simerly_HiBkg_06_AF647	simerly_HiBkg_BST_Prkcd_AF647	simerly_HiBkg_BST_Prkcd_AF647	1016	4206	NaN	78	39005	NaN
simerly_HiBkg_06_tdTom	simerly_HiBkg_BST_Crh_tdTom	simerly_HiBkg_BST_Crh_tdTom	1392	1121	NaN	87	32756	NaN
simerly_HiBkg_06_AF488	simerly_HiBkg_BST_Mc3r_AF488	simerly_HiBkg_BST_Mc3r_AF488	995	4260	NaN	133	24983	NaN
simerly_HiBkg_07_AF647	simerly_HiBkg_BST_Prkcd_AF647	simerly_HiBkg_BST_Prkcd_AF647	1158	3293	NaN	57	16205	NaN
simerly_HiBkg_07_tdTom	simerly_HiBkg_BST_Crh_tdTom	simerly_HiBkg_BST_Crh_tdTom	891	10514	NaN	61	13378	NaN
simerly_HiBkg_07_AF488	simerly_HiBkg_BST_Mc3r_AF488	simerly_HiBkg_BST_Mc3r_AF488	2136	333	NaN	143	12834	NaN
simerly_HiBkg_08_AF647	simerly_HiBkg_BST_Prkcd_AF647	simerly_HiBkg_BST_Prkcd_AF647	1691	1397	NaN	36	13688	NaN
simerly_HiBkg_08_tdTom	simerly_HiBkg_BST_Crh_tdTom	simerly_HiBkg_BST_Crh_tdTom	1005	6468	NaN	26	12321	NaN
simerly_HiBkg_08_AF488	simerly_HiBkg_BST_Mc3r_AF488	simerly_HiBkg_BST_Mc3r_AF488	482	40619	NaN	16	12175	NaN
simerly_HiBkg_09_AF647	simerly_HiBkg_BST_Prkcd_AF647	simerly_HiBkg_BST_Prkcd_AF647	1605	701	NaN	45	20246	NaN
simerly_HiBkg_09_tdTom	simerly_HiBkg_BST_Crh_tdTom	simerly_HiBkg_BST_Crh_tdTom	1151	6076	NaN	31	16480	NaN
simerly_HiBkg_09_AF488	simerly_HiBkg_BST_Mc3r_AF488	simerly_HiBkg_BST_Mc3r_AF488	1504	2843	NaN	41	16378	NaN
simerly_HiBkg_10_AF647	simerly_HiBkg_BST_Prkcd_AF647	simerly_HiBkg_BST_Prkcd_AF647	1744	2387	NaN	10	28262	NaN
simerly_HiBkg_10_tdTom	simerly_HiBkg_BST_Crh_tdTom	simerly_HiBkg_BST_Crh_tdTom	2516	685	NaN	537	17330	NaN
simerly_HiBkg_10_AF488	simerly_HiBkg_BST_Mc3r_AF488	simerly_HiBkg_BST_Mc3r_AF488	881	10987	NaN	9	25892	NaN
simerly_HiBkg_11_AF647	simerly_HiBkg_BST_Prkcd_AF647	simerly_HiBkg_BST_Prkcd_AF647	2730	785	NaN	16	25187	NaN
simerly_HiBkg_11_tdTom	simerly_HiBkg_BST_Crh_tdTom	simerly_HiBkg_BST_Crh_tdTom	980	6995	NaN	1087	10680	NaN
simerly_HiBkg_11_AF488	simerly_HiBkg_BST_Mc3r_AF488	simerly_HiBkg_BST_Mc3r_AF488	1042	5870	NaN	49	19930	NaN
simerly_HiBkg_12_AF647	simerly_HiBkg_BST_Prkcd_AF647	simerly_HiBkg_BST_Prkcd_AF647	2634	759	NaN	119	21950	NaN
simerly_HiBkg_12_tdTom	simerly_HiBkg_BST_Crh_tdTom	simerly_HiBkg_BST_Crh_tdTom	1789	2487	NaN	38	19226	NaN
simerly_HiBkg_12_AF488	simerly_HiBkg_BST_Mc3r_AF488	simerly_HiBkg_BST_Mc3r_AF488	883	17192	NaN	88	18052	NaN
simerly_HiBkg_13_AF647	simerly_HiBkg_BST_Prkcd_AF647	simerly_HiBkg_BST_Prkcd_AF647	2553	1985	NaN	96	20214	NaN
simerly_HiBkg_13_tdTom	simerly_HiBkg_BST_Crh_tdTom	simerly_HiBkg_BST_Crh_tdTom	1300	1184	NaN	46	17434	NaN
simerly_HiBkg_13_AF488	simerly_HiBkg_BST_Mc3r_AF488	simerly_HiBkg_BST_Mc3r_AF488	1548	3122	NaN	72	17735	NaN
simerly_HiBkg_14_AF647	simerly_HiBkg_BST_Prkcd_AF647	simerly_HiBkg_BST_Prkcd_AF647	1879	4478	NaN	893	13171	NaN
simerly_HiBkg_14_tdTom	simerly_HiBkg_BST_Crh_tdTom	simerly_HiBkg_BST_Crh_tdTom	1779	2377	NaN	658	10985	NaN
simerly_HiBkg_14_AF488	simerly_HiBkg_BST_Mc3r_AF488	simerly_HiBkg_BST_Mc3r_AF488	845	16194	NaN	1499	6602	NaN
simerly_HiBkg_15_AF647	simerly_HiBkg_BST_Prkcd_AF647	simerly_HiBkg_BST_Prkcd_AF647	2344	3886	NaN	77	17624	NaN
simerly_HiBkg_15_tdTom	simerly_HiBkg_BST_Crh_tdTom	simerly_HiBkg_BST_Crh_tdTom	1287	1406	NaN	44	14268	NaN
simerly_HiBkg_15_AF488	simerly_HiBkg_BST_Mc3r_AF488	simerly_HiBkg_BST_Mc3r_AF488	2057	768	NaN	83	14839	NaN
simerly_HiBkg_16_AF647	simerly_HiBkg_BST_Prkcd_AF647	simerly_HiBkg_BST_Prkcd_AF647	1778	5017	NaN	66	23411	NaN
simerly_HiBkg_16_tdTom	simerly_HiBkg_BST_Crh_tdTom	simerly_HiBkg_BST_Crh_tdTom	1574	1740	NaN	858	11656	NaN
simerly_HiBkg_16_AF488	simerly_HiBkg_BST_Mc3r_AF488	simerly_HiBkg_BST_Mc3r_AF488	1365	3269	NaN	45	19358	NaN
simerly_HiBkg_17_AF647	simerly_HiBkg_BST_Prkcd_AF647	simerly_HiBkg_BST_Prkcd_AF647	1946	2901	NaN	29	21080	NaN
simerly_HiBkg_17_tdTom	simerly_HiBkg_BST_Crh_tdTom	simerly_HiBkg_BST_Crh_tdTom	2329	1599	NaN	468	14411	NaN
simerly_HiBkg_17_AF488	simerly_HiBkg_BST_Mc3r_AF488	simerly_HiBkg_BST_Mc3r_AF488	599	47816	NaN	28	18347	NaN
simerly_HiBkg_18_AF647	simerly_HiBkg_BST_Prkcd_AF647	simerly_HiBkg_BST_Prkcd_AF647	2643	890	NaN	99	21696	NaN
simerly_HiBkg_18_tdTom	simerly_HiBkg_BST_Crh_tdTom	simerly_HiBkg_BST_Crh_tdTom	1509	3822	NaN	4	18769	NaN
simerly_HiBkg_18_AF488	simerly_HiBkg_BST_Mc3r_AF488	simerly_HiBkg_BST_Mc3r_AF488	1576	4312	NaN	54	18068	NaN
simerly_HiBkg_19_AF647	simerly_HiBkg_BST_Prkcd_AF647	simerly_HiBkg_BST_Prkcd_AF647	886	5541	NaN	62	35389	NaN
simerly_HiBkg_19_tdTom	simerly_HiBkg_BST_Crh_tdTom	simerly_HiBkg_BST_Crh_tdTom	1246	3058	NaN	63	28743	NaN
simerly_HiBkg_19_AF488	simerly_HiBkg_BST_Mc3r_AF488	simerly_HiBkg_BST_Mc3r_AF488	1077	5197	NaN	113	25522	NaN
simerly_HiBkg_20_AF647	simerly_HiBkg_BST_Prkcd_AF647	simerly_HiBkg_BST_Prkcd_AF647	803	6377	NaN	56	40997	NaN
simerly_HiBkg_20_tdTom	simerly_HiBkg_BST_Crh_tdTom	simerly_HiBkg_BST_Crh_tdTom	830	9727	NaN	62	33721	NaN
simerly_HiBkg_20_AF488	simerly_HiBkg_BST_Mc3r_AF488	simerly_HiBkg_BST_Mc3r_AF488	1290	3951	NaN	96	29405	NaN
simerly_HiBkg_21_AF647	simerly_HiBkg_ARH_Kiss1_AF647	simerly_HiBkg_ARH_Kiss1_AF647	759	12741	NaN	60	23034	NaN
simerly_HiBkg_21_tdTom	simerly_HiBkg_ARH_Agrp_tdTom	simerly_HiBkg_ARH_Agrp_tdTom	2094	2894	NaN	39	15710	NaN
simerly_HiBkg_21_AF488	simerly_HiBkg_ARH_Mc3r_AF488	simerly_HiBkg_ARH_Mc3r_AF488	1727	6499	NaN	61	16318	NaN
simerly_HiBkg_22_CY5	simerly_HiBkg_ARH_Kiss1_CY5	simerly_HiBkg_ARH_Kiss1_CY5	1425	13478	NaN	73	14983	NaN
simerly_HiBkg_22_AF568	simerly_HiBkg_ARH_Agrp_AF568	simerly_HiBkg_ARH_Agrp_AF568	1147	4007	NaN	37	13511	NaN
simerly_HiBkg_22_AF488	simerly_HiBkg_ARH_Mc3r_AF488	simerly_HiBkg_ARH_Mc3r_AF488	1630	5372	NaN	146	12924	NaN
simerly_HiBkg_23_CY5	simerly_HiBkg_ARH_Kiss1_CY5	simerly_HiBkg_ARH_Kiss1_CY5	2355	5386	NaN	73	14676	NaN
simerly_HiBkg_23_AF568	simerly_HiBkg_ARH_Agrp_AF568	simerly_HiBkg_ARH_Agrp_AF568	1520	3199	NaN	39	13285	NaN
simerly_HiBkg_23_AF488	simerly_HiBkg_ARH_Mc3r_AF488	simerly_HiBkg_ARH_Mc3r_AF488	2341	2433	NaN	114	12484	NaN
simerly_HiBkg_24_CY5	simerly_HiBkg_ARH_Kiss1_CY5	simerly_HiBkg_ARH_Kiss1_CY5	549	20059	NaN	43	13540	NaN
simerly_HiBkg_24_AF568	simerly_HiBkg_ARH_Agrp_AF568	simerly_HiBkg_ARH_Agrp_AF568	1291	3798	NaN	28	11799	NaN
simerly_HiBkg_24_AF488	simerly_HiBkg_ARH_Mc3r_AF488	simerly_HiBkg_ARH_Mc3r_AF488	1432	10184	NaN	65	10795	NaN
simerly_HiBkg_25_CY5	simerly_HiBkg_ARH_Kiss1_CY5	simerly_HiBkg_ARH_Kiss1_CY5	1288	7035	NaN	44	13476	NaN
simerly_HiBkg_25_AF568	simerly_HiBkg_ARH_Agrp_AF568	simerly_HiBkg_ARH_Agrp_AF568	747	4483	NaN	23	11990	NaN
simerly_HiBkg_25_AF488	simerly_HiBkg_ARH_Mc3r_AF488	simerly_HiBkg_ARH_Mc3r_AF488	1469	5372	NaN	63	11423	NaN
simerly_HiBkg_26_AF647	simerly_HiBkg_ARH_Kiss1_AF647	simerly_HiBkg_ARH_Kiss1_AF647	839	9086	NaN	16	17121	NaN
simerly_HiBkg_26_tdTom	simerly_HiBkg_ARH_Agrp_tdTom	simerly_HiBkg_ARH_Agrp_tdTom	1437	2662	NaN	36	12739	NaN
simerly_HiBkg_26_AF488	simerly_HiBkg_ARH_Mc3r_AF488	simerly_HiBkg_ARH_Mc3r_AF488	1829	3974	NaN	67	12068	NaN
simerly_HiBkg_27_AF647	simerly_HiBkg_ARH_Kiss1_AF647	simerly_HiBkg_ARH_Kiss1_AF647	2032	7823	NaN	66	16701	NaN
simerly_HiBkg_27_tdTom	simerly_HiBkg_ARH_Agrp_tdTom	simerly_HiBkg_ARH_Agrp_tdTom	1132	3217	NaN	29	12798	NaN
simerly_HiBkg_27_AF488	simerly_HiBkg_ARH_Mc3r_AF488	simerly_HiBkg_ARH_Mc3r_AF488	1906	4453	NaN	64	12679	NaN
simerly_HiBkg_28_AF647	simerly_HiBkg_ARH_Kiss1_AF647	simerly_HiBkg_ARH_Kiss1_AF647	869	13648	NaN	60	19091	NaN
simerly_HiBkg_28_tdTom	simerly_HiBkg_ARH_Agrp_tdTom	simerly_HiBkg_ARH_Agrp_tdTom	1390	2141	NaN	39	10904	NaN
simerly_HiBkg_28_AF488	simerly_HiBkg_ARH_Mc3r_AF488	simerly_HiBkg_ARH_Mc3r_AF488	1317	12874	NaN	72	10861	NaN
simerly_HiBkg_29_AF647	simerly_HiBkg_ARH_Kiss1_AF647	simerly_HiBkg_ARH_Kiss1_AF647	980	14749	NaN	49	16509	NaN
simerly_HiBkg_29_tdTom	simerly_HiBkg_ARH_Agrp_tdTom	simerly_HiBkg_ARH_Agrp_tdTom	1021	2266	NaN	20	11415	NaN
simerly_HiBkg_29_AF488	simerly_HiBkg_ARH_Mc3r_AF488	simerly_HiBkg_ARH_Mc3r_AF488	1263	8645	NaN	72	11008	NaN
simerly_HiBkg_30_AF647	simerly_HiBkg_ARH_Kiss1_AF647	simerly_HiBkg_ARH_Kiss1_AF647	1045	13647	NaN	52	17302	NaN
simerly_HiBkg_30_tdTom	simerly_HiBkg_ARH_Agrp_tdTom	simerly_HiBkg_ARH_Agrp_tdTom	1299	1985	NaN	20	11258	NaN
simerly_HiBkg_30_AF488	simerly_HiBkg_ARH_Mc3r_AF488	simerly_HiBkg_ARH_Mc3r_AF488	1522	5513	NaN	79	11213	NaN
simerly_HiBkg_31_AF647	simerly_HiBkg_ARH_Kiss1_AF647	simerly_HiBkg_ARH_Kiss1_AF647	486	8547	NaN	38	14609	NaN
simerly_HiBkg_31_tdTom	simerly_HiBkg_ARH_Agrp_tdTom	simerly_HiBkg_ARH_Agrp_tdTom	986	1609	NaN	52	10126	NaN
simerly_HiBkg_31_AF488	simerly_HiBkg_ARH_Mc3r_AF488	simerly_HiBkg_ARH_Mc3r_AF488	903	16146	NaN	91	10060	NaN
simerly_HiBkg_32_AF647	simerly_HiBkg_ARH_Kiss1_AF647	simerly_HiBkg_ARH_Kiss1_AF647	600	6775	NaN	56	16830	NaN
simerly_HiBkg_32_tdTom	simerly_HiBkg_ARH_Agrp_tdTom	simerly_HiBkg_ARH_Agrp_tdTom	1251	876	NaN	72	11062	NaN
simerly_HiBkg_32_AF488	simerly_HiBkg_ARH_Mc3r_AF488	simerly_HiBkg_ARH_Mc3r_AF488	1998	3417	NaN	146	11501	NaN
simerly_HiBkg_33_AF647	simerly_HiBkg_ARH_Kiss1_AF647	simerly_HiBkg_ARH_Kiss1_AF647	433	11130	NaN	25	15227	NaN
simerly_HiBkg_33_tdTom	simerly_HiBkg_ARH_Agrp_tdTom	simerly_HiBkg_ARH_Agrp_tdTom	415	8933	NaN	103	12287	NaN
simerly_HiBkg_33_AF488	simerly_HiBkg_ARH_Mc3r_AF488	simerly_HiBkg_ARH_Mc3r_AF488	1430	5445	NaN	185	11860	NaN
simerly_HiBkg_34_AF647	simerly_HiBkg_ARH_Kiss1_AF647	simerly_HiBkg_ARH_Kiss1_AF647	683	34676	NaN	188	13949	NaN
simerly_HiBkg_34_tdTom	simerly_HiBkg_ARH_Agrp_tdTom	simerly_HiBkg_ARH_Agrp_tdTom	2197	476	NaN	37	15286	NaN
simerly_HiBkg_34_AF488	simerly_HiBkg_ARH_Mc3r_AF488	simerly_HiBkg_ARH_Mc3r_AF488	1611	11953	NaN	77	15393	NaN
simerly_HiBkg_35_AF647	simerly_HiBkg_ARH_Kiss1_AF647	simerly_HiBkg_ARH_Kiss1_AF647	2131	2592	NaN	61	15679	NaN
simerly_HiBkg_35_tdTom	simerly_HiBkg_ARH_Agrp_tdTom	simerly_HiBkg_ARH_Agrp_tdTom	1837	1977	NaN	44	9729	NaN
simerly_HiBkg_35_AF488	simerly_HiBkg_ARH_Mc3r_AF488	simerly_HiBkg_ARH_Mc3r_AF488	1698	4775	NaN	74	10373	NaN
simerly_HiBkg_36_AF647	simerly_HiBkg_ARH_Kiss1_AF647	simerly_HiBkg_ARH_Kiss1_AF647	1748	7032	NaN	208	11952	NaN
simerly_HiBkg_36_tdTom	simerly_HiBkg_ARH_Agrp_tdTom	simerly_HiBkg_ARH_Agrp_tdTom	1281	3162	NaN	39	10067	NaN
simerly_HiBkg_36_AF488	simerly_HiBkg_ARH_Mc3r_AF488	simerly_HiBkg_ARH_Mc3r_AF488	1518	10044	NaN	74	10160	NaN
simerly_HiBkg_37_AF647	simerly_HiBkg_ARH_Kiss1_AF647	simerly_HiBkg_ARH_Kiss1_AF647	798	11653	NaN	70	25005	NaN
simerly_HiBkg_37_tdTom	simerly_HiBkg_ARH_Agrp_tdTom	simerly_HiBkg_ARH_Agrp_tdTom	2165	1515	NaN	63	18070	NaN
simerly_HiBkg_37_AF488	simerly_HiBkg_ARH_Mc3r_AF488	simerly_HiBkg_ARH_Mc3r_AF488	1607	8187	NaN	66	17500	NaN
simerly_HiBkg_38_AF647	simerly_HiBkg_ARH_Kiss1_AF647	simerly_HiBkg_ARH_Kiss1_AF647	1218	5792	NaN	49	18694	NaN
simerly_HiBkg_38_tdTom	simerly_HiBkg_ARH_Agrp_tdTom	simerly_HiBkg_ARH_Agrp_tdTom	1615	3295	NaN	47	14148	NaN
simerly_HiBkg_38_AF488	simerly_HiBkg_ARH_Mc3r_AF488	simerly_HiBkg_ARH_Mc3r_AF488	1289	14123	NaN	73	13836	NaN
simerly_HiBkg_39_AF647	simerly_HiBkg_ARH_Kiss1_AF647	simerly_HiBkg_ARH_Kiss1_AF647	1270	5403	NaN	55	16707	NaN
simerly_HiBkg_39_tdTom	simerly_HiBkg_ARH_Agrp_tdTom	simerly_HiBkg_ARH_Agrp_tdTom	1284	5337	NaN	44	14095	NaN
simerly_HiBkg_39_AF488	simerly_HiBkg_ARH_Mc3r_AF488	simerly_HiBkg_ARH_Mc3r_AF488	1667	7654	NaN	63	14799	NaN
simerly_HiBkg_40_CY5	simerly_HiBkg_ARH_Kiss1_CY5	simerly_HiBkg_ARH_Kiss1_CY5	511	14614	NaN	73	11484	NaN
simerly_HiBkg_40_AF568	simerly_HiBkg_ARH_Agrp_AF568	simerly_HiBkg_ARH_Agrp_AF568	768	2104	NaN	32	10169	NaN
simerly_HiBkg_40_AF488	simerly_HiBkg_ARH_Mc3r_AF488	simerly_HiBkg_ARH_Mc3r_AF488	1491	4742	NaN	20	14704	NaN
simerly_HiBkg_41_CY5	simerly_HiBkg_ARH_Kiss1_CY5	simerly_HiBkg_ARH_Kiss1_CY5	1294	6308	NaN	78	14964	NaN
simerly_HiBkg_41_AF568	simerly_HiBkg_ARH_Agrp_AF568	simerly_HiBkg_ARH_Agrp_AF568	1095	2387	NaN	42	12332	NaN
simerly_HiBkg_41_AF488	simerly_HiBkg_ARH_Mc3r_AF488	simerly_HiBkg_ARH_Mc3r_AF488	833	6045	NaN	69	11113	NaN
simerly_LoBkg_00_AF647	simerly_LoBkg_Oxtr_AF647	simerly_LoBkg_Oxtr_AF647	902	7314	NaN	36	15348	NaN
simerly_LoBkg_00_tdTom	simerly_LoBkg_Sst_tdTom	simerly_LoBkg_Sst_tdTom	1249	1840	NaN	27	11218	NaN
simerly_LoBkg_00_AF488	simerly_LoBkg_Mc3r_AF488	simerly_LoBkg_Mc3r_AF488	1761	3186	NaN	48	11525	NaN
simerly_LoBkg_01_AF647	simerly_LoBkg_Oxtr_AF647	simerly_LoBkg_Oxtr_AF647	1160	8415	NaN	53	16130	NaN
simerly_LoBkg_01_tdTom	simerly_LoBkg_Sst_tdTom	simerly_LoBkg_Sst_tdTom	1774	1794	NaN	35	11890	NaN
simerly_LoBkg_01_AF488	simerly_LoBkg_Mc3r_AF488	simerly_LoBkg_Mc3r_AF488	2134	1929	NaN	44	11819	NaN
simerly_LoBkg_02_AF647	simerly_LoBkg_Slc32a1_AF647	simerly_LoBkg_Slc32a1_AF647	1677	6244	NaN	48	14211	NaN
simerly_LoBkg_02_tdTom	simerly_LoBkg_Th_tdTom	simerly_LoBkg_Th_tdTom	1937	1515	NaN	38	11375	NaN
simerly_LoBkg_02_AF488	simerly_LoBkg_Mc3r_AF488	simerly_LoBkg_Mc3r_AF488	2079	2571	NaN	64	11399	NaN
simerly_LoBkg_03_AF647	simerly_LoBkg_Slc32a1_AF647	simerly_LoBkg_Slc32a1_AF647	1352	9272	NaN	63	14732	NaN
simerly_LoBkg_03_tdTom	simerly_LoBkg_Th_tdTom	simerly_LoBkg_Th_tdTom	2611	1160	NaN	41	11299	NaN
simerly_LoBkg_03_AF488	simerly_LoBkg_Mc3r_AF488	simerly_LoBkg_Mc3r_AF488	2133	1947	NaN	66	11129	NaN
simerly_LoBkg_04_AF647	simerly_LoBkg_Oxtr_AF647	simerly_LoBkg_Oxtr_AF647	1857	5100	NaN	116	13418	NaN
simerly_LoBkg_04_tdTom	simerly_LoBkg_Sst_tdTom	simerly_LoBkg_Sst_tdTom	1315	2552	NaN	52	13625	NaN
simerly_LoBkg_04_AF488	simerly_LoBkg_Mc3r_AF488	simerly_LoBkg_Mc3r_AF488	1660	4373	NaN	68	12173	NaN
simerly_LoBkg_05_AF647	simerly_LoBkg_Slc32a1_AF647	simerly_LoBkg_Slc32a1_AF647	1986	7425	NaN	114	11823	NaN
simerly_LoBkg_05_tdTom	simerly_LoBkg_Th_tdTom	simerly_LoBkg_Th_tdTom	1120	2949	NaN	33	10056	NaN
simerly_LoBkg_05_AF488	simerly_LoBkg_Mc3r_AF488	simerly_LoBkg_Mc3r_AF488	1372	3838	NaN	61	10035	NaN
simerly_LoBkg_06_AF647	simerly_LoBkg_Slc32a1_AF647	simerly_LoBkg_Slc32a1_AF647	1353	8676	NaN	114	11588	NaN
simerly_LoBkg_06_tdTom	simerly_LoBkg_Th_tdTom	simerly_LoBkg_Th_tdTom	1235	2848	NaN	51	8793	NaN
simerly_LoBkg_06_AF488	simerly_LoBkg_Mc3r_AF488	simerly_LoBkg_Mc3r_AF488	1330	5696	NaN	56	8552	NaN
simerly_LoBkg_07_AF647	simerly_LoBkg_Oxtr_AF647	simerly_LoBkg_Oxtr_AF647	1879	3009	NaN	155	11803	NaN
simerly_LoBkg_07_tdTom	simerly_LoBkg_Sst_tdTom	simerly_LoBkg_Sst_tdTom	1318	2280	NaN	39	11555	NaN
simerly_LoBkg_07_AF488	simerly_LoBkg_Mc3r_AF488	simerly_LoBkg_Mc3r_AF488	1730	2577	NaN	50	10923	NaN
simerly_LoBkg_08_AF647	simerly_LoBkg_Slc32a1_AF647	simerly_LoBkg_Slc32a1_AF647	1397	9562	NaN	143	12185	NaN
simerly_LoBkg_08_tdTom	simerly_LoBkg_Th_tdTom	simerly_LoBkg_Th_tdTom	756	3642	NaN	27	11510	NaN
simerly_LoBkg_08_AF488	simerly_LoBkg_Mc3r_AF488	simerly_LoBkg_Mc3r_AF488	1484	2977	NaN	43	11450	NaN
simerly_LoBkg_09_AF647	simerly_LoBkg_Slc32a1_AF647	simerly_LoBkg_Slc32a1_AF647	1241	10864	NaN	108	13939	NaN
simerly_LoBkg_09_tdTom	simerly_LoBkg_Th_tdTom	simerly_LoBkg_Th_tdTom	759	3725	NaN	28	12093	NaN
simerly_LoBkg_09_AF488	simerly_LoBkg_Mc3r_AF488	simerly_LoBkg_Mc3r_AF488	1863	3236	NaN	47	11035	NaN
simerly_LoBkg_10_AF647	simerly_LoBkg_Oxtr_AF647	simerly_LoBkg_Oxtr_AF647	1835	2354	NaN	115	14122	NaN
simerly_LoBkg_10_tdTom	simerly_LoBkg_Sst_tdTom	simerly_LoBkg_Sst_tdTom	1574	3315	NaN	30	12762	NaN
simerly_LoBkg_10_AF488	simerly_LoBkg_Mc3r_AF488	simerly_LoBkg_Mc3r_AF488	1830	2686	NaN	49	12232	NaN
simerly_LoBkg_11_AF647	simerly_LoBkg_Oxtr_AF647	simerly_LoBkg_Oxtr_AF647	2360	1401	NaN	1111	1410	NaN
simerly_LoBkg_11_tdTom	simerly_LoBkg_Sst_tdTom	simerly_LoBkg_Sst_tdTom	1439	1698	NaN	569	1409	NaN
simerly_LoBkg_11_AF488	simerly_LoBkg_Mc3r_AF488	simerly_LoBkg_Mc3r_AF488	1579	1797	NaN	53	15402	NaN
simerly_LoBkg_12_AF647	simerly_LoBkg_Slc32a1_AF647	simerly_LoBkg_Slc32a1_AF647	2084	7888	NaN	38	13071	NaN
simerly_LoBkg_12_tdTom	simerly_LoBkg_Th_tdTom	simerly_LoBkg_Th_tdTom	1566	1939	NaN	39	10715	NaN
simerly_LoBkg_12_AF488	simerly_LoBkg_Mc3r_AF488	simerly_LoBkg_Mc3r_AF488	1931	2880	NaN	53	10084	NaN
simerly_LoBkg_13_AF647	simerly_LoBkg_Slc32a1_AF647	simerly_LoBkg_Slc32a1_AF647	1940	7938	NaN	120	11657	NaN
simerly_LoBkg_13_tdTom	simerly_LoBkg_Th_tdTom	simerly_LoBkg_Th_tdTom	1090	3122	NaN	38	10994	NaN
simerly_LoBkg_13_AF488	simerly_LoBkg_Mc3r_AF488	simerly_LoBkg_Mc3r_AF488	2073	2127	NaN	46	9913	NaN
simerly_LoBkg_14_AF647	simerly_LoBkg_Oxtr_AF647	simerly_LoBkg_Oxtr_AF647	1328	5207	NaN	97	11588	NaN
simerly_LoBkg_14_tdTom	simerly_LoBkg_Sst_tdTom	simerly_LoBkg_Sst_tdTom	1044	3994	NaN	27	10594	NaN
simerly_LoBkg_14_AF488	simerly_LoBkg_Mc3r_AF488	simerly_LoBkg_Mc3r_AF488	1507	3705	NaN	67	9738	NaN
simerly_LoBkg_15_AF647	simerly_LoBkg_Oxtr_AF647	simerly_LoBkg_Oxtr_AF647	2759	1845	NaN	226	11584	NaN
simerly_LoBkg_15_tdTom	simerly_LoBkg_Sst_tdTom	simerly_LoBkg_Sst_tdTom	1145	2204	NaN	39	11585	NaN
simerly_LoBkg_15_AF488	simerly_LoBkg_Mc3r_AF488	simerly_LoBkg_Mc3r_AF488	1544	2454	NaN	77	10834	NaN
simerly_LoBkg_16_AF647	simerly_LoBkg_Oxtr_AF647	simerly_LoBkg_Oxtr_AF647	1289	4709	NaN	42	16203	NaN
simerly_LoBkg_16_tdTom	simerly_LoBkg_Sst_tdTom	simerly_LoBkg_Sst_tdTom	1323	2622	NaN	27	12822	NaN
simerly_LoBkg_16_AF488	simerly_LoBkg_Mc3r_AF488	simerly_LoBkg_Mc3r_AF488	1873	2660	NaN	45	12860	NaN
simerly_LoBkg_17_AF647	simerly_LoBkg_Oxtr_AF647	simerly_LoBkg_Oxtr_AF647	1698	3636	NaN	57	16282	NaN
simerly_LoBkg_17_tdTom	simerly_LoBkg_Sst_tdTom	simerly_LoBkg_Sst_tdTom	1124	2624	NaN	28	13793	NaN
simerly_LoBkg_17_AF488	simerly_LoBkg_Mc3r_AF488	simerly_LoBkg_Mc3r_AF488	2649	2159	NaN	51	13479	NaN
simerly_LoBkg_18_AF647	simerly_LoBkg_Slc32a1_AF647	simerly_LoBkg_Slc32a1_AF647	1312	10721	NaN	42	14856	NaN
simerly_LoBkg_18_tdTom	simerly_LoBkg_Th_tdTom	simerly_LoBkg_Th_tdTom	1390	2508	NaN	30	12657	NaN
simerly_LoBkg_18_AF488	simerly_LoBkg_Mc3r_AF488	simerly_LoBkg_Mc3r_AF488	1494	4527	NaN	54	11930	NaN
simerly_LoBkg_19_AF647	simerly_LoBkg_Slc32a1_AF647	simerly_LoBkg_Slc32a1_AF647	1139	11236	NaN	65	15062	NaN
simerly_LoBkg_19_tdTom	simerly_LoBkg_Th_tdTom	simerly_LoBkg_Th_tdTom	1514	2079	NaN	34	12305	NaN
simerly_LoBkg_19_AF488	simerly_LoBkg_Mc3r_AF488	simerly_LoBkg_Mc3r_AF488	2276	1655	NaN	51	12367	NaN
simerly_LoBkg_20_AF647	simerly_LoBkg_Oxtr_AF647	simerly_LoBkg_Oxtr_AF647	1391	3807	NaN	122	12013	NaN
simerly_LoBkg_20_tdTom	simerly_LoBkg_Sst_tdTom	simerly_LoBkg_Sst_tdTom	883	2154	NaN	21	11189	NaN
simerly_LoBkg_20_AF488	simerly_LoBkg_Mc3r_AF488	simerly_LoBkg_Mc3r_AF488	1602	3858	NaN	58	10432	NaN
simerly_LoBkg_21_AF647	simerly_LoBkg_Oxtr_AF647	simerly_LoBkg_Oxtr_AF647	2817	1305	NaN	118	11501	NaN
simerly_LoBkg_21_tdTom	simerly_LoBkg_Sst_tdTom	simerly_LoBkg_Sst_tdTom	751	2780	NaN	23	10808	NaN
simerly_LoBkg_21_AF488	simerly_LoBkg_Mc3r_AF488	simerly_LoBkg_Mc3r_AF488	1360	3497	NaN	52	10075	NaN
simerly_LoBkg_22_AF647	simerly_LoBkg_Slc32a1_AF647	simerly_LoBkg_Slc32a1_AF647	1657	9591	NaN	110	12194	NaN
simerly_LoBkg_22_tdTom	simerly_LoBkg_Agrp_tdTom	simerly_LoBkg_Agrp_tdTom	2216	2327	NaN	54	10699	NaN
simerly_LoBkg_22_AF488	simerly_LoBkg_Mc3r_AF488	simerly_LoBkg_Mc3r_AF488	2227	2895	NaN	54	10919	NaN
simerly_LoBkg_24_AF647	simerly_LoBkg_Slc32a1_AF647	simerly_LoBkg_Slc32a1_AF647	1049	9793	NaN	NaN	NaN	NaN
simvarmass_0033af15	SimVar1000	SimVar1000	71	1790	0.946310	341	1916	0.957768
simvarmass_00368c8d	SimVar1000	SimVar1000	82	2098	0.951474	178	23197	0.170136
simvarmass_007da2e3	SimVar1000	SimVar1000	86	3277	0.918433	499	3398	0.914136
simvarmass_00872053	SimVar1000	SimVar1000	95	1636	0.953075	472	1779	0.946279
simvarmass_00a827ab	SimVar1000	SimVar1000	106	1276	0.959038	174	1347	0.967057
simvarmass_014c429a	SimVar1000	SimVar1000	1	1732	0.377584	107	430	0.980571
simvarmass_017294ed	SimVar1000	SimVar1000	115	3265	0.927273	501	3422	0.925386
simvarmass_017ff4a0	SimVar1000	SimVar1000	1425	332	0.155249	310	3630	0.939934
simvarmass_01dcaff7	SimVar1000	SimVar1000	123	722	0.950625	277	788	0.966562
simvarmass_024f78dd	SimVar1000	SimVar1000	137	3278	0.920180	182	20733	0.270400
simvarmass_02800722	SimVar1000	SimVar1000	1739	849	0.324355	166	3868	0.930216
simvarmass_0290bbb2	SimVar1000	SimVar1000	105	3368	0.912990	146	20467	0.280880
simvarmass_02daa4b8	SimVar1000	SimVar1000	93	3414	0.861358	348	20719	0.300711
simvarmass_02ef6f18	SimVar1000	SimVar1000	99	3442	0.924647	91	20399	0.287681
simvarmass_031f1884	SimVar1000	SimVar1000	82	1238	0.966055	321	1322	0.970910
simvarmass_0324cc54	SimVar1000	SimVar1000	126	2688	0.764165	934	21788	0.268400
simvarmass_033cdb19	SimVar1000	SimVar1000	110	1172	0.961444	288	1221	0.967431
simvarmass_035ebae1	SimVar1000	SimVar1000	1702	407	0.309388	235	2107	0.965597
simvarmass_036b8dab	SimVar1000	SimVar1000	156	1230	0.957571	402	1341	0.950746
simvarmass_0394e7c4	SimVar1000	SimVar1000	152	2504	0.914672	411	2737	0.922187
simvarmass_03b61c22	SimVar1000	SimVar1000	376	2955	0.901022	239	3250	0.936369
simvarmass_0405f327	SimVar1000	SimVar1000	34	264	0.965265	371	289	0.961538
simvarmass_040e2043	SimVar1000	SimVar1000	138	2980	0.930668	641	3209	0.924770
simvarmass_04eac1fb	SimVar1000	SimVar1000	80	1601	0.936746	574	1753	0.924810
simvarmass_05f5a045	SimVar1000	SimVar1000	1222	1968	0.566984	324	4235	0.899120
simvarmass_06033d3a	SimVar1000	SimVar1000	100	742	0.954164	917	849	0.927536
simvarmass_0603b709	SimVar1000	SimVar1000	62	3025	0.932182	454	3215	0.927523
simvarmass_0620182b	SimVar1000	SimVar1000	376	2388	0.914943	295	2573	0.939500
simvarmass_066432a7	SimVar1000	SimVar1000	136	824	0.965962	344	880	0.964773
simvarmass_06f60ed6	SimVar1000	SimVar1000	86	754	0.963578	232	25847	0.058894
simvarmass_06fc8010	SimVar1000	SimVar1000	202	741	0.833052	328	1020	0.961127
simvarmass_06fe9d6f	SimVar1000	SimVar1000	69	418	0.964245	389	457	0.966887
simvarmass_07899160	SimVar1000	SimVar1000	103	1613	0.956573	1042	2067	0.876834
simvarmass_0789a0f3	SimVar1000	SimVar1000	97	2333	0.920602	706	22976	0.181390
simvarmass_07b44a9c	SimVar1000	SimVar1000	123	1063	0.953363	323	1122	0.954128
simvarmass_07dccd64	SimVar1000	SimVar1000	623	2764	0.773580	123	19654	0.311283
simvarmass_07f0eb01	SimVar1000	SimVar1000	1	795	0.950800	95	803	0.977968
simvarmass_083b2a31	SimVar1000	SimVar1000	141	1012	0.949661	261	25439	0.076700
simvarmass_0873b7ba	SimVar1000	SimVar1000	61	953	0.967513	447	1027	0.972603
simvarmass_087a6c84	SimVar1000	SimVar1000	321	2583	0.822088	399	3271	0.916810
simvarmass_08f24a73	SimVar1000	SimVar1000	1	3580	0.937983	424	3732	0.942795
simvarmass_090b7baf	SimVar1000	SimVar1000	76	957	0.964232	153	25758	0.073919
simvarmass_0995c52b	SimVar1000	SimVar1000	110	1588	0.956024	140	24118	0.125880
simvarmass_09d1b2f2	SimVar1000	SimVar1000	131	988	0.955051	263	1043	0.964218
simvarmass_0a10d52a	SimVar1000	SimVar1000	137	497	0.960386	144	27180	0.037088
simvarmass_0a30b947	SimVar1000	SimVar1000	82	3006	0.927608	353	21769	0.243357
simvarmass_0ab4e48b	SimVar1000	SimVar1000	135	3050	0.931944	565	21590	0.250718
simvarmass_0ada3d07	SimVar1000	SimVar1000	1273	1290	0.622287	239	2623	0.945428
simvarmass_0b80d062	SimVar1000	SimVar1000	166	1726	0.947716	569	23673	0.140886
simvarmass_0b97225e	SimVar1000	SimVar1000	130	2726	0.885798	304	22164	0.232329
simvarmass_0bb86b1a	SimVar1000	SimVar1000	45	2731	0.935550	584	3008	0.933072
simvarmass_0c23b69a	SimVar1000	SimVar1000	1011	1827	0.649023	44	19489	0.280869
simvarmass_0c2bf665	SimVar1000	SimVar1000	1478	896	0.386874	15	19446	0.282374
simvarmass_0c45ac8e	SimVar1000	SimVar1000	128	630	0.869005	1091	24060	0.059774
simvarmass_0c50ef71	SimVar1000	SimVar1000	90	2108	0.869384	463	23136	0.187645
simvarmass_0c706dac	SimVar1000	SimVar1000	186	1554	0.939788	323	1671	0.949737
simvarmass_0cafbb9a	SimVar1000	SimVar1000	71	1944	0.959053	719	2086	0.958532
simvarmass_0d011625	SimVar1000	SimVar1000	135	1911	0.949801	699	2043	0.951877
simvarmass_0d4e98a7	SimVar1000	SimVar1000	138	1788	0.949495	401	23970	0.144311
simvarmass_0d6b6bc2	SimVar1000	SimVar1000	70	1501	0.956633	319	1596	0.953265
simvarmass_0db1e688	SimVar1000	SimVar1000	92	653	0.956713	653	747	0.934798
simvarmass_0db4faaf	SimVar1000	SimVar1000	85	182	0.940568	143	187	0.954082
simvarmass_0dbf6196	SimVar1000	SimVar1000	858	3913	0.889824	317	4340	0.917805
simvarmass_0dee1aa6	SimVar1000	SimVar1000	138	3448	0.916124	71	20116	0.291265
simvarmass_0e7acf26	SimVar1000	SimVar1000	165	378	0.913309	686	417	0.920746
simvarmass_0ed101e7	SimVar1000	SimVar1000	763	2658	0.936905	67	21311	0.229128
simvarmass_0f18e193	SimVar1000	SimVar1000	91	3080	0.933374	311	21332	0.255062
simvarmass_0f34776d	SimVar1000	SimVar1000	95	2954	0.914880	617	21205	0.249400
simvarmass_102b4a40	SimVar1000	SimVar1000	100	505	0.960076	609	566	0.955975
simvarmass_1052e817	SimVar1000	SimVar1000	122	1646	0.928300	428	24127	0.128041
simvarmass_1097fdcb	SimVar1000	SimVar1000	162	2030	0.941122	338	2137	0.941416
simvarmass_10af34f7	SimVar1000	SimVar1000	133	1205	0.950276	906	1457	0.903805
simvarmass_10b163ae	SimVar1000	SimVar1000	110	2386	0.942410	856	2617	0.922407
simvarmass_10c07806	SimVar1000	SimVar1000	133	1502	0.945027	517	24085	0.120404
simvarmass_10e25af3	SimVar1000	SimVar1000	926	2558	0.897508	310	2943	0.954134
simvarmass_1115abf2	SimVar1000	SimVar1000	1	2081	0.946124	115	2141	0.954474
simvarmass_113acbd7	SimVar1000	SimVar1000	810	2716	0.836722	216	3457	0.939859
simvarmass_11aa0f3b	SimVar1000	SimVar1000	110	2454	0.938253	473	2636	0.934417
simvarmass_11f2a03f	SimVar1000	SimVar1000	64	2980	0.925707	329	3128	0.924035
simvarmass_12381dd4	SimVar1000	SimVar1000	56	694	0.963889	447	770	0.956464
simvarmass_123bf752	SimVar1000	SimVar1000	131	676	0.946771	499	25762	0.053897
simvarmass_12b06339	SimVar1000	SimVar1000	139	2578	0.933020	148	22020	0.211408
simvarmass_12cd60b8	SimVar1000	SimVar1000	126	233	0.930612	746	297	0.870036
simvarmass_135c1087	SimVar1000	SimVar1000	102	1804	0.940838	628	1949	0.938714
simvarmass_137586c6	SimVar1000	SimVar1000	133	2934	0.924921	69	21017	0.243950
simvarmass_14278158	SimVar1000	SimVar1000	346	77	0.890173	137	80	0.909091
simvarmass_14b9939d	SimVar1000	SimVar1000	86	1654	0.953287	279	1735	0.965906
simvarmass_14fdec33	SimVar1000	SimVar1000	69	3957	0.920513	301	20048	0.329537
simvarmass_158c6d6f	SimVar1000	SimVar1000	120	448	0.956056	228	27157	0.034079
simvarmass_15d70ca1	SimVar1000	SimVar1000	1	2045	0.952270	135	2143	0.965627
simvarmass_15e8b12f	SimVar1000	SimVar1000	60	2505	0.939940	68	21505	0.213252
simvarmass_1609773c	SimVar1000	SimVar1000	171	2618	0.942065	72	21777	0.218797
simvarmass_16ed3239	SimVar1000	SimVar1000	58	1339	0.947965	249	1428	0.962251
simvarmass_17553ddf	SimVar1000	SimVar1000	169	1829	0.947887	227	23566	0.146519
simvarmass_176ec772	SimVar1000	SimVar1000	1	2600	0.939137	131	2708	0.951993
simvarmass_17ec41cc	SimVar1000	SimVar1000	1	3877	0.913397	231	3950	0.909813
simvarmass_1815af94	SimVar1000	SimVar1000	67	3320	0.931892	178	20595	0.283653
simvarmass_18bddac2	SimVar1000	SimVar1000	83	2287	0.938776	554	22005	0.192414
simvarmass_18bedc09	SimVar1000	SimVar1000	1	3363	0.936247	80	20040	0.292276
simvarmass_18bf134c	SimVar1000	SimVar1000	1	3014	0.938191	6	19047	0.279836
simvarmass_18c77a5a	SimVar1000	SimVar1000	133	276	0.801187	848	25646	0.029105
simvarmass_18d50b59	SimVar1000	SimVar1000	94	2304	0.936941	80	21795	0.193715
simvarmass_1927f645	SimVar1000	SimVar1000	137	3047	0.919370	712	3485	0.892553
simvarmass_1958a247	SimVar1000	SimVar1000	78	1296	0.955400	325	1353	0.959567
simvarmass_195eb129	SimVar1000	SimVar1000	134	597	0.960579	663	657	0.945510
simvarmass_19b429de	SimVar1000	SimVar1000	116	2320	0.937397	942	22673	0.188504
simvarmass_1a06ca02	SimVar1000	SimVar1000	94	1093	0.957093	275	1151	0.965841
simvarmass_1a0ffbfb	SimVar1000	SimVar1000	152	192	0.964824	207	27857	0.014539
simvarmass_1b0d6725	SimVar1000	SimVar1000	1287	1668	0.537631	323	3924	0.905094
simvarmass_1b0f68d2	SimVar1000	SimVar1000	103	1320	0.957787	282	24991	0.102881
simvarmass_1b12b4bb	SimVar1000	SimVar1000	170	2494	0.936690	108	22158	0.207788
simvarmass_1b703957	SimVar1000	SimVar1000	145	1074	0.953819	352	1139	0.960725
simvarmass_1bad66b5	SimVar1000	SimVar1000	127	2424	0.940583	565	2652	0.935664
simvarmass_1c1f6378	SimVar1000	SimVar1000	176	520	0.960295	273	550	0.959569
simvarmass_1c691c91	SimVar1000	SimVar1000	1	3575	0.921511	117	3715	0.932523
simvarmass_1c6953fe	SimVar1000	SimVar1000	77	934	0.956477	378	24322	0.077424
simvarmass_1c801c66	SimVar1000	SimVar1000	163	2488	0.929520	672	2710	0.915455
simvarmass_1cca47ae	SimVar1000	SimVar1000	101	666	0.184492	933	104	0.774194
simvarmass_1d13cb6a	SimVar1000	SimVar1000	115	2423	0.953901	438	2599	0.950495
simvarmass_1d8f48d6	SimVar1000	SimVar1000	88	992	0.965920	381	1053	0.964539
simvarmass_1e292794	SimVar1000	SimVar1000	1	1424	0.951872	161	1496	0.973890
simvarmass_1ef11d56	SimVar1000	SimVar1000	1036	3215	0.843016	82	19171	0.329418
simvarmass_1f2146f2	SimVar1000	SimVar1000	61	1876	0.948912	524	2054	0.928848
simvarmass_1f7dec2e	SimVar1000	SimVar1000	1	2722	0.932416	83	21126	0.229324
simvarmass_1f9bee6c	SimVar1000	SimVar1000	714	906	0.870317	170	1131	0.971825
simvarmass_1fa85e81	SimVar1000	SimVar1000	120	1488	0.929514	1374	1731	0.898507
simvarmass_2019dff8	SimVar1000	SimVar1000	113	2930	0.934397	174	21528	0.241483
simvarmass_2040c07c	SimVar1000	SimVar1000	97	914	0.955021	744	1035	0.932612
simvarmass_2073e39f	SimVar1000	SimVar1000	135	2498	0.910981	323	2687	0.931758
simvarmass_207810da	SimVar1000	SimVar1000	1	3854	0.927093	104	3986	0.936523
simvarmass_20965d30	SimVar1000	SimVar1000	135	1416	0.953857	497	1559	0.938946
simvarmass_20b8e1ca	SimVar1000	SimVar1000	1553	1081	0.358957	284	4381	0.923952
simvarmass_20fe9f1d	SimVar1000	SimVar1000	879	1625	0.675114	247	2900	0.939399
simvarmass_217b106f	SimVar1000	SimVar1000	381	3062	0.854949	169	3495	0.911269
simvarmass_218590cf	SimVar1000	SimVar1000	158	899	0.969272	447	978	0.957601
simvarmass_218a3c9c	SimVar1000	SimVar1000	110	796	0.964848	300	26121	0.061538
simvarmass_2194e4e6	SimVar1000	SimVar1000	118	2432	0.930678	106	22315	0.199004
simvarmass_223ddcdb	SimVar1000	SimVar1000	90	2591	0.927813	726	2865	0.918511
simvarmass_2246722f	SimVar1000	SimVar1000	614	2418	0.925167	346	2666	0.958889
simvarmass_22c3bef7	SimVar1000	SimVar1000	1	2865	0.871703	474	2586	0.942199
simvarmass_22c87f1f	SimVar1000	SimVar1000	148	2071	0.926784	895	23283	0.167390
simvarmass_22f1554e	SimVar1000	SimVar1000	1	4173	0.923588	143	4328	0.935003
simvarmass_232f20ff	SimVar1000	SimVar1000	1	3724	0.929008	104	3855	0.943040
simvarmass_23354941	SimVar1000	SimVar1000	142	3198	0.937207	328	21124	0.266591
simvarmass_23730928	SimVar1000	SimVar1000	1	2058	0.924461	261	2044	0.950820
simvarmass_23dcaeec	SimVar1000	SimVar1000	110	284	0.965986	483	307	0.972177
simvarmass_23df681e	SimVar1000	SimVar1000	139	2628	0.937377	323	2805	0.939467
simvarmass_2421fd62	SimVar1000	SimVar1000	145	3828	0.919884	317	20262	0.319473
simvarmass_24540a92	SimVar1000	SimVar1000	105	3867	0.927766	143	19985	0.323327
simvarmass_2473ca29	SimVar1000	SimVar1000	99	768	0.955818	539	844	0.957813
simvarmass_24830497	SimVar1000	SimVar1000	159	1521	0.960834	170	24241	0.121919
simvarmass_2488a473	SimVar1000	SimVar1000	811	2526	0.898453	452	2967	0.950198
simvarmass_256d35df	SimVar1000	SimVar1000	1	3453	0.932955	59	20076	0.294992
simvarmass_258b991f	SimVar1000	SimVar1000	149	1967	0.947039	450	2073	0.947887
simvarmass_25a99594	SimVar1000	SimVar1000	124	1839	0.873618	649	23164	0.168243
simvarmass_25cbd4e4	SimVar1000	SimVar1000	1275	623	0.232376	217	4152	0.926330
simvarmass_25ef5f1c	SimVar1000	SimVar1000	127	1221	0.950743	344	24992	0.096472
simvarmass_260be588	SimVar1000	SimVar1000	127	1114	0.815402	1158	23369	0.117250
simvarmass_26270823	SimVar1000	SimVar1000	70	954	0.957351	96	25623	0.073963
simvarmass_263e6d84	SimVar1000	SimVar1000	93	1999	0.801552	1204	23379	0.121818
simvarmass_269b0fa8	SimVar1000	SimVar1000	92	136	0.915254	241	143	0.920530
simvarmass_273ee887	SimVar1000	SimVar1000	146	1875	0.936690	606	23172	0.152041
simvarmass_2750ce6e	SimVar1000	SimVar1000	104	3658	0.917975	259	20211	0.306763
simvarmass_27c666b8	SimVar1000	SimVar1000	557	1828	0.946415	227	1961	0.961461
simvarmass_2805da1a	SimVar1000	SimVar1000	106	369	0.954486	514	25704	0.029727
simvarmass_283db249	SimVar1000	SimVar1000	139	1137	0.948686	1033	1397	0.910802
simvarmass_2870985c	SimVar1000	SimVar1000	1	2759	0.928415	77	2844	0.939223
simvarmass_28887250	SimVar1000	SimVar1000	61	624	0.968192	245	642	0.976282
simvarmass_28ff8035	SimVar1000	SimVar1000	938	389	0.211701	212	3047	0.949945
simvarmass_2923e3c9	SimVar1000	SimVar1000	177	820	0.960750	752	909	0.957684
simvarmass_29b2baa7	SimVar1000	SimVar1000	147	2539	0.929841	488	2675	0.926899
simvarmass_29cbf09c	SimVar1000	SimVar1000	1184	2757	0.798205	20	18675	0.325418
simvarmass_29d78f93	SimVar1000	SimVar1000	136	3891	0.926271	388	20289	0.322518
simvarmass_29f9711c	SimVar1000	SimVar1000	84	2538	0.944176	506	2688	0.941709
simvarmass_29ff6193	SimVar1000	SimVar1000	172	1837	0.927632	768	2097	0.912631
simvarmass_2a285943	SimVar1000	SimVar1000	144	1007	0.953598	385	1078	0.955566
simvarmass_2a6895f5	SimVar1000	SimVar1000	1350	238	0.144461	206	2829	0.951070
simvarmass_2af9baa6	SimVar1000	SimVar1000	801	1045	0.745896	214	1690	0.963156
simvarmass_2b02193a	SimVar1000	SimVar1000	170	2425	0.926521	562	2554	0.928105
simvarmass_2b46b01d	SimVar1000	SimVar1000	110	1668	0.909091	397	24083	0.123166
simvarmass_2bafae7f	SimVar1000	SimVar1000	99	113	0.906667	643	25789	0.008108
simvarmass_2bfdedda	SimVar1000	SimVar1000	124	50	0.821429	518	59	0.842975
simvarmass_2c007613	SimVar1000	SimVar1000	110	2455	0.946739	394	2628	0.948273
simvarmass_2c291fa6	SimVar1000	SimVar1000	159	1649	0.943234	536	23685	0.135950
simvarmass_2c2b754d	SimVar1000	SimVar1000	130	3272	0.805326	1240	20670	0.298619
simvarmass_2c4ed30f	SimVar1000	SimVar1000	124	2642	0.929185	772	22192	0.215576
simvarmass_2c606d5d	SimVar1000	SimVar1000	78	1709	0.950473	210	23736	0.139339
simvarmass_2c7b671a	SimVar1000	SimVar1000	114	3716	0.874704	241	20356	0.316218
simvarmass_2c7f4b5a	SimVar1000	SimVar1000	1	1385	0.944176	207	1457	0.956960
simvarmass_2cb0f5cd	SimVar1000	SimVar1000	158	476	0.958035	921	561	0.905838
simvarmass_2cb34d52	SimVar1000	SimVar1000	153	1464	0.943005	658	1639	0.933497
simvarmass_2cc3689d	SimVar1000	SimVar1000	159	3226	0.919258	329	21002	0.267248
simvarmass_2d47e4a0	SimVar1000	SimVar1000	113	2108	0.942333	480	2271	0.936813
simvarmass_2d5afc24	SimVar1000	SimVar1000	1	2198	0.952340	128	2269	0.964796
simvarmass_2d9e4bfa	SimVar1000	SimVar1000	1576	336	0.147401	100	19579	0.313587
simvarmass_2dc51da2	SimVar1000	SimVar1000	73	3300	0.933220	207	20795	0.274396
simvarmass_2df16dde	SimVar1000	SimVar1000	650	2267	0.915220	387	2495	0.947897
simvarmass_2e3428d7	SimVar1000	SimVar1000	73	1495	0.955854	187	1550	0.965105
simvarmass_2e971b22	SimVar1000	SimVar1000	91	1127	0.955857	461	1182	0.956450
simvarmass_2e9e1b5f	SimVar1000	SimVar1000	591	2845	0.777839	242	3929	0.923755
simvarmass_2eb4322c	SimVar1000	SimVar1000	149	1018	0.962648	572	1124	0.948222
simvarmass_2f1b5a5f	SimVar1000	SimVar1000	1	2023	0.943537	161	2078	0.950933
simvarmass_2f453bf9	SimVar1000	SimVar1000	628	1621	0.537289	371	3937	0.924311
simvarmass_2f5b2fee	SimVar1000	SimVar1000	118	1576	0.955994	399	24023	0.126486
simvarmass_2f6b35b9	SimVar1000	SimVar1000	87	2588	0.930768	112	22045	0.212727
simvarmass_2fa025ec	SimVar1000	SimVar1000	147	3777	0.924000	236	20371	0.313749
simvarmass_303e209d	SimVar1000	SimVar1000	1083	1457	0.711252	146	2416	0.941456
simvarmass_30dbea07	SimVar1000	SimVar1000	170	1749	0.941588	461	1869	0.944459
simvarmass_30e1e0ab	SimVar1000	SimVar1000	132	320	0.936631	268	27162	0.023064
simvarmass_31f8abbe	SimVar1000	SimVar1000	141	271	0.916376	637	26365	0.022049
simvarmass_3241ee85	SimVar1000	SimVar1000	106	1587	0.952010	320	1657	0.957109
simvarmass_328f80f1	SimVar1000	SimVar1000	1	3032	0.933210	168	3111	0.943287
simvarmass_330ad0b6	SimVar1000	SimVar1000	289	2975	0.856731	47	20042	0.285690
simvarmass_337425ae	SimVar1000	SimVar1000	37	3569	0.927039	629	3847	0.910506
simvarmass_3394996f	SimVar1000	SimVar1000	119	189	0.928747	362	210	0.934579
simvarmass_33dfe207	SimVar1000	SimVar1000	140	3256	0.933027	287	20874	0.272783
simvarmass_33ffa140	SimVar1000	SimVar1000	132	3030	0.889322	675	21586	0.256648
simvarmass_34406a5b	SimVar1000	SimVar1000	148	77	0.846154	372	105	0.895238
simvarmass_3441f94a	SimVar1000	SimVar1000	504	38	0.783505	255	41	0.800000
simvarmass_35041662	SimVar1000	SimVar1000	1763	297	0.190874	169	2589	0.954108
simvarmass_357db159	SimVar1000	SimVar1000	162	1649	0.823529	574	23402	0.165280
simvarmass_35e1660c	SimVar1000	SimVar1000	229	1755	0.956664	282	1820	0.951794
simvarmass_3627c8e7	SimVar1000	SimVar1000	1	4230	0.923026	361	4484	0.912340
simvarmass_3642549e	SimVar1000	SimVar1000	126	526	0.966024	488	600	0.950989
simvarmass_366e6dde	SimVar1000	SimVar1000	1	1916	0.948571	225	2017	0.961706
simvarmass_36793b22	SimVar1000	SimVar1000	1	3790	0.910620	84	3901	0.920213
simvarmass_36bb4c2c	SimVar1000	SimVar1000	326	3620	0.881930	431	3948	0.900996
simvarmass_36d96606	SimVar1000	SimVar1000	168	2003	0.940817	90	23169	0.162681
simvarmass_371cf04e	SimVar1000	SimVar1000	160	2404	0.942191	874	2696	0.918258
simvarmass_375f5c52	SimVar1000	SimVar1000	142	1047	0.962690	283	25283	0.082478
simvarmass_378bfb2d	SimVar1000	SimVar1000	38	3499	0.937861	246	20430	0.296284
simvarmass_37eb6798	SimVar1000	SimVar1000	147	2161	0.935498	633	2283	0.942640
simvarmass_381069bf	SimVar1000	SimVar1000	63	386	0.950739	422	444	0.933333
simvarmass_38474828	SimVar1000	SimVar1000	111	2686	0.939940	348	2802	0.938047
simvarmass_3852c7b0	SimVar1000	SimVar1000	139	3438	0.925003	409	20772	0.285934
simvarmass_38840b79	SimVar1000	SimVar1000	131	3072	0.937872	123	21028	0.256906
simvarmass_38a0f3c9	SimVar1000	SimVar1000	300	137	0.913333	223	151	0.936306
simvarmass_38f8c7ab	SimVar1000	SimVar1000	141	1972	0.939048	545	2133	0.928686
simvarmass_391943f4	SimVar1000	SimVar1000	64	395	0.955260	234	435	0.957324
simvarmass_39408a1e	SimVar1000	SimVar1000	162	1309	0.958211	241	24965	0.103927
simvarmass_3a4a561c	SimVar1000	SimVar1000	1039	1565	0.487539	457	4415	0.916721
simvarmass_3a4f329f	SimVar1000	SimVar1000	395	1598	0.501019	368	4261	0.921920
simvarmass_3a67e8d5	SimVar1000	SimVar1000	1614	724	0.399338	212	2640	0.929989
simvarmass_3b0ff24f	SimVar1000	SimVar1000	102	1360	0.933286	407	25039	0.102485
simvarmass_3b507a51	SimVar1000	SimVar1000	92	3180	0.858717	650	22049	0.245290
simvarmass_3b525d94	SimVar1000	SimVar1000	1313	122	0.091902	195	2388	0.958342
simvarmass_3bd477e1	SimVar1000	SimVar1000	110	3612	0.921757	598	3952	0.900233
simvarmass_3c589d67	SimVar1000	SimVar1000	103	667	0.965967	473	717	0.968553
simvarmass_3c7a0e3a	SimVar1000	SimVar1000	236	3236	0.937138	394	3439	0.939918
simvarmass_3cd1139d	SimVar1000	SimVar1000	122	2679	0.855720	583	22366	0.208393
simvarmass_3cea51ba	SimVar1000	SimVar1000	135	2629	0.929747	375	2716	0.933426
simvarmass_3d8063b2	SimVar1000	SimVar1000	125	2479	0.943418	239	22681	0.200778
simvarmass_3da5abcb	SimVar1000	SimVar1000	61	3761	0.926451	475	3991	0.920810
simvarmass_3dd1f5ef	SimVar1000	SimVar1000	81	998	0.967961	312	25518	0.077126
simvarmass_3ee3d134	SimVar1000	SimVar1000	113	1991	0.949177	1073	2305	0.907436
simvarmass_3f19edca	SimVar1000	SimVar1000	156	1600	0.951249	422	1687	0.955085
simvarmass_3f4a6e16	SimVar1000	SimVar1000	124	2390	0.939949	216	22549	0.197638
simvarmass_3f8c8e2c	SimVar1000	SimVar1000	138	1186	0.903424	1563	1628	0.857613
simvarmass_3fa62fa9	SimVar1000	SimVar1000	1	1989	0.948926	120	2068	0.965097
simvarmass_41239248	SimVar1000	SimVar1000	90	4233	0.661137	729	22578	0.184325
simvarmass_41b978de	SimVar1000	SimVar1000	173	1631	0.949360	468	1781	0.945901
simvarmass_4209aba5	SimVar1000	SimVar1000	1	1503	0.959974	263	1578	0.970607
simvarmass_420d8c31	SimVar1000	SimVar1000	76	1152	0.961202	283	1218	0.967925
simvarmass_42271b67	SimVar1000	SimVar1000	150	3723	0.910894	641	3920	0.900442
simvarmass_4278d716	SimVar1000	SimVar1000	1371	910	0.362405	115	3552	0.922756
simvarmass_42835432	SimVar1000	SimVar1000	201	3804	0.906663	122	19589	0.322082
simvarmass_4290f5ce	SimVar1000	SimVar1000	118	4099	0.914796	123	19400	0.344327
simvarmass_42af58fa	SimVar1000	SimVar1000	107	1943	0.921103	354	2115	0.927397
simvarmass_42efa23f	SimVar1000	SimVar1000	107	1248	0.955224	574	1381	0.944647
simvarmass_4342bc62	SimVar1000	SimVar1000	178	2288	0.937872	207	22712	0.186317
simvarmass_4385314b	SimVar1000	SimVar1000	84	1805	0.953261	126	23581	0.145836
simvarmass_43bc3288	SimVar1000	SimVar1000	53	306	0.951788	475	344	0.960352
simvarmass_43e38541	SimVar1000	SimVar1000	61	1200	0.962310	284	1298	0.966821
simvarmass_4403d3ed	SimVar1000	SimVar1000	136	1240	0.956044	869	1420	0.924487
simvarmass_44087b8d	SimVar1000	SimVar1000	113	2758	0.884204	521	21904	0.233565
simvarmass_447de12e	SimVar1000	SimVar1000	126	1372	0.943462	594	24056	0.112645
simvarmass_44805fd5	SimVar1000	SimVar1000	47	3522	0.935690	209	20426	0.296439
simvarmass_449806e8	SimVar1000	SimVar1000	128	591	0.972039	326	648	0.956795
simvarmass_44aaa311	SimVar1000	SimVar1000	1	3163	0.935245	228	3333	0.948659
simvarmass_4507ea79	SimVar1000	SimVar1000	122	1690	0.939239	819	1942	0.906200
simvarmass_4509e5ed	SimVar1000	SimVar1000	177	1591	0.961329	771	1724	0.953238
simvarmass_451126e7	SimVar1000	SimVar1000	1	3729	0.921176	246	3848	0.926336
simvarmass_45504ee8	SimVar1000	SimVar1000	294	2729	0.873519	335	3111	0.916717
simvarmass_45a81515	SimVar1000	SimVar1000	1	2154	0.948063	138	2240	0.960691
simvarmass_45c559ed	SimVar1000	SimVar1000	1	2851	0.934273	100	2907	0.940718
simvarmass_4629fa96	SimVar1000	SimVar1000	100	4696	0.773585	1149	19066	0.302927
simvarmass_46c7c787	SimVar1000	SimVar1000	144	3348	0.922526	139	20412	0.282918
simvarmass_4720035d	SimVar1000	SimVar1000	132	2491	0.946069	508	2706	0.947272
simvarmass_479d938e	SimVar1000	SimVar1000	1164	1658	0.649941	314	3228	0.945444
simvarmass_47a2dd88	SimVar1000	SimVar1000	126	649	0.965774	1059	710	0.960854
simvarmass_47b2e4bb	SimVar1000	SimVar1000	475	2103	0.859420	249	2529	0.939474
simvarmass_47c96b2b	SimVar1000	SimVar1000	134	3058	0.931565	162	21247	0.253414
simvarmass_47e5ac67	SimVar1000	SimVar1000	86	4264	0.920800	265	19565	0.357794
simvarmass_48fe87a6	SimVar1000	SimVar1000	89	1933	0.954568	570	2072	0.953450
simvarmass_49420bf2	SimVar1000	SimVar1000	109	2180	0.943290	477	2298	0.945125
simvarmass_49723d89	SimVar1000	SimVar1000	108	3583	0.829756	771	21210	0.273480
simvarmass_497bd937	SimVar1000	SimVar1000	152	3779	0.924417	471	20635	0.306806
simvarmass_497f1863	SimVar1000	SimVar1000	1	4181	0.916584	136	4377	0.929070
simvarmass_498ddeec	SimVar1000	SimVar1000	128	2826	0.750554	1548	20317	0.283324
simvarmass_499bad61	SimVar1000	SimVar1000	59	2838	0.887280	566	3220	0.899317
simvarmass_49a23205	SimVar1000	SimVar1000	141	2153	0.952023	646	2275	0.946394
simvarmass_49ad582d	SimVar1000	SimVar1000	1	1342	0.958571	106	1400	0.972008
simvarmass_4a324a5c	SimVar1000	SimVar1000	143	3888	0.907773	167	19733	0.322869
simvarmass_4a3ec322	SimVar1000	SimVar1000	122	450	0.880333	744	26649	0.036451
simvarmass_4a5cc146	SimVar1000	SimVar1000	91	631	0.970023	435	694	0.957478
simvarmass_4ae936fb	SimVar1000	SimVar1000	83	728	0.959789	294	763	0.971649
simvarmass_4af4e733	SimVar1000	SimVar1000	997	604	0.216255	80	18930	0.351539
simvarmass_4af9eae4	SimVar1000	SimVar1000	145	2487	0.943096	575	2690	0.936256
simvarmass_4b973734	SimVar1000	SimVar1000	1	2060	0.947344	227	2162	0.958436
simvarmass_4bf851f4	SimVar1000	SimVar1000	93	1300	0.945428	676	24090	0.104933
simvarmass_4c3db3e0	SimVar1000	SimVar1000	104	1713	0.947603	576	23405	0.138766
simvarmass_4cff68dd	SimVar1000	SimVar1000	162	3438	0.894799	89	20014	0.295377
simvarmass_4da96527	SimVar1000	SimVar1000	1	2539	0.945448	98	2654	0.960992
simvarmass_4e2037de	SimVar1000	SimVar1000	93	807	0.962433	225	835	0.968915
simvarmass_4e6424d4	SimVar1000	SimVar1000	1	2967	0.914853	411	3057	0.933102
simvarmass_4e6c66b5	SimVar1000	SimVar1000	102	1328	0.953990	330	1393	0.964524
simvarmass_4ee1f562	SimVar1000	SimVar1000	121	525	0.954545	621	586	0.954350
simvarmass_4f0a8f7b	SimVar1000	SimVar1000	142	2680	0.938540	398	2846	0.937893
simvarmass_4faa4c1b	SimVar1000	SimVar1000	1	1232	0.953020	153	1270	0.973162
simvarmass_4fc9f3d5	SimVar1000	SimVar1000	100	640	0.956652	598	712	0.954610
simvarmass_50141771	SimVar1000	SimVar1000	73	831	0.960139	131	864	0.965986
simvarmass_5038838c	SimVar1000	SimVar1000	1590	314	0.166270	33	20333	0.265759
simvarmass_507a3469	SimVar1000	SimVar1000	72	3436	0.930768	451	3635	0.923483
simvarmass_508f27ea	SimVar1000	SimVar1000	1	3860	0.907593	46	18965	0.328898
simvarmass_509cce05	SimVar1000	SimVar1000	66	1332	0.911835	528	1478	0.945443
simvarmass_50dc0c1b	SimVar1000	SimVar1000	265	2070	0.888698	582	2339	0.933577
simvarmass_5110afc0	SimVar1000	SimVar1000	158	146	0.893204	618	150	0.932907
simvarmass_5130d79d	SimVar1000	SimVar1000	1	4263	0.926691	224	4441	0.933632
simvarmass_514dab69	SimVar1000	SimVar1000	140	1665	0.937500	625	1801	0.944685
simvarmass_519be62c	SimVar1000	SimVar1000	142	3341	0.939918	210	20673	0.281026
simvarmass_521b2fcf	SimVar1000	SimVar1000	75	1331	0.951054	184	1382	0.957193
simvarmass_52b9e24b	SimVar1000	SimVar1000	562	2525	0.797159	330	3342	0.907998
simvarmass_52cc7cad	SimVar1000	SimVar1000	178	3701	0.872539	44	19106	0.338357
simvarmass_52e9b9f6	SimVar1000	SimVar1000	1038	1049	0.509594	296	2843	0.947048
simvarmass_53aa2603	SimVar1000	SimVar1000	1	3415	0.927863	69	3524	0.941365
simvarmass_5412536b	SimVar1000	SimVar1000	73	1199	0.956140	201	1245	0.962412
simvarmass_542d785e	SimVar1000	SimVar1000	148	1165	0.966777	824	1286	0.956109
simvarmass_547ded23	SimVar1000	SimVar1000	61	120	0.960000	311	130	0.953846
simvarmass_54f92f8f	SimVar1000	SimVar1000	148	675	0.939674	462	25708	0.053551
simvarmass_550575d2	SimVar1000	SimVar1000	117	641	0.958146	311	698	0.954839
simvarmass_5572f538	SimVar1000	SimVar1000	112	3903	0.904568	225	20043	0.323000
simvarmass_557bcb9f	SimVar1000	SimVar1000	111	1902	0.874651	451	23224	0.170532
simvarmass_55b80af7	SimVar1000	SimVar1000	204	1428	0.955504	212	24391	0.115136
simvarmass_55d2f605	SimVar1000	SimVar1000	149	1885	0.935155	314	2022	0.931764
simvarmass_55e79ac7	SimVar1000	SimVar1000	55	3028	0.937587	386	3219	0.938929
simvarmass_566f6ec3	SimVar1000	SimVar1000	1509	482	0.281707	341	2777	0.952598
simvarmass_56809116	SimVar1000	SimVar1000	113	1652	0.944000	462	1792	0.944505
simvarmass_569a3926	SimVar1000	SimVar1000	281	2227	0.949051	271	2298	0.953801
simvarmass_569fe391	SimVar1000	SimVar1000	74	696	0.960663	231	731	0.966307
simvarmass_574b4882	SimVar1000	SimVar1000	109	3236	0.909428	612	20808	0.270675
simvarmass_578a5ba2	SimVar1000	SimVar1000	80	3866	0.882122	459	20378	0.320070
simvarmass_57989454	SimVar1000	SimVar1000	349	1213	0.966149	576	1323	0.961465
simvarmass_57cb1b17	SimVar1000	SimVar1000	953	3347	0.892833	371	3780	0.933888
simvarmass_57ed1b96	SimVar1000	SimVar1000	98	1574	0.951603	667	1705	0.945010
simvarmass_58219ab8	SimVar1000	SimVar1000	1	1650	0.849500	196	1384	0.956644
simvarmass_5857e475	SimVar1000	SimVar1000	86	871	0.961900	627	952	0.959831
simvarmass_58c88cb8	SimVar1000	SimVar1000	99	1664	0.939745	946	1945	0.919287
simvarmass_5904c7c9	SimVar1000	SimVar1000	121	1400	0.970537	370	1475	0.974324
simvarmass_59331951	SimVar1000	SimVar1000	92	1046	0.951730	531	1181	0.944659
simvarmass_593b6ef9	SimVar1000	SimVar1000	142	3211	0.935860	232	20879	0.271200
simvarmass_59916540	SimVar1000	SimVar1000	169	2432	0.945935	128	22080	0.200645
simvarmass_599fc245	SimVar1000	SimVar1000	84	3333	0.927875	209	20836	0.279360
simvarmass_59bbde05	SimVar1000	SimVar1000	927	1369	0.447459	304	4094	0.901628
simvarmass_5a15dfc7	SimVar1000	SimVar1000	159	747	0.950318	221	26333	0.057961
simvarmass_5a3e9319	SimVar1000	SimVar1000	80	2571	0.929231	89	21717	0.212638
simvarmass_5a492619	SimVar1000	SimVar1000	170	2362	0.940426	530	2520	0.938381
simvarmass_5a694510	SimVar1000	SimVar1000	126	186	0.950649	767	239	0.853881
simvarmass_5a7e342f	SimVar1000	SimVar1000	117	3339	0.868695	876	3711	0.877338
simvarmass_5a9f8e7a	SimVar1000	SimVar1000	82	404	0.951708	220	435	0.961364
simvarmass_5aa243e5	SimVar1000	SimVar1000	160	2807	0.944922	704	3047	0.933139
simvarmass_5b395735	SimVar1000	SimVar1000	93	1113	0.962387	107	1165	0.969979
simvarmass_5b3a6fd2	SimVar1000	SimVar1000	256	2642	0.944921	434	2886	0.935572
simvarmass_5b6a9fc1	SimVar1000	SimVar1000	125	746	0.961340	954	842	0.951456
simvarmass_5bc6cd50	SimVar1000	SimVar1000	901	2060	0.678748	251	3488	0.921312
simvarmass_5bd1d42c	SimVar1000	SimVar1000	50	1249	0.960031	281	1310	0.971085
simvarmass_5bf9cd3e	SimVar1000	SimVar1000	98	3221	0.926231	380	21254	0.263542
simvarmass_5c185bcd	SimVar1000	SimVar1000	171	1271	0.957800	116	24930	0.101167
simvarmass_5c9c66d2	SimVar1000	SimVar1000	125	4221	0.924037	181	19112	0.359845
simvarmass_5cb94119	SimVar1000	SimVar1000	1	3449	0.926652	175	3515	0.931292
simvarmass_5cc6f9ed	SimVar1000	SimVar1000	168	1670	0.952924	503	1761	0.957731
simvarmass_5cf74cd5	SimVar1000	SimVar1000	78	2043	0.944470	440	2226	0.931853
simvarmass_5d1433c9	SimVar1000	SimVar1000	50	3860	0.858434	898	4446	0.866801
simvarmass_5db79e71	SimVar1000	SimVar1000	86	3079	0.871060	529	21648	0.264824
simvarmass_5dfaa789	SimVar1000	SimVar1000	1057	2156	0.719987	199	3379	0.925957
simvarmass_5e3334b1	SimVar1000	SimVar1000	422	253	0.952919	180	270	0.978102
simvarmass_5e5cb717	SimVar1000	SimVar1000	1464	1503	0.547043	216	3495	0.914118
simvarmass_5e7e58f5	SimVar1000	SimVar1000	107	980	0.702495	1382	680	0.907363
simvarmass_5ec909b0	SimVar1000	SimVar1000	313	1932	0.945205	241	2023	0.958124
simvarmass_5fbb60fb	SimVar1000	SimVar1000	181	4241	0.915470	192	19398	0.354955
simvarmass_6018f2df	SimVar1000	SimVar1000	63	2581	0.930207	443	2726	0.923374
simvarmass_601f97c7	SimVar1000	SimVar1000	825	2746	0.849103	218	3403	0.943158
simvarmass_60555ad7	SimVar1000	SimVar1000	146	1520	0.949015	197	24586	0.121235
simvarmass_60f369b7	SimVar1000	SimVar1000	211	3045	0.931008	452	3231	0.936189
simvarmass_6106c83b	SimVar1000	SimVar1000	120	2849	0.941021	207	21601	0.239226
simvarmass_611d0266	SimVar1000	SimVar1000	139	2918	0.932545	83	20571	0.249279
simvarmass_613cc0be	SimVar1000	SimVar1000	1311	120	0.048850	93	18965	0.355670
simvarmass_614ec418	SimVar1000	SimVar1000	1	3809	0.915165	153	3897	0.921998
simvarmass_61de38c9	SimVar1000	SimVar1000	117	2378	0.949071	310	2519	0.950272
simvarmass_61f04b84	SimVar1000	SimVar1000	111	3225	0.925846	411	21361	0.263387
simvarmass_622dcdb1	SimVar1000	SimVar1000	103	2318	0.578706	890	24854	0.086592
simvarmass_62ce7be9	SimVar1000	SimVar1000	88	3376	0.922509	334	3497	0.922560
simvarmass_62f549d9	SimVar1000	SimVar1000	130	3066	0.883876	265	21427	0.261117
simvarmass_63215b79	SimVar1000	SimVar1000	108	2775	0.940519	242	2893	0.941020
simvarmass_63250dba	SimVar1000	SimVar1000	1	3029	0.930218	195	3126	0.935635
simvarmass_6377e4e0	SimVar1000	SimVar1000	1074	544	0.263630	277	3276	0.935997
simvarmass_645bb2f2	SimVar1000	SimVar1000	213	1883	0.948828	139	23347	0.150840
simvarmass_64aa794a	SimVar1000	SimVar1000	169	2254	0.942432	226	22599	0.185893
simvarmass_64d1401e	SimVar1000	SimVar1000	124	2886	0.925718	513	3093	0.921118
simvarmass_64defaf0	SimVar1000	SimVar1000	120	2574	0.884928	713	22166	0.218386
simvarmass_65333ab4	SimVar1000	SimVar1000	125	160	0.952096	692	203	0.875332
simvarmass_654ce2e4	SimVar1000	SimVar1000	1540	338	0.198824	172	2774	0.944825
simvarmass_654fd554	SimVar1000	SimVar1000	74	1103	0.965427	172	1133	0.971058
simvarmass_65666ac5	SimVar1000	SimVar1000	144	482	0.973737	259	517	0.961951
simvarmass_6586fd74	SimVar1000	SimVar1000	1	1420	0.775460	218	1003	0.973373
simvarmass_659fa243	SimVar1000	SimVar1000	144	3804	0.908786	386	20320	0.312885
simvarmass_65d8292e	SimVar1000	SimVar1000	82	4083	0.908726	184	19621	0.338460
simvarmass_663c9378	SimVar1000	SimVar1000	121	2111	0.947274	318	2239	0.957034
simvarmass_66a8d804	SimVar1000	SimVar1000	1	1765	0.954828	212	1853	0.969617
simvarmass_66d1f4c5	SimVar1000	SimVar1000	108	1642	0.946943	180	1757	0.952833
simvarmass_66f63cf6	SimVar1000	SimVar1000	80	3548	0.923358	231	20387	0.298070
simvarmass_67b2916e	SimVar1000	SimVar1000	1	2082	0.941416	135	2138	0.951083
simvarmass_6819313d	SimVar1000	SimVar1000	38	65	0.872483	151	72	0.858974
simvarmass_6897f4a7	SimVar1000	SimVar1000	95	12	0.615385	867	65	0.282609
simvarmass_689fa9ed	SimVar1000	SimVar1000	74	2222	0.945284	176	23028	0.180841
simvarmass_68f8a12f	SimVar1000	SimVar1000	162	2900	0.934429	450	3131	0.938801
simvarmass_690ae13f	SimVar1000	SimVar1000	725	3240	0.895770	262	3587	0.933650
simvarmass_695e624c	SimVar1000	SimVar1000	149	1326	0.957055	469	1435	0.959028
simvarmass_6965cbd0	SimVar1000	SimVar1000	133	694	0.959170	349	745	0.966578
simvarmass_698362ec	SimVar1000	SimVar1000	140	2230	0.948586	355	23072	0.179302
simvarmass_69ec5775	SimVar1000	SimVar1000	184	2211	0.944670	389	2293	0.946042
simvarmass_6b29022b	SimVar1000	SimVar1000	54	951	0.970904	408	999	0.970603
simvarmass_6b81ae5d	SimVar1000	SimVar1000	131	572	0.958124	354	619	0.962127
simvarmass_6bf089f5	SimVar1000	SimVar1000	163	928	0.957688	767	1010	0.954455
simvarmass_6c60f6f9	SimVar1000	SimVar1000	113	2187	0.940443	317	2267	0.946523
simvarmass_6c8f9341	SimVar1000	SimVar1000	147	3218	0.936245	334	3417	0.938181
simvarmass_6cfb89e7	SimVar1000	SimVar1000	133	811	0.961470	186	25978	0.062709
simvarmass_6d1b128c	SimVar1000	SimVar1000	226	494	0.962025	477	542	0.954419
simvarmass_6d6f1ea7	SimVar1000	SimVar1000	165	1438	0.953867	180	24552	0.114518
simvarmass_6d88b866	SimVar1000	SimVar1000	104	1938	0.936119	326	23285	0.157242
simvarmass_6e1e63e0	SimVar1000	SimVar1000	147	4151	0.918446	145	19212	0.353307
simvarmass_6e213421	SimVar1000	SimVar1000	1	1303	0.961107	211	1347	0.982340
simvarmass_6e6538b8	SimVar1000	SimVar1000	578	2541	0.838199	63	20292	0.263207
simvarmass_6e733dd7	SimVar1000	SimVar1000	149	3549	0.927703	383	3784	0.923896
simvarmass_6e9ec339	SimVar1000	SimVar1000	48	32	0.901408	712	44	0.795181
simvarmass_6eaf489e	SimVar1000	SimVar1000	252	1289	0.954815	182	1390	0.971082
simvarmass_6ec631d8	SimVar1000	SimVar1000	110	2156	0.951855	363	2306	0.957247
simvarmass_6fb02ac2	SimVar1000	SimVar1000	143	2039	0.948152	513	2163	0.946893
simvarmass_6ff7e6de	SimVar1000	SimVar1000	120	3382	0.912897	113	20241	0.285443
simvarmass_6ffa9b80	SimVar1000	SimVar1000	707	2132	0.807270	253	2900	0.935537
simvarmass_701c9c7a	SimVar1000	SimVar1000	129	3496	0.935925	356	20971	0.289793
simvarmass_70391638	SimVar1000	SimVar1000	115	379	0.871658	1140	25632	0.027999
simvarmass_705b44e5	SimVar1000	SimVar1000	154	1160	0.826446	757	24016	0.118257
simvarmass_70a83033	SimVar1000	SimVar1000	138	1368	0.963720	806	1538	0.947823
simvarmass_717702dc	SimVar1000	SimVar1000	162	2339	0.940963	882	2536	0.932946
simvarmass_71c62fa7	SimVar1000	SimVar1000	86	862	0.960357	368	956	0.957029
simvarmass_71e021f1	SimVar1000	SimVar1000	1131	1262	0.526601	216	3165	0.933393
simvarmass_71fe28dc	SimVar1000	SimVar1000	100	2125	0.946970	206	22902	0.174233
simvarmass_723d899d	SimVar1000	SimVar1000	376	2632	0.760914	65	19704	0.306628
simvarmass_7253315a	SimVar1000	SimVar1000	1	4129	0.920009	173	4256	0.923432
simvarmass_726e096b	SimVar1000	SimVar1000	127	3044	0.908955	386	3222	0.912771
simvarmass_73294985	SimVar1000	SimVar1000	88	2762	0.940235	220	21831	0.229653
simvarmass_7339f995	SimVar1000	SimVar1000	1	3735	0.936795	147	3847	0.944348
simvarmass_7368d9fd	SimVar1000	SimVar1000	122	3304	0.926877	612	3524	0.921443
simvarmass_73b06dc7	SimVar1000	SimVar1000	92	1845	0.951031	283	1936	0.961471
simvarmass_74144664	SimVar1000	SimVar1000	135	2468	0.938023	503	2637	0.941610
simvarmass_7425cdad	SimVar1000	SimVar1000	63	4162	0.917845	682	4509	0.904392
simvarmass_7435c5e1	SimVar1000	SimVar1000	138	1687	0.951763	124	23463	0.136172
simvarmass_74410e3f	SimVar1000	SimVar1000	58	2552	0.918364	689	2848	0.917365
simvarmass_74cc1597	SimVar1000	SimVar1000	129	2180	0.937608	334	2336	0.930891
simvarmass_74d2dd40	SimVar1000	SimVar1000	196	788	0.967465	662	875	0.955711
simvarmass_7553a95d	SimVar1000	SimVar1000	122	1052	0.955495	289	1135	0.959300
simvarmass_75616fde	SimVar1000	SimVar1000	102	3239	0.932699	167	21065	0.270059
simvarmass_75d9de72	SimVar1000	SimVar1000	97	1052	0.947748	258	1099	0.958977
simvarmass_76118e8b	SimVar1000	SimVar1000	133	841	0.955671	525	951	0.939903
simvarmass_76697c82	SimVar1000	SimVar1000	62	3664	0.900767	163	20205	0.303131
simvarmass_76ede883	SimVar1000	SimVar1000	123	2236	0.788600	657	22421	0.227292
simvarmass_77bb444e	SimVar1000	SimVar1000	136	3612	0.925978	658	3840	0.929328
simvarmass_77ecf679	SimVar1000	SimVar1000	32	2563	0.938095	679	2832	0.919532
simvarmass_782852aa	SimVar1000	SimVar1000	155	757	0.944340	684	844	0.954923
simvarmass_7878cd81	SimVar1000	SimVar1000	370	1657	0.939609	126	1764	0.957622
simvarmass_78a92236	SimVar1000	SimVar1000	139	975	0.959646	409	1058	0.957920
simvarmass_78af1b88	SimVar1000	SimVar1000	69	587	0.961444	449	25918	0.045348
simvarmass_794c7e74	SimVar1000	SimVar1000	367	2594	0.925437	447	2760	0.930700
simvarmass_794e016e	SimVar1000	SimVar1000	108	1249	0.960031	317	1315	0.968516
simvarmass_796335db	SimVar1000	SimVar1000	123	116	0.958678	816	139	0.928302
simvarmass_79f59f39	SimVar1000	SimVar1000	965	2117	0.742677	49	20191	0.275331
simvarmass_7a06a63e	SimVar1000	SimVar1000	182	3489	0.925341	414	3699	0.920913
simvarmass_7a4be8ac	SimVar1000	SimVar1000	135	601	0.963141	454	646	0.971384
simvarmass_7a7bd27b	SimVar1000	SimVar1000	90	1896	0.946317	717	2116	0.933491
simvarmass_7ab6f80b	SimVar1000	SimVar1000	113	2519	0.942013	253	2662	0.948442
simvarmass_7b13e426	SimVar1000	SimVar1000	76	2493	0.944676	257	2610	0.949768
simvarmass_7bbb9f2e	SimVar1000	SimVar1000	155	1656	0.963071	835	1830	0.944368
simvarmass_7c470f61	SimVar1000	SimVar1000	666	1583	0.484691	99	18772	0.366005
simvarmass_7d7f0b39	SimVar1000	SimVar1000	1328	1225	0.473338	367	3587	0.932873
simvarmass_7d96d10b	SimVar1000	SimVar1000	106	472	0.961224	764	541	0.926597
simvarmass_7dc5cba8	SimVar1000	SimVar1000	118	2137	0.930009	263	23237	0.172484
simvarmass_7e17cdc8	SimVar1000	SimVar1000	1717	710	0.378364	252	2723	0.936871
simvarmass_7e1f72b9	SimVar1000	SimVar1000	124	3589	0.923671	59	19855	0.301477
simvarmass_7e5123ee	SimVar1000	SimVar1000	112	328	0.973294	947	398	0.913978
simvarmass_7e6accd7	SimVar1000	SimVar1000	143	1060	0.955576	685	1190	0.935788
simvarmass_7e6ed0d4	SimVar1000	SimVar1000	138	1199	0.920482	1099	23444	0.099373
simvarmass_7e841338	SimVar1000	SimVar1000	112	223	0.963283	459	243	0.977226
simvarmass_7eecf1a8	SimVar1000	SimVar1000	79	2340	0.932748	491	2510	0.935727
simvarmass_7f636ed6	SimVar1000	SimVar1000	105	1646	0.949221	359	1760	0.946927
simvarmass_7f85124f	SimVar1000	SimVar1000	144	3638	0.890400	1118	21008	0.292028
simvarmass_7fa60030	SimVar1000	SimVar1000	1	4017	0.867244	515	3854	0.893540
simvarmass_7fd4cba4	SimVar1000	SimVar1000	67	3719	0.923594	744	4282	0.884987
simvarmass_7fe0d527	SimVar1000	SimVar1000	938	1408	0.436116	158	4395	0.924396
simvarmass_8011fdf4	SimVar1000	SimVar1000	100	1732	0.951883	690	1906	0.953555
simvarmass_8038687b	SimVar1000	SimVar1000	109	316	0.119658	1478	22845	0.002185
simvarmass_8064ea81	SimVar1000	SimVar1000	71	1850	0.937801	448	1990	0.940917
simvarmass_80c1924a	SimVar1000	SimVar1000	120	2288	0.922204	818	2549	0.914759
simvarmass_80d55429	SimVar1000	SimVar1000	1	3417	0.936549	103	3548	0.949381
simvarmass_80f2941a	SimVar1000	SimVar1000	126	894	0.954060	516	984	0.951070
simvarmass_811ea018	SimVar1000	SimVar1000	123	3681	0.917685	398	3884	0.915217
simvarmass_81bd4ab0	SimVar1000	SimVar1000	1	3905	0.905717	86	3999	0.914076
simvarmass_82540903	SimVar1000	SimVar1000	102	594	0.958065	365	642	0.948758
simvarmass_827d7229	SimVar1000	SimVar1000	48	333	0.973684	181	340	0.981187
simvarmass_82c889bc	SimVar1000	SimVar1000	1587	160	0.064490	61	19145	0.355452
simvarmass_82d1fb2c	SimVar1000	SimVar1000	348	363	0.955263	121	384	0.970551
simvarmass_8313513c	SimVar1000	SimVar1000	119	1621	0.955497	259	24273	0.129084
simvarmass_837233ab	SimVar1000	SimVar1000	111	2097	0.942234	139	22922	0.170294
simvarmass_837d2c66	SimVar1000	SimVar1000	139	1724	0.944134	326	23945	0.136119
simvarmass_83876660	SimVar1000	SimVar1000	62	2430	0.941405	364	22430	0.201161
simvarmass_8431587b	SimVar1000	SimVar1000	106	1562	0.956762	608	1742	0.946237
simvarmass_844a2817	SimVar1000	SimVar1000	869	567	0.297404	302	2998	0.942665
simvarmass_845067c4	SimVar1000	SimVar1000	604	2021	0.808562	365	2764	0.947057
simvarmass_84adf24e	SimVar1000	SimVar1000	88	697	0.943805	151	731	0.960953
simvarmass_8523e7f2	SimVar1000	SimVar1000	1	3917	0.910359	109	4009	0.912458
simvarmass_8540b49c	SimVar1000	SimVar1000	106	1598	0.944840	342	1698	0.952189
simvarmass_859ce34a	SimVar1000	SimVar1000	87	3949	0.933964	586	4224	0.926074
simvarmass_85ad50e3	SimVar1000	SimVar1000	146	1581	0.944345	484	1705	0.947490
simvarmass_86403c8b	SimVar1000	SimVar1000	116	275	0.949212	567	331	0.905901
simvarmass_8678b71a	SimVar1000	SimVar1000	139	1343	0.963415	486	1464	0.956342
simvarmass_86c06037	SimVar1000	SimVar1000	112	1376	0.970039	245	1424	0.974697
simvarmass_86c518d7	SimVar1000	SimVar1000	140	522	0.944867	706	26102	0.039051
simvarmass_87ad8028	SimVar1000	SimVar1000	101	900	0.961025	234	25648	0.070471
simvarmass_87b7f5cd	SimVar1000	SimVar1000	176	1112	0.956559	476	1192	0.962994
simvarmass_8876c877	SimVar1000	SimVar1000	82	2881	0.898985	373	3073	0.918599
simvarmass_88c53e48	SimVar1000	SimVar1000	873	3088	0.878271	485	3725	0.938062
simvarmass_896b855f	SimVar1000	SimVar1000	150	32	0.870968	823	34	0.843750
simvarmass_896ffc5c	SimVar1000	SimVar1000	85	2316	0.942805	367	2408	0.945055
simvarmass_89a0bbc8	SimVar1000	SimVar1000	171	1496	0.963607	444	1615	0.956576
simvarmass_89a470a0	SimVar1000	SimVar1000	1803	557	0.220638	47	18879	0.335801
simvarmass_8bd61e45	SimVar1000	SimVar1000	80	2405	0.947182	398	2531	0.946538
simvarmass_8be11847	SimVar1000	SimVar1000	145	3414	0.922826	541	20979	0.282528
simvarmass_8c57a37a	SimVar1000	SimVar1000	130	1881	0.949255	529	2042	0.957787
simvarmass_8d1c2be6	SimVar1000	SimVar1000	122	437	0.953333	709	24969	0.035546
simvarmass_8d8f03ef	SimVar1000	SimVar1000	87	942	0.957317	230	1003	0.963036
simvarmass_8e0ce813	SimVar1000	SimVar1000	109	2530	0.936746	382	22476	0.206891
simvarmass_8e23897e	SimVar1000	SimVar1000	1	2825	0.930631	178	2929	0.943463
simvarmass_8e2ac158	SimVar1000	SimVar1000	120	2737	0.930740	277	21802	0.223854
simvarmass_8e41c1bc	SimVar1000	SimVar1000	99	3271	0.903410	728	21110	0.268030
simvarmass_8e690e5d	SimVar1000	SimVar1000	1	3552	0.933474	161	3663	0.942594
simvarmass_8f21444d	SimVar1000	SimVar1000	1	1120	0.962613	110	1164	0.975960
simvarmass_8f7e5c76	SimVar1000	SimVar1000	95	2208	0.910862	576	2420	0.928118
simvarmass_8fbfc6b1	SimVar1000	SimVar1000	592	3917	0.897777	168	4123	0.918495
simvarmass_8fc9dc3f	SimVar1000	SimVar1000	844	2198	0.681550	180	3761	0.932235
simvarmass_8ff198d4	SimVar1000	SimVar1000	1	1110	0.706935	97	665	0.984363
simvarmass_9007607f	SimVar1000	SimVar1000	1084	2125	0.661579	156	3850	0.934201
simvarmass_90194d82	SimVar1000	SimVar1000	2008	118	0.052844	40	19559	0.323838
simvarmass_90c2bed3	SimVar1000	SimVar1000	160	3729	0.900883	575	3912	0.900308
simvarmass_90c81c23	SimVar1000	SimVar1000	86	2571	0.943272	693	2838	0.933497
simvarmass_90ce4753	SimVar1000	SimVar1000	99	406	0.968900	225	27199	0.030041
simvarmass_9126b6c6	SimVar1000	SimVar1000	383	3552	0.851084	30	18528	0.340522
simvarmass_9138c9b7	SimVar1000	SimVar1000	106	3692	0.901060	549	20987	0.290099
simvarmass_9141969d	SimVar1000	SimVar1000	121	513	0.960674	447	576	0.954907
simvarmass_9144135b	SimVar1000	SimVar1000	139	2521	0.939728	877	2863	0.921593
simvarmass_9152f7db	SimVar1000	SimVar1000	143	38	0.826087	386	76	0.584615
simvarmass_91bac5d1	SimVar1000	SimVar1000	92	981	0.910455	981	1278	0.890535
simvarmass_91c509e6	SimVar1000	SimVar1000	115	1735	0.948347	372	1817	0.951083
simvarmass_91d12f66	SimVar1000	SimVar1000	222	2965	0.944701	253	21498	0.246211
simvarmass_927f997e	SimVar1000	SimVar1000	97	564	0.941077	462	26523	0.044572
simvarmass_9291bcb4	SimVar1000	SimVar1000	150	2749	0.848658	1003	20987	0.255553
simvarmass_92c1b5c1	SimVar1000	SimVar1000	167	2593	0.943060	689	2862	0.927159
simvarmass_92c70a2a	SimVar1000	SimVar1000	94	4095	0.921879	224	19700	0.345338
simvarmass_93909125	SimVar1000	SimVar1000	786	3742	0.884161	401	4276	0.920614
simvarmass_93d17249	SimVar1000	SimVar1000	261	4008	0.909442	298	4271	0.911956
simvarmass_9418b085	SimVar1000	SimVar1000	112	2933	0.926954	534	21696	0.238805
simvarmass_943c95ac	SimVar1000	SimVar1000	184	1283	0.955324	618	1444	0.930804
simvarmass_94511d9a	SimVar1000	SimVar1000	120	1080	0.972949	491	1144	0.971954
simvarmass_9464ff4e	SimVar1000	SimVar1000	174	1589	0.958095	296	24200	0.126890
simvarmass_94669813	SimVar1000	SimVar1000	152	945	0.958291	544	25217	0.074625
simvarmass_9531917a	SimVar1000	SimVar1000	64	27	0.812500	250	29	0.787879
simvarmass_958fc30a	SimVar1000	SimVar1000	766	2272	0.810560	281	3034	0.936244
simvarmass_95aee47a	SimVar1000	SimVar1000	48	104	0.967442	702	119	0.913043
simvarmass_95ccffdb	SimVar1000	SimVar1000	159	1494	0.939918	607	1618	0.934908
simvarmass_95fd9ae1	SimVar1000	SimVar1000	55	3784	0.910795	484	20374	0.309348
simvarmass_965d6e75	SimVar1000	SimVar1000	127	3352	0.925435	392	3624	0.922545
simvarmass_96b86f97	SimVar1000	SimVar1000	114	1437	0.944426	207	24555	0.113001
simvarmass_970e718a	SimVar1000	SimVar1000	130	4011	0.909338	206	19937	0.334937
simvarmass_973b6dd9	SimVar1000	SimVar1000	1460	737	0.294270	224	3845	0.933596
simvarmass_97e645de	SimVar1000	SimVar1000	132	1898	0.951856	364	1978	0.957719
simvarmass_97f8c504	SimVar1000	SimVar1000	166	692	0.957785	581	778	0.939255
simvarmass_9819ab98	SimVar1000	SimVar1000	900	1345	0.546082	327	3230	0.936720
simvarmass_983b3ec5	SimVar1000	SimVar1000	116	1007	0.958591	301	1082	0.957721
simvarmass_98de8b85	SimVar1000	SimVar1000	269	1528	0.957094	360	1623	0.975669
simvarmass_98f00cc4	SimVar1000	SimVar1000	128	2843	0.928724	800	3382	0.871485
simvarmass_99146b12	SimVar1000	SimVar1000	94	2104	0.948816	262	23338	0.170011
simvarmass_999606ec	SimVar1000	SimVar1000	1	3449	0.880737	128	21183	0.249023
simvarmass_9998f2a4	SimVar1000	SimVar1000	105	3508	0.886311	293	20681	0.294976
simvarmass_99f8a9e3	SimVar1000	SimVar1000	154	2202	0.945470	519	2354	0.947609
simvarmass_9a8152e0	SimVar1000	SimVar1000	174	4040	0.919590	211	19851	0.336465
simvarmass_9a9434af	SimVar1000	SimVar1000	134	3802	0.921714	760	4183	0.913457
simvarmass_9ab1bb36	SimVar1000	SimVar1000	61	1026	0.966102	374	1065	0.975497
simvarmass_9ac0b1e7	SimVar1000	SimVar1000	144	3501	0.910086	185	20518	0.289012
simvarmass_9ad6b4cd	SimVar1000	SimVar1000	87	2321	0.936084	282	22871	0.186554
simvarmass_9b3ab504	SimVar1000	SimVar1000	1	3341	0.911223	77	3395	0.914038
simvarmass_9b532070	SimVar1000	SimVar1000	99	29	0.794521	468	36	0.725000
simvarmass_9b627c8d	SimVar1000	SimVar1000	87	3999	0.894924	769	20176	0.331834
simvarmass_9ba43122	SimVar1000	SimVar1000	86	3592	0.924344	498	3802	0.922826
simvarmass_9bfb66b5	SimVar1000	SimVar1000	41	971	0.948768	324	1031	0.959809
simvarmass_9c6368fd	SimVar1000	SimVar1000	85	909	0.952582	378	25529	0.070971
simvarmass_9ca707ab	SimVar1000	SimVar1000	289	247	0.950000	350	265	0.970260
simvarmass_9cab894e	SimVar1000	SimVar1000	76	3905	0.923878	432	4085	0.921989
simvarmass_9cf70bc5	SimVar1000	SimVar1000	130	3136	0.932138	368	21342	0.258435
simvarmass_9d0581dd	SimVar1000	SimVar1000	1037	1224	0.601474	230	2631	0.940296
simvarmass_9d117033	SimVar1000	SimVar1000	89	2945	0.900998	798	21444	0.244720
simvarmass_9d409a1f	SimVar1000	SimVar1000	71	1639	0.947917	685	1833	0.932603
simvarmass_9d6b4e07	SimVar1000	SimVar1000	152	77	0.912500	562	89	0.860465
simvarmass_9d84f4be	SimVar1000	SimVar1000	131	607	0.973494	422	25803	0.047502
simvarmass_9e509889	SimVar1000	SimVar1000	91	1300	0.950640	887	1432	0.948029
simvarmass_9e65e1b9	SimVar1000	SimVar1000	1702	199	0.085097	538	4051	0.921327
simvarmass_9e866580	SimVar1000	SimVar1000	104	3905	0.919706	417	20477	0.320995
simvarmass_9eb1e2de	SimVar1000	SimVar1000	160	1561	0.956202	511	1707	0.941073
simvarmass_9f7ba4f3	SimVar1000	SimVar1000	108	599	0.968472	299	628	0.974724
simvarmass_9fe0ac99	SimVar1000	SimVar1000	77	2881	0.939181	381	3082	0.941269
simvarmass_9fe70cf3	SimVar1000	SimVar1000	162	2581	0.939526	408	22335	0.210902
simvarmass_a07a3e42	SimVar1000	SimVar1000	175	317	0.953383	562	344	0.959538
simvarmass_a0a643b8	SimVar1000	SimVar1000	66	642	0.961740	418	690	0.976104
simvarmass_a0b632e5	SimVar1000	SimVar1000	86	1981	0.940394	366	23375	0.162703
simvarmass_a0fa54cc	SimVar1000	SimVar1000	1	3984	0.899176	107	4055	0.905242
simvarmass_a107a7a1	SimVar1000	SimVar1000	120	1358	0.955203	953	1530	0.935151
simvarmass_a13aa03e	SimVar1000	SimVar1000	72	1539	0.956198	493	1732	0.937866
simvarmass_a14988c5	SimVar1000	SimVar1000	197	4084	0.909942	132	19222	0.342762
simvarmass_a15e4569	SimVar1000	SimVar1000	269	2635	0.938892	578	2830	0.939050
simvarmass_a1a8f156	SimVar1000	SimVar1000	60	296	0.961039	313	310	0.974603
simvarmass_a1c6098e	SimVar1000	SimVar1000	105	284	0.959459	407	313	0.975845
simvarmass_a2157ead	SimVar1000	SimVar1000	144	605	0.960254	1074	709	0.926579
simvarmass_a2616bb5	SimVar1000	SimVar1000	87	3017	0.940883	359	3193	0.949750
simvarmass_a28e99ef	SimVar1000	SimVar1000	191	1985	0.950443	269	23258	0.162358
simvarmass_a29ec531	SimVar1000	SimVar1000	918	1243	0.597740	217	2646	0.936713
simvarmass_a2d36323	SimVar1000	SimVar1000	144	2466	0.851963	708	22312	0.226114
simvarmass_a2ece752	SimVar1000	SimVar1000	312	3425	0.912070	262	3713	0.938414
simvarmass_a2f8d796	SimVar1000	SimVar1000	180	74	0.580392	1370	20824	0.015711
simvarmass_a3049b62	SimVar1000	SimVar1000	95	3143	0.933056	230	21694	0.251256
simvarmass_a33ed321	SimVar1000	SimVar1000	1206	1376	0.447917	240	4166	0.921424
simvarmass_a358d303	SimVar1000	SimVar1000	1886	917	0.317906	221	4170	0.908224
simvarmass_a35f44e1	SimVar1000	SimVar1000	1	3917	0.901370	100	3995	0.907722
simvarmass_a37b32b1	SimVar1000	SimVar1000	58	762	0.956685	153	811	0.973203
simvarmass_a3a7f137	SimVar1000	SimVar1000	52	578	0.959336	218	26552	0.045035
simvarmass_a3e1508d	SimVar1000	SimVar1000	131	721	0.948837	275	25891	0.055783
simvarmass_a3fb0822	SimVar1000	SimVar1000	69	299	0.952229	482	339	0.943114
simvarmass_a3fc51dc	SimVar1000	SimVar1000	694	3631	0.889079	83	19244	0.336235
simvarmass_a41fe574	SimVar1000	SimVar1000	1215	2139	0.592193	128	4521	0.935665
simvarmass_a4851b19	SimVar1000	SimVar1000	63	754	0.934416	210	26305	0.059075
simvarmass_a4cf1575	SimVar1000	SimVar1000	1072	3302	0.833165	270	4206	0.922293
simvarmass_a55cfb82	SimVar1000	SimVar1000	42	11	0.384615	179	18	0.303030
simvarmass_a56371c0	SimVar1000	SimVar1000	979	2091	0.855215	221	2612	0.956940
simvarmass_a57c2d34	SimVar1000	SimVar1000	129	1333	0.954497	691	1435	0.952644
simvarmass_a60820cd	SimVar1000	SimVar1000	1	3667	0.932807	76	19787	0.316290
simvarmass_a624eb18	SimVar1000	SimVar1000	139	36	0.923077	345	47	0.831461
simvarmass_a695da7f	SimVar1000	SimVar1000	187	3088	0.938459	127	21025	0.260870
simvarmass_a6b9dbf6	SimVar1000	SimVar1000	100	2066	0.917137	654	23310	0.167413
simvarmass_a6f53098	SimVar1000	SimVar1000	954	966	0.624233	149	1960	0.947420
simvarmass_a7fe0bd2	SimVar1000	SimVar1000	592	997	0.372336	68	19397	0.328926
simvarmass_a83a67fa	SimVar1000	SimVar1000	140	3438	0.929692	125	20468	0.286007
simvarmass_a8609fa2	SimVar1000	SimVar1000	99	257	0.962547	299	281	0.971326
simvarmass_a9128447	SimVar1000	SimVar1000	1219	3027	0.776296	398	4348	0.922453
simvarmass_a975be17	SimVar1000	SimVar1000	1422	1143	0.491824	46	20346	0.265649
simvarmass_a9b6d7d9	SimVar1000	SimVar1000	1	2752	0.938288	99	2826	0.949158
simvarmass_aa1d5e84	SimVar1000	SimVar1000	109	1165	0.968815	173	25102	0.091109
simvarmass_aa8bf7c3	SimVar1000	SimVar1000	64	715	0.966216	176	758	0.973079
simvarmass_ab2044d4	SimVar1000	SimVar1000	38	1377	0.952183	198	24714	0.108759
simvarmass_ab301292	SimVar1000	SimVar1000	92	444	0.951768	397	480	0.951496
simvarmass_ab30392f	SimVar1000	SimVar1000	148	1484	0.834692	1142	23173	0.144318
simvarmass_ab725cdf	SimVar1000	SimVar1000	1233	1740	0.634573	286	3449	0.944529
simvarmass_ab7ec007	SimVar1000	SimVar1000	60	3739	0.923267	109	20043	0.316268
simvarmass_ab8d80a1	SimVar1000	SimVar1000	60	418	0.963134	165	448	0.973274
simvarmass_abc4715b	SimVar1000	SimVar1000	126	3501	0.933138	339	20665	0.290465
simvarmass_ac32dc12	SimVar1000	SimVar1000	107	581	0.937978	310	25990	0.043331
simvarmass_ac455b12	SimVar1000	SimVar1000	171	2856	0.941914	535	3082	0.940821
simvarmass_ac7ebfb5	SimVar1000	SimVar1000	167	88	0.906250	641	118	0.837838
simvarmass_acb48fa0	SimVar1000	SimVar1000	111	3697	0.917577	667	3857	0.909688
simvarmass_acef0cf2	SimVar1000	SimVar1000	133	1598	0.946275	613	1743	0.945361
simvarmass_ad1993c7	SimVar1000	SimVar1000	119	1843	0.913365	876	22789	0.146369
simvarmass_ad3c8ef6	SimVar1000	SimVar1000	61	999	0.956772	865	1137	0.929730
simvarmass_ad491f84	SimVar1000	SimVar1000	153	3113	0.922484	119	20815	0.262178
simvarmass_ad5bd7df	SimVar1000	SimVar1000	104	2290	0.949990	820	2679	0.916667
simvarmass_ad6ab13a	SimVar1000	SimVar1000	62	2095	0.942104	1050	2443	0.911218
simvarmass_ad88da2f	SimVar1000	SimVar1000	1	3330	0.930928	261	3421	0.933867
simvarmass_adabbca0	SimVar1000	SimVar1000	129	1178	0.954158	1047	1411	0.902891
simvarmass_ae46c111	SimVar1000	SimVar1000	1	3352	0.916222	153	3453	0.925586
simvarmass_ae8f484a	SimVar1000	SimVar1000	149	2004	0.943316	319	23493	0.161023
simvarmass_aecd1d80	SimVar1000	SimVar1000	102	8	0.761905	604	16	0.620690
simvarmass_af471a8b	SimVar1000	SimVar1000	89	1705	0.845533	622	23636	0.159039
simvarmass_af5f72db	SimVar1000	SimVar1000	160	3339	0.913371	83	20658	0.273694
simvarmass_af7051e3	SimVar1000	SimVar1000	143	715	0.956522	298	760	0.959740
simvarmass_afa08bc2	SimVar1000	SimVar1000	106	634	0.963470	257	690	0.960584
simvarmass_b075c428	SimVar1000	SimVar1000	161	3238	0.923911	94	20600	0.270858
simvarmass_b107e328	SimVar1000	SimVar1000	1545	288	0.124111	210	3957	0.935018
simvarmass_b11be187	SimVar1000	SimVar1000	109	1314	0.893981	1031	23368	0.097527
simvarmass_b13532b4	SimVar1000	SimVar1000	1	4147	0.915232	137	4255	0.920812
simvarmass_b15828e2	SimVar1000	SimVar1000	135	2382	0.945173	698	2588	0.936641
simvarmass_b1802c78	SimVar1000	SimVar1000	1	4156	0.917642	379	4282	0.917247
simvarmass_b1a81dd6	SimVar1000	SimVar1000	92	1186	0.955990	997	1376	0.905446
simvarmass_b26dd97e	SimVar1000	SimVar1000	232	2050	0.949954	376	2173	0.962829
simvarmass_b2d72e73	SimVar1000	SimVar1000	1	4110	0.918538	91	4258	0.933275
simvarmass_b2ddc1d6	SimVar1000	SimVar1000	1164	1852	0.585520	51	18982	0.332452
simvarmass_b342ca83	SimVar1000	SimVar1000	112	2664	0.937489	563	2861	0.936011
simvarmass_b382a692	SimVar1000	SimVar1000	174	283	0.954469	566	330	0.912500
simvarmass_b388075f	SimVar1000	SimVar1000	165	1670	0.949104	225	23785	0.134597
simvarmass_b3ac667b	SimVar1000	SimVar1000	112	992	0.897543	1566	1229	0.898079
simvarmass_b3f59233	SimVar1000	SimVar1000	1	1530	0.958046	206	1583	0.965815
simvarmass_b42e4fc2	SimVar1000	SimVar1000	163	309	0.965625	492	398	0.880658
simvarmass_b44abeec	SimVar1000	SimVar1000	143	1452	0.936925	987	23541	0.119842
simvarmass_b4db6b08	SimVar1000	SimVar1000	165	2039	0.952359	144	23181	0.164018
simvarmass_b4e2af64	SimVar1000	SimVar1000	60	2685	0.929402	366	21937	0.225047
simvarmass_b4eb448d	SimVar1000	SimVar1000	593	3360	0.826221	57	18898	0.351515
simvarmass_b530d3e7	SimVar1000	SimVar1000	408	2875	0.747044	280	4099	0.907522
simvarmass_b54d34c8	SimVar1000	SimVar1000	64	568	0.964346	687	643	0.936951
simvarmass_b5ad4ebf	SimVar1000	SimVar1000	1	1697	0.953103	157	1732	0.960512
simvarmass_b5cc821e	SimVar1000	SimVar1000	157	3397	0.927469	625	3588	0.922524
simvarmass_b6bf924d	SimVar1000	SimVar1000	43	3400	0.916543	892	3743	0.904343
simvarmass_b6c3b693	SimVar1000	SimVar1000	270	3539	0.873827	285	3823	0.899809
simvarmass_b6c93e18	SimVar1000	SimVar1000	1	1831	0.947643	312	1915	0.957940
simvarmass_b7123098	SimVar1000	SimVar1000	1686	1474	0.472587	43	18911	0.336558
simvarmass_b72e650b	SimVar1000	SimVar1000	904	2280	0.833272	60	20505	0.248744
simvarmass_b74505e2	SimVar1000	SimVar1000	1	2331	0.942389	186	2407	0.948437
simvarmass_b757f60c	SimVar1000	SimVar1000	1257	665	0.285776	45	20002	0.289275
simvarmass_b7708d72	SimVar1000	SimVar1000	96	229	0.972399	497	268	0.917647
simvarmass_b79172d4	SimVar1000	SimVar1000	71	458	0.969312	160	472	0.978102
simvarmass_b792ab90	SimVar1000	SimVar1000	110	2941	0.922811	359	3101	0.918274
simvarmass_b7d0f4c2	SimVar1000	SimVar1000	1	1852	0.948718	151	1917	0.963934
simvarmass_b7dd8b66	SimVar1000	SimVar1000	91	1077	0.954505	784	24617	0.086572
simvarmass_b7eac224	SimVar1000	SimVar1000	599	3310	0.883256	196	3668	0.921431
simvarmass_b830b9e5	SimVar1000	SimVar1000	99	3476	0.913038	560	3666	0.902580
simvarmass_b8ce6e85	SimVar1000	SimVar1000	117	491	0.957884	372	26661	0.037439
simvarmass_b9176ae6	SimVar1000	SimVar1000	1	2692	0.942557	309	2812	0.954031
simvarmass_b93fce27	SimVar1000	SimVar1000	965	2389	0.753907	214	3401	0.920103
simvarmass_b9de1ff0	SimVar1000	SimVar1000	159	2494	0.922165	112	21965	0.206137
simvarmass_b9ef9fbd	SimVar1000	SimVar1000	589	2984	0.881927	190	3405	0.934891
simvarmass_ba0997f3	SimVar1000	SimVar1000	557	153	0.930091	413	191	0.910082
simvarmass_ba2250f9	SimVar1000	SimVar1000	66	3024	0.823789	341	21321	0.280271
simvarmass_ba859da6	SimVar1000	SimVar1000	801	2259	0.778831	313	3261	0.939291
simvarmass_bad3aace	SimVar1000	SimVar1000	130	908	0.964931	270	25672	0.070405
simvarmass_bb0d8b0d	SimVar1000	SimVar1000	142	1323	0.959739	324	1401	0.972840
simvarmass_bb1a47f7	SimVar1000	SimVar1000	76	4377	0.898084	635	19825	0.342725
simvarmass_bb478e56	SimVar1000	SimVar1000	1	1873	0.945005	117	1963	0.960039
simvarmass_bbc725e1	SimVar1000	SimVar1000	132	1907	0.957810	523	2064	0.952404
simvarmass_bc1efc63	SimVar1000	SimVar1000	116	225	0.927835	361	245	0.938614
simvarmass_bcc4bfde	SimVar1000	SimVar1000	1	3711	0.906559	126	3806	0.914755
simvarmass_bd15c14a	SimVar1000	SimVar1000	103	2047	0.946729	442	23027	0.166192
simvarmass_bd7d09a7	SimVar1000	SimVar1000	78	2995	0.906912	1051	3401	0.888664
simvarmass_bdd233cf	SimVar1000	SimVar1000	166	1668	0.943076	722	1895	0.928153
simvarmass_be5467f1	SimVar1000	SimVar1000	116	951	0.952859	387	1023	0.960310
simvarmass_beb154e3	SimVar1000	SimVar1000	1	1530	0.959068	212	1600	0.966728
simvarmass_bfbc137d	SimVar1000	SimVar1000	144	3608	0.860543	572	20115	0.317986
simvarmass_c058a35b	SimVar1000	SimVar1000	1051	970	0.428635	248	3282	0.947646
simvarmass_c1437e96	SimVar1000	SimVar1000	705	2854	0.757230	395	4003	0.899965
simvarmass_c1d5bf12	SimVar1000	SimVar1000	1	2079	0.952337	119	2183	0.967323
simvarmass_c1e14fbf	SimVar1000	SimVar1000	677	3277	0.811440	63	18800	0.339322
simvarmass_c2065f19	SimVar1000	SimVar1000	145	615	0.966981	513	660	0.976462
simvarmass_c3161682	SimVar1000	SimVar1000	818	1656	0.709816	236	2792	0.947604
simvarmass_c347b06f	SimVar1000	SimVar1000	1	1464	0.680997	186	835	0.969947
simvarmass_c3b64c6f	SimVar1000	SimVar1000	1	3307	0.919054	144	3361	0.922419
simvarmass_c3c4bfa6	SimVar1000	SimVar1000	194	452	0.954593	542	489	0.945122
simvarmass_c3d45688	SimVar1000	SimVar1000	1104	2095	0.696013	194	3482	0.935601
simvarmass_c3dc1c01	SimVar1000	SimVar1000	214	3751	0.923987	383	3970	0.915067
simvarmass_c400d673	SimVar1000	SimVar1000	118	2601	0.929018	825	2946	0.911418
simvarmass_c41fa130	SimVar1000	SimVar1000	48	3458	0.929100	695	3861	0.918836
simvarmass_c4602667	SimVar1000	SimVar1000	73	3441	0.928225	130	20317	0.292902
simvarmass_c4662f60	SimVar1000	SimVar1000	119	1978	0.931824	403	2086	0.939038
simvarmass_c47275cd	SimVar1000	SimVar1000	77	3357	0.894505	753	3708	0.887356
simvarmass_c497c2ee	SimVar1000	SimVar1000	1040	2201	0.825891	35	20501	0.240711
simvarmass_c49f6224	SimVar1000	SimVar1000	132	3747	0.930186	483	4037	0.929736
simvarmass_c4a0b581	SimVar1000	SimVar1000	165	2018	0.952741	339	23302	0.164759
simvarmass_c573dc3b	SimVar1000	SimVar1000	127	758	0.958281	355	806	0.963190
simvarmass_c5881458	SimVar1000	SimVar1000	80	1250	0.953107	297	1313	0.960536
simvarmass_c5f2b379	SimVar1000	SimVar1000	102	1854	0.944954	464	1955	0.947081
simvarmass_c66cd307	SimVar1000	SimVar1000	1	2426	0.944477	113	2511	0.957455
simvarmass_c6e07f08	SimVar1000	SimVar1000	181	2677	0.942274	170	21979	0.220781
simvarmass_c6f7830b	SimVar1000	SimVar1000	43	78	0.917647	585	89	0.872928
simvarmass_c7150cc2	SimVar1000	SimVar1000	120	3184	0.938541	383	3413	0.938694
simvarmass_c7d08b62	SimVar1000	SimVar1000	1	2846	0.934604	129	2962	0.945824
simvarmass_c812c142	SimVar1000	SimVar1000	488	2668	0.765128	267	3766	0.919227
simvarmass_c8f362b2	SimVar1000	SimVar1000	118	822	0.966451	853	963	0.923913
simvarmass_c8f52af5	SimVar1000	SimVar1000	69	3396	0.936517	267	21251	0.278316
simvarmass_c92b8fb3	SimVar1000	SimVar1000	274	2854	0.869552	390	3307	0.928297
simvarmass_c98035bc	SimVar1000	SimVar1000	102	3333	0.894602	377	21058	0.278548
simvarmass_c9d6bfa6	SimVar1000	SimVar1000	127	2922	0.861944	1001	21655	0.253285
simvarmass_c9f6e910	SimVar1000	SimVar1000	111	3088	0.919687	536	21489	0.245474
simvarmass_ca1004cd	SimVar1000	SimVar1000	170	1967	0.948613	816	2147	0.941503
simvarmass_ca611d34	SimVar1000	SimVar1000	94	2741	0.931293	166	21643	0.226777
simvarmass_ca6ca1ee	SimVar1000	SimVar1000	118	1028	0.956153	711	23225	0.087260
simvarmass_cb60fb8f	SimVar1000	SimVar1000	149	3159	0.931996	124	20594	0.269431
simvarmass_cb9efa31	SimVar1000	SimVar1000	91	1079	0.957409	141	1130	0.971800
simvarmass_cc4375a8	SimVar1000	SimVar1000	102	1853	0.947665	440	23108	0.152825
simvarmass_ccc0c5d5	SimVar1000	SimVar1000	1	4078	0.921755	427	4270	0.922532
simvarmass_cd13e995	SimVar1000	SimVar1000	535	3155	0.900986	54	19689	0.295840
simvarmass_cd3977da	SimVar1000	SimVar1000	823	2041	0.682038	226	3486	0.918977
simvarmass_cd7b8fa7	SimVar1000	SimVar1000	66	3128	0.923168	657	3308	0.920841
simvarmass_cdcf66fd	SimVar1000	SimVar1000	420	1997	0.830699	213	2535	0.930789
simvarmass_ce301f80	SimVar1000	SimVar1000	145	1553	0.947208	971	1763	0.921709
simvarmass_ce78f771	SimVar1000	SimVar1000	100	1079	0.951919	120	25573	0.083405
simvarmass_cf48b1ae	SimVar1000	SimVar1000	99	2105	0.955082	318	2222	0.962652
simvarmass_cfa1841c	SimVar1000	SimVar1000	261	1693	0.956497	274	1759	0.958403
simvarmass_cff078cd	SimVar1000	SimVar1000	169	4038	0.909746	176	19692	0.337397
simvarmass_d013d641	SimVar1000	SimVar1000	542	2070	0.847145	256	2578	0.940130
simvarmass_d053681a	SimVar1000	SimVar1000	793	193	0.078631	131	19206	0.351726
simvarmass_d065c8b5	SimVar1000	SimVar1000	117	3371	0.890932	799	20425	0.276002
simvarmass_d09ffdcc	SimVar1000	SimVar1000	52	263	0.968692	548	299	0.960276
simvarmass_d174a7f0	SimVar1000	SimVar1000	111	603	0.925273	1147	656	0.906752
simvarmass_d195f8ed	SimVar1000	SimVar1000	286	3441	0.871769	418	3872	0.900877
simvarmass_d2328572	SimVar1000	SimVar1000	133	792	0.953530	706	932	0.925988
simvarmass_d233262c	SimVar1000	SimVar1000	90	2962	0.941494	746	3260	0.925926
simvarmass_d2705cad	SimVar1000	SimVar1000	1	2876	0.922065	64	2956	0.932236
simvarmass_d276a605	SimVar1000	SimVar1000	102	2090	0.947607	685	2353	0.928938
simvarmass_d2845c5c	SimVar1000	SimVar1000	113	2253	0.910733	576	22916	0.185777
simvarmass_d2e1ee0e	SimVar1000	SimVar1000	215	131	0.939068	366	152	0.946667
simvarmass_d3b3e0e0	SimVar1000	SimVar1000	82	2548	0.940048	115	21795	0.212988
simvarmass_d3d3924d	SimVar1000	SimVar1000	86	1642	0.957689	623	1810	0.946314
simvarmass_d430e49c	SimVar1000	SimVar1000	1162	991	0.379258	92	19587	0.321719
simvarmass_d48ff508	SimVar1000	SimVar1000	135	1023	0.956685	958	1196	0.915107
simvarmass_d4a68a15	SimVar1000	SimVar1000	1	3968	0.909529	145	4049	0.914338
simvarmass_d4f54e99	SimVar1000	SimVar1000	1521	830	0.462225	294	2595	0.958894
simvarmass_d50d1294	SimVar1000	SimVar1000	138	2134	0.817859	1487	21199	0.206304
simvarmass_d59a2975	SimVar1000	SimVar1000	96	989	0.938920	496	25014	0.074444
simvarmass_d652ed10	SimVar1000	SimVar1000	1898	133	0.052065	468	4502	0.916860
simvarmass_d7365209	SimVar1000	SimVar1000	1701	263	0.125747	318	3451	0.929589
simvarmass_d7890311	SimVar1000	SimVar1000	88	6484	0.373044	1058	22963	0.126118
simvarmass_d78e020e	SimVar1000	SimVar1000	55	185	0.929648	288	194	0.928747
simvarmass_d80351b1	SimVar1000	SimVar1000	832	2036	0.788536	225	2890	0.942838
simvarmass_d82c18aa	SimVar1000	SimVar1000	62	1904	0.950337	376	1991	0.956033
simvarmass_d836cd73	SimVar1000	SimVar1000	84	1068	0.950628	570	24396	0.087494
simvarmass_d845be36	SimVar1000	SimVar1000	149	2762	0.915215	599	2916	0.920563
simvarmass_d8654c95	SimVar1000	SimVar1000	199	39	0.838710	714	54	0.759259
simvarmass_d874cbbf	SimVar1000	SimVar1000	130	362	0.823944	1009	24736	0.037818
simvarmass_d88b2079	SimVar1000	SimVar1000	151	1464	0.876746	791	24151	0.131019
simvarmass_d8c2ef0a	SimVar1000	SimVar1000	125	1748	0.942256	212	1825	0.945810
simvarmass_d8cb7e20	SimVar1000	SimVar1000	111	262	0.952727	215	279	0.966490
simvarmass_d95c32cd	SimVar1000	SimVar1000	82	957	0.946588	265	1033	0.966635
simvarmass_d96de116	SimVar1000	SimVar1000	131	2961	0.930189	131	21325	0.245510
simvarmass_d97954b4	SimVar1000	SimVar1000	59	1051	0.952424	351	1106	0.962865
simvarmass_d9947da0	SimVar1000	SimVar1000	88	2841	0.240537	701	25141	0.032609
simvarmass_d9fdb7af	SimVar1000	SimVar1000	146	2805	0.915710	849	3198	0.897242
simvarmass_da05d504	SimVar1000	SimVar1000	72	2300	0.948607	254	22645	0.187614
simvarmass_da378e15	SimVar1000	SimVar1000	45	309	0.941718	733	337	0.955882
simvarmass_daacaf19	SimVar1000	SimVar1000	115	2509	0.937769	309	2615	0.937878
simvarmass_db2ba867	SimVar1000	SimVar1000	136	427	0.970115	958	26424	0.032679
simvarmass_db56d1d4	SimVar1000	SimVar1000	126	2680	0.917154	999	3128	0.893074
simvarmass_dbcabce0	SimVar1000	SimVar1000	126	480	0.963855	480	527	0.953020
simvarmass_dc3c980d	SimVar1000	SimVar1000	149	579	0.964137	493	630	0.953600
simvarmass_dc583fb6	SimVar1000	SimVar1000	110	1453	0.954665	339	1537	0.953964
simvarmass_dcde65ef	SimVar1000	SimVar1000	78	5062	0.833466	801	20166	0.340111
simvarmass_dd399522	SimVar1000	SimVar1000	161	2043	0.947564	492	2196	0.946449
simvarmass_dd6742a1	SimVar1000	SimVar1000	1	2375	0.944334	132	2468	0.954909
simvarmass_dded9e36	SimVar1000	SimVar1000	144	327	0.961765	728	385	0.918699
simvarmass_de3181ba	SimVar1000	SimVar1000	1	4213	0.154480	103	374	0.966234
simvarmass_de9f2dc4	SimVar1000	SimVar1000	128	1754	0.948364	166	24020	0.139727
simvarmass_deaf7c95	SimVar1000	SimVar1000	1	1459	0.953283	142	1513	0.965650
simvarmass_decc66e0	SimVar1000	SimVar1000	66	1438	0.945287	172	1510	0.951706
simvarmass_ded2d912	SimVar1000	SimVar1000	542	3908	0.892980	38	18392	0.371847
simvarmass_def0b7ad	SimVar1000	SimVar1000	252	3355	0.912429	113	20079	0.289891
simvarmass_df06413e	SimVar1000	SimVar1000	1	2407	0.939844	93	2461	0.949749
simvarmass_df609ec6	SimVar1000	SimVar1000	150	2404	0.940164	872	2661	0.920871
simvarmass_df6d009d	SimVar1000	SimVar1000	139	3256	0.919508	789	3548	0.901236
simvarmass_df6de312	SimVar1000	SimVar1000	447	3178	0.789565	402	4233	0.906315
simvarmass_df8b24be	SimVar1000	SimVar1000	1	3552	0.927415	142	3656	0.935858
simvarmass_dfd9f0cb	SimVar1000	SimVar1000	111	4372	0.885037	1096	19410	0.343628
simvarmass_dfed5afd	SimVar1000	SimVar1000	1	3378	0.918764	196	3463	0.925209
simvarmass_e018a46b	SimVar1000	SimVar1000	153	1984	0.949664	330	23349	0.159768
simvarmass_e05133fd	SimVar1000	SimVar1000	1	2491	0.938737	173	2580	0.944012
simvarmass_e0c5c6fe	SimVar1000	SimVar1000	593	3501	0.844761	175	4148	0.916135
simvarmass_e0d59209	SimVar1000	SimVar1000	64	604	0.961722	224	642	0.975232
simvarmass_e1374a5a	SimVar1000	SimVar1000	145	328	0.961424	559	26126	0.025536
simvarmass_e1427067	SimVar1000	SimVar1000	65	2548	0.930921	323	2660	0.933381
simvarmass_e14878ff	SimVar1000	SimVar1000	847	2615	0.701825	295	4248	0.917116
simvarmass_e165459e	SimVar1000	SimVar1000	128	1484	0.918764	831	23853	0.122863
simvarmass_e18c1ab4	SimVar1000	SimVar1000	1	2331	0.943050	71	21850	0.195430
simvarmass_e1a008cd	SimVar1000	SimVar1000	834	1384	0.676938	207	2486	0.943941
simvarmass_e1db6151	SimVar1000	SimVar1000	91	2616	0.944916	417	2712	0.950470
simvarmass_e22b6a44	SimVar1000	SimVar1000	466	2767	0.946089	75	21184	0.233965
simvarmass_e23ab5dd	SimVar1000	SimVar1000	87	25	0.779661	206	28054	0.001638
simvarmass_e287be37	SimVar1000	SimVar1000	1	3143	0.930246	86	20629	0.261858
simvarmass_e2a72306	SimVar1000	SimVar1000	112	2579	0.906591	473	2779	0.919986
simvarmass_e2a8d5e2	SimVar1000	SimVar1000	178	1632	0.961981	701	1767	0.955215
simvarmass_e2aad6e7	SimVar1000	SimVar1000	116	2441	0.921323	255	22563	0.200441
simvarmass_e32a48a8	SimVar1000	SimVar1000	211	2478	0.934213	235	2590	0.937050
simvarmass_e356d4a7	SimVar1000	SimVar1000	128	2916	0.934302	476	21734	0.237796
simvarmass_e381c60b	SimVar1000	SimVar1000	1	978	0.918721	61	25304	0.069378
simvarmass_e3c941c3	SimVar1000	SimVar1000	102	999	0.956355	431	25478	0.077925
simvarmass_e3fc6056	SimVar1000	SimVar1000	108	3728	0.891807	417	20150	0.314619
simvarmass_e426384c	SimVar1000	SimVar1000	869	1880	0.604210	458	3878	0.916434
simvarmass_e4790b66	SimVar1000	SimVar1000	1	2097	0.948011	151	2166	0.961051
simvarmass_e4c0b05b	SimVar1000	SimVar1000	1	3643	0.806783	477	2849	0.930005
simvarmass_e6269848	SimVar1000	SimVar1000	1904	333	0.180195	120	3044	0.945216
simvarmass_e63a952e	SimVar1000	SimVar1000	1	3660	0.912447	145	3751	0.917499
simvarmass_e64faa7a	SimVar1000	SimVar1000	90	1005	0.963567	418	1090	0.961769
simvarmass_e6ae5632	SimVar1000	SimVar1000	115	3608	0.926078	110	19675	0.313089
simvarmass_e6d07cd9	SimVar1000	SimVar1000	153	3441	0.921134	539	20633	0.287964
simvarmass_e6e0008a	SimVar1000	SimVar1000	134	1832	0.959413	390	1951	0.958354
simvarmass_e6f0924e	SimVar1000	SimVar1000	112	1913	0.944582	543	23300	0.157615
simvarmass_e71cd64f	SimVar1000	SimVar1000	123	2535	0.937627	657	2726	0.930282
simvarmass_e7217135	SimVar1000	SimVar1000	56	575	0.959933	245	601	0.970588
simvarmass_e7415e3e	SimVar1000	SimVar1000	197	204	0.960000	269	216	0.988558
simvarmass_e74193a0	SimVar1000	SimVar1000	615	1670	0.947787	229	1776	0.970248
simvarmass_e7425106	SimVar1000	SimVar1000	144	3210	0.912366	390	21421	0.263033
simvarmass_e76e8e1d	SimVar1000	SimVar1000	1284	1035	0.469601	196	3098	0.947921
simvarmass_e7d86f55	SimVar1000	SimVar1000	99	3787	0.899629	971	4208	0.880410
simvarmass_e805a6ea	SimVar1000	SimVar1000	115	2534	0.898449	979	21922	0.211498
simvarmass_e8772445	SimVar1000	SimVar1000	1190	194	0.084550	308	4064	0.938409
simvarmass_e88de22b	SimVar1000	SimVar1000	91	787	0.965052	287	827	0.969479
simvarmass_e8d201d7	SimVar1000	SimVar1000	149	2506	0.936647	155	22077	0.206163
simvarmass_e8e16044	SimVar1000	SimVar1000	1	3068	0.933374	90	3183	0.947227
simvarmass_e9c01814	SimVar1000	SimVar1000	79	2263	0.910267	221	22731	0.186969
simvarmass_ea197f0a	SimVar1000	SimVar1000	152	1257	0.952959	254	1307	0.962025
simvarmass_ea5cd2e0	SimVar1000	SimVar1000	72	3957	0.903875	638	4378	0.891167
simvarmass_eab08179	SimVar1000	SimVar1000	189	3688	0.911361	334	3830	0.908274
simvarmass_ead1808a	SimVar1000	SimVar1000	49	3839	0.917025	444	4059	0.905405
simvarmass_eb091d20	SimVar1000	SimVar1000	75	2052	0.947514	147	22858	0.169512
simvarmass_eb0a5746	SimVar1000	SimVar1000	145	586	0.961921	1108	726	0.900593
simvarmass_eb38558e	SimVar1000	SimVar1000	46	471	0.953441	152	502	0.973503
simvarmass_eb67dbde	SimVar1000	SimVar1000	132	731	0.957433	326	792	0.965995
simvarmass_eb7e930c	SimVar1000	SimVar1000	1388	1378	0.465911	27	18693	0.336864
simvarmass_eb99d8ff	SimVar1000	SimVar1000	1358	1284	0.618051	274	2626	0.943060
simvarmass_eba86414	SimVar1000	SimVar1000	1	3036	0.928539	306	3124	0.930998
simvarmass_ebb67b3a	SimVar1000	SimVar1000	94	149	0.888889	766	189	0.815013
simvarmass_ec107c19	SimVar1000	SimVar1000	135	1890	0.949041	827	22528	0.159255
simvarmass_ec95a07e	SimVar1000	SimVar1000	96	3095	0.926581	320	21243	0.256949
simvarmass_ecf4b772	SimVar1000	SimVar1000	111	191	0.955000	306	208	0.964029
simvarmass_ecf95783	SimVar1000	SimVar1000	127	1751	0.747946	1104	22158	0.197832
simvarmass_edff7110	SimVar1000	SimVar1000	174	2836	0.940786	543	3015	0.938144
simvarmass_ee037e89	SimVar1000	SimVar1000	186	2124	0.922809	342	2266	0.936933
simvarmass_ee0b04b9	SimVar1000	SimVar1000	1	1694	0.954289	182	1783	0.964492
simvarmass_ee758b42	SimVar1000	SimVar1000	142	3365	0.909338	346	21178	0.273739
simvarmass_ef76d16c	SimVar1000	SimVar1000	136	1674	0.954610	532	1821	0.947397
simvarmass_efa9c49e	SimVar1000	SimVar1000	1	2683	0.929822	83	2741	0.936696
simvarmass_f007f81e	SimVar1000	SimVar1000	136	144	0.947368	407	162	0.931677
simvarmass_f010b067	SimVar1000	SimVar1000	626	2977	0.935134	426	3166	0.943258
simvarmass_f05c0e48	SimVar1000	SimVar1000	175	1222	0.963722	630	1400	0.934414
simvarmass_f117aadd	SimVar1000	SimVar1000	502	2563	0.778487	268	3478	0.912098
simvarmass_f1184a43	SimVar1000	SimVar1000	1801	826	0.307177	309	3919	0.897651
simvarmass_f12c1da8	SimVar1000	SimVar1000	141	799	0.958034	240	858	0.970469
simvarmass_f15dc045	SimVar1000	SimVar1000	79	861	0.959866	255	916	0.960519
simvarmass_f15e1b2a	SimVar1000	SimVar1000	86	3855	0.916081	204	19824	0.324415
simvarmass_f1a37d16	SimVar1000	SimVar1000	176	722	0.961333	523	806	0.957071
simvarmass_f1a58a86	SimVar1000	SimVar1000	145	189	0.927083	383	27675	0.013706
simvarmass_f20eaa64	SimVar1000	SimVar1000	126	1577	0.948834	1123	2018	0.877137
simvarmass_f21954be	SimVar1000	SimVar1000	573	3855	0.911069	97	18950	0.338584
simvarmass_f294b35b	SimVar1000	SimVar1000	184	567	0.956962	762	646	0.935127
simvarmass_f34e527c	SimVar1000	SimVar1000	191	3572	0.912927	360	3740	0.907748
simvarmass_f38ffa44	SimVar1000	SimVar1000	163	1798	0.948759	125	23768	0.143190
simvarmass_f46f4548	SimVar1000	SimVar1000	174	2968	0.928762	429	3119	0.926583
simvarmass_f4c0e856	SimVar1000	SimVar1000	93	587	0.964667	364	628	0.977742
simvarmass_f5080c19	SimVar1000	SimVar1000	123	2306	0.938151	228	23010	0.184744
simvarmass_f5160ca2	SimVar1000	SimVar1000	99	4052	0.904192	811	20521	0.317065
simvarmass_f54fb0ed	SimVar1000	SimVar1000	71	1411	0.953378	179	1474	0.961297
simvarmass_f6203b49	SimVar1000	SimVar1000	62	2287	0.918310	205	22853	0.188205
simvarmass_f620bf30	SimVar1000	SimVar1000	387	1810	0.897595	69	22988	0.159692
simvarmass_f6405985	SimVar1000	SimVar1000	130	1088	0.954306	384	1186	0.949452
simvarmass_f6871db9	SimVar1000	SimVar1000	192	3822	0.928346	582	4162	0.924189
simvarmass_f767fb2a	SimVar1000	SimVar1000	152	2153	0.929205	303	22873	0.177908
simvarmass_f7a7b921	SimVar1000	SimVar1000	144	2124	0.938911	191	23062	0.172926
simvarmass_f7d7d223	SimVar1000	SimVar1000	73	2492	0.932610	463	2648	0.936340
simvarmass_f7da6ac3	SimVar1000	SimVar1000	49	3462	0.929551	124	20607	0.289387
simvarmass_f86b8d6a	SimVar1000	SimVar1000	183	2300	0.949628	594	2522	0.944730
simvarmass_f86bc8cd	SimVar1000	SimVar1000	83	3986	0.904762	719	19922	0.327538
simvarmass_f8c8f68e	SimVar1000	SimVar1000	158	3484	0.924343	599	3613	0.919222
simvarmass_f8d14033	SimVar1000	SimVar1000	146	3004	0.921493	1097	3295	0.908235
simvarmass_f8f49276	SimVar1000	SimVar1000	1	873	0.967634	222	891	0.980110
simvarmass_f9124705	SimVar1000	SimVar1000	678	1884	0.772923	319	2749	0.935192
simvarmass_f96456a7	SimVar1000	SimVar1000	61	1692	0.956473	195	23872	0.135158
simvarmass_f9908f84	SimVar1000	SimVar1000	102	2462	0.940727	350	22456	0.202981
simvarmass_fa2d5fb3	SimVar1000	SimVar1000	1	1774	0.953251	116	1828	0.964513
simvarmass_fa4623eb	SimVar1000	SimVar1000	1	3648	0.901966	130	3744	0.910690
simvarmass_fa538008	SimVar1000	SimVar1000	82	2844	0.903661	443	21897	0.238915
simvarmass_fa94dee8	SimVar1000	SimVar1000	111	534	0.935574	929	576	0.939802
simvarmass_fad5bda7	SimVar1000	SimVar1000	176	2760	0.934462	444	3009	0.921352
simvarmass_faec5751	SimVar1000	SimVar1000	1	3249	0.919179	142	3303	0.920073
simvarmass_faff5b6e	SimVar1000	SimVar1000	122	650	0.945215	791	739	0.935528
simvarmass_fb0d8e36	SimVar1000	SimVar1000	160	3404	0.928133	147	20638	0.283795
simvarmass_fb3188b3	SimVar1000	SimVar1000	1601	1033	0.437064	282	3341	0.941294
simvarmass_fb4a4559	SimVar1000	SimVar1000	783	2855	0.866464	399	3462	0.928165
simvarmass_fb7d4150	SimVar1000	SimVar1000	68	2778	0.937679	614	2931	0.934804
simvarmass_fbfaa1cf	SimVar1000	SimVar1000	168	2345	0.942172	844	2605	0.914800
simvarmass_fc3a9d18	SimVar1000	SimVar1000	213	85	0.965909	409	28009	0.006477
simvarmass_fcb0bd6f	SimVar1000	SimVar1000	45	956	0.959839	218	999	0.965111
simvarmass_fe115fac	SimVar1000	SimVar1000	1	1413	0.956993	150	1487	0.963991
simvarmass_fe214e9f	SimVar1000	SimVar1000	173	388	0.955665	496	454	0.929385
simvarmass_fe39eea6	SimVar1000	SimVar1000	145	2041	0.929076	602	2233	0.925497
simvarmass_fe535e59	SimVar1000	SimVar1000	66	2305	0.950495	710	2541	0.939811
simvarmass_fe619ce4	SimVar1000	SimVar1000	143	1122	0.958155	490	1228	0.960784
simvarmass_fe677c52	SimVar1000	SimVar1000	129	3070	0.889413	791	21051	0.243808
simvarmass_fe7a8fb0	SimVar1000	SimVar1000	1	3107	0.935702	208	3235	0.944600
simvarmass_feb6f796	SimVar1000	SimVar1000	140	3227	0.927582	303	21172	0.264903
simvarmass_febefd1f	SimVar1000	SimVar1000	1049	2183	0.715152	48	19708	0.287262
simvarmass_fedb75d7	SimVar1000	SimVar1000	107	1841	0.941024	673	22138	0.155968
simvarmass_ff505f61	SimVar1000	SimVar1000	782	109	0.052797	570	3818	0.936463
simvarmass_ffa14762	SimVar1000	SimVar1000	1	3802	0.905097	432	3954	0.900692
simvarmass_CY5L_0187fc2d	SimCY5L	SimCY5L	1	1681	0.942232	143	1751	0.954345
simvarmass_CY5L_03be411c	SimCY5L	SimCY5L	1	928	0.959958	238	965	0.968367
simvarmass_CY5L_041707a3	SimCY5L	SimCY5L	32	564	0.952703	229	598	0.957307
simvarmass_CY5L_04cdf185	SimCY5L	SimCY5L	1	1753	0.942220	180	1840	0.953256
simvarmass_CY5L_06ba1502	SimCY5L	SimCY5L	1	1270	0.864435	265	1074	0.965360
simvarmass_CY5L_07960359	SimCY5L	SimCY5L	1	2222	0.935695	155	2271	0.939900
simvarmass_CY5L_07ecb936	SimCY5L	SimCY5L	1	1796	0.933751	118	1851	0.941630
simvarmass_CY5L_088d2413	SimCY5L	SimCY5L	1	924	0.958115	276	969	0.973913
simvarmass_CY5L_08a8e0d5	SimCY5L	SimCY5L	1	1292	0.945708	215	1340	0.960346
simvarmass_CY5L_08c1fcc9	SimCY5L	SimCY5L	1	920	0.822464	297	716	0.975207
simvarmass_CY5L_08f3289c	SimCY5L	SimCY5L	1	1507	0.944551	247	1567	0.959350
simvarmass_CY5L_093ec882	SimCY5L	SimCY5L	1	1233	0.940008	146	1284	0.953523
simvarmass_CY5L_0a302ca1	SimCY5L	SimCY5L	82	21	0.677419	119	25	0.757576
simvarmass_CY5L_0ad43798	SimCY5L	SimCY5L	1	1244	0.957964	192	1267	0.959480
simvarmass_CY5L_0b18a890	SimCY5L	SimCY5L	1	2648	0.540483	237	1072	0.963943
simvarmass_CY5L_0d37d952	SimCY5L	SimCY5L	1	1166	0.960033	202	1201	0.963444
simvarmass_CY5L_10670cf2	SimCY5L	SimCY5L	1	1014	0.952515	98	1052	0.963510
simvarmass_CY5L_107b9d3d	SimCY5L	SimCY5L	1	963	0.952004	133	1011	0.972450
simvarmass_CY5L_10eeafd5	SimCY5L	SimCY5L	1	1347	0.950587	253	1391	0.959748
simvarmass_CY5L_10f3bb0a	SimCY5L	SimCY5L	1	1145	0.880000	297	1016	0.963832
simvarmass_CY5L_11169287	SimCY5L	SimCY5L	1	2248	0.456129	209	728	0.963165
simvarmass_CY5L_1134940f	SimCY5L	SimCY5L	1	1693	0.945221	128	1750	0.959010
simvarmass_CY5L_12ac335e	SimCY5L	SimCY5L	1	1141	0.949394	214	1179	0.965830
simvarmass_CY5L_13e08ce8	SimCY5L	SimCY5L	1	1642	0.932764	146	1684	0.941441
simvarmass_CY5L_14bcf616	SimCY5L	SimCY5L	1	2046	0.438244	196	616	0.968203
simvarmass_CY5L_14dede87	SimCY5L	SimCY5L	183	122	0.774603	204	171	0.939560
simvarmass_CY5L_150a2128	SimCY5L	SimCY5L	1	1481	0.939316	312	1509	0.950736
simvarmass_CY5L_1562ae4c	SimCY5L	SimCY5L	1	1682	0.943195	98	1719	0.951851
simvarmass_CY5L_167c7182	SimCY5L	SimCY5L	120	269	0.899329	306	332	0.977238
simvarmass_CY5L_16a81823	SimCY5L	SimCY5L	1	2524	0.382592	149	637	0.960979
simvarmass_CY5L_190a4024	SimCY5L	SimCY5L	1	1284	0.930000	176	1255	0.966161
simvarmass_CY5L_1a06e206	SimCY5L	SimCY5L	1	1021	0.949721	92	1052	0.962827
simvarmass_CY5L_1ac1b13a	SimCY5L	SimCY5L	1	1356	0.943225	197	1392	0.953560
simvarmass_CY5L_1c94f091	SimCY5L	SimCY5L	1	1636	0.949796	197	1674	0.957852
simvarmass_CY5L_1c9c6a5f	SimCY5L	SimCY5L	1	670	0.957849	174	681	0.973324
simvarmass_CY5L_1d398611	SimCY5L	SimCY5L	1	1011	0.957840	198	1053	0.970739
simvarmass_CY5L_1dc6dcaa	SimCY5L	SimCY5L	223	244	0.798691	161	349	0.963687
simvarmass_CY5L_1e495a5d	SimCY5L	SimCY5L	230	56	0.842105	196	70	0.925170
simvarmass_CY5L_1f0383ed	SimCY5L	SimCY5L	35	582	0.950204	161	617	0.963492
simvarmass_CY5L_1f2b45f8	SimCY5L	SimCY5L	1	1198	0.937769	108	1251	0.954755
simvarmass_CY5L_1f939cf0	SimCY5L	SimCY5L	1	1579	0.949489	181	1640	0.960142
simvarmass_CY5L_201f7a2d	SimCY5L	SimCY5L	24	399	0.971985	123	414	0.980861
simvarmass_CY5L_22977c18	SimCY5L	SimCY5L	1	766	0.908232	118	685	0.973590
simvarmass_CY5L_22d33ae7	SimCY5L	SimCY5L	1	1460	0.954128	283	1503	0.962197
simvarmass_CY5L_237f4c72	SimCY5L	SimCY5L	1	2221	0.938491	138	2283	0.947632
simvarmass_CY5L_2554166f	SimCY5L	SimCY5L	22	324	0.943231	89	337	0.960000
simvarmass_CY5L_258ca893	SimCY5L	SimCY5L	1	2092	0.930388	190	2128	0.935812
simvarmass_CY5L_25a36c92	SimCY5L	SimCY5L	1	1103	0.954407	121	1126	0.966466
simvarmass_CY5L_26f50e87	SimCY5L	SimCY5L	176	67	0.881579	460	87	0.965116
simvarmass_CY5L_28d950c6	SimCY5L	SimCY5L	1	1848	0.947692	183	1890	0.951801
simvarmass_CY5L_2c4ec817	SimCY5L	SimCY5L	1	1850	0.939502	189	1906	0.945363
simvarmass_CY5L_2cbc3d23	SimCY5L	SimCY5L	27	200	0.985222	328	215	0.973872
simvarmass_CY5L_2ee74e9f	SimCY5L	SimCY5L	30	413	0.951613	294	449	0.980088
simvarmass_CY5L_30cb6637	SimCY5L	SimCY5L	1	1864	0.945953	148	1937	0.956652
simvarmass_CY5L_32a3aeb6	SimCY5L	SimCY5L	1	1922	0.939505	144	1983	0.941120
simvarmass_CY5L_33842744	SimCY5L	SimCY5L	1	2122	0.942039	176	2186	0.952923
simvarmass_CY5L_340e180a	SimCY5L	SimCY5L	1	1956	0.940159	7	17005	0.207913
simvarmass_CY5L_3411b650	SimCY5L	SimCY5L	1	1154	0.959667	116	1187	0.967186
simvarmass_CY5L_3417dfb5	SimCY5L	SimCY5L	1	1561	0.949194	128	1602	0.953726
simvarmass_CY5L_34ee1647	SimCY5L	SimCY5L	1	1997	0.934645	122	2075	0.948700
simvarmass_CY5L_35a74d8f	SimCY5L	SimCY5L	1	1033	0.932002	157	1012	0.969260
simvarmass_CY5L_3ac13591	SimCY5L	SimCY5L	1	2030	0.945505	7	18025	0.205629
simvarmass_CY5L_3baeb3a0	SimCY5L	SimCY5L	27	535	0.971844	258	558	0.983986
simvarmass_CY5L_3c3d0b00	SimCY5L	SimCY5L	44	39	0.906977	85	41	0.931818
simvarmass_CY5L_3ce660ee	SimCY5L	SimCY5L	1	1206	0.966319	201	1241	0.968762
simvarmass_CY5L_3f293d0a	SimCY5L	SimCY5L	1	1818	0.941848	133	1861	0.948395
simvarmass_CY5L_3fbeb461	SimCY5L	SimCY5L	1	862	0.946674	95	895	0.958963
simvarmass_CY5L_404f03b0	SimCY5L	SimCY5L	1	1839	0.937484	150	1905	0.947553
simvarmass_CY5L_432f525a	SimCY5L	SimCY5L	1	927	0.955624	106	967	0.969666
simvarmass_CY5L_433b52eb	SimCY5L	SimCY5L	1	2008	0.436711	207	593	0.975000
simvarmass_CY5L_445780d7	SimCY5L	SimCY5L	1	1703	0.937483	129	1779	0.943620
simvarmass_CY5L_463f3d0e	SimCY5L	SimCY5L	1	1317	0.949495	95	1364	0.962753
simvarmass_CY5L_481edd78	SimCY5L	SimCY5L	1	1983	0.937189	178	2032	0.941893
simvarmass_CY5L_4824bda2	SimCY5L	SimCY5L	1	1584	0.954477	193	1641	0.966212
simvarmass_CY5L_4952c9ea	SimCY5L	SimCY5L	26	312	0.968944	212	326	0.975684
simvarmass_CY5L_4af3b5c2	SimCY5L	SimCY5L	1	990	0.954000	249	982	0.976908
simvarmass_CY5L_4b06e1a1	SimCY5L	SimCY5L	32	651	0.953846	252	686	0.961429
simvarmass_CY5L_4b8f9368	SimCY5L	SimCY5L	199	177	0.907692	259	208	0.926366
simvarmass_CY5L_4ba4183d	SimCY5L	SimCY5L	1	1972	0.934251	110	2018	0.945292
simvarmass_CY5L_4e1231de	SimCY5L	SimCY5L	150	125	0.853242	129	147	0.933333
simvarmass_CY5L_500608c2	SimCY5L	SimCY5L	1	2211	0.931866	104	2248	0.939744
simvarmass_CY5L_5090057d	SimCY5L	SimCY5L	1	1740	0.945079	142	1769	0.950634
simvarmass_CY5L_525c29df	SimCY5L	SimCY5L	1	1335	0.959022	175	1386	0.967173
simvarmass_CY5L_539f9527	SimCY5L	SimCY5L	27	379	0.969309	155	395	0.979950
simvarmass_CY5L_53d5d0cc	SimCY5L	SimCY5L	1	1787	0.940369	175	1852	0.942672
simvarmass_CY5L_5587e50e	SimCY5L	SimCY5L	1	1278	0.953271	210	1294	0.957265
simvarmass_CY5L_56136743	SimCY5L	SimCY5L	32	129	0.969925	270	140	0.967509
simvarmass_CY5L_56916148	SimCY5L	SimCY5L	1	1479	0.954472	143	1529	0.963457
simvarmass_CY5L_56d1e161	SimCY5L	SimCY5L	33	677	0.958245	198	709	0.964706
simvarmass_CY5L_57c005f7	SimCY5L	SimCY5L	23	183	0.983871	317	194	0.986945
simvarmass_CY5L_592532aa	SimCY5L	SimCY5L	1	1927	0.935248	87	1965	0.944042
simvarmass_CY5L_595bdded	SimCY5L	SimCY5L	1	811	0.913825	127	757	0.968570
simvarmass_CY5L_5a0cca46	SimCY5L	SimCY5L	29	284	0.974271	280	298	0.971524
simvarmass_CY5L_5ae7e106	SimCY5L	SimCY5L	1	2799	0.441432	230	859	0.966819
simvarmass_CY5L_5ca999d3	SimCY5L	SimCY5L	1	1881	0.944458	194	1942	0.951980
simvarmass_CY5L_5cdea545	SimCY5L	SimCY5L	1	1133	0.921388	178	1086	0.959641
simvarmass_CY5L_5d7bbad5	SimCY5L	SimCY5L	1	1536	0.943419	100	1588	0.953995
simvarmass_CY5L_5df9ec3e	SimCY5L	SimCY5L	1	1665	0.945754	285	1723	0.944957
simvarmass_CY5L_5f692ce6	SimCY5L	SimCY5L	37	720	0.960588	216	755	0.971279
simvarmass_CY5L_6133f4b1	SimCY5L	SimCY5L	1	866	0.955801	150	906	0.971892
simvarmass_CY5L_626c8c6a	SimCY5L	SimCY5L	1	1497	0.945638	144	1557	0.956576
simvarmass_CY5L_629fcaa9	SimCY5L	SimCY5L	27	120	0.875912	195	140	0.884354
simvarmass_CY5L_63a09921	SimCY5L	SimCY5L	1	1590	0.951782	138	1642	0.957830
simvarmass_CY5L_6421c005	SimCY5L	SimCY5L	1	782	0.947885	100	795	0.962287
simvarmass_CY5L_6464c463	SimCY5L	SimCY5L	1	1203	0.885161	272	1069	0.965769
simvarmass_CY5L_65b58cd3	SimCY5L	SimCY5L	18	2	0.444444	255	11	0.222222
simvarmass_CY5L_66024d2b	SimCY5L	SimCY5L	1	1660	0.948300	205	1732	0.956619
simvarmass_CY5L_69b6847f	SimCY5L	SimCY5L	1	1559	0.943922	194	1607	0.954287
simvarmass_CY5L_6b04b8c7	SimCY5L	SimCY5L	1	1154	0.947844	158	1204	0.956942
simvarmass_CY5L_6c359100	SimCY5L	SimCY5L	1	792	0.958207	141	826	0.972107
simvarmass_CY5L_6ce031d4	SimCY5L	SimCY5L	38	202	0.917808	211	212	0.933036
simvarmass_CY5L_6dab5181	SimCY5L	SimCY5L	1	1630	0.943495	104	1675	0.951373
simvarmass_CY5L_707ed63b	SimCY5L	SimCY5L	1	1335	0.950481	105	1396	0.960948
simvarmass_CY5L_71057227	SimCY5L	SimCY5L	29	63	0.828947	158	64	0.836601
simvarmass_CY5L_750c4c5e	SimCY5L	SimCY5L	1	1436	0.950928	208	1502	0.960415
simvarmass_CY5L_75f255b1	SimCY5L	SimCY5L	1	992	0.959806	135	1018	0.966045
simvarmass_CY5L_76f02db6	SimCY5L	SimCY5L	1	2029	0.941040	150	2071	0.950345
simvarmass_CY5L_77874ae6	SimCY5L	SimCY5L	1	590	0.938053	108	607	0.960317
simvarmass_CY5L_78e70971	SimCY5L	SimCY5L	65	626	0.963818	241	658	0.976709
simvarmass_CY5L_7b75f26c	SimCY5L	SimCY5L	37	91	0.900990	362	99	0.904762
simvarmass_CY5L_7b9b6f0f	SimCY5L	SimCY5L	1	1468	0.933545	125	1532	0.947959
simvarmass_CY5L_7c070caf	SimCY5L	SimCY5L	1	964	0.954928	120	997	0.968811
simvarmass_CY5L_7d1a3c5b	SimCY5L	SimCY5L	1	1529	0.949068	29	16538	0.172692
simvarmass_CY5L_80c68fc4	SimCY5L	SimCY5L	1	1378	0.940733	180	1414	0.949577
simvarmass_CY5L_80ee7cfe	SimCY5L	SimCY5L	1	1600	0.943085	184	1656	0.948071
simvarmass_CY5L_82f91e7d	SimCY5L	SimCY5L	21	2	0.500000	247	16	0.181818
simvarmass_CY5L_83a9584a	SimCY5L	SimCY5L	1	1568	0.948229	153	1614	0.960287
simvarmass_CY5L_83bd0ca8	SimCY5L	SimCY5L	32	456	0.950991	151	470	0.959918
simvarmass_CY5L_8410b31a	SimCY5L	SimCY5L	40	431	0.965286	340	451	0.972618
simvarmass_CY5L_897bba36	SimCY5L	SimCY5L	1	1983	0.941819	271	2048	0.942002
simvarmass_CY5L_8bf7b484	SimCY5L	SimCY5L	1	1107	0.951849	114	1143	0.962743
simvarmass_CY5L_8d5d518f	SimCY5L	SimCY5L	1	1768	0.943406	116	1822	0.953684
simvarmass_CY5L_8e259b70	SimCY5L	SimCY5L	1	2430	0.419169	423	685	0.970397
simvarmass_CY5L_8f539d95	SimCY5L	SimCY5L	42	35	0.777778	153	38	0.774194
simvarmass_CY5L_8fe797af	SimCY5L	SimCY5L	1	1212	0.939935	368	1220	0.971683
simvarmass_CY5L_903c8326	SimCY5L	SimCY5L	1	1552	0.937843	179	1609	0.948188
simvarmass_CY5L_9094ab2c	SimCY5L	SimCY5L	1	2073	0.933243	133	2124	0.939576
simvarmass_CY5L_917b35e1	SimCY5L	SimCY5L	1	998	0.943614	123	1004	0.961076
simvarmass_CY5L_96198ad4	SimCY5L	SimCY5L	33	490	0.965517	229	512	0.966249
simvarmass_CY5L_96c4c192	SimCY5L	SimCY5L	1	531	0.961679	214	547	0.978417
simvarmass_CY5L_98343be9	SimCY5L	SimCY5L	1	1798	0.940068	124	1875	0.949718
simvarmass_CY5L_9877a8d3	SimCY5L	SimCY5L	23	2	0.363636	227	33	0.095238
simvarmass_CY5L_99a8eb4f	SimCY5L	SimCY5L	1	1952	0.935028	90	2008	0.944405
simvarmass_CY5L_9a373e9b	SimCY5L	SimCY5L	1	789	0.556719	78	330	0.957787
simvarmass_CY5L_9ca8bccd	SimCY5L	SimCY5L	37	333	0.973684	366	354	0.987234
simvarmass_CY5L_9d179fa5	SimCY5L	SimCY5L	1	978	0.941687	197	1016	0.953147
simvarmass_CY5L_9d99e333	SimCY5L	SimCY5L	1	868	0.947081	123	903	0.956103
simvarmass_CY5L_9f809585	SimCY5L	SimCY5L	1	1834	0.945848	106	1894	0.956831
simvarmass_CY5L_9f9145d3	SimCY5L	SimCY5L	1	2214	0.932014	91	2269	0.941323
simvarmass_CY5L_9fd2384a	SimCY5L	SimCY5L	1	1529	0.940414	292	1580	0.944073
simvarmass_CY5L_a1312b66	SimCY5L	SimCY5L	25	337	0.961373	224	367	0.954733
simvarmass_CY5L_a430d118	SimCY5L	SimCY5L	150	343	0.882883	157	413	0.953955
simvarmass_CY5L_a4d6d0bb	SimCY5L	SimCY5L	1	4097	0.272803	178	689	0.971306
simvarmass_CY5L_a6e00e93	SimCY5L	SimCY5L	1	2236	0.938116	136	2297	0.948633
simvarmass_CY5L_a8047020	SimCY5L	SimCY5L	31	662	0.971345	497	687	0.974026
simvarmass_CY5L_a96389e6	SimCY5L	SimCY5L	23	320	0.960961	109	339	0.981022
simvarmass_CY5L_aa2d1ead	SimCY5L	SimCY5L	1	1842	0.673920	182	1041	0.951402
simvarmass_CY5L_ab31cf1e	SimCY5L	SimCY5L	22	295	0.950081	101	308	0.958991
simvarmass_CY5L_ab88b7cd	SimCY5L	SimCY5L	1	1567	0.949544	159	1591	0.953530
simvarmass_CY5L_abd7139e	SimCY5L	SimCY5L	1	1834	0.940663	204	1894	0.945611
simvarmass_CY5L_ad5b63fc	SimCY5L	SimCY5L	27	78	0.871508	172	80	0.883978
simvarmass_CY5L_addda019	SimCY5L	SimCY5L	1	676	0.952717	167	712	0.971783
simvarmass_CY5L_ae0bc257	SimCY5L	SimCY5L	1	809	0.946009	114	842	0.963731
simvarmass_CY5L_b001e10f	SimCY5L	SimCY5L	1	1865	0.944966	176	1929	0.949838
simvarmass_CY5L_b037e931	SimCY5L	SimCY5L	1	834	0.880862	194	724	0.976839
simvarmass_CY5L_b156f56a	SimCY5L	SimCY5L	1	1837	0.940574	128	1898	0.951828
simvarmass_CY5L_b1a1efeb	SimCY5L	SimCY5L	1	2111	0.943017	246	2184	0.946790
simvarmass_CY5L_b29fff8a	SimCY5L	SimCY5L	257	243	0.744257	135	386	0.967337
simvarmass_CY5L_b39363cd	SimCY5L	SimCY5L	1	1846	0.946557	141	1882	0.952138
simvarmass_CY5L_b4603be1	SimCY5L	SimCY5L	32	198	0.977778	316	212	0.988067
simvarmass_CY5L_b4d3b176	SimCY5L	SimCY5L	1	1688	0.945506	324	1775	0.940499
simvarmass_CY5L_b5fe215d	SimCY5L	SimCY5L	1	2113	0.939711	214	2174	0.944688
simvarmass_CY5L_b6e4ac56	SimCY5L	SimCY5L	1	1328	0.949177	232	1383	0.957529
simvarmass_CY5L_b7717876	SimCY5L	SimCY5L	22	65	0.833333	121	67	0.848101
simvarmass_CY5L_b888945d	SimCY5L	SimCY5L	1	1110	0.928859	222	1076	0.968651
simvarmass_CY5L_b901537e	SimCY5L	SimCY5L	1	3557	0.278111	337	613	0.976365
simvarmass_CY5L_b95234dd	SimCY5L	SimCY5L	1	3461	0.409725	468	970	0.960533
simvarmass_CY5L_b9ca4f72	SimCY5L	SimCY5L	1	1304	0.948634	225	1349	0.958423
simvarmass_CY5L_bae90715	SimCY5L	SimCY5L	1	3260	0.349815	216	748	0.951706
simvarmass_CY5L_bf680c47	SimCY5L	SimCY5L	1	1084	0.640288	182	564	0.973868
simvarmass_CY5L_bfdb01fb	SimCY5L	SimCY5L	1	1907	0.941961	79	1979	0.950255
simvarmass_CY5L_c008c7b4	SimCY5L	SimCY5L	20	234	0.915851	88	247	0.942748
simvarmass_CY5L_c10f2b46	SimCY5L	SimCY5L	31	134	0.893333	200	138	0.901316
simvarmass_CY5L_c17e08be	SimCY5L	SimCY5L	144	21	0.617647	177	31	0.615385
simvarmass_CY5L_c335275c	SimCY5L	SimCY5L	1	1123	0.962484	227	1164	0.966102
simvarmass_CY5L_c399cc8f	SimCY5L	SimCY5L	1	1831	0.934288	176	1886	0.944528
simvarmass_CY5L_c39aeae8	SimCY5L	SimCY5L	1	1487	0.942112	159	1558	0.953655
simvarmass_CY5L_c611a3c6	SimCY5L	SimCY5L	1	1378	0.951524	99	1426	0.963215
simvarmass_CY5L_c618c353	SimCY5L	SimCY5L	1	2090	0.928061	127	2138	0.940318
simvarmass_CY5L_c761edd0	SimCY5L	SimCY5L	1	1644	0.649109	117	882	0.962637
simvarmass_CY5L_c7c630f9	SimCY5L	SimCY5L	122	626	0.944906	223	675	0.970888
simvarmass_CY5L_ca22dc6d	SimCY5L	SimCY5L	25	338	0.956153	169	355	0.969613
simvarmass_CY5L_cad0905c	SimCY5L	SimCY5L	1	1792	0.950532	128	1821	0.956981
simvarmass_CY5L_cafb1423	SimCY5L	SimCY5L	31	281	0.927393	136	292	0.943274
simvarmass_CY5L_cbaf43a3	SimCY5L	SimCY5L	1	2141	0.440086	166	635	0.973806
simvarmass_CY5L_cc3478bc	SimCY5L	SimCY5L	35	327	0.970326	436	347	0.979827
simvarmass_CY5L_ccdde8b6	SimCY5L	SimCY5L	1	2168	0.945875	197	2224	0.951272
simvarmass_CY5L_cd845f0f	SimCY5L	SimCY5L	1	1239	0.964926	150	1267	0.968389
simvarmass_CY5L_ceaa7951	SimCY5L	SimCY5L	29	127	0.973180	218	133	0.973783
simvarmass_CY5L_ced48015	SimCY5L	SimCY5L	1	2135	0.939207	370	2227	0.941710
simvarmass_CY5L_d0884605	SimCY5L	SimCY5L	1	1158	0.956053	172	1190	0.959902
simvarmass_CY5L_d0f3ce7f	SimCY5L	SimCY5L	1	1144	0.800397	194	834	0.970657
simvarmass_CY5L_d20eccaf	SimCY5L	SimCY5L	1	615	0.962264	116	640	0.980725
simvarmass_CY5L_d2a6c082	SimCY5L	SimCY5L	1	1028	0.927196	144	1029	0.963380
simvarmass_CY5L_d477463f	SimCY5L	SimCY5L	1	994	0.874003	160	855	0.970149
simvarmass_CY5L_d4f5fc46	SimCY5L	SimCY5L	1	2093	0.920186	140	2143	0.930680
simvarmass_CY5L_d52169a1	SimCY5L	SimCY5L	1	1855	0.946857	139	1898	0.951731
simvarmass_CY5L_d67250cf	SimCY5L	SimCY5L	1	1417	0.957727	315	1466	0.966733
simvarmass_CY5L_d7fd035a	SimCY5L	SimCY5L	35	487	0.963403	276	512	0.976834
simvarmass_CY5L_d8102e43	SimCY5L	SimCY5L	1	1112	0.957795	286	1165	0.972632
simvarmass_CY5L_d96fa1fa	SimCY5L	SimCY5L	1	1017	0.748252	166	664	0.968452
simvarmass_CY5L_d9d7d7f1	SimCY5L	SimCY5L	1	1269	0.947368	188	1298	0.961798
simvarmass_CY5L_d9fc6491	SimCY5L	SimCY5L	1	1904	0.942779	130	1977	0.956691
simvarmass_CY5L_daa12408	SimCY5L	SimCY5L	1	1840	0.936974	158	1905	0.945783
simvarmass_CY5L_dcbae292	SimCY5L	SimCY5L	1	1459	0.948910	313	1530	0.960560
simvarmass_CY5L_dcd5f12f	SimCY5L	SimCY5L	1	1312	0.958580	383	1343	0.965996
simvarmass_CY5L_dd038fa8	SimCY5L	SimCY5L	1	1468	0.659140	167	792	0.969883
simvarmass_CY5L_df41bc25	SimCY5L	SimCY5L	1	1478	0.874163	325	1307	0.959490
simvarmass_CY5L_e158d5e9	SimCY5L	SimCY5L	1	1407	0.931627	203	1434	0.949266
simvarmass_CY5L_e2d3c3ee	SimCY5L	SimCY5L	1	1110	0.937388	168	1081	0.974173
simvarmass_CY5L_e310b86e	SimCY5L	SimCY5L	32	597	0.953526	247	648	0.971517
simvarmass_CY5L_e327cde7	SimCY5L	SimCY5L	1	3693	0.347769	178	833	0.970989
simvarmass_CY5L_e3dfe44b	SimCY5L	SimCY5L	32	613	0.963079	180	644	0.976994
simvarmass_CY5L_e4216685	SimCY5L	SimCY5L	1	2107	0.930007	111	2159	0.939969
simvarmass_CY5L_e5434f9d	SimCY5L	SimCY5L	1	1981	0.947822	123	2026	0.952404
simvarmass_CY5L_e7479ac8	SimCY5L	SimCY5L	1	1189	0.958451	133	1228	0.967434
simvarmass_CY5L_e74aa8b1	SimCY5L	SimCY5L	42	63	0.933333	206	65	0.948905
simvarmass_CY5L_e89f6af0	SimCY5L	SimCY5L	1	1347	0.953291	139	1383	0.958770
simvarmass_CY5L_e9a827f8	SimCY5L	SimCY5L	1	1201	0.588369	182	537	0.981651
simvarmass_CY5L_e9b710b2	SimCY5L	SimCY5L	1	1177	0.737056	129	751	0.967617
simvarmass_CY5L_ea8843b2	SimCY5L	SimCY5L	1	1349	0.942288	131	1394	0.956612
simvarmass_CY5L_ec34d5b0	SimCY5L	SimCY5L	1	1234	0.958042	114	1275	0.965966
simvarmass_CY5L_ec47a6ad	SimCY5L	SimCY5L	65	317	0.935103	172	333	0.959654
simvarmass_CY5L_ec97f39a	SimCY5L	SimCY5L	1	1841	0.947721	170	1903	0.957668
simvarmass_CY5L_ef9dfecd	SimCY5L	SimCY5L	1	1979	0.929245	337	2043	0.942379
simvarmass_CY5L_efb30c9a	SimCY5L	SimCY5L	1	2170	0.385798	253	552	0.973070
simvarmass_CY5L_f09f925c	SimCY5L	SimCY5L	1	1000	0.873181	160	886	0.972376
simvarmass_CY5L_f16c4f04	SimCY5L	SimCY5L	1	880	0.951866	117	909	0.963791
simvarmass_CY5L_f3ca3027	SimCY5L	SimCY5L	1	839	0.953899	134	880	0.968854
simvarmass_CY5L_f4101ca1	SimCY5L	SimCY5L	1	915	0.954119	141	959	0.973496
simvarmass_CY5L_f57370ec	SimCY5L	SimCY5L	1	1590	0.945140	232	1649	0.955757
simvarmass_CY5L_f597b922	SimCY5L	SimCY5L	1	1988	0.945766	216	2071	0.959645
simvarmass_CY5L_f687367f	SimCY5L	SimCY5L	185	202	0.868817	100	233	0.931452
simvarmass_CY5L_f71f2ae3	SimCY5L	SimCY5L	35	242	0.956522	224	263	0.960152
simvarmass_CY5L_fa5eacdd	SimCY5L	SimCY5L	1	1496	0.936773	87	1540	0.951288
simvarmass_CY5L_fa6ac544	SimCY5L	SimCY5L	1	1896	0.930932	119	1955	0.940433
simvarmass_CY5L_fd058bc6	SimCY5L	SimCY5L	1	1784	0.535870	189	696	0.965854
simvarmass_CY5L_fe7b94ae	SimCY5L	SimCY5L	1	1342	0.957515	190	1381	0.969014
simvarmass_CY5L_fe9feef3	SimCY5L	SimCY5L	1	2628	0.371896	166	642	0.963526
simvarmass_CY5L_feb64b1c	SimCY5L	SimCY5L	1	1282	0.949517	229	1333	0.962477
simvarmass_TMRL_00a36523	SimTMRL	SimTMRL	121	448	0.959315	767	498	0.957317
simvarmass_TMRL_035bbb91	SimTMRL	SimTMRL	91	949	0.962475	239	1009	0.955709
simvarmass_TMRL_03e9ae6e	SimTMRL	SimTMRL	102	2113	0.932686	348	2209	0.935812
simvarmass_TMRL_0442bcde	SimTMRL	SimTMRL	129	1461	0.945254	415	1559	0.941287
simvarmass_TMRL_051f2b11	SimTMRL	SimTMRL	86	1359	0.955908	280	1403	0.953803
simvarmass_TMRL_0618c3c0	SimTMRL	SimTMRL	102	1736	0.001147	304	8073	0.000248
simvarmass_TMRL_065cc51d	SimTMRL	SimTMRL	117	1933	0.939460	561	2088	0.927366
simvarmass_TMRL_070849ff	SimTMRL	SimTMRL	104	781	0.952439	168	820	0.962478
simvarmass_TMRL_072b5701	SimTMRL	SimTMRL	94	1218	0.953388	503	1285	0.946565
simvarmass_TMRL_091ea053	SimTMRL	SimTMRL	134	1388	0.952937	142	17552	0.150039
simvarmass_TMRL_0c7f7779	SimTMRL	SimTMRL	94	793	0.948503	311	841	0.954598
simvarmass_TMRL_0d35ae2d	SimTMRL	SimTMRL	138	827	0.942661	61	18529	0.087936
simvarmass_TMRL_0d8365fd	SimTMRL	SimTMRL	143	1026	0.953975	1007	1158	0.933859
simvarmass_TMRL_0efde4f6	SimTMRL	SimTMRL	837	510	0.340909	209	2288	0.944654
simvarmass_TMRL_0f8520f7	SimTMRL	SimTMRL	144	533	0.922010	547	603	0.944444
simvarmass_TMRL_11be5298	SimTMRL	SimTMRL	145	1004	0.949928	517	1078	0.949793
simvarmass_TMRL_12d1c501	SimTMRL	SimTMRL	138	1418	0.943723	62	15698	0.170919
simvarmass_TMRL_132b0e1d	SimTMRL	SimTMRL	109	1928	0.935695	254	2039	0.939509
simvarmass_TMRL_13951781	SimTMRL	SimTMRL	151	140	0.880259	528	157	0.889571
simvarmass_TMRL_144094e6	SimTMRL	SimTMRL	134	2073	0.925501	73	15187	0.243777
simvarmass_TMRL_154fc139	SimTMRL	SimTMRL	155	1202	0.955830	827	1335	0.937264
simvarmass_TMRL_169f172d	SimTMRL	SimTMRL	174	1196	0.944489	709	1319	0.940643
simvarmass_TMRL_17945961	SimTMRL	SimTMRL	84	204	0.951049	388	225	0.937778
simvarmass_TMRL_17fcfcf4	SimTMRL	SimTMRL	173	1756	0.931071	558	1894	0.923785
simvarmass_TMRL_19c9fe8a	SimTMRL	SimTMRL	160	1912	0.899646	97	14864	0.240531
simvarmass_TMRL_1f6e6208	SimTMRL	SimTMRL	97	1686	0.943121	259	1778	0.952199
simvarmass_TMRL_1fe9cbf5	SimTMRL	SimTMRL	79	1476	0.946761	246	1535	0.954359
simvarmass_TMRL_20610138	SimTMRL	SimTMRL	101	368	0.942382	404	397	0.945679
simvarmass_TMRL_217a84bc	SimTMRL	SimTMRL	111	2053	0.931332	486	2212	0.923853
simvarmass_TMRL_217b8a01	SimTMRL	SimTMRL	118	1742	0.945425	547	1915	0.928423
simvarmass_TMRL_21a3efda	SimTMRL	SimTMRL	137	1967	0.946532	327	2081	0.937178
simvarmass_TMRL_2338f30b	SimTMRL	SimTMRL	70	447	0.937107	414	485	0.947581
simvarmass_TMRL_235d3ca8	SimTMRL	SimTMRL	110	522	0.940000	572	568	0.954625
simvarmass_TMRL_23e19e42	SimTMRL	SimTMRL	135	873	0.942193	401	956	0.949328
simvarmass_TMRL_23e7c892	SimTMRL	SimTMRL	154	2144	0.927273	121	16672	0.231878
simvarmass_TMRL_24124f4a	SimTMRL	SimTMRL	147	855	0.814961	139	21025	0.058910
simvarmass_TMRL_248aabc0	SimTMRL	SimTMRL	108	1933	0.934398	433	2025	0.935828
simvarmass_TMRL_25a8a99e	SimTMRL	SimTMRL	177	440	0.920467	175	18988	0.049048
simvarmass_TMRL_266202bc	SimTMRL	SimTMRL	154	1525	0.921077	566	1706	0.918578
simvarmass_TMRL_273c5723	SimTMRL	SimTMRL	104	1601	0.942874	302	1681	0.948216
simvarmass_TMRL_27986836	SimTMRL	SimTMRL	96	145	0.956522	861	160	0.942675
simvarmass_TMRL_28dc6f47	SimTMRL	SimTMRL	160	1291	0.947098	520	1393	0.949008
simvarmass_TMRL_2c8705eb	SimTMRL	SimTMRL	116	143	0.792593	531	133	0.846154
simvarmass_TMRL_2c8cbd79	SimTMRL	SimTMRL	90	587	0.966255	335	630	0.965024
simvarmass_TMRL_2db7b5fd	SimTMRL	SimTMRL	170	1233	0.931245	194	17295	0.140364
simvarmass_TMRL_2e3f28f3	SimTMRL	SimTMRL	114	422	0.804657	799	387	0.875339
simvarmass_TMRL_2ebdbaf0	SimTMRL	SimTMRL	157	705	0.940067	555	772	0.940722
simvarmass_TMRL_2ef76c51	SimTMRL	SimTMRL	66	338	0.961593	400	373	0.964770
simvarmass_TMRL_32388b80	SimTMRL	SimTMRL	110	1530	0.947923	89	19736	0.147256
simvarmass_TMRL_3374d92b	SimTMRL	SimTMRL	126	1246	0.951508	336	1329	0.943005
simvarmass_TMRL_35c8d048	SimTMRL	SimTMRL	105	646	0.944282	555	711	0.939118
simvarmass_TMRL_3bb5d83a	SimTMRL	SimTMRL	107	99	0.876106	452	115	0.851240
simvarmass_TMRL_3c29f86e	SimTMRL	SimTMRL	111	1999	0.920840	314	2116	0.931685
simvarmass_TMRL_3d5487ce	SimTMRL	SimTMRL	112	2092	0.917125	548	2293	0.915368
simvarmass_TMRL_3dab40da	SimTMRL	SimTMRL	162	1193	0.955894	458	1376	0.918192
simvarmass_TMRL_40da6748	SimTMRL	SimTMRL	145	413	0.954913	236	440	0.955157
simvarmass_TMRL_4179b643	SimTMRL	SimTMRL	148	1053	0.949504	521	1133	0.950392
simvarmass_TMRL_418898bd	SimTMRL	SimTMRL	111	926	0.950668	617	1003	0.955017
simvarmass_TMRL_4415117e	SimTMRL	SimTMRL	80	1363	0.944560	258	1439	0.950034
simvarmass_TMRL_44d95a97	SimTMRL	SimTMRL	124	755	0.953885	402	806	0.953488
simvarmass_TMRL_4552f372	SimTMRL	SimTMRL	96	576	0.952066	346	611	0.947791
simvarmass_TMRL_456b410c	SimTMRL	SimTMRL	179	1240	0.955951	201	21270	0.113715
simvarmass_TMRL_45b2c534	SimTMRL	SimTMRL	240	54	0.931034	404	58	0.933333
simvarmass_TMRL_46c8a8cf	SimTMRL	SimTMRL	156	386	0.949320	138	19684	0.039389
simvarmass_TMRL_487e5f1d	SimTMRL	SimTMRL	320	1432	0.754349	326	2118	0.921429
simvarmass_TMRL_492fc7d6	SimTMRL	SimTMRL	160	1212	0.949060	763	1337	0.950318
simvarmass_TMRL_49455a7c	SimTMRL	SimTMRL	97	2065	0.932429	414	2168	0.933746
simvarmass_TMRL_4a02cbce	SimTMRL	SimTMRL	71	351	0.952510	320	380	0.955614
simvarmass_TMRL_4aff60bf	SimTMRL	SimTMRL	95	1378	0.956612	326	1448	0.962386
simvarmass_TMRL_4b89c98e	SimTMRL	SimTMRL	104	389	0.945776	427	417	0.950061
simvarmass_TMRL_4ca7c1f8	SimTMRL	SimTMRL	100	380	0.953576	447	416	0.960384
simvarmass_TMRL_4d299943	SimTMRL	SimTMRL	124	2119	0.932658	321	2228	0.943907
simvarmass_TMRL_4db68b26	SimTMRL	SimTMRL	114	1202	0.941130	306	1289	0.945731
simvarmass_TMRL_4e01ce8f	SimTMRL	SimTMRL	141	1184	0.937202	849	1311	0.923950
simvarmass_TMRL_4ee7b39c	SimTMRL	SimTMRL	107	1381	0.944596	324	1476	0.946009
simvarmass_TMRL_4fa41ff4	SimTMRL	SimTMRL	101	335	0.959885	496	360	0.965422
simvarmass_TMRL_5050c5eb	SimTMRL	SimTMRL	105	375	0.965251	418	416	0.948655
simvarmass_TMRL_51aca410	SimTMRL	SimTMRL	112	754	0.940075	451	824	0.943780
simvarmass_TMRL_531f2826	SimTMRL	SimTMRL	90	201	0.052632	481	33	0.200000
simvarmass_TMRL_54048b1d	SimTMRL	SimTMRL	139	1887	0.929452	409	2022	0.931487
simvarmass_TMRL_54a4ef33	SimTMRL	SimTMRL	66	499	0.954023	436	534	0.960148
simvarmass_TMRL_54df1a75	SimTMRL	SimTMRL	136	1439	0.940675	125	16811	0.163166
simvarmass_TMRL_55394eb0	SimTMRL	SimTMRL	141	2121	0.927161	95	18312	0.210613
simvarmass_TMRL_577ce5ca	SimTMRL	SimTMRL	146	1957	0.908539	677	2191	0.902655
simvarmass_TMRL_58abd6b5	SimTMRL	SimTMRL	163	550	0.916949	126	20086	0.056478
simvarmass_TMRL_59ada9e0	SimTMRL	SimTMRL	135	1096	0.940722	752	1213	0.934151
simvarmass_TMRL_5bb3b255	SimTMRL	SimTMRL	177	1672	0.948237	633	1864	0.928803
simvarmass_TMRL_5d617c83	SimTMRL	SimTMRL	101	2067	0.931439	303	2174	0.931513
simvarmass_TMRL_5fefc118	SimTMRL	SimTMRL	150	1597	0.925547	584	1743	0.923551
simvarmass_TMRL_600a446c	SimTMRL	SimTMRL	134	666	0.950071	431	714	0.947586
simvarmass_TMRL_6040aa37	SimTMRL	SimTMRL	115	922	0.950026	358	1002	0.941118
simvarmass_TMRL_604ef355	SimTMRL	SimTMRL	187	1609	0.936058	626	1741	0.929435
simvarmass_TMRL_617d8a56	SimTMRL	SimTMRL	152	1966	0.922860	108	15410	0.232256
simvarmass_TMRL_633d3698	SimTMRL	SimTMRL	162	1029	0.943171	561	1104	0.941958
simvarmass_TMRL_64f6c0b0	SimTMRL	SimTMRL	106	1782	0.933718	424	1914	0.941504
simvarmass_TMRL_6676fd5c	SimTMRL	SimTMRL	82	2189	0.936763	305	2273	0.944199
simvarmass_TMRL_66b77acd	SimTMRL	SimTMRL	110	383	0.945000	477	402	0.962149
simvarmass_TMRL_6984e828	SimTMRL	SimTMRL	141	2130	0.932602	434	2296	0.923110
simvarmass_TMRL_6c313417	SimTMRL	SimTMRL	128	46	0.854167	780	56	0.811321
simvarmass_TMRL_6c6e2c30	SimTMRL	SimTMRL	86	2105	0.944108	520	2226	0.944056
simvarmass_TMRL_6dc88c32	SimTMRL	SimTMRL	71	93	0.873239	309	103	0.887892
simvarmass_TMRL_6e8cb638	SimTMRL	SimTMRL	698	740	0.490066	325	2132	0.935177
simvarmass_TMRL_6ef7c896	SimTMRL	SimTMRL	94	229	0.062257	111	17653	0.000905
simvarmass_TMRL_70a83343	SimTMRL	SimTMRL	158	921	0.917004	136	18457	0.100349
simvarmass_TMRL_721e1aef	SimTMRL	SimTMRL	118	557	0.956971	471	598	0.952618
simvarmass_TMRL_72d333b8	SimTMRL	SimTMRL	176	2061	0.940961	656	2248	0.929998
simvarmass_TMRL_79b3efaf	SimTMRL	SimTMRL	144	149	0.934169	440	163	0.948949
simvarmass_TMRL_7a76b5a4	SimTMRL	SimTMRL	128	695	0.950752	557	762	0.950948
simvarmass_TMRL_7c6cea1c	SimTMRL	SimTMRL	99	1007	0.943219	318	1077	0.953203
simvarmass_TMRL_7d35c0dc	SimTMRL	SimTMRL	133	783	0.945521	125	19826	0.079246
simvarmass_TMRL_7d3e1a6f	SimTMRL	SimTMRL	159	487	0.935639	659	573	0.917480
simvarmass_TMRL_7d4309e5	SimTMRL	SimTMRL	206	1330	0.923879	70	17734	0.147503
simvarmass_TMRL_7e9c2032	SimTMRL	SimTMRL	125	1183	0.953263	387	1262	0.942601
simvarmass_TMRL_7ed3b3eb	SimTMRL	SimTMRL	95	766	0.948479	486	824	0.946675
simvarmass_TMRL_7fab4291	SimTMRL	SimTMRL	87	1218	0.950410	198	1287	0.957414
simvarmass_TMRL_7fbc4fc0	SimTMRL	SimTMRL	113	679	0.962963	81	18282	0.073026
simvarmass_TMRL_80fee400	SimTMRL	SimTMRL	176	1969	0.940473	888	2132	0.924988
simvarmass_TMRL_8160d8bc	SimTMRL	SimTMRL	95	1461	0.944984	240	1542	0.948597
simvarmass_TMRL_81924417	SimTMRL	SimTMRL	178	1619	0.932370	193	18619	0.165103
simvarmass_TMRL_81c5ded7	SimTMRL	SimTMRL	102	621	0.945205	324	683	0.950581
simvarmass_TMRL_833b30e6	SimTMRL	SimTMRL	79	795	0.933568	299	856	0.952327
simvarmass_TMRL_83872c3e	SimTMRL	SimTMRL	89	1470	0.943372	261	1553	0.950799
simvarmass_TMRL_846117a2	SimTMRL	SimTMRL	130	1937	0.928400	428	2095	0.926852
simvarmass_TMRL_853a3a38	SimTMRL	SimTMRL	155	1818	0.906627	99	15512	0.218237
simvarmass_TMRL_87569aa8	SimTMRL	SimTMRL	105	881	0.945553	557	983	0.938171
simvarmass_TMRL_879db323	SimTMRL	SimTMRL	133	1727	0.931929	61	16236	0.196475
simvarmass_TMRL_87e73254	SimTMRL	SimTMRL	118	1020	0.526685	215	17574	0.044276
simvarmass_TMRL_898211e5	SimTMRL	SimTMRL	104	1238	0.954107	317	1292	0.955043
simvarmass_TMRL_8c95d1ab	SimTMRL	SimTMRL	1	1423	0.865294	304	1262	0.945552
simvarmass_TMRL_8d74bdc9	SimTMRL	SimTMRL	142	1245	0.941759	454	1373	0.923412
simvarmass_TMRL_8e20de30	SimTMRL	SimTMRL	96	2047	0.937700	60	18538	0.200316
simvarmass_TMRL_8ea5cf01	SimTMRL	SimTMRL	149	2151	0.914944	447	2367	0.908090
simvarmass_TMRL_8f54885b	SimTMRL	SimTMRL	124	2128	0.934271	353	2261	0.929090
simvarmass_TMRL_91852647	SimTMRL	SimTMRL	113	1686	0.933222	484	1785	0.934736
simvarmass_TMRL_92519093	SimTMRL	SimTMRL	81	1363	0.948468	317	1463	0.950202
simvarmass_TMRL_92f018f0	SimTMRL	SimTMRL	95	895	0.948093	279	958	0.957458
simvarmass_TMRL_94722e72	SimTMRL	SimTMRL	89	596	0.962066	358	635	0.967136
simvarmass_TMRL_97fa77e2	SimTMRL	SimTMRL	94	364	0.109091	257	17544	0.002391
simvarmass_TMRL_9a4dbf7c	SimTMRL	SimTMRL	122	1414	0.935179	88	16408	0.160169
simvarmass_TMRL_9ab65de4	SimTMRL	SimTMRL	140	1048	0.940278	653	1180	0.929207
simvarmass_TMRL_9b2e6352	SimTMRL	SimTMRL	166	1766	0.951252	543	1877	0.948745
simvarmass_TMRL_9b8222e8	SimTMRL	SimTMRL	174	1065	0.937693	749	1256	0.917685
simvarmass_TMRL_9be462c3	SimTMRL	SimTMRL	113	648	0.955556	758	750	0.913223
simvarmass_TMRL_9d78b00c	SimTMRL	SimTMRL	85	444	0.974753	453	474	0.977683
simvarmass_TMRL_9db466e8	SimTMRL	SimTMRL	106	1089	0.947735	393	1180	0.946795
simvarmass_TMRL_9e2ebb0b	SimTMRL	SimTMRL	136	1675	0.945877	448	1818	0.932462
simvarmass_TMRL_a25afbb5	SimTMRL	SimTMRL	132	2048	0.931419	382	2171	0.929965
simvarmass_TMRL_a2e1fcdd	SimTMRL	SimTMRL	100	723	0.964643	605	774	0.963871
simvarmass_TMRL_a566aba4	SimTMRL	SimTMRL	101	386	0.930120	514	468	0.881579
simvarmass_TMRL_a62aa723	SimTMRL	SimTMRL	138	1030	0.944037	74	18703	0.108497
simvarmass_TMRL_a66b9c69	SimTMRL	SimTMRL	186	495	0.960233	156	22308	0.045526
simvarmass_TMRL_a72b8843	SimTMRL	SimTMRL	83	1165	0.950632	365	1225	0.951016
simvarmass_TMRL_a72f8a37	SimTMRL	SimTMRL	122	629	0.946271	232	20475	0.057460
simvarmass_TMRL_a8db5834	SimTMRL	SimTMRL	130	219	0.913684	706	252	0.901575
simvarmass_TMRL_aa416f85	SimTMRL	SimTMRL	150	1769	0.924855	898	1956	0.908089
simvarmass_TMRL_aa62ca2c	SimTMRL	SimTMRL	111	1647	0.937091	351	1750	0.938606
simvarmass_TMRL_ac8b146d	SimTMRL	SimTMRL	86	1772	0.933791	477	1874	0.935012
simvarmass_TMRL_ad3cc05c	SimTMRL	SimTMRL	174	1297	0.945295	596	1393	0.941508
simvarmass_TMRL_ae6ab853	SimTMRL	SimTMRL	163	1640	0.945182	159	18025	0.169966
simvarmass_TMRL_af462d76	SimTMRL	SimTMRL	127	353	0.900388	481	399	0.881563
simvarmass_TMRL_afc93458	SimTMRL	SimTMRL	174	1364	0.947478	281	21391	0.124443
simvarmass_TMRL_afda365f	SimTMRL	SimTMRL	249	1970	0.931377	240	2103	0.946089
simvarmass_TMRL_b07da363	SimTMRL	SimTMRL	142	1421	0.954591	714	1547	0.942885
simvarmass_TMRL_b1062cd2	SimTMRL	SimTMRL	90	1031	0.958624	310	1076	0.958106
simvarmass_TMRL_b1617b06	SimTMRL	SimTMRL	115	1150	0.945935	460	1227	0.948000
simvarmass_TMRL_b2a1181c	SimTMRL	SimTMRL	154	1800	0.939117	529	1972	0.928732
simvarmass_TMRL_b53fd232	SimTMRL	SimTMRL	173	341	0.949861	499	393	0.929870
simvarmass_TMRL_b58de1b6	SimTMRL	SimTMRL	140	1491	0.935676	377	1620	0.946924
simvarmass_TMRL_b689c4d9	SimTMRL	SimTMRL	84	1651	0.947731	328	1719	0.957183
simvarmass_TMRL_b8c4544d	SimTMRL	SimTMRL	123	272	0.930973	483	292	0.929915
simvarmass_TMRL_ba74c496	SimTMRL	SimTMRL	123	401	0.935218	560	437	0.931073
simvarmass_TMRL_bb5e8dac	SimTMRL	SimTMRL	162	852	0.954676	181	18009	0.091323
simvarmass_TMRL_bbb2fa80	SimTMRL	SimTMRL	117	369	0.950904	434	409	0.958231
simvarmass_TMRL_bc410f7e	SimTMRL	SimTMRL	171	1452	0.942941	202	19350	0.144527
simvarmass_TMRL_bdd06456	SimTMRL	SimTMRL	139	1758	0.920052	578	1932	0.927551
simvarmass_TMRL_be862ff3	SimTMRL	SimTMRL	96	1382	0.372493	535	369	0.928962
simvarmass_TMRL_beac175f	SimTMRL	SimTMRL	130	1701	0.920910	82	15454	0.206707
simvarmass_TMRL_beb8d9ce	SimTMRL	SimTMRL	74	256	0.955224	403	288	0.940141
simvarmass_TMRL_bebc9568	SimTMRL	SimTMRL	173	577	0.959664	814	640	0.949721
simvarmass_TMRL_bf32f465	SimTMRL	SimTMRL	146	577	0.957465	733	645	0.926598
simvarmass_TMRL_bfe94955	SimTMRL	SimTMRL	128	1207	0.954455	509	1300	0.940413
simvarmass_TMRL_c0010e10	SimTMRL	SimTMRL	129	1533	0.947434	105	17091	0.167092
simvarmass_TMRL_c0213033	SimTMRL	SimTMRL	83	2145	0.930182	470	2274	0.934824
simvarmass_TMRL_c02b436f	SimTMRL	SimTMRL	87	1210	0.947162	287	1273	0.954927
simvarmass_TMRL_c0f004c4	SimTMRL	SimTMRL	136	1510	0.939639	414	1646	0.939104
simvarmass_TMRL_c1621bcc	SimTMRL	SimTMRL	116	506	0.952830	513	559	0.938005
simvarmass_TMRL_c1dbffdc	SimTMRL	SimTMRL	91	1027	0.948730	233	1091	0.954688
simvarmass_TMRL_c25f7281	SimTMRL	SimTMRL	111	1439	0.949835	100	19094	0.143582
simvarmass_TMRL_c286e651	SimTMRL	SimTMRL	75	262	0.973978	313	283	0.948122
simvarmass_TMRL_c37876a5	SimTMRL	SimTMRL	126	662	0.929775	411	734	0.942513
simvarmass_TMRL_c403b364	SimTMRL	SimTMRL	136	256	0.919210	500	295	0.946309
simvarmass_TMRL_c4241d45	SimTMRL	SimTMRL	97	1279	0.956262	209	1338	0.963424
simvarmass_TMRL_c465b212	SimTMRL	SimTMRL	165	2123	0.907177	83	15386	0.248591
simvarmass_TMRL_c724cf94	SimTMRL	SimTMRL	153	1794	0.923236	83	15636	0.215008
simvarmass_TMRL_c773909b	SimTMRL	SimTMRL	106	827	0.964994	530	925	0.951435
simvarmass_TMRL_c8168f67	SimTMRL	SimTMRL	134	1369	0.934611	482	1516	0.942634
simvarmass_TMRL_c845118f	SimTMRL	SimTMRL	125	424	0.942222	348	447	0.944745
simvarmass_TMRL_c97de8d3	SimTMRL	SimTMRL	161	374	0.874667	656	368	0.905914
simvarmass_TMRL_cc84932a	SimTMRL	SimTMRL	139	1976	0.933113	462	2105	0.929358
simvarmass_TMRL_ce31054b	SimTMRL	SimTMRL	98	254	0.935543	663	287	0.944444
simvarmass_TMRL_ce40b073	SimTMRL	SimTMRL	135	1025	0.945471	730	1121	0.950442
simvarmass_TMRL_cff585d1	SimTMRL	SimTMRL	127	950	0.945582	456	1035	0.935824
simvarmass_TMRL_d12eec9e	SimTMRL	SimTMRL	63	504	0.957265	234	523	0.968284
simvarmass_TMRL_d2c8fb9a	SimTMRL	SimTMRL	73	453	0.976293	396	483	0.968685
simvarmass_TMRL_d2d73305	SimTMRL	SimTMRL	159	1069	0.919105	589	1236	0.932156
simvarmass_TMRL_d311a735	SimTMRL	SimTMRL	131	283	0.531100	145	20478	0.011546
simvarmass_TMRL_d3939da3	SimTMRL	SimTMRL	114	2240	0.942664	617	2342	0.933966
simvarmass_TMRL_d497b2ec	SimTMRL	SimTMRL	160	1637	0.930710	156	18334	0.169471
simvarmass_TMRL_d4d47896	SimTMRL	SimTMRL	153	937	0.965979	223	22250	0.083000
simvarmass_TMRL_d5a7c403	SimTMRL	SimTMRL	116	1075	0.957646	347	1141	0.965786
simvarmass_TMRL_d7bbd0e2	SimTMRL	SimTMRL	108	1810	0.941697	366	1922	0.944360
simvarmass_TMRL_d8b2080a	SimTMRL	SimTMRL	136	370	0.942234	112	18953	0.040285
simvarmass_TMRL_d8f4a6ae	SimTMRL	SimTMRL	115	1730	0.936551	55	18630	0.171945
simvarmass_TMRL_d9f4557f	SimTMRL	SimTMRL	122	1145	0.929268	376	1268	0.937669
simvarmass_TMRL_db34801c	SimTMRL	SimTMRL	270	1748	0.875689	455	2076	0.928208
simvarmass_TMRL_db5f4d7e	SimTMRL	SimTMRL	165	1151	0.941756	128	19561	0.115407
simvarmass_TMRL_dc02391f	SimTMRL	SimTMRL	141	1955	0.925486	701	2229	0.911765
simvarmass_TMRL_dcd948ad	SimTMRL	SimTMRL	96	940	0.953831	432	1002	0.956222
simvarmass_TMRL_dd7166d2	SimTMRL	SimTMRL	1053	477	0.325264	40	18586	0.213573
simvarmass_TMRL_de87cb98	SimTMRL	SimTMRL	137	1602	0.924010	451	1774	0.918249
simvarmass_TMRL_e2d70a40	SimTMRL	SimTMRL	108	570	0.953898	287	616	0.963680
simvarmass_TMRL_e587ecca	SimTMRL	SimTMRL	173	1054	0.949550	616	1188	0.935429
simvarmass_TMRL_e6bb8457	SimTMRL	SimTMRL	71	1060	0.955385	428	1112	0.969617
simvarmass_TMRL_e79f6619	SimTMRL	SimTMRL	144	1511	0.933994	148	17078	0.169522
simvarmass_TMRL_ea7ac772	SimTMRL	SimTMRL	54	13	0.296296	279	10	0.313725
simvarmass_TMRL_eaeb7500	SimTMRL	SimTMRL	133	1983	0.908341	316	2135	0.915855
simvarmass_TMRL_ebd071e5	SimTMRL	SimTMRL	155	2220	0.928586	96	15867	0.248724
simvarmass_TMRL_ec03aa6c	SimTMRL	SimTMRL	150	463	0.924755	1123	502	0.924686
simvarmass_TMRL_ed5a8d2f	SimTMRL	SimTMRL	140	962	0.932806	697	1076	0.924228
simvarmass_TMRL_eddd606c	SimTMRL	SimTMRL	76	82	0.937143	272	103	0.846939
simvarmass_TMRL_f023a4b4	SimTMRL	SimTMRL	106	90	0.931937	620	118	0.858447
simvarmass_TMRL_f0f3a4a2	SimTMRL	SimTMRL	1	1362	0.908957	362	1284	0.962207
simvarmass_TMRL_f24946d7	SimTMRL	SimTMRL	156	1097	0.948142	614	1208	0.940206
simvarmass_TMRL_f4a57b9f	SimTMRL	SimTMRL	138	411	0.934558	494	455	0.926776
simvarmass_TMRL_f5c16209	SimTMRL	SimTMRL	111	1467	0.944283	439	1555	0.950830
simvarmass_TMRL_f7e45d35	SimTMRL	SimTMRL	96	1111	0.956110	52	18354	0.117136
simvarmass_TMRL_f8a97aae	SimTMRL	SimTMRL	93	1432	0.948344	310	1508	0.963824
simvarmass_TMRL_f9a98ebb	SimTMRL	SimTMRL	133	137	0.981949	1203	181	0.866044
simvarmass_TMRL_f9aea244	SimTMRL	SimTMRL	141	2060	0.931643	120	15822	0.233773
simvarmass_TMRL_fa2aaf75	SimTMRL	SimTMRL	152	1991	0.928890	149	16538	0.219162
simvarmass_TMRL_faf6135e	SimTMRL	SimTMRL	147	1819	0.934878	695	1969	0.934820
simvarmass_TMRL_fbfb73de	SimTMRL	SimTMRL	152	1095	0.938303	519	1193	0.940789
simvarmass_TMRL_fc1513a8	SimTMRL	SimTMRL	123	1670	0.944208	689	1795	0.936543
simvarmass_TMRL_fc5b60a0	SimTMRL	SimTMRL	166	200	0.913349	728	260	0.845996
simvarmass_TMRL_fc9ef2d1	SimTMRL	SimTMRL	143	1487	0.942631	388	1614	0.930530
simvarmass_TMRL_fdb9a44a	SimTMRL	SimTMRL	158	1115	0.940431	567	1205	0.939357
simvarmass_TMRL_fe259400	SimTMRL	SimTMRL	84	1246	0.946367	447	1300	0.949683
simvarmass_TMRL_feb3ab2e	SimTMRL	SimTMRL	151	1150	0.952658	203	20867	0.107661
simvarmass_TMRL_ff787d2e	SimTMRL	SimTMRL	137	2020	0.940163	536	2217	0.919858
simvarmass_TMRL_ffeace8a	SimTMRL	SimTMRL	123	1104	0.937925	449	1195	0.949652
simneg_008df2df	SimNeg	SimNeg	52	29990	NaN	2193	7313	NaN
simneg_00ed8795	SimNeg	SimNeg	103	32435	NaN	2208	9488	NaN
simneg_0128b58c	SimNeg	SimNeg	137	3909	NaN	1926	9809	NaN
simneg_0135127f	SimNeg	SimNeg	107	5280	NaN	2302	10203	NaN
simneg_0146c79a	SimNeg	SimNeg	NaN	NaN	NaN	1548	9484	NaN
simneg_016b62ba	SimNeg	SimNeg	NaN	NaN	NaN	1935	9105	NaN
simneg_01aafc2e	SimNeg	SimNeg	39	1	NaN	1619	6635	NaN
simneg_01ca480a	SimNeg	SimNeg	55	5	NaN	2070	7393	NaN
simneg_01f9c4c6	SimNeg	SimNeg	40	32037	NaN	2126	6499	NaN
simneg_0204ca28	SimNeg	SimNeg	40	7	NaN	1661	5412	NaN
simneg_0305293f	SimNeg	SimNeg	85	88	NaN	1477	8813	NaN
simneg_03714e9d	SimNeg	SimNeg	56	23034	NaN	2160	6330	NaN
simneg_03a610c9	SimNeg	SimNeg	53	1316	NaN	1959	8828	NaN
simneg_03cf26c4	SimNeg	SimNeg	62	338	NaN	1668	6697	NaN
simneg_03f9a7f2	SimNeg	SimNeg	39	1	NaN	1885	8356	NaN
simneg_04ce6818	SimNeg	SimNeg	58	19	NaN	1791	6832	NaN
simneg_04e0cd31	SimNeg	SimNeg	49	2	NaN	1863	7703	NaN
simneg_062b926b	SimNeg	SimNeg	91	260	NaN	1705	9567	NaN
simneg_06add54e	SimNeg	SimNeg	51	29	NaN	1601	6675	NaN
simneg_07cbe44d	SimNeg	SimNeg	75	768	NaN	1802	6361	NaN
simneg_087cb64d	SimNeg	SimNeg	81	28956	NaN	2063	9079	NaN
simneg_08a5d823	SimNeg	SimNeg	54	339	NaN	1626	7729	NaN
simneg_092bf249	SimNeg	SimNeg	57	4987	NaN	1807	9968	NaN
simneg_09c3982d	SimNeg	SimNeg	43	30960	NaN	1583	7845	NaN
simneg_09f87703	SimNeg	SimNeg	47	128	NaN	2166	10672	NaN
simneg_0a51957b	SimNeg	SimNeg	63	30413	NaN	2147	5906	NaN
simneg_0ad21898	SimNeg	SimNeg	61	31834	NaN	2006	6933	NaN
simneg_0adc3a81	SimNeg	SimNeg	66	45	NaN	1747	8918	NaN
simneg_0af6dab5	SimNeg	SimNeg	63	331	NaN	2266	10314	NaN
simneg_0c4f670e	SimNeg	SimNeg	64	31188	NaN	1967	8199	NaN
simneg_0d7555a1	SimNeg	SimNeg	35	2	NaN	1728	6008	NaN
simneg_0e0e98bc	SimNeg	SimNeg	107	1865	NaN	1709	8988	NaN
simneg_0e8556ac	SimNeg	SimNeg	49	2378	NaN	2132	7793	NaN
simneg_0ff286fb	SimNeg	SimNeg	82	2758	NaN	2204	6484	NaN
simneg_10326481	SimNeg	SimNeg	88	10111	NaN	2393	9389	NaN
simneg_10ef7b75	SimNeg	SimNeg	98	101	NaN	1986	10414	NaN
simneg_1143ce3c	SimNeg	SimNeg	77	5766	NaN	1815	6516	NaN
simneg_117b6d66	SimNeg	SimNeg	43	18	NaN	1915	7630	NaN
simneg_12552909	SimNeg	SimNeg	62	19773	NaN	2008	6936	NaN
simneg_12f5ff26	SimNeg	SimNeg	76	134	NaN	1659	7373	NaN
simneg_1301e74b	SimNeg	SimNeg	59	31572	NaN	2171	7461	NaN
simneg_1409e27d	SimNeg	SimNeg	63	33	NaN	1862	6084	NaN
simneg_1441c506	SimNeg	SimNeg	73	19172	NaN	2105	9912	NaN
simneg_1456c498	SimNeg	SimNeg	23	0	NaN	1622	6697	NaN
simneg_15b4c8cc	SimNeg	SimNeg	57	107	NaN	1735	7778	NaN
simneg_171dbf51	SimNeg	SimNeg	60	11565	NaN	2191	11211	NaN
simneg_176f7662	SimNeg	SimNeg	65	470	NaN	1832	9412	NaN
simneg_18d57603	SimNeg	SimNeg	27	0	NaN	1724	5966	NaN
simneg_19156920	SimNeg	SimNeg	114	668	NaN	2120	9720	NaN
simneg_19524001	SimNeg	SimNeg	33	0	NaN	1680	8234	NaN
simneg_19d0e46d	SimNeg	SimNeg	80	471	NaN	1585	6336	NaN
simneg_1aaae7cb	SimNeg	SimNeg	43	1	NaN	1967	11093	NaN
simneg_1ae87294	SimNeg	SimNeg	51	509	NaN	1897	10159	NaN
simneg_1b88658f	SimNeg	SimNeg	61	31	NaN	1610	8021	NaN
simneg_1bd8fc06	SimNeg	SimNeg	103	11350	NaN	1849	10515	NaN
simneg_1c8de8f3	SimNeg	SimNeg	59	9	NaN	1910	5470	NaN
simneg_1ccdf300	SimNeg	SimNeg	68	29884	NaN	1872	8364	NaN
simneg_1e68d1a7	SimNeg	SimNeg	61	556	NaN	1652	11048	NaN
simneg_1ec12cbd	SimNeg	SimNeg	26	0	NaN	1511	7438	NaN
simneg_1f6c5d95	SimNeg	SimNeg	93	30498	NaN	2058	11589	NaN
simneg_1ff6decc	SimNeg	SimNeg	40	31695	NaN	1599	9637	NaN
simneg_200a9661	SimNeg	SimNeg	50	6	NaN	1819	8239	NaN
simneg_2025e2c2	SimNeg	SimNeg	61	22826	NaN	1900	7497	NaN
simneg_20b07eee	SimNeg	SimNeg	68	373	NaN	1683	10054	NaN
simneg_20bf9920	SimNeg	SimNeg	63	12689	NaN	1960	6891	NaN
simneg_210deafc	SimNeg	SimNeg	29	0	NaN	1989	8682	NaN
simneg_21f73a74	SimNeg	SimNeg	85	31374	NaN	2127	10508	NaN
simneg_22063ded	SimNeg	SimNeg	43	2	NaN	1979	10351	NaN
simneg_220a5f91	SimNeg	SimNeg	67	1051	NaN	1706	5663	NaN
simneg_22a5d9c9	SimNeg	SimNeg	47	4	NaN	1691	8250	NaN
simneg_22e13f3f	SimNeg	SimNeg	84	284	NaN	1949	6302	NaN
simneg_2374c844	SimNeg	SimNeg	61	11299	NaN	1798	8944	NaN
simneg_239fff42	SimNeg	SimNeg	45	4	NaN	1692	7158	NaN
simneg_24a9787f	SimNeg	SimNeg	50	30475	NaN	2144	6687	NaN
simneg_2565a7c5	SimNeg	SimNeg	80	44	NaN	1879	7357	NaN
simneg_25c2bad0	SimNeg	SimNeg	33	5	NaN	1675	7379	NaN
simneg_262f9715	SimNeg	SimNeg	85	4759	NaN	1781	7053	NaN
simneg_2633ad69	SimNeg	SimNeg	67	793	NaN	1774	7450	NaN
simneg_27a10708	SimNeg	SimNeg	24	0	NaN	1725	7603	NaN
simneg_284499a4	SimNeg	SimNeg	61	4	NaN	1718	6423	NaN
simneg_287a9ba2	SimNeg	SimNeg	88	6	NaN	1621	6494	NaN
simneg_289e13d6	SimNeg	SimNeg	92	23214	NaN	2219	7136	NaN
simneg_28b3c85e	SimNeg	SimNeg	81	34	NaN	2136	6838	NaN
simneg_28bf763e	SimNeg	SimNeg	75	981	NaN	1634	6015	NaN
simneg_28c5465a	SimNeg	SimNeg	60	14081	NaN	1801	6088	NaN
simneg_29a50b12	SimNeg	SimNeg	80	863	NaN	1617	8900	NaN
simneg_29c03a39	SimNeg	SimNeg	47	137	NaN	1669	9299	NaN
simneg_29f259fc	SimNeg	SimNeg	51	6	NaN	1565	7906	NaN
simneg_2ade28d4	SimNeg	SimNeg	76	28429	NaN	2316	7005	NaN
simneg_2af1efc2	SimNeg	SimNeg	48	4643	NaN	1604	7007	NaN
simneg_2bbde0d0	SimNeg	SimNeg	24	32923	NaN	1816	6467	NaN
simneg_2bc16413	SimNeg	SimNeg	37	10	NaN	1631	7537	NaN
simneg_2bd9f361	SimNeg	SimNeg	118	65	NaN	1666	6039	NaN
simneg_2cd891fc	SimNeg	SimNeg	50	4151	NaN	1790	9017	NaN
simneg_2d82c8f8	SimNeg	SimNeg	52	8	NaN	1598	10640	NaN
simneg_2de72803	SimNeg	SimNeg	67	5670	NaN	2164	7198	NaN
simneg_2e6cac94	SimNeg	SimNeg	76	6513	NaN	2223	6832	NaN
simneg_2f5bd1d7	SimNeg	SimNeg	41	2	NaN	1671	11672	NaN
simneg_2f8c082e	SimNeg	SimNeg	79	33342	NaN	2250	7263	NaN
simneg_2fd4971d	SimNeg	SimNeg	67	346	NaN	1650	9684	NaN
simneg_303760d1	SimNeg	SimNeg	51	3	NaN	2056	7022	NaN
simneg_31152e4c	SimNeg	SimNeg	50	30722	NaN	2137	7410	NaN
simneg_322e79b5	SimNeg	SimNeg	62	8	NaN	2207	5898	NaN
simneg_32afd62d	SimNeg	SimNeg	79	21143	NaN	1957	7044	NaN
simneg_333919b3	SimNeg	SimNeg	37	3	NaN	1902	9685	NaN
simneg_3342ebfb	SimNeg	SimNeg	59	12249	NaN	1988	8670	NaN
simneg_33861bf0	SimNeg	SimNeg	36	1	NaN	1597	8005	NaN
simneg_34c6ee5e	SimNeg	SimNeg	58	3029	NaN	1463	8486	NaN
simneg_350f228f	SimNeg	SimNeg	62	19582	NaN	2082	9670	NaN
simneg_3550ff0d	SimNeg	SimNeg	47	6	NaN	2127	6392	NaN
simneg_35d3f310	SimNeg	SimNeg	121	1430	NaN	1966	12043	NaN
simneg_364326df	SimNeg	SimNeg	93	4161	NaN	1755	6505	NaN
simneg_3684d0c7	SimNeg	SimNeg	47	40	NaN	1694	8407	NaN
simneg_36d91aeb	SimNeg	SimNeg	102	20380	NaN	1985	10431	NaN
simneg_37029b70	SimNeg	SimNeg	34	22802	NaN	1642	8113	NaN
simneg_37699bd5	SimNeg	SimNeg	95	167	NaN	1772	10005	NaN
simneg_37dc8a56	SimNeg	SimNeg	62	792	NaN	1658	7377	NaN
simneg_38cc062c	SimNeg	SimNeg	77	93	NaN	1848	6800	NaN
simneg_38ecfc5f	SimNeg	SimNeg	70	14505	NaN	2108	5997	NaN
simneg_3a282f75	SimNeg	SimNeg	59	13	NaN	1780	5886	NaN
simneg_3aa5e2f6	SimNeg	SimNeg	126	289	NaN	1820	5804	NaN
simneg_3ac896b7	SimNeg	SimNeg	78	22184	NaN	2096	7585	NaN
simneg_3b58a45a	SimNeg	SimNeg	73	91	NaN	1708	7343	NaN
simneg_3c27b97c	SimNeg	SimNeg	29	0	NaN	1548	11878	NaN
simneg_3c96b87b	SimNeg	SimNeg	72	38	NaN	1833	9568	NaN
simneg_3d5cb382	SimNeg	SimNeg	73	2703	NaN	2225	6288	NaN
simneg_3d82fc65	SimNeg	SimNeg	86	30680	NaN	2041	10646	NaN
simneg_3e5421c3	SimNeg	SimNeg	77	323	NaN	1532	7084	NaN
simneg_3e6ff515	SimNeg	SimNeg	43	1	NaN	1662	7771	NaN
simneg_3f69dbab	SimNeg	SimNeg	63	21795	NaN	1980	6716	NaN
simneg_3fdbfa8b	SimNeg	SimNeg	32	0	NaN	1462	7622	NaN
simneg_3ff75dec	SimNeg	SimNeg	43	2	NaN	1942	6401	NaN
simneg_40c8dff7	SimNeg	SimNeg	66	691	NaN	1896	6637	NaN
simneg_412ad709	SimNeg	SimNeg	67	3079	NaN	2014	6791	NaN
simneg_413cb622	SimNeg	SimNeg	79	244	NaN	2002	7368	NaN
simneg_4315c960	SimNeg	SimNeg	41	2	NaN	1978	11500	NaN
simneg_43d12925	SimNeg	SimNeg	67	669	NaN	1667	7151	NaN
simneg_43eb441c	SimNeg	SimNeg	99	14652	NaN	1874	8589	NaN
simneg_44762956	SimNeg	SimNeg	61	3	NaN	1629	5711	NaN
simneg_449f3a7a	SimNeg	SimNeg	59	30	NaN	1698	5428	NaN
simneg_44bf3a6e	SimNeg	SimNeg	95	19	NaN	2152	5697	NaN
simneg_44ebfc07	SimNeg	SimNeg	42	4	NaN	1652	10626	NaN
simneg_44f9a733	SimNeg	SimNeg	51	8	NaN	1708	10349	NaN
simneg_45197a07	SimNeg	SimNeg	111	3464	NaN	2168	6269	NaN
simneg_46204007	SimNeg	SimNeg	95	6025	NaN	1777	7512	NaN
simneg_4747edf5	SimNeg	SimNeg	83	59	NaN	1624	7046	NaN
simneg_47882bb3	SimNeg	SimNeg	53	987	NaN	1603	7566	NaN
simneg_479db5b8	SimNeg	SimNeg	54	30917	NaN	1980	8043	NaN
simneg_48460575	SimNeg	SimNeg	63	58	NaN	1701	6720	NaN
simneg_487c205e	SimNeg	SimNeg	21	0	NaN	1529	6661	NaN
simneg_48e9df4e	SimNeg	SimNeg	94	812	NaN	1548	7665	NaN
simneg_491a3210	SimNeg	SimNeg	68	21703	NaN	1955	6923	NaN
simneg_4983e9e8	SimNeg	SimNeg	64	33	NaN	2049	7592	NaN
simneg_49d37ac4	SimNeg	SimNeg	30	3	NaN	1841	9394	NaN
simneg_4a400bf7	SimNeg	SimNeg	27	0	NaN	1705	6840	NaN
simneg_4a722c03	SimNeg	SimNeg	79	30639	NaN	2076	9146	NaN
simneg_4ae6cf3f	SimNeg	SimNeg	32	0	NaN	1637	7229	NaN
simneg_4b98b0d2	SimNeg	SimNeg	69	13	NaN	1587	7320	NaN
simneg_4ba096b4	SimNeg	SimNeg	36	1	NaN	1599	7810	NaN
simneg_4c074ef4	SimNeg	SimNeg	44	1	NaN	1483	8767	NaN
simneg_4c8adc6b	SimNeg	SimNeg	64	776	NaN	1784	6258	NaN
simneg_4cbe83b5	SimNeg	SimNeg	48	21	NaN	1663	9251	NaN
simneg_4d192078	SimNeg	SimNeg	32	1	NaN	1599	9169	NaN
simneg_4d2ef131	SimNeg	SimNeg	50	30	NaN	1592	6246	NaN
simneg_4d301977	SimNeg	SimNeg	52	9	NaN	1831	6750	NaN
simneg_4dbe0508	SimNeg	SimNeg	44	2	NaN	1660	5344	NaN
simneg_4ea7592d	SimNeg	SimNeg	97	707	NaN	2136	9084	NaN
simneg_4f2647b0	SimNeg	SimNeg	86	30677	NaN	2010	10314	NaN
simneg_4f7ba576	SimNeg	SimNeg	73	3544	NaN	2230	8744	NaN
simneg_4f874bd0	SimNeg	SimNeg	86	1341	NaN	1778	5901	NaN
simneg_504762bb	SimNeg	SimNeg	77	31839	NaN	2082	8027	NaN
simneg_506b4b0c	SimNeg	SimNeg	57	1145	NaN	2126	7524	NaN
simneg_50802c85	SimNeg	SimNeg	67	2	NaN	2121	7121	NaN
simneg_50c80610	SimNeg	SimNeg	58	24	NaN	1739	9559	NaN
simneg_5528d32e	SimNeg	SimNeg	54	8	NaN	1550	8191	NaN
simneg_5695e8ae	SimNeg	SimNeg	46	1	NaN	1647	6281	NaN
simneg_56bd2f94	SimNeg	SimNeg	39	3	NaN	1969	8530	NaN
simneg_56eac852	SimNeg	SimNeg	72	930	NaN	1623	7225	NaN
simneg_57980fa6	SimNeg	SimNeg	61	1295	NaN	1931	7503	NaN
simneg_58072fd6	SimNeg	SimNeg	67	157	NaN	1674	7879	NaN
simneg_5840e67f	SimNeg	SimNeg	25	0	NaN	1548	6526	NaN
simneg_587df002	SimNeg	SimNeg	64	2058	NaN	1951	9777	NaN
simneg_5989de1b	SimNeg	SimNeg	96	25	NaN	1973	7034	NaN
simneg_59b49c4b	SimNeg	SimNeg	73	6	NaN	2003	7887	NaN
simneg_5a55deff	SimNeg	SimNeg	57	324	NaN	1661	10132	NaN
simneg_5a6018fe	SimNeg	SimNeg	48	732	NaN	1682	8574	NaN
simneg_5a65bf0b	SimNeg	SimNeg	58	30021	NaN	2122	6565	NaN
simneg_5acff5c0	SimNeg	SimNeg	47	32234	NaN	2167	5870	NaN
simneg_5ae2e0de	SimNeg	SimNeg	38	1	NaN	1602	11092	NaN
simneg_5b009f5d	SimNeg	SimNeg	83	480	NaN	1661	5936	NaN
simneg_5c988516	SimNeg	SimNeg	39	2	NaN	1861	11027	NaN
simneg_5d6f38bb	SimNeg	SimNeg	37	2	NaN	1639	6893	NaN
simneg_5ddc2995	SimNeg	SimNeg	79	5304	NaN	1880	9922	NaN
simneg_5e342d00	SimNeg	SimNeg	84	1338	NaN	1747	7871	NaN
simneg_5ee82dcd	SimNeg	SimNeg	68	30162	NaN	2182	8314	NaN
simneg_60aec3fc	SimNeg	SimNeg	26	0	NaN	1644	8405	NaN
simneg_60af8c89	SimNeg	SimNeg	42	31505	NaN	2279	5872	NaN
simneg_61b5cb8c	SimNeg	SimNeg	69	11218	NaN	1602	8332	NaN
simneg_61dc8253	SimNeg	SimNeg	85	361	NaN	2015	10867	NaN
simneg_632fb872	SimNeg	SimNeg	108	3785	NaN	1782	7966	NaN
simneg_634e4184	SimNeg	SimNeg	65	13715	NaN	2185	7116	NaN
simneg_6364991d	SimNeg	SimNeg	48	21	NaN	1503	7464	NaN
simneg_636b7112	SimNeg	SimNeg	51	121	NaN	2106	8333	NaN
simneg_63d6104b	SimNeg	SimNeg	80	218	NaN	2109	6959	NaN
simneg_64562c4a	SimNeg	SimNeg	62	31953	NaN	2091	7350	NaN
simneg_646795f8	SimNeg	SimNeg	96	884	NaN	1618	6667	NaN
simneg_64961815	SimNeg	SimNeg	79	24516	NaN	1930	8460	NaN
simneg_64e6679d	SimNeg	SimNeg	54	19	NaN	1697	7715	NaN
simneg_653826db	SimNeg	SimNeg	64	35	NaN	1976	7059	NaN
simneg_658eeda2	SimNeg	SimNeg	34	31507	NaN	1692	6818	NaN
simneg_659a8d3a	SimNeg	SimNeg	60	1765	NaN	1687	7584	NaN
simneg_67190477	SimNeg	SimNeg	73	35	NaN	1822	8856	NaN
simneg_67496d8b	SimNeg	SimNeg	52	1	NaN	1609	6626	NaN
simneg_6823efd3	SimNeg	SimNeg	37	6	NaN	2076	7601	NaN
simneg_68b77706	SimNeg	SimNeg	66	24	NaN	1777	10286	NaN
simneg_6938ab16	SimNeg	SimNeg	55	82	NaN	1933	7957	NaN
simneg_6a20b4b7	SimNeg	SimNeg	31	0	NaN	1570	6763	NaN
simneg_6a7236a8	SimNeg	SimNeg	94	21	NaN	1918	6865	NaN
simneg_6abd6f05	SimNeg	SimNeg	36	0	NaN	1643	6600	NaN
simneg_6b629e20	SimNeg	SimNeg	70	31097	NaN	2025	9870	NaN
simneg_6c30471a	SimNeg	SimNeg	49	21987	NaN	1906	7765	NaN
simneg_6c9b1f89	SimNeg	SimNeg	75	15048	NaN	2195	6588	NaN
simneg_6d3bd2f6	SimNeg	SimNeg	25	0	NaN	1696	6075	NaN
simneg_6d8eb4dc	SimNeg	SimNeg	41	2	NaN	1571	6470	NaN
simneg_6dd0e5b0	SimNeg	SimNeg	44	7	NaN	1698	8738	NaN
simneg_6e413990	SimNeg	SimNeg	56	4	NaN	1673	9367	NaN
simneg_6f884175	SimNeg	SimNeg	50	21326	NaN	2196	7651	NaN
simneg_7002ed75	SimNeg	SimNeg	72	30421	NaN	2003	7767	NaN
simneg_702cafbd	SimNeg	SimNeg	55	297	NaN	1627	8206	NaN
simneg_70b47c2b	SimNeg	SimNeg	33	0	NaN	1735	8159	NaN
simneg_7228e932	SimNeg	SimNeg	110	3730	NaN	1864	10114	NaN
simneg_727f4db3	SimNeg	SimNeg	89	124	NaN	2139	11785	NaN
simneg_72878a55	SimNeg	SimNeg	25	0	NaN	1484	8639	NaN
simneg_733bbe99	SimNeg	SimNeg	94	2497	NaN	1887	9793	NaN
simneg_7501144b	SimNeg	SimNeg	80	12873	NaN	1961	6302	NaN
simneg_7568ad15	SimNeg	SimNeg	71	16	NaN	1580	8443	NaN
simneg_7617104c	SimNeg	SimNeg	81	42	NaN	2070	6705	NaN
simneg_77ae7d02	SimNeg	SimNeg	26	0	NaN	1726	8455	NaN
simneg_780000da	SimNeg	SimNeg	62	31129	NaN	2224	6160	NaN
simneg_784a7549	SimNeg	SimNeg	47	21799	NaN	1613	6857	NaN
simneg_78714dc4	SimNeg	SimNeg	91	22	NaN	1476	6884	NaN
simneg_787d8c83	SimNeg	SimNeg	87	33182	NaN	2073	10060	NaN
simneg_7abb326d	SimNeg	SimNeg	92	18725	NaN	1942	11746	NaN
simneg_7c592059	SimNeg	SimNeg	27	0	NaN	1759	7138	NaN
simneg_7d03e621	SimNeg	SimNeg	106	31893	NaN	2280	7764	NaN
simneg_7e2b7d7e	SimNeg	SimNeg	41	31548	NaN	1732	6341	NaN
simneg_7e79e454	SimNeg	SimNeg	76	9	NaN	1607	6479	NaN
simneg_7ec7a6c6	SimNeg	SimNeg	81	1181	NaN	1650	10261	NaN
simneg_7ef84fa5	SimNeg	SimNeg	59	34	NaN	2232	7176	NaN
simneg_7f3d7090	SimNeg	SimNeg	56	22427	NaN	1835	6714	NaN
simneg_81284f56	SimNeg	SimNeg	119	440	NaN	1547	8935	NaN
simneg_8148d540	SimNeg	SimNeg	53	30822	NaN	2212	6126	NaN
simneg_824e5c5d	SimNeg	SimNeg	23	0	NaN	1772	5855	NaN
simneg_82893bfd	SimNeg	SimNeg	66	41	NaN	1636	6491	NaN
simneg_82d4a2a7	SimNeg	SimNeg	66	899	NaN	1764	6079	NaN
simneg_83190e73	SimNeg	SimNeg	70	16	NaN	2019	9727	NaN
simneg_835d2258	SimNeg	SimNeg	25	0	NaN	1637	6253	NaN
simneg_83797b79	SimNeg	SimNeg	76	3038	NaN	1633	8878	NaN
simneg_84309f42	SimNeg	SimNeg	53	25	NaN	1605	9007	NaN
simneg_8436625e	SimNeg	SimNeg	26	0	NaN	1968	11245	NaN
simneg_84f13f24	SimNeg	SimNeg	57	32151	NaN	2137	5559	NaN
simneg_852a4f74	SimNeg	SimNeg	82	11185	NaN	2087	11502	NaN
simneg_855e846c	SimNeg	SimNeg	49	105	NaN	2307	8347	NaN
simneg_867db480	SimNeg	SimNeg	87	31507	NaN	2241	7234	NaN
simneg_86b3b53f	SimNeg	SimNeg	54	31352	NaN	2093	7480	NaN
simneg_86dd0b01	SimNeg	SimNeg	60	28896	NaN	1930	8190	NaN
simneg_870a1acc	SimNeg	SimNeg	42	109	NaN	1637	6181	NaN
simneg_87195b22	SimNeg	SimNeg	37	2	NaN	1688	10873	NaN
simneg_878c0656	SimNeg	SimNeg	102	1574	NaN	2185	8048	NaN
simneg_8885462d	SimNeg	SimNeg	57	12	NaN	1979	10419	NaN
simneg_889ae2d4	SimNeg	SimNeg	53	8	NaN	1628	6656	NaN
simneg_89f2311c	SimNeg	SimNeg	39	1	NaN	1607	8535	NaN
simneg_8a579136	SimNeg	SimNeg	42	1	NaN	1788	7483	NaN
simneg_8ad246b9	SimNeg	SimNeg	74	30578	NaN	2231	6171	NaN
simneg_8b8e4c0b	SimNeg	SimNeg	31	0	NaN	1804	10468	NaN
simneg_8c1f1b36	SimNeg	SimNeg	59	12	NaN	2054	10588	NaN
simneg_8c91ccd5	SimNeg	SimNeg	50	3	NaN	1650	7267	NaN
simneg_8ca6eaac	SimNeg	SimNeg	74	11373	NaN	2117	6254	NaN
simneg_8ca739fd	SimNeg	SimNeg	67	14353	NaN	1887	7086	NaN
simneg_8d40c7d1	SimNeg	SimNeg	60	20688	NaN	2032	7429	NaN
simneg_8f24a2c4	SimNeg	SimNeg	53	58	NaN	1658	6289	NaN
simneg_8fc2f1b1	SimNeg	SimNeg	62	18603	NaN	1849	9396	NaN
simneg_8ff07918	SimNeg	SimNeg	55	10	NaN	1694	7614	NaN
simneg_8ff46d65	SimNeg	SimNeg	72	30484	NaN	2114	7612	NaN
simneg_903a17b0	SimNeg	SimNeg	59	12	NaN	1947	11323	NaN
simneg_904ef211	SimNeg	SimNeg	65	32064	NaN	1992	8306	NaN
simneg_905b61af	SimNeg	SimNeg	41	41	NaN	1999	6467	NaN
simneg_90dc59ad	SimNeg	SimNeg	21	0	NaN	1759	10518	NaN
simneg_90e10700	SimNeg	SimNeg	78	18	NaN	1723	5716	NaN
simneg_917434d9	SimNeg	SimNeg	71	31	NaN	2052	6713	NaN
simneg_91d5bb49	SimNeg	SimNeg	34	3	NaN	1640	7548	NaN
simneg_9261201e	SimNeg	SimNeg	49	27	NaN	1709	5679	NaN
simneg_927d3a93	SimNeg	SimNeg	85	6909	NaN	1759	6875	NaN
simneg_92820bdb	SimNeg	SimNeg	53	29658	NaN	1754	8712	NaN
simneg_929cb92a	SimNeg	SimNeg	63	852	NaN	1578	8281	NaN
simneg_93018b84	SimNeg	SimNeg	74	2654	NaN	2058	10499	NaN
simneg_93efb0d3	SimNeg	SimNeg	70	6153	NaN	2171	7562	NaN
simneg_942c7316	SimNeg	SimNeg	49	3	NaN	2247	6276	NaN
simneg_949f3768	SimNeg	SimNeg	38	31161	NaN	1806	6822	NaN
simneg_94a5d160	SimNeg	SimNeg	54	31119	NaN	2000	7704	NaN
simneg_95d54353	SimNeg	SimNeg	74	30994	NaN	1934	11238	NaN
simneg_96c789c0	SimNeg	SimNeg	67	31328	NaN	2073	6157	NaN
simneg_971d52ab	SimNeg	SimNeg	43	5	NaN	1487	7697	NaN
simneg_978602c9	SimNeg	SimNeg	57	74	NaN	1660	6117	NaN
simneg_98406bb3	SimNeg	SimNeg	80	852	NaN	1646	7631	NaN
simneg_987a6c22	SimNeg	SimNeg	75	292	NaN	1983	8939	NaN
simneg_9953dc96	SimNeg	SimNeg	25	0	NaN	1775	9590	NaN
simneg_99618de5	SimNeg	SimNeg	62	611	NaN	1516	6907	NaN
simneg_9b8092e8	SimNeg	SimNeg	80	3208	NaN	1889	8032	NaN
simneg_9b92756b	SimNeg	SimNeg	64	4	NaN	2305	10033	NaN
simneg_9ba0dc17	SimNeg	SimNeg	56	1636	NaN	1644	7922	NaN
simneg_9c3c8270	SimNeg	SimNeg	29	0	NaN	1642	7965	NaN
simneg_9ca72e3a	SimNeg	SimNeg	70	6	NaN	1633	6391	NaN
simneg_9cc5d271	SimNeg	SimNeg	75	32280	NaN	1962	8867	NaN
simneg_9cfe3b9f	SimNeg	SimNeg	60	500	NaN	1573	8855	NaN
simneg_9d0a483a	SimNeg	SimNeg	106	5426	NaN	2115	10675	NaN
simneg_9db7dd58	SimNeg	SimNeg	52	6	NaN	1624	11183	NaN
simneg_9e8fc971	SimNeg	SimNeg	92	7192	NaN	2113	7864	NaN
simneg_9f41d6d7	SimNeg	SimNeg	32	0	NaN	1527	6238	NaN
simneg_9ff119c8	SimNeg	SimNeg	84	13539	NaN	1942	6820	NaN
simneg_a06f492a	SimNeg	SimNeg	77	843	NaN	1996	7260	NaN
simneg_a26643b4	SimNeg	SimNeg	40	1	NaN	1582	11187	NaN
simneg_a2747a8d	SimNeg	SimNeg	54	31306	NaN	2020	6498	NaN
simneg_a2a88753	SimNeg	SimNeg	92	20	NaN	1599	6080	NaN
simneg_a3d913fd	SimNeg	SimNeg	30	1	NaN	1662	7361	NaN
simneg_a3e41848	SimNeg	SimNeg	23	0	NaN	1488	9068	NaN
simneg_a40e5f76	SimNeg	SimNeg	69	52	NaN	1610	10579	NaN
simneg_a44e2a3a	SimNeg	SimNeg	57	30539	NaN	2014	7444	NaN
simneg_a5b10bd1	SimNeg	SimNeg	75	48	NaN	1625	7577	NaN
simneg_a64cebe9	SimNeg	SimNeg	28	0	NaN	1731	10614	NaN
simneg_a6be9f98	SimNeg	SimNeg	58	5042	NaN	1926	10491	NaN
simneg_a6e43ad7	SimNeg	SimNeg	65	9	NaN	2106	6888	NaN
simneg_a73f1c38	SimNeg	SimNeg	31	0	NaN	1646	9935	NaN
simneg_a77aaf56	SimNeg	SimNeg	69	28402	NaN	2104	9834	NaN
simneg_a7ab3460	SimNeg	SimNeg	71	1229	NaN	1592	5944	NaN
simneg_a7b16648	SimNeg	SimNeg	40	30634	NaN	2077	6080	NaN
simneg_a811eb5c	SimNeg	SimNeg	72	14095	NaN	1882	6438	NaN
simneg_a93d78e6	SimNeg	SimNeg	95	32315	NaN	2312	8354	NaN
simneg_a9561464	SimNeg	SimNeg	39	4	NaN	1533	8748	NaN
simneg_aacee655	SimNeg	SimNeg	59	11	NaN	1959	7751	NaN
simneg_ab0e8776	SimNeg	SimNeg	23	0	NaN	1604	12312	NaN
simneg_ab0f7152	SimNeg	SimNeg	84	1857	NaN	1716	9153	NaN
simneg_aba2d78d	SimNeg	SimNeg	34	23680	NaN	1827	7310	NaN
simneg_ac213d9d	SimNeg	SimNeg	115	377	NaN	2031	9096	NaN
simneg_ae0e2289	SimNeg	SimNeg	94	20392	NaN	1987	8879	NaN
simneg_ae9d77da	SimNeg	SimNeg	24	0	NaN	1639	6145	NaN
simneg_af90fcb0	SimNeg	SimNeg	62	164	NaN	1687	6471	NaN
simneg_b1a60df6	SimNeg	SimNeg	78	47	NaN	1656	6587	NaN
simneg_b284b308	SimNeg	SimNeg	30	0	NaN	1585	6083	NaN
simneg_b29e74ce	SimNeg	SimNeg	76	1363	NaN	2017	6985	NaN
simneg_b2dc6133	SimNeg	SimNeg	95	1125	NaN	1675	9616	NaN
simneg_b33d5178	SimNeg	SimNeg	22	0	NaN	1630	8395	NaN
simneg_b40bbe67	SimNeg	SimNeg	80	29254	NaN	2144	6629	NaN
simneg_b40c6d97	SimNeg	SimNeg	84	2113	NaN	1561	5015	NaN
simneg_b47263e0	SimNeg	SimNeg	78	13953	NaN	2223	6979	NaN
simneg_b4c075bc	SimNeg	SimNeg	75	81	NaN	1649	10871	NaN
simneg_b4c39471	SimNeg	SimNeg	44	29540	NaN	2008	7118	NaN
simneg_b5ac5a49	SimNeg	SimNeg	87	2508	NaN	2112	10450	NaN
simneg_b732c34c	SimNeg	SimNeg	66	111	NaN	1740	8638	NaN
simneg_b7839bc4	SimNeg	SimNeg	54	1	NaN	1622	9854	NaN
simneg_b831129a	SimNeg	SimNeg	36	2	NaN	1700	10931	NaN
simneg_b84577e5	SimNeg	SimNeg	51	13169	NaN	2153	8345	NaN
simneg_b86a8d7e	SimNeg	SimNeg	67	1	NaN	1487	10820	NaN
simneg_b9491328	SimNeg	SimNeg	43	53	NaN	1658	6032	NaN
simneg_bb6152d9	SimNeg	SimNeg	56	31000	NaN	1955	8465	NaN
simneg_bbb468c9	SimNeg	SimNeg	70	17	NaN	2233	10390	NaN
simneg_bbff6542	SimNeg	SimNeg	25	0	NaN	1800	8835	NaN
simneg_bc258e36	SimNeg	SimNeg	92	14878	NaN	2157	6036	NaN
simneg_bc74d19a	SimNeg	SimNeg	67	590	NaN	1572	7115	NaN
simneg_bc98233d	SimNeg	SimNeg	32	0	NaN	1599	10918	NaN
simneg_bcc2d186	SimNeg	SimNeg	63	184	NaN	1507	7706	NaN
simneg_bce53fa1	SimNeg	SimNeg	31	0	NaN	1876	8809	NaN
simneg_bd16b5e7	SimNeg	SimNeg	40	2	NaN	1552	5849	NaN
simneg_beb80b7e	SimNeg	SimNeg	28	0	NaN	1602	9572	NaN
simneg_bf3c17a0	SimNeg	SimNeg	66	5798	NaN	2359	9082	NaN
simneg_bf57b69c	SimNeg	SimNeg	54	56	NaN	2029	7200	NaN
simneg_c0872d7f	SimNeg	SimNeg	72	28	NaN	1553	10963	NaN
simneg_c0b8ca63	SimNeg	SimNeg	76	2817	NaN	1702	9447	NaN
simneg_c155e97a	SimNeg	SimNeg	29	0	NaN	2125	5037	NaN
simneg_c17446ff	SimNeg	SimNeg	37	0	NaN	1620	7922	NaN
simneg_c1ebbb4e	SimNeg	SimNeg	61	1	NaN	1676	7666	NaN
simneg_c39ba836	SimNeg	SimNeg	79	31207	NaN	2063	6649	NaN
simneg_c3f033fe	SimNeg	SimNeg	65	2052	NaN	1852	8519	NaN
simneg_c3f5ed83	SimNeg	SimNeg	91	32060	NaN	2257	11270	NaN
simneg_c4a72ebb	SimNeg	SimNeg	43	30187	NaN	1945	7422	NaN
simneg_c58f653a	SimNeg	SimNeg	95	4134	NaN	2052	6928	NaN
simneg_c5bf4335	SimNeg	SimNeg	22	0	NaN	1697	8964	NaN
simneg_c5f47e6e	SimNeg	SimNeg	73	22078	NaN	1918	6489	NaN
simneg_c65890ad	SimNeg	SimNeg	60	13	NaN	1659	9190	NaN
simneg_c6d5f941	SimNeg	SimNeg	71	43	NaN	1886	7533	NaN
simneg_c7711822	SimNeg	SimNeg	91	1339	NaN	2004	6435	NaN
simneg_c7d2e8fc	SimNeg	SimNeg	85	820	NaN	2224	9009	NaN
simneg_c848609c	SimNeg	SimNeg	62	88	NaN	1743	6258	NaN
simneg_c8631bb2	SimNeg	SimNeg	89	78	NaN	1844	6412	NaN
simneg_c891764c	SimNeg	SimNeg	83	52	NaN	1626	6151	NaN
simneg_c8a64909	SimNeg	SimNeg	92	11081	NaN	1826	12431	NaN
simneg_c952bf88	SimNeg	SimNeg	43	31989	NaN	2073	5613	NaN
simneg_c9566bfb	SimNeg	SimNeg	66	1775	NaN	1777	8963	NaN
simneg_ca416d50	SimNeg	SimNeg	58	14	NaN	1600	6578	NaN
simneg_ca7e950b	SimNeg	SimNeg	70	29784	NaN	1927	9197	NaN
simneg_cc07abf9	SimNeg	SimNeg	52	12252	NaN	1744	8320	NaN
simneg_cc0bebb0	SimNeg	SimNeg	99	7019	NaN	2007	8934	NaN
simneg_ccafb364	SimNeg	SimNeg	28	0	NaN	1691	5725	NaN
simneg_ccb55d1c	SimNeg	SimNeg	125	1565	NaN	1918	7766	NaN
simneg_ce0fa3b8	SimNeg	SimNeg	51	31507	NaN	2006	6000	NaN
simneg_cf0cda28	SimNeg	SimNeg	71	30627	NaN	1888	9611	NaN
simneg_cf34b888	SimNeg	SimNeg	35	2	NaN	1562	7629	NaN
simneg_d08120c8	SimNeg	SimNeg	34	1	NaN	2148	6668	NaN
simneg_d0bf0f54	SimNeg	SimNeg	123	297	NaN	1842	8757	NaN
simneg_d0d4dad0	SimNeg	SimNeg	111	31567	NaN	2137	13240	NaN
simneg_d1150670	SimNeg	SimNeg	55	28985	NaN	2080	8501	NaN
simneg_d13fd495	SimNeg	SimNeg	90	4906	NaN	2119	10460	NaN
simneg_d1760cfe	SimNeg	SimNeg	39	3	NaN	1755	6764	NaN
simneg_d18ea366	SimNeg	SimNeg	47	12	NaN	2118	7465	NaN
simneg_d224059e	SimNeg	SimNeg	86	634	NaN	1892	7735	NaN
simneg_d25f45a1	SimNeg	SimNeg	43	5	NaN	2120	6783	NaN
simneg_d260a9a3	SimNeg	SimNeg	83	29824	NaN	2237	7949	NaN
simneg_d3486a92	SimNeg	SimNeg	31	0	NaN	1581	6308	NaN
simneg_d4086408	SimNeg	SimNeg	42	29	NaN	2156	7313	NaN
simneg_d48e4295	SimNeg	SimNeg	90	5373	NaN	2153	11568	NaN
simneg_d4ec2ba1	SimNeg	SimNeg	56	7078	NaN	1533	6280	NaN
simneg_d668d525	SimNeg	SimNeg	106	5799	NaN	2142	9249	NaN
simneg_d7a2f254	SimNeg	SimNeg	69	2107	NaN	1651	11333	NaN
simneg_d7e6ceb6	SimNeg	SimNeg	35	32167	NaN	1717	6580	NaN
simneg_d82ae066	SimNeg	SimNeg	92	251	NaN	1734	7704	NaN
simneg_d84d037f	SimNeg	SimNeg	86	1426	NaN	1579	5651	NaN
simneg_d84e2c72	SimNeg	SimNeg	86	31368	NaN	2033	11141	NaN
simneg_d886cd04	SimNeg	SimNeg	30	4	NaN	1413	10598	NaN
simneg_d8a2173c	SimNeg	SimNeg	69	11831	NaN	1669	8701	NaN
simneg_d93db425	SimNeg	SimNeg	82	130	NaN	1667	7599	NaN
simneg_d94c6a89	SimNeg	SimNeg	44	3	NaN	1941	7308	NaN
simneg_daa295f6	SimNeg	SimNeg	54	31615	NaN	2122	8344	NaN
simneg_db4250f6	SimNeg	SimNeg	60	72	NaN	1872	8371	NaN
simneg_db71d634	SimNeg	SimNeg	59	31569	NaN	2288	5719	NaN
simneg_dc270868	SimNeg	SimNeg	62	30219	NaN	2137	7299	NaN
simneg_dd5e9b01	SimNeg	SimNeg	77	33241	NaN	2206	10470	NaN
simneg_de39e9f5	SimNeg	SimNeg	41	31351	NaN	1837	6210	NaN
simneg_df91b61a	SimNeg	SimNeg	58	3	NaN	1572	6050	NaN
simneg_e1664f9e	SimNeg	SimNeg	57	18	NaN	1654	11372	NaN
simneg_e18aba5d	SimNeg	SimNeg	54	3263	NaN	1710	6930	NaN
simneg_e1c6768a	SimNeg	SimNeg	48	21918	NaN	2162	6542	NaN
simneg_e27944b8	SimNeg	SimNeg	90	1606	NaN	1751	8466	NaN
simneg_e2c7609f	SimNeg	SimNeg	58	14926	NaN	2028	6664	NaN
simneg_e2d83416	SimNeg	SimNeg	77	22429	NaN	1931	9514	NaN
simneg_e376d6fd	SimNeg	SimNeg	62	850	NaN	2006	6960	NaN
simneg_e38b143f	SimNeg	SimNeg	94	185	NaN	1668	10264	NaN
simneg_e46a5af8	SimNeg	SimNeg	34	3	NaN	1693	8804	NaN
simneg_e4cf320d	SimNeg	SimNeg	59	29578	NaN	1801	7663	NaN
simneg_e59cc117	SimNeg	SimNeg	75	20041	NaN	2176	6899	NaN
simneg_e5c7376b	SimNeg	SimNeg	71	71	NaN	1810	8646	NaN
simneg_e69f98fd	SimNeg	SimNeg	51	208	NaN	1650	8148	NaN
simneg_e96ce3de	SimNeg	SimNeg	81	43	NaN	2054	5890	NaN
simneg_e9b53f53	SimNeg	SimNeg	64	4984	NaN	2028	9271	NaN
simneg_e9bceff4	SimNeg	SimNeg	90	56	NaN	1667	5409	NaN
simneg_e9d45f90	SimNeg	SimNeg	71	55	NaN	1707	7637	NaN
simneg_e9f5f87f	SimNeg	SimNeg	34	3	NaN	1645	9721	NaN
simneg_ea846921	SimNeg	SimNeg	83	3294	NaN	1885	5978	NaN
simneg_eb0ee947	SimNeg	SimNeg	70	2	NaN	1663	5869	NaN
simneg_eba4e169	SimNeg	SimNeg	134	14763	NaN	2114	12181	NaN
simneg_ed482f89	SimNeg	SimNeg	73	3108	NaN	2272	7516	NaN
simneg_eea36f70	SimNeg	SimNeg	105	32310	NaN	2263	10923	NaN
simneg_ef261c1f	SimNeg	SimNeg	74	71	NaN	1592	11458	NaN
simneg_ef26ab46	SimNeg	SimNeg	93	2029	NaN	1588	7799	NaN
simneg_ef7ec7f6	SimNeg	SimNeg	71	33044	NaN	2242	6277	NaN
simneg_efeeba38	SimNeg	SimNeg	65	435	NaN	1944	6874	NaN
simneg_f01f76f5	SimNeg	SimNeg	33	0	NaN	1567	6383	NaN
simneg_f0633493	SimNeg	SimNeg	60	30530	NaN	2041	12304	NaN
simneg_f08496e5	SimNeg	SimNeg	48	30655	NaN	2006	6227	NaN
simneg_f184d716	SimNeg	SimNeg	98	23112	NaN	2103	9015	NaN
simneg_f1c79658	SimNeg	SimNeg	114	799	NaN	1568	10895	NaN
simneg_f210b9d3	SimNeg	SimNeg	45	1	NaN	2038	9536	NaN
simneg_f2181c17	SimNeg	SimNeg	72	2565	NaN	1876	7128	NaN
simneg_f25d115d	SimNeg	SimNeg	59	2	NaN	1681	9763	NaN
simneg_f2b37e5e	SimNeg	SimNeg	70	5501	NaN	1797	8469	NaN
simneg_f3782dbc	SimNeg	SimNeg	43	1	NaN	1673	6432	NaN
simneg_f3b9d357	SimNeg	SimNeg	95	2419	NaN	2114	5942	NaN
simneg_f47d25c9	SimNeg	SimNeg	28	0	NaN	1559	7979	NaN
simneg_f5b1af63	SimNeg	SimNeg	53	0	NaN	1736	5952	NaN
simneg_f6020f8d	SimNeg	SimNeg	100	20995	NaN	2203	9523	NaN
simneg_f6a010ce	SimNeg	SimNeg	39	3	NaN	1729	8089	NaN
simneg_f6b03bf1	SimNeg	SimNeg	41	1	NaN	1903	9579	NaN
simneg_f72066f7	SimNeg	SimNeg	94	12035	NaN	2390	9614	NaN
simneg_f75427c6	SimNeg	SimNeg	49	2413	NaN	1936	7678	NaN
simneg_f8046285	SimNeg	SimNeg	77	30242	NaN	2187	11014	NaN
simneg_f81be307	SimNeg	SimNeg	33	31737	NaN	1902	6749	NaN
simneg_f8c4693c	SimNeg	SimNeg	47	119	NaN	1654	6290	NaN
simneg_f9ad234c	SimNeg	SimNeg	34	3	NaN	2256	8019	NaN
simneg_fa73a376	SimNeg	SimNeg	113	7724	NaN	2083	9359	NaN
simneg_faac3f57	SimNeg	SimNeg	52	1	NaN	1628	6981	NaN
simneg_fab847b3	SimNeg	SimNeg	85	31963	NaN	2017	9029	NaN
simneg_fadbd0a8	SimNeg	SimNeg	71	31805	NaN	2109	7791	NaN
simneg_fae5c558	SimNeg	SimNeg	53	30397	NaN	2117	8965	NaN
simneg_fb09cf5b	SimNeg	SimNeg	90	3435	NaN	2061	6642	NaN
simneg_fb78d32e	SimNeg	SimNeg	35	1	NaN	1646	6623	NaN
simneg_fb851858	SimNeg	SimNeg	78	51	NaN	1720	7089	NaN
simneg_fc868c56	SimNeg	SimNeg	80	272	NaN	1789	5886	NaN
simneg_fd184b47	SimNeg	SimNeg	72	20126	NaN	2132	7272	NaN
simneg_fe34405b	SimNeg	SimNeg	99	229	NaN	1600	6277	NaN
simneg_fe5945f0	SimNeg	SimNeg	89	5996	NaN	2069	10037	NaN
simneg_ff652fb4	SimNeg	SimNeg	58	19	NaN	1562	6865	NaN
