IMGNAME	GROUP_A	GROUP_B	THVAL_HB	SPOTS_HB	FSCORE_HB	THVAL_BF	SPOTS_BF	FSCORE_BF
mESC4d_Tsix-AF594	Tsix_AF594	mESC4d_Tsix	72	353	0.729776	151	318	0.747253
mESC4d_Xist-CY5	Xist_CY5	Xist_Hi	62	322	0.760135	130	339	0.656814
scrna_E1R2I4_STL1	CTT1_CY5_Smpl	CTT1_CY5_Smpl	84	6401	0.878317	150	4608	0.786298
scrna_E1R2I4_CTT1	STL1_TMR_Smpl	STL1_TMR_Smpl	166	1279	0.895522	113	847	0.817564
scrna_E2R1I2_STL1	CTT1_CY5_Smpl	CTT1_CY5_Smpl	104	4099	0.828669	638	202	0.122988
scrna_E2R1I2_CTT1	STL1_TMR_Smpl	STL1_TMR_Smpl	162	4137	0.823730	551	167	0.099480
scrna_E2R2I3_STL1	CTT1_CY5_Smpl	CTT1_CY5_Smpl	81	1036	0.916201	193	830	0.774816
scrna_E2R2I3_CTT1	STL1_TMR_Smpl	STL1_TMR_Smpl	98	1026	0.869945	273	684	0.759409
scrna_E2R2I5_STL1	CTT1_CY5_Smpl	CTT1_CY5_Smpl	66	850	0.933251	201	607	0.775837
scrna_E2R2I5_CTT1	STL1_TMR_Smpl	STL1_TMR_Smpl	104	513	0.894260	317	369	0.725559
mESC_loday_D0I18_Xist	Xist_CY5	Xist_Lo	58	109	0.895928	150	136	0.733871
mESC_loday_D0I18_Tsix	Tsix_TMR	Tsix_loday	118	356	0.793388	287	273	0.819923
mESC_loday_D0I04_Xist	Xist_CY5	Xist_Lo	48	26	0.941176	152	88	0.442478
mESC_loday_D0I04_Tsix	Tsix_TMR	Tsix_loday	105	NaN	NaN	192	NaN	NaN
mESC_loday_D0I29_Xist	Xist_CY5	Xist_Lo	56	NaN	NaN	132	NaN	NaN
mESC_loday_D0I29_Tsix	Tsix_TMR	Tsix_loday	110	NaN	NaN	264	NaN	NaN
mESC_loday_D0I40_Xist	Xist_CY5	Xist_Lo	50	NaN	NaN	158	NaN	NaN
mESC_loday_D0I40_Tsix	Tsix_TMR	Tsix_loday	101	NaN	NaN	244	NaN	NaN
mESC_loday_DHI07_Xist	Xist_CY5	Xist_Lo	64	29	0.658537	164	71	0.661290
mESC_loday_DHI07_Tsix	Tsix_TMR	Tsix_loday	108	NaN	NaN	147	NaN	NaN
mESC_loday_DHI32_Xist	Xist_CY5	Xist_Lo	54	20	0.816327	137	94	0.422764
mESC_loday_DHI32_Tsix	Tsix_TMR	Tsix_loday	104	NaN	NaN	181	NaN	NaN
mESC_loday_D1I02_Xist	Xist_CY5	Xist_Hi	57	125	0.718447	53	241	0.743529
mESC_loday_D1I02_Tsix	Tsix_TMR	Tsix_loday	111	511	0.720988	204	387	0.752187
mESC_loday_D1I15_Xist	Xist_CY5	Xist_Hi	60	298	0.863551	137	262	0.689379
mESC_loday_D1I15_Tsix	Tsix_TMR	Tsix_loday	106	NaN	NaN	256	NaN	NaN
mESC_loday_D1I32_Xist	Xist_CY5	Xist_Hi	37	NaN	NaN	98	NaN	NaN
mESC_loday_D1I32_Tsix	Tsix_TMR	Tsix_loday	98	NaN	NaN	174	NaN	NaN
scprotein_Msb2_2M1m	scprotein	Msb2	119	NaN	NaN	221	NaN	NaN
scprotein_Msb2_2M5m	scprotein	Msb2	116	NaN	NaN	5	NaN	NaN
scprotein_Msb2_4M1m	scprotein	Msb2	105	903	0.746392	782	1330	0.566078
scprotein_Msb2_4M5m	scprotein	Msb2	120	1082	0.813000	246	15477	0.108494
scprotein_Msb2_NoSalt	scprotein	Msb2	107	NaN	NaN	728	NaN	NaN
scprotein_Opy2_2M1m	scprotein	Opy2	114	NaN	NaN	289	NaN	NaN
scprotein_Opy2_2M5m	scprotein	Opy2	108	NaN	NaN	88	NaN	NaN
scprotein_Opy2_4M1m	scprotein	Opy2	107	271	0.804159	33	36399	0.016565
scprotein_Opy2_4M5m	scprotein	Opy2	104	319	0.804734	863	752	0.620939
scprotein_Opy2_NoSalt	scprotein	Opy2	119	NaN	NaN	55	NaN	NaN
sim_mESC_histone_100x_1	SimBig	SimBig	106	9417	0.970825	364	9877	0.966566
sim_mESC_histone_100x_2	SimBig	SimBig	105	9381	0.976364	422	9786	0.974252
sim_mESC_histone_100x_3	SimBig	SimBig	103	9480	0.975298	340	9919	0.970359
sim_mESC_RNA_100x_1	SimBig	SimBig	27	159	0.682403	61	156	0.673866
sim_mESC_RNA_100x_2	SimBig	SimBig	26	211	0.842315	65	211	0.842315
sim_mESC_RNA_100x_3	SimBig	SimBig	26	147	0.698337	58	146	0.690476
sim_mESC_RNA_LE_100x_1	SimBig	SimBig	27	37	0.804348	87	39	0.808511
sim_mESC_RNA_LE_100x_2	SimBig	SimBig	27	33	0.825000	90	35	0.829268
sim_mESC_RNA_LE_100x_3	SimBig	SimBig	27	47	0.969072	220	49	0.969697
sim_mESC_RNA_LEHB_100x_1	SimBig	SimBig	135	46	0.901961	658	80	0.676471
sim_mESC_RNA_LEHB_100x_2	SimBig	SimBig	130	34	0.790698	556	49	0.673267
sim_mESC_RNA_LEHB_100x_3	SimBig	SimBig	108	78	NaN	565	37	NaN
sim_mESC_RNA_TMRLike_100x_1	SimBig	SimBig	61	363	0.841251	69	364	0.840278
sim_mESC_RNA_TMRLike_100x_2	SimBig	SimBig	96	393	0.902411	66	392	0.898851
sim_mESC_RNA_TMRLike_100x_3	SimBig	SimBig	65	342	0.859296	68	351	0.869565
sim_yeast_proteinGFP_100x_1	SimBig	SimBig	50	2953	0.752485	523	3566	0.833195
sim_yeast_proteinGFP_100x_2	SimBig	SimBig	49	3126	0.774346	304	3755	0.849252
sim_yeast_proteinGFP_100x_1_blur	SimBig	SimBig	57	1246	0.340772	527	1271	0.348151
sim_yeast_proteinGFP_100x_2_blur	SimBig	SimBig	84	1457	0.389237	523	1384	0.382339
sim_yeast_RNA_CY5like_100x_1	SimBig	SimBig	73	3847	0.972570	215	3941	0.972392
sim_yeast_RNA_CY5like_100x_2	SimBig	SimBig	74	3833	0.972596	241	3927	0.972166
sim_yeast_RNA_LE_CY5like_100x_1	SimBig	SimBig	68	80	0.924855	529	104	0.822335
sim_yeast_RNA_LE_CY5like_100x_2	SimBig	SimBig	72	97	0.950980	397	102	0.947368
sim_yeast_RNA_TMRlike_100x_1	SimBig	SimBig	27	3778	0.976606	103	3841	0.980256
sim_yeast_RNA_TMRlike_100x_2	SimBig	SimBig	23	3886	0.976750	99	3941	0.978532
histonesc_D0I1A_H3K36me3_Xist	Xist_CY5	Xist_Lo	68	NaN	NaN	163	NaN	NaN
histonesc_D0I1A_H3K36me3_Tsix	Tsix_TMR	Tsix_wHist	129	NaN	NaN	189	NaN	NaN
histonesc_D0I1A_H3K36me3_Histone	Histone_AF488	H3K36me3_D0	147	NaN	NaN	109	NaN	NaN
histonesc_D0I1B_H3K36me3_Xist	Xist_CY5	Xist_Lo	67	NaN	NaN	189	NaN	NaN
histonesc_D0I1B_H3K36me3_Tsix	Tsix_TMR	Tsix_wHist	142	NaN	NaN	37	NaN	NaN
histonesc_D0I1B_H3K36me3_Histone	Histone_AF488	H3K36me3_D0	158	187	0.157082	329	8277	0.363985
histonesc_D0I1C_H3K36me3_Xist	Xist_CY5	Xist_Lo	73	NaN	NaN	195	NaN	NaN
histonesc_D0I1C_H3K36me3_Tsix	Tsix_TMR	Tsix_wHist	138	2935	0.154135	267	254	0.684932
histonesc_D0I1C_H3K36me3_Histone	Histone_AF488	H3K36me3_D0	141	NaN	NaN	520	NaN	NaN
histonesc_D0I2A_H3K36me3_Xist	Xist_CY5	Xist_Lo	61	NaN	NaN	202	NaN	NaN
histonesc_D0I2A_H3K36me3_Tsix	Tsix_TMR	Tsix_wHist	134	NaN	NaN	211	NaN	NaN
histonesc_D0I2A_H3K36me3_Histone	Histone_AF488	H3K36me3_D0	160	112	0.090986	22	5595	0.547931
histonesc_D0I2B_H3K36me3_Xist	Xist_CY5	Xist_Lo	72	NaN	NaN	220	NaN	NaN
histonesc_D0I2B_H3K36me3_Tsix	Tsix_TMR	Tsix_wHist	124	NaN	NaN	222	NaN	NaN
histonesc_D0I2B_H3K36me3_Histone	Histone_AF488	H3K36me3_D0	145	NaN	NaN	312	NaN	NaN
histonesc_D0I2C_H3K36me3_Xist	Xist_CY5	Xist_Lo	70	NaN	NaN	186	NaN	NaN
histonesc_D0I2C_H3K36me3_Tsix	Tsix_TMR	Tsix_wHist	139	NaN	NaN	156	NaN	NaN
histonesc_D0I2C_H3K36me3_Histone	Histone_AF488	H3K36me3_D0	140	NaN	NaN	281	NaN	NaN
histonesc_D0I3A_H3K36me3_Xist	Xist_CY5	Xist_Lo	67	NaN	NaN	201	NaN	NaN
histonesc_D0I3A_H3K36me3_Tsix	Tsix_TMR	Tsix_wHist	137	2155	0.199250	227	256	0.656000
histonesc_D0I3A_H3K36me3_Histone	Histone_AF488	H3K36me3_D0	149	NaN	NaN	274	NaN	NaN
histonesc_D0I3B_H3K36me3_Xist	Xist_CY5	Xist_Lo	62	35	0.602740	187	188	0.283186
histonesc_D0I3B_H3K36me3_Tsix	Tsix_TMR	Tsix_wHist	131	NaN	NaN	210	NaN	NaN
histonesc_D0I3B_H3K36me3_Histone	Histone_AF488	H3K36me3_D0	157	NaN	NaN	348	NaN	NaN
histonesc_D0I3C_H3K36me3_Xist	Xist_CY5	Xist_Lo	73	10	0.636364	186	92	0.211538
histonesc_D0I3C_H3K36me3_Tsix	Tsix_TMR	Tsix_wHist	126	NaN	NaN	183	NaN	NaN
histonesc_D0I3C_H3K36me3_Histone	Histone_AF488	H3K36me3_D0	141	NaN	NaN	191	NaN	NaN
histonesc_D2I1A_H3K36me3_Xist	Xist_CY5	Xist_Hi	59	NaN	NaN	185	NaN	NaN
histonesc_D2I1A_H3K36me3_Tsix	Tsix_TMR	Tsix_wHist	116	NaN	NaN	37	NaN	NaN
histonesc_D2I1A_H3K36me3_Histone	Histone_AF488	H3K36me3_D2	144	198	0.229940	258	10422	0.243189
histonesc_D2I1B_H3K36me3_Xist	Xist_CY5	Xist_Hi	58	NaN	NaN	171	NaN	NaN
histonesc_D2I1B_H3K36me3_Tsix	Tsix_TMR	Tsix_wHist	123	NaN	NaN	201	NaN	NaN
histonesc_D2I1B_H3K36me3_Histone	Histone_AF488	H3K36me3_D2	143	NaN	NaN	191	NaN	NaN
histonesc_D2I1C_H3K36me3_Xist	Xist_CY5	Xist_Hi	66	NaN	NaN	160	NaN	NaN
histonesc_D2I1C_H3K36me3_Tsix	Tsix_TMR	Tsix_wHist	131	NaN	NaN	39	NaN	NaN
histonesc_D2I1C_H3K36me3_Histone	Histone_AF488	H3K36me3_D2	140	172	0.187322	351	5351	0.419942
histonesc_D2I2A_H3K36me3_Xist	Xist_CY5	Xist_Hi	63	114	0.832536	182	150	0.620408
histonesc_D2I2A_H3K36me3_Tsix	Tsix_TMR	Tsix_wHist	125	NaN	NaN	189	NaN	NaN
histonesc_D2I2A_H3K36me3_Histone	Histone_AF488	H3K36me3_D2	142	NaN	NaN	271	NaN	NaN
histonesc_D2I2B_H3K36me3_Xist	Xist_CY5	Xist_Hi	73	126	0.908367	192	119	0.762295
histonesc_D2I2B_H3K36me3_Tsix	Tsix_TMR	Tsix_wHist	113	NaN	NaN	214	NaN	NaN
histonesc_D2I2B_H3K36me3_Histone	Histone_AF488	H3K36me3_D2	145	NaN	NaN	259	NaN	NaN
histonesc_D2I2C_H3K36me3_Xist	Xist_CY5	Xist_Hi	73	NaN	NaN	233	NaN	NaN
histonesc_D2I2C_H3K36me3_Tsix	Tsix_TMR	Tsix_wHist	126	2095	0.219399	39	29912	0.014249
histonesc_D2I2C_H3K36me3_Histone	Histone_AF488	H3K36me3_D2	129	NaN	NaN	305	NaN	NaN
histonesc_D2I3A_H3K36me3_Xist	Xist_CY5	Xist_Hi	62	NaN	NaN	158	NaN	NaN
histonesc_D2I3A_H3K36me3_Tsix	Tsix_TMR	Tsix_wHist	126	NaN	NaN	245	NaN	NaN
histonesc_D2I3A_H3K36me3_Histone	Histone_AF488	H3K36me3_D2	152	NaN	NaN	229	NaN	NaN
histonesc_D2I3B_H3K36me3_Xist	Xist_CY5	Xist_Hi	63	NaN	NaN	197	NaN	NaN
histonesc_D2I3B_H3K36me3_Tsix	Tsix_TMR	Tsix_wHist	129	NaN	NaN	223	NaN	NaN
histonesc_D2I3B_H3K36me3_Histone	Histone_AF488	H3K36me3_D2	132	NaN	NaN	290	NaN	NaN
histonesc_D2I3C_H3K36me3_Xist	Xist_CY5	Xist_Hi	77	NaN	NaN	211	NaN	NaN
histonesc_D2I3C_H3K36me3_Tsix	Tsix_TMR	Tsix_wHist	128	2151	0.208007	36	28363	0.014598
histonesc_D2I3C_H3K36me3_Histone	Histone_AF488	H3K36me3_D2	133	NaN	NaN	276	NaN	NaN
ROI001_P01_XY1657818948_Z00_T0_GFP	HeLa_GFP	HeLa_GFP	100	NaN	NaN	722	NaN	NaN
ROI001_P01_XY1657818948_Z00_T0_CY5	HeLa_CY5	HeLa_CY5	113	577	0.731441	419	638	0.657114
ROI001_P02_XY1657818949_Z00_T0_GFP	HeLa_GFP	HeLa_GFP	94	NaN	NaN	131	NaN	NaN
ROI001_P02_XY1657818949_Z00_T0_CY5	HeLa_CY5	HeLa_CY5	112	NaN	NaN	109	NaN	NaN
ROI001_P03_XY1657818950_Z00_T0_GFP	HeLa_GFP	HeLa_GFP	108	NaN	NaN	589	NaN	NaN
ROI001_P03_XY1657818950_Z00_T0_CY5	HeLa_CY5	HeLa_CY5	141	474	0.688525	219	564	0.593674
ROI001_P04_XY1657818951_Z00_T0_GFP	HeLa_GFP	HeLa_GFP	105	1079	0.532450	962	3305	0.205567
ROI001_P04_XY1657818951_Z00_T0_CY5	HeLa_CY5	HeLa_CY5	132	NaN	NaN	1337	NaN	NaN
ROI001_P05_XY1657818952_Z00_T0_GFP	HeLa_GFP	HeLa_GFP	89	NaN	NaN	906	NaN	NaN
ROI001_P05_XY1657818952_Z00_T0_CY5	HeLa_CY5	HeLa_CY5	117	NaN	NaN	1365	NaN	NaN
ROI001_P06_XY1657818953_Z00_T0_GFP	HeLa_GFP	HeLa_GFP	95	NaN	NaN	336	NaN	NaN
ROI001_P06_XY1657818953_Z00_T0_CY5	HeLa_CY5	HeLa_CY5	123	NaN	NaN	NaN	NaN	NaN
ROI001_P07_XY1657818954_Z00_T0_GFP	HeLa_GFP	HeLa_GFP	99	2545	0.433420	85	3073	0.360755
ROI001_P07_XY1657818954_Z00_T0_CY5	HeLa_CY5	HeLa_CY5	109	NaN	NaN	107	NaN	NaN
ROI001_P08_XY1657818955_Z00_T0_GFP	HeLa_GFP	HeLa_GFP	100	NaN	NaN	599	NaN	NaN
ROI001_P08_XY1657818955_Z00_T0_CY5	HeLa_CY5	HeLa_CY5	114	NaN	NaN	159	NaN	NaN
ROI001_P09_XY1657818956_Z00_T0_GFP	HeLa_GFP	HeLa_GFP	91	NaN	NaN	720	NaN	NaN
ROI001_P09_XY1657818956_Z00_T0_CY5	HeLa_CY5	HeLa_CY5	113	NaN	NaN	1186	NaN	NaN
ROI001_P10_XY1657818957_Z00_T0_GFP	HeLa_GFP	HeLa_GFP	104	NaN	NaN	543	NaN	NaN
ROI001_P10_XY1657818957_Z00_T0_CY5	HeLa_CY5	HeLa_CY5	117	NaN	NaN	NaN	NaN	NaN
ROI001_P11_XY1657818958_Z00_T0_GFP	HeLa_GFP	HeLa_GFP	95	NaN	NaN	617	NaN	NaN
ROI001_P11_XY1657818958_Z00_T0_CY5	HeLa_CY5	HeLa_CY5	120	NaN	NaN	265	NaN	NaN
ROI001_P12_XY1657818959_Z00_T0_GFP	HeLa_GFP	HeLa_GFP	127	NaN	NaN	527	NaN	NaN
ROI001_P12_XY1657818959_Z00_T0_CY5	HeLa_CY5	HeLa_CY5	108	NaN	NaN	1327	NaN	NaN
ROI001_XY1657822809_Z00_T0_GFP	HeLa_GFP	HeLa_GFP	93	NaN	NaN	962	NaN	NaN
ROI001_XY1657822809_Z00_T0_CY5	HeLa_CY5	HeLa_CY5	148	NaN	NaN	NaN	NaN	NaN
ROI002_XY1657822933_Z00_T0_GFP	HeLa_GFP	HeLa_GFP	65	NaN	NaN	769	NaN	NaN
ROI002_XY1657822933_Z00_T0_CY5	HeLa_CY5	HeLa_CY5	123	NaN	NaN	1890	NaN	NaN
ROI003_XY1657822934_Z00_T0_GFP	HeLa_GFP	HeLa_GFP	87	NaN	NaN	978	NaN	NaN
ROI003_XY1657822934_Z00_T0_CY5	HeLa_CY5	HeLa_CY5	112	NaN	NaN	107	NaN	NaN
ROI005_XY1657822936_Z00_T0_GFP	HeLa_GFP	HeLa_GFP	91	NaN	NaN	833	NaN	NaN
ROI005_XY1657822936_Z00_T0_CY5	HeLa_CY5	HeLa_CY5	120	NaN	NaN	262	NaN	NaN
ROI006_XY1657822937_Z00_T0_GFP	HeLa_GFP	HeLa_GFP	63	NaN	NaN	1028	NaN	NaN
ROI006_XY1657822937_Z00_T0_CY5	HeLa_CY5	HeLa_CY5	111	NaN	NaN	163	NaN	NaN
ROI007_XY1657822938_Z00_T0_GFP	HeLa_GFP	HeLa_GFP	62	NaN	NaN	NaN	NaN	NaN
ROI007_XY1657822938_Z00_T0_CY5	HeLa_CY5	HeLa_CY5	134	NaN	NaN	964	NaN	NaN
ROI008_XY1657822939_Z00_T0_GFP	HeLa_GFP	HeLa_GFP	64	NaN	NaN	NaN	NaN	NaN
ROI008_XY1657822939_Z00_T0_CY5	HeLa_CY5	HeLa_CY5	116	NaN	NaN	1191	NaN	NaN
ROI009_XY1657822940_Z00_T0_GFP	HeLa_GFP	HeLa_GFP	62	NaN	NaN	1086	NaN	NaN
ROI009_XY1657822940_Z00_T0_CY5	HeLa_CY5	HeLa_CY5	113	NaN	NaN	NaN	NaN	NaN
ROI010_XY1657822941_Z00_T0_GFP	HeLa_GFP	HeLa_GFP	63	NaN	NaN	764	NaN	NaN
ROI010_XY1657822941_Z00_T0_CY5	HeLa_CY5	HeLa_CY5	110	NaN	NaN	NaN	NaN	NaN
ROI011_XY1657822942_Z00_T0_GFP	HeLa_GFP	HeLa_GFP	59	NaN	NaN	1059	NaN	NaN
ROI011_XY1657822942_Z00_T0_CY5	HeLa_CY5	HeLa_CY5	111	61	0.822430	686	99	0.606897
ROI012_XY1657822943_Z00_T0_GFP	HeLa_GFP	HeLa_GFP	70	51	0.333333	1028	1411	0.244172
ROI012_XY1657822943_Z00_T0_CY5	HeLa_CY5	HeLa_CY5	99	NaN	NaN	531	NaN	NaN
ROI013_XY1657822944_Z00_T0_GFP	HeLa_GFP	HeLa_GFP	75	NaN	NaN	904	NaN	NaN
ROI013_XY1657822944_Z00_T0_CY5	HeLa_CY5	HeLa_CY5	109	NaN	NaN	1111	NaN	NaN
ROI014_XY1657822945_Z00_T0_GFP	HeLa_GFP	HeLa_GFP	109	NaN	NaN	866	NaN	NaN
ROI014_XY1657822945_Z00_T0_CY5	HeLa_CY5	HeLa_CY5	133	NaN	NaN	1454	NaN	NaN
ROI016_XY1657822947_Z00_T0_GFP	HeLa_GFP	HeLa_GFP	87	NaN	NaN	784	NaN	NaN
ROI016_XY1657822947_Z00_T0_CY5	HeLa_CY5	HeLa_CY5	138	NaN	NaN	840	NaN	NaN
ROI017_XY1657822948_Z00_T0_GFP	HeLa_GFP	HeLa_GFP	95	831	0.588235	837	3926	0.160391
ROI017_XY1657822948_Z00_T0_CY5	HeLa_CY5	HeLa_CY5	127	158	0.760784	168	190	0.668990
ROI018_XY1657822949_Z00_T0_GFP	HeLa_GFP	HeLa_GFP	79	NaN	NaN	965	NaN	NaN
ROI018_XY1657822949_Z00_T0_CY5	HeLa_CY5	HeLa_CY5	119	NaN	NaN	1577	NaN	NaN
ROI001_XY1657814108_Z00_T0_GFP	HeLa_GFP	HeLa_GFP	99	NaN	NaN	126	NaN	NaN
ROI001_XY1657814108_Z00_T0_CY5	HeLa_CY5	HeLa_CY5	125	NaN	NaN	112	NaN	NaN
ROI002_XY1657815441_Z00_T0_GFP	HeLa_GFP	HeLa_GFP	102	4001	0.009450	722	98	0.322034
ROI002_XY1657815441_Z00_T0_CY5	HeLa_CY5	HeLa_CY5	117	2576	0.041002	815	159	0.470046
ROI003_XY1657814110_Z00_T0_GFP	HeLa_GFP	HeLa_GFP	81	1658	0.177146	116	1655	0.173056
ROI003_XY1657814110_Z00_T0_CY5	HeLa_CY5	HeLa_CY5	123	NaN	NaN	107	NaN	NaN
ROI004_XY1657814111_Z00_T0_GFP	HeLa_GFP	HeLa_GFP	115	NaN	NaN	104	NaN	NaN
ROI004_XY1657814111_Z00_T0_CY5	HeLa_CY5	HeLa_CY5	117	NaN	NaN	125	NaN	NaN
ROI005_XY1657814112_Z00_T0_GFP	HeLa_GFP	HeLa_GFP	111	NaN	NaN	96	NaN	NaN
ROI005_XY1657814112_Z00_T0_CY5	HeLa_CY5	HeLa_CY5	120	NaN	NaN	117	NaN	NaN
ROI006_XY1657814113_Z00_T0_GFP	HeLa_GFP	HeLa_GFP	106	NaN	NaN	137	NaN	NaN
ROI006_XY1657814113_Z00_T0_CY5	HeLa_CY5	HeLa_CY5	116	NaN	NaN	112	NaN	NaN
ROI007_XY1657814114_Z00_T0_GFP	HeLa_GFP	HeLa_GFP	88	NaN	NaN	119	NaN	NaN
ROI007_XY1657814114_Z00_T0_CY5	HeLa_CY5	HeLa_CY5	116	NaN	NaN	106	NaN	NaN
ROI008_XY1657814115_Z00_T0_GFP	HeLa_GFP	HeLa_GFP	124	NaN	NaN	710	NaN	NaN
ROI008_XY1657814115_Z00_T0_CY5	HeLa_CY5	HeLa_CY5	127	NaN	NaN	750	NaN	NaN
ROI009_XY1657814116_Z00_T0_GFP	HeLa_GFP	HeLa_GFP	92	NaN	NaN	145	NaN	NaN
ROI009_XY1657814116_Z00_T0_CY5	HeLa_CY5	HeLa_CY5	130	NaN	NaN	165	NaN	NaN
ROI010_XY1657814117_Z00_T0_GFP	HeLa_GFP	HeLa_GFP	101	NaN	NaN	93	NaN	NaN
ROI010_XY1657814117_Z00_T0_CY5	HeLa_CY5	HeLa_CY5	121	NaN	NaN	110	NaN	NaN
ROI011_XY1657814118_Z00_T0_GFP	HeLa_GFP	HeLa_GFP	109	NaN	NaN	113	NaN	NaN
ROI011_XY1657814118_Z00_T0_CY5	HeLa_CY5	HeLa_CY5	113	NaN	NaN	121	NaN	NaN
ROI012_XY1657814119_Z00_T0_GFP	HeLa_GFP	HeLa_GFP	101	NaN	NaN	554	NaN	NaN
ROI012_XY1657814119_Z00_T0_CY5	HeLa_CY5	HeLa_CY5	127	1995	0.104414	135	1972	0.105566
histonesc_D0I1D_H3K4me2_Xist	Xist_CY5	Xist_Lo	64	NaN	NaN	191	NaN	NaN
histonesc_D0I1D_H3K4me2_Tsix	Tsix_TMR	Tsix_wHist	127	NaN	NaN	210	NaN	NaN
histonesc_D0I1D_H3K4me2_Histone	Histone_AF488	H3K4me2_D0	159	NaN	NaN	275	NaN	NaN
histonesc_D0I1E_H3K4me2_Xist	Xist_CY5	Xist_Lo	65	NaN	NaN	179	NaN	NaN
histonesc_D0I1E_H3K4me2_Tsix	Tsix_TMR	Tsix_wHist	150	NaN	NaN	38	NaN	NaN
histonesc_D0I1E_H3K4me2_Histone	Histone_AF488	H3K4me2_D0	154	NaN	NaN	279	NaN	NaN
histonesc_D0I2D_H3K4me2_Xist	Xist_CY5	Xist_Lo	97	NaN	NaN	200	NaN	NaN
histonesc_D0I2D_H3K4me2_Tsix	Tsix_TMR	Tsix_wHist	136	NaN	NaN	211	NaN	NaN
histonesc_D0I2D_H3K4me2_Histone	Histone_AF488	H3K4me2_D0	136	NaN	NaN	240	NaN	NaN
histonesc_D0I2E_H3K4me2_Xist	Xist_CY5	Xist_Lo	65	NaN	NaN	205	NaN	NaN
histonesc_D0I2E_H3K4me2_Tsix	Tsix_TMR	Tsix_wHist	135	NaN	NaN	212	NaN	NaN
histonesc_D0I2E_H3K4me2_Histone	Histone_AF488	H3K4me2_D0	162	NaN	NaN	260	NaN	NaN
histonesc_D2I1D_H3K4me2_Xist	Xist_CY5	Xist_Hi	66	NaN	NaN	205	NaN	NaN
histonesc_D2I1D_H3K4me2_Tsix	Tsix_TMR	Tsix_wHist	121	NaN	NaN	30	NaN	NaN
histonesc_D2I1D_H3K4me2_Histone	Histone_AF488	H3K4me2_D2	140	NaN	NaN	276	NaN	NaN
histonesc_D2I1E_H3K4me2_Xist	Xist_CY5	Xist_Hi	71	NaN	NaN	243	NaN	NaN
histonesc_D2I1E_H3K4me2_Tsix	Tsix_TMR	Tsix_wHist	130	2225	0.215139	220	242	0.652751
histonesc_D2I1E_H3K4me2_Histone	Histone_AF488	H3K4me2_D2	161	NaN	NaN	207	NaN	NaN
histonesc_D2I2D_H3K4me2_Xist	Xist_CY5	Xist_Hi	75	166	0.822742	263	144	0.707581
histonesc_D2I2D_H3K4me2_Tsix	Tsix_TMR	Tsix_wHist	124	NaN	NaN	36	NaN	NaN
histonesc_D2I2D_H3K4me2_Histone	Histone_AF488	H3K4me2_D2	137	NaN	NaN	217	NaN	NaN
histonesc_D2I2E_H3K4me2_Xist	Xist_CY5	Xist_Hi	63	NaN	NaN	255	NaN	NaN
histonesc_D2I2E_H3K4me2_Tsix	Tsix_TMR	Tsix_wHist	125	NaN	NaN	126	NaN	NaN
histonesc_D2I2E_H3K4me2_Histone	Histone_AF488	H3K4me2_D2	149	NaN	NaN	121	NaN	NaN
histonesc_D2I3D_H3K4me2_Xist	Xist_CY5	Xist_Hi	62	169	0.748148	81	173	0.642336
histonesc_D2I3D_H3K4me2_Tsix	Tsix_TMR	Tsix_wHist	138	NaN	NaN	34	NaN	NaN
histonesc_D2I3D_H3K4me2_Histone	Histone_AF488	H3K4me2_D2	145	NaN	NaN	239	NaN	NaN
histonesc_D2I3E_H3K4me2_Xist	Xist_CY5	Xist_Hi	79	NaN	NaN	246	NaN	NaN
histonesc_D2I3E_H3K4me2_Tsix	Tsix_TMR	Tsix_wHist	140	NaN	NaN	180	NaN	NaN
histonesc_D2I3E_H3K4me2_Histone	Histone_AF488	H3K4me2_D2	152	NaN	NaN	NaN	NaN	NaN
sctc_E1R1_0m_I1_STL1	CTT1_CY5	CTT1_E1R1_00min	73	NaN	NaN	190	NaN	NaN
sctc_E1R1_0m_I1_CTT1	STL1_TMR	STL1_E1R1_00min	127	NaN	NaN	339	NaN	NaN
sctc_E1R1_0m_I2_STL1	CTT1_CY5	CTT1_E1R1_00min	83	NaN	NaN	175	NaN	NaN
sctc_E1R1_0m_I2_CTT1	STL1_TMR	STL1_E1R1_00min	118	NaN	NaN	296	NaN	NaN
sctc_E1R1_0m_I3_STL1	CTT1_CY5	CTT1_E1R1_00min	73	NaN	NaN	171	NaN	NaN
sctc_E1R1_0m_I3_CTT1	STL1_TMR	STL1_E1R1_00min	134	NaN	NaN	394	NaN	NaN
sctc_E1R1_0m_I4_STL1	CTT1_CY5	CTT1_E1R1_00min	69	NaN	NaN	169	NaN	NaN
sctc_E1R1_0m_I4_CTT1	STL1_TMR	STL1_E1R1_00min	142	NaN	NaN	46	NaN	NaN
sctc_E1R1_10m_I1_STL1	CTT1_CY5	CTT1_E1R1_10min	85	NaN	NaN	169	NaN	NaN
sctc_E1R1_10m_I1_CTT1	STL1_TMR	STL1_E1R1_10min	150	NaN	NaN	141	NaN	NaN
sctc_E1R1_10m_I2_STL1	CTT1_CY5	CTT1_E1R1_10min	81	NaN	NaN	161	NaN	NaN
sctc_E1R1_10m_I2_CTT1	STL1_TMR	STL1_E1R1_10min	121	NaN	NaN	147	NaN	NaN
sctc_E1R1_10m_I3_STL1	CTT1_CY5	CTT1_E1R1_10min	80	NaN	NaN	163	NaN	NaN
sctc_E1R1_10m_I3_CTT1	STL1_TMR	STL1_E1R1_10min	128	NaN	NaN	150	NaN	NaN
sctc_E1R1_10m_I4_STL1	CTT1_CY5	CTT1_E1R1_10min	78	NaN	NaN	163	NaN	NaN
sctc_E1R1_10m_I4_CTT1	STL1_TMR	STL1_E1R1_10min	137	NaN	NaN	179	NaN	NaN
sctc_E1R1_15m_I1_STL1	CTT1_CY5	CTT1_E1R1_15min	85	NaN	NaN	254	NaN	NaN
sctc_E1R1_15m_I1_CTT1	STL1_TMR	STL1_E1R1_15min	159	NaN	NaN	169	NaN	NaN
sctc_E1R1_15m_I2_STL1	CTT1_CY5	CTT1_E1R1_15min	83	NaN	NaN	215	NaN	NaN
sctc_E1R1_15m_I2_CTT1	STL1_TMR	STL1_E1R1_15min	153	NaN	NaN	176	NaN	NaN
sctc_E1R1_15m_I3_STL1	CTT1_CY5	CTT1_E1R1_15min	96	NaN	NaN	217	NaN	NaN
sctc_E1R1_15m_I3_CTT1	STL1_TMR	STL1_E1R1_15min	136	NaN	NaN	142	NaN	NaN
sctc_E1R1_15m_I4_STL1	CTT1_CY5	CTT1_E1R1_15min	88	NaN	NaN	224	NaN	NaN
sctc_E1R1_15m_I4_CTT1	STL1_TMR	STL1_E1R1_15min	145	NaN	NaN	181	NaN	NaN
sctc_E1R1_1m_I1_STL1	CTT1_CY5	CTT1_E1R1_01min	71	NaN	NaN	176	NaN	NaN
sctc_E1R1_1m_I1_CTT1	STL1_TMR	STL1_E1R1_01min	125	NaN	NaN	299	NaN	NaN
sctc_E1R1_1m_I2_STL1	CTT1_CY5	CTT1_E1R1_01min	71	NaN	NaN	204	NaN	NaN
sctc_E1R1_1m_I2_CTT1	STL1_TMR	STL1_E1R1_01min	114	NaN	NaN	100	NaN	NaN
sctc_E1R1_1m_I3_STL1	CTT1_CY5	CTT1_E1R1_01min	79	NaN	NaN	151	NaN	NaN
sctc_E1R1_1m_I3_CTT1	STL1_TMR	STL1_E1R1_01min	146	NaN	NaN	357	NaN	NaN
sctc_E1R1_1m_I4_STL1	CTT1_CY5	CTT1_E1R1_01min	71	NaN	NaN	191	NaN	NaN
sctc_E1R1_1m_I4_CTT1	STL1_TMR	STL1_E1R1_01min	124	NaN	NaN	271	NaN	NaN
sctc_E1R1_20m_I1_STL1	CTT1_CY5	CTT1_E1R1_20min	105	NaN	NaN	223	NaN	NaN
sctc_E1R1_20m_I1_CTT1	STL1_TMR	STL1_E1R1_20min	163	NaN	NaN	303	NaN	NaN
sctc_E1R1_20m_I2_STL1	CTT1_CY5	CTT1_E1R1_20min	82	NaN	NaN	260	NaN	NaN
sctc_E1R1_20m_I2_CTT1	STL1_TMR	STL1_E1R1_20min	154	NaN	NaN	393	NaN	NaN
sctc_E1R1_20m_I3_STL1	CTT1_CY5	CTT1_E1R1_20min	96	NaN	NaN	213	NaN	NaN
sctc_E1R1_20m_I3_CTT1	STL1_TMR	STL1_E1R1_20min	152	NaN	NaN	385	NaN	NaN
sctc_E1R1_20m_I4_STL1	CTT1_CY5	CTT1_E1R1_20min	85	NaN	NaN	267	NaN	NaN
sctc_E1R1_20m_I4_CTT1	STL1_TMR	STL1_E1R1_20min	145	NaN	NaN	287	NaN	NaN
sctc_E1R1_25m_I1_STL1	CTT1_CY5	CTT1_E1R1_25min	72	NaN	NaN	249	NaN	NaN
sctc_E1R1_25m_I1_CTT1	STL1_TMR	STL1_E1R1_25min	135	NaN	NaN	172	NaN	NaN
sctc_E1R1_25m_I2_STL1	CTT1_CY5	CTT1_E1R1_25min	71	NaN	NaN	210	NaN	NaN
sctc_E1R1_25m_I2_CTT1	STL1_TMR	STL1_E1R1_25min	130	NaN	NaN	163	NaN	NaN
sctc_E1R1_25m_I3_STL1	CTT1_CY5	CTT1_E1R1_25min	66	NaN	NaN	198	NaN	NaN
sctc_E1R1_25m_I3_CTT1	STL1_TMR	STL1_E1R1_25min	123	NaN	NaN	551	NaN	NaN
sctc_E1R1_25m_I4_STL1	CTT1_CY5	CTT1_E1R1_25min	69	NaN	NaN	210	NaN	NaN
sctc_E1R1_25m_I4_CTT1	STL1_TMR	STL1_E1R1_25min	128	NaN	NaN	659	NaN	NaN
sctc_E1R1_2m_I1_STL1	CTT1_CY5	CTT1_E1R1_02min	64	NaN	NaN	161	NaN	NaN
sctc_E1R1_2m_I1_CTT1	STL1_TMR	STL1_E1R1_02min	100	NaN	NaN	261	NaN	NaN
sctc_E1R1_2m_I2_STL1	CTT1_CY5	CTT1_E1R1_02min	66	NaN	NaN	164	NaN	NaN
sctc_E1R1_2m_I2_CTT1	STL1_TMR	STL1_E1R1_02min	104	NaN	NaN	204	NaN	NaN
sctc_E1R1_2m_I3_STL1	CTT1_CY5	CTT1_E1R1_02min	68	NaN	NaN	155	NaN	NaN
sctc_E1R1_2m_I3_CTT1	STL1_TMR	STL1_E1R1_02min	111	NaN	NaN	43	NaN	NaN
sctc_E1R1_2m_I4_STL1	CTT1_CY5	CTT1_E1R1_02min	74	NaN	NaN	169	NaN	NaN
sctc_E1R1_2m_I4_CTT1	STL1_TMR	STL1_E1R1_02min	110	NaN	NaN	72	NaN	NaN
sctc_E1R1_30m_I1_STL1	CTT1_CY5	CTT1_E1R1_30min	72	NaN	NaN	204	NaN	NaN
sctc_E1R1_30m_I1_CTT1	STL1_TMR	STL1_E1R1_30min	153	NaN	NaN	94	NaN	NaN
sctc_E1R1_30m_I2_STL1	CTT1_CY5	CTT1_E1R1_30min	74	NaN	NaN	194	NaN	NaN
sctc_E1R1_30m_I2_CTT1	STL1_TMR	STL1_E1R1_30min	156	NaN	NaN	495	NaN	NaN
sctc_E1R1_30m_I3_STL1	CTT1_CY5	CTT1_E1R1_30min	79	NaN	NaN	180	NaN	NaN
sctc_E1R1_30m_I3_CTT1	STL1_TMR	STL1_E1R1_30min	169	NaN	NaN	480	NaN	NaN
sctc_E1R1_30m_I4_STL1	CTT1_CY5	CTT1_E1R1_30min	82	NaN	NaN	143	NaN	NaN
sctc_E1R1_30m_I4_CTT1	STL1_TMR	STL1_E1R1_30min	168	NaN	NaN	441	NaN	NaN
sctc_E1R1_35m_I1_STL1	CTT1_CY5	CTT1_E1R1_35min	69	NaN	NaN	187	NaN	NaN
sctc_E1R1_35m_I1_CTT1	STL1_TMR	STL1_E1R1_35min	114	NaN	NaN	101	NaN	NaN
sctc_E1R1_35m_I2_STL1	CTT1_CY5	CTT1_E1R1_35min	68	NaN	NaN	151	NaN	NaN
sctc_E1R1_35m_I2_CTT1	STL1_TMR	STL1_E1R1_35min	109	NaN	NaN	64	NaN	NaN
sctc_E1R1_35m_I3_STL1	CTT1_CY5	CTT1_E1R1_35min	64	NaN	NaN	139	NaN	NaN
sctc_E1R1_35m_I3_CTT1	STL1_TMR	STL1_E1R1_35min	115	NaN	NaN	96	NaN	NaN
sctc_E1R1_35m_I4_STL1	CTT1_CY5	CTT1_E1R1_35min	60	NaN	NaN	142	NaN	NaN
sctc_E1R1_35m_I4_CTT1	STL1_TMR	STL1_E1R1_35min	112	NaN	NaN	451	NaN	NaN
sctc_E1R1_40m_I1_STL1	CTT1_CY5	CTT1_E1R1_40min	73	NaN	NaN	179	NaN	NaN
sctc_E1R1_40m_I1_CTT1	STL1_TMR	STL1_E1R1_40min	114	NaN	NaN	82	NaN	NaN
sctc_E1R1_40m_I2_STL1	CTT1_CY5	CTT1_E1R1_40min	70	NaN	NaN	166	NaN	NaN
sctc_E1R1_40m_I2_CTT1	STL1_TMR	STL1_E1R1_40min	124	NaN	NaN	98	NaN	NaN
sctc_E1R1_40m_I3_STL1	CTT1_CY5	CTT1_E1R1_40min	69	NaN	NaN	177	NaN	NaN
sctc_E1R1_40m_I3_CTT1	STL1_TMR	STL1_E1R1_40min	137	NaN	NaN	345	NaN	NaN
sctc_E1R1_40m_I4_STL1	CTT1_CY5	CTT1_E1R1_40min	69	NaN	NaN	188	NaN	NaN
sctc_E1R1_40m_I4_CTT1	STL1_TMR	STL1_E1R1_40min	138	NaN	NaN	517	NaN	NaN
sctc_E1R1_45m_I1_STL1	CTT1_CY5	CTT1_E1R1_45min	75	NaN	NaN	172	NaN	NaN
sctc_E1R1_45m_I1_CTT1	STL1_TMR	STL1_E1R1_45min	139	NaN	NaN	69	NaN	NaN
sctc_E1R1_45m_I2_STL1	CTT1_CY5	CTT1_E1R1_45min	79	NaN	NaN	165	NaN	NaN
sctc_E1R1_45m_I2_CTT1	STL1_TMR	STL1_E1R1_45min	155	NaN	NaN	216	NaN	NaN
sctc_E1R1_45m_I3_STL1	CTT1_CY5	CTT1_E1R1_45min	69	NaN	NaN	188	NaN	NaN
sctc_E1R1_45m_I3_CTT1	STL1_TMR	STL1_E1R1_45min	143	NaN	NaN	130	NaN	NaN
sctc_E1R1_45m_I4_STL1	CTT1_CY5	CTT1_E1R1_45min	68	NaN	NaN	194	NaN	NaN
sctc_E1R1_45m_I4_CTT1	STL1_TMR	STL1_E1R1_45min	132	NaN	NaN	88	NaN	NaN
sctc_E1R1_4m_I1_STL1	CTT1_CY5	CTT1_E1R1_04min	80	NaN	NaN	174	NaN	NaN
sctc_E1R1_4m_I1_CTT1	STL1_TMR	STL1_E1R1_04min	128	NaN	NaN	66	NaN	NaN
sctc_E1R1_4m_I2_STL1	CTT1_CY5	CTT1_E1R1_04min	73	NaN	NaN	194	NaN	NaN
sctc_E1R1_4m_I2_CTT1	STL1_TMR	STL1_E1R1_04min	119	NaN	NaN	306	NaN	NaN
sctc_E1R1_4m_I3_STL1	CTT1_CY5	CTT1_E1R1_04min	73	NaN	NaN	210	NaN	NaN
sctc_E1R1_4m_I3_CTT1	STL1_TMR	STL1_E1R1_04min	133	NaN	NaN	125	NaN	NaN
sctc_E1R1_4m_I4_STL1	CTT1_CY5	CTT1_E1R1_04min	75	NaN	NaN	182	NaN	NaN
sctc_E1R1_4m_I4_CTT1	STL1_TMR	STL1_E1R1_04min	124	NaN	NaN	232	NaN	NaN
sctc_E1R1_50m_I1_STL1	CTT1_CY5	CTT1_E1R1_50min	64	NaN	NaN	161	NaN	NaN
sctc_E1R1_50m_I1_CTT1	STL1_TMR	STL1_E1R1_50min	122	NaN	NaN	113	NaN	NaN
sctc_E1R1_50m_I2_STL1	CTT1_CY5	CTT1_E1R1_50min	69	NaN	NaN	178	NaN	NaN
sctc_E1R1_50m_I2_CTT1	STL1_TMR	STL1_E1R1_50min	126	NaN	NaN	129	NaN	NaN
sctc_E1R1_50m_I3_STL1	CTT1_CY5	CTT1_E1R1_50min	69	NaN	NaN	161	NaN	NaN
sctc_E1R1_50m_I3_CTT1	STL1_TMR	STL1_E1R1_50min	127	NaN	NaN	94	NaN	NaN
sctc_E1R1_55m_I1_STL1	CTT1_CY5	CTT1_E1R1_55min	87	NaN	NaN	214	NaN	NaN
sctc_E1R1_55m_I1_CTT1	STL1_TMR	STL1_E1R1_55min	142	NaN	NaN	67	NaN	NaN
sctc_E1R1_55m_I2_STL1	CTT1_CY5	CTT1_E1R1_55min	91	NaN	NaN	245	NaN	NaN
sctc_E1R1_55m_I2_CTT1	STL1_TMR	STL1_E1R1_55min	152	NaN	NaN	71	NaN	NaN
sctc_E1R1_55m_I3_STL1	CTT1_CY5	CTT1_E1R1_55min	80	NaN	NaN	147	NaN	NaN
sctc_E1R1_55m_I3_CTT1	STL1_TMR	STL1_E1R1_55min	142	NaN	NaN	302	NaN	NaN
sctc_E1R1_55m_I4_STL1	CTT1_CY5	CTT1_E1R1_55min	89	NaN	NaN	234	NaN	NaN
sctc_E1R1_55m_I4_CTT1	STL1_TMR	STL1_E1R1_55min	147	NaN	NaN	126	NaN	NaN
sctc_E1R1_6m_I1_STL1	CTT1_CY5	CTT1_E1R1_06min	50	NaN	NaN	115	NaN	NaN
sctc_E1R1_6m_I1_CTT1	STL1_TMR	STL1_E1R1_06min	120	NaN	NaN	167	NaN	NaN
sctc_E1R1_6m_I2_STL1	CTT1_CY5	CTT1_E1R1_06min	50	NaN	NaN	88	NaN	NaN
sctc_E1R1_6m_I2_CTT1	STL1_TMR	STL1_E1R1_06min	100	NaN	NaN	263	NaN	NaN
sctc_E1R1_6m_I3_STL1	CTT1_CY5	CTT1_E1R1_06min	74	NaN	NaN	111	NaN	NaN
sctc_E1R1_6m_I3_CTT1	STL1_TMR	STL1_E1R1_06min	141	NaN	NaN	146	NaN	NaN
sctc_E1R1_6m_I4_STL1	CTT1_CY5	CTT1_E1R1_06min	76	NaN	NaN	173	NaN	NaN
sctc_E1R1_6m_I4_CTT1	STL1_TMR	STL1_E1R1_06min	139	NaN	NaN	163	NaN	NaN
sctc_E1R1_8m_I1_STL1	CTT1_CY5	CTT1_E1R1_08min	80	NaN	NaN	250	NaN	NaN
sctc_E1R1_8m_I1_CTT1	STL1_TMR	STL1_E1R1_08min	149	NaN	NaN	582	NaN	NaN
sctc_E1R1_8m_I2_STL1	CTT1_CY5	CTT1_E1R1_08min	87	NaN	NaN	140	NaN	NaN
sctc_E1R1_8m_I2_CTT1	STL1_TMR	STL1_E1R1_08min	147	NaN	NaN	144	NaN	NaN
sctc_E1R1_8m_I3_STL1	CTT1_CY5	CTT1_E1R1_08min	80	NaN	NaN	168	NaN	NaN
sctc_E1R1_8m_I3_CTT1	STL1_TMR	STL1_E1R1_08min	155	NaN	NaN	168	NaN	NaN
sctc_E1R1_8m_I4_STL1	CTT1_CY5	CTT1_E1R1_08min	80	NaN	NaN	224	NaN	NaN
sctc_E1R1_8m_I4_CTT1	STL1_TMR	STL1_E1R1_08min	155	NaN	NaN	155	NaN	NaN
sctc_E1R2_0m_I1_STL1	CTT1_CY5	CTT1_E1R2_00min	81	NaN	NaN	169	NaN	NaN
sctc_E1R2_0m_I1_CTT1	STL1_TMR	STL1_E1R2_00min	144	NaN	NaN	48	NaN	NaN
sctc_E1R2_0m_I2_STL1	CTT1_CY5	CTT1_E1R2_00min	72	NaN	NaN	183	NaN	NaN
sctc_E1R2_0m_I2_CTT1	STL1_TMR	STL1_E1R2_00min	134	NaN	NaN	127	NaN	NaN
sctc_E1R2_0m_I3_STL1	CTT1_CY5	CTT1_E1R2_00min	83	NaN	NaN	175	NaN	NaN
sctc_E1R2_0m_I3_CTT1	STL1_TMR	STL1_E1R2_00min	127	NaN	NaN	94	NaN	NaN
sctc_E1R2_0m_I4_STL1	CTT1_CY5	CTT1_E1R2_00min	74	NaN	NaN	188	NaN	NaN
sctc_E1R2_0m_I4_CTT1	STL1_TMR	STL1_E1R2_00min	130	NaN	NaN	81	NaN	NaN
sctc_E1R2_10m_I1_STL1	CTT1_CY5	CTT1_E1R2_10min	52	NaN	NaN	148	NaN	NaN
sctc_E1R2_10m_I1_CTT1	STL1_TMR	STL1_E1R2_10min	165	NaN	NaN	156	NaN	NaN
sctc_E1R2_10m_I2_STL1	CTT1_CY5	CTT1_E1R2_10min	78	NaN	NaN	290	NaN	NaN
sctc_E1R2_10m_I2_CTT1	STL1_TMR	STL1_E1R2_10min	168	NaN	NaN	59	NaN	NaN
sctc_E1R2_10m_I3_STL1	CTT1_CY5	CTT1_E1R2_10min	46	NaN	NaN	168	NaN	NaN
sctc_E1R2_10m_I3_CTT1	STL1_TMR	STL1_E1R2_10min	169	NaN	NaN	62	NaN	NaN
sctc_E1R2_10m_I4_STL1	CTT1_CY5	CTT1_E1R2_10min	82	NaN	NaN	189	NaN	NaN
sctc_E1R2_10m_I4_CTT1	STL1_TMR	STL1_E1R2_10min	154	NaN	NaN	45	NaN	NaN
sctc_E1R2_15m_I1_STL1	CTT1_CY5	CTT1_E1R2_15min	85	NaN	NaN	325	NaN	NaN
sctc_E1R2_15m_I1_CTT1	STL1_TMR	STL1_E1R2_15min	164	NaN	NaN	170	NaN	NaN
sctc_E1R2_15m_I2_STL1	CTT1_CY5	CTT1_E1R2_15min	88	NaN	NaN	240	NaN	NaN
sctc_E1R2_15m_I2_CTT1	STL1_TMR	STL1_E1R2_15min	156	NaN	NaN	194	NaN	NaN
sctc_E1R2_15m_I3_STL1	CTT1_CY5	CTT1_E1R2_15min	100	NaN	NaN	266	NaN	NaN
sctc_E1R2_15m_I3_CTT1	STL1_TMR	STL1_E1R2_15min	179	NaN	NaN	175	NaN	NaN
sctc_E1R2_15m_I4_STL1	CTT1_CY5	CTT1_E1R2_15min	66	NaN	NaN	136	NaN	NaN
sctc_E1R2_15m_I4_CTT1	STL1_TMR	STL1_E1R2_15min	162	NaN	NaN	216	NaN	NaN
sctc_E1R2_1m_I1_STL1	CTT1_CY5	CTT1_E1R2_01min	74	NaN	NaN	220	NaN	NaN
sctc_E1R2_1m_I1_CTT1	STL1_TMR	STL1_E1R2_01min	141	NaN	NaN	425	NaN	NaN
sctc_E1R2_1m_I2_STL1	CTT1_CY5	CTT1_E1R2_01min	77	NaN	NaN	224	NaN	NaN
sctc_E1R2_1m_I2_CTT1	STL1_TMR	STL1_E1R2_01min	142	NaN	NaN	94	NaN	NaN
sctc_E1R2_1m_I3_STL1	CTT1_CY5	CTT1_E1R2_01min	78	NaN	NaN	215	NaN	NaN
sctc_E1R2_1m_I3_CTT1	STL1_TMR	STL1_E1R2_01min	140	NaN	NaN	84	NaN	NaN
sctc_E1R2_1m_I4_STL1	CTT1_CY5	CTT1_E1R2_01min	83	NaN	NaN	194	NaN	NaN
sctc_E1R2_1m_I4_CTT1	STL1_TMR	STL1_E1R2_01min	161	NaN	NaN	514	NaN	NaN
sctc_E1R2_20m_I1_STL1	CTT1_CY5	CTT1_E1R2_20min	108	NaN	NaN	242	NaN	NaN
sctc_E1R2_20m_I1_CTT1	STL1_TMR	STL1_E1R2_20min	179	NaN	NaN	353	NaN	NaN
sctc_E1R2_20m_I2_STL1	CTT1_CY5	CTT1_E1R2_20min	97	NaN	NaN	269	NaN	NaN
sctc_E1R2_20m_I2_CTT1	STL1_TMR	STL1_E1R2_20min	177	NaN	NaN	207	NaN	NaN
sctc_E1R2_20m_I3_STL1	CTT1_CY5	CTT1_E1R2_20min	98	NaN	NaN	277	NaN	NaN
sctc_E1R2_20m_I3_CTT1	STL1_TMR	STL1_E1R2_20min	179	NaN	NaN	362	NaN	NaN
sctc_E1R2_20m_I4_STL1	CTT1_CY5	CTT1_E1R2_20min	87	NaN	NaN	222	NaN	NaN
sctc_E1R2_20m_I4_CTT1	STL1_TMR	STL1_E1R2_20min	179	NaN	NaN	430	NaN	NaN
sctc_E1R2_25m_I1_STL1	CTT1_CY5	CTT1_E1R2_25min	101	NaN	NaN	219	NaN	NaN
sctc_E1R2_25m_I1_CTT1	STL1_TMR	STL1_E1R2_25min	115	NaN	NaN	143	NaN	NaN
sctc_E1R2_25m_I2_STL1	CTT1_CY5	CTT1_E1R2_25min	74	NaN	NaN	234	NaN	NaN
sctc_E1R2_25m_I2_CTT1	STL1_TMR	STL1_E1R2_25min	135	NaN	NaN	199	NaN	NaN
sctc_E1R2_25m_I3_STL1	CTT1_CY5	CTT1_E1R2_25min	78	NaN	NaN	143	NaN	NaN
sctc_E1R2_25m_I3_CTT1	STL1_TMR	STL1_E1R2_25min	112	NaN	NaN	541	NaN	NaN
sctc_E1R2_25m_I4_STL1	CTT1_CY5	CTT1_E1R2_25min	63	NaN	NaN	165	NaN	NaN
sctc_E1R2_25m_I4_CTT1	STL1_TMR	STL1_E1R2_25min	135	NaN	NaN	153	NaN	NaN
sctc_E1R2_2m_I1_STL1	CTT1_CY5	CTT1_E1R2_02min	86	NaN	NaN	252	NaN	NaN
sctc_E1R2_2m_I1_CTT1	STL1_TMR	STL1_E1R2_02min	137	NaN	NaN	100	NaN	NaN
sctc_E1R2_2m_I2_STL1	CTT1_CY5	CTT1_E1R2_02min	80	NaN	NaN	231	NaN	NaN
sctc_E1R2_2m_I2_CTT1	STL1_TMR	STL1_E1R2_02min	153	NaN	NaN	124	NaN	NaN
sctc_E1R2_2m_I3_STL1	CTT1_CY5	CTT1_E1R2_02min	81	NaN	NaN	232	NaN	NaN
sctc_E1R2_2m_I3_CTT1	STL1_TMR	STL1_E1R2_02min	132	NaN	NaN	114	NaN	NaN
sctc_E1R2_2m_I4_STL1	CTT1_CY5	CTT1_E1R2_02min	87	NaN	NaN	248	NaN	NaN
sctc_E1R2_2m_I4_CTT1	STL1_TMR	STL1_E1R2_02min	147	NaN	NaN	103	NaN	NaN
sctc_E1R2_30m_I1_STL1	CTT1_CY5	CTT1_E1R2_30min	92	NaN	NaN	137	NaN	NaN
sctc_E1R2_30m_I1_CTT1	STL1_TMR	STL1_E1R2_30min	140	NaN	NaN	134	NaN	NaN
sctc_E1R2_30m_I2_STL1	CTT1_CY5	CTT1_E1R2_30min	68	NaN	NaN	201	NaN	NaN
sctc_E1R2_30m_I2_CTT1	STL1_TMR	STL1_E1R2_30min	109	NaN	NaN	119	NaN	NaN
sctc_E1R2_30m_I3_STL1	CTT1_CY5	CTT1_E1R2_30min	71	NaN	NaN	149	NaN	NaN
sctc_E1R2_30m_I3_CTT1	STL1_TMR	STL1_E1R2_30min	134	NaN	NaN	128	NaN	NaN
sctc_E1R2_30m_I4_STL1	CTT1_CY5	CTT1_E1R2_30min	68	NaN	NaN	159	NaN	NaN
sctc_E1R2_30m_I4_CTT1	STL1_TMR	STL1_E1R2_30min	118	NaN	NaN	81	NaN	NaN
sctc_E1R2_30m_I7_STL1	CTT1_CY5	CTT1_E1R2_30min	64	NaN	NaN	149	NaN	NaN
sctc_E1R2_30m_I7_CTT1	STL1_TMR	STL1_E1R2_30min	120	NaN	NaN	114	NaN	NaN
sctc_E1R2_35m_I1_STL1	CTT1_CY5	CTT1_E1R2_35min	80	NaN	NaN	178	NaN	NaN
sctc_E1R2_35m_I1_CTT1	STL1_TMR	STL1_E1R2_35min	168	NaN	NaN	137	NaN	NaN
sctc_E1R2_35m_I2_STL1	CTT1_CY5	CTT1_E1R2_35min	80	NaN	NaN	176	NaN	NaN
sctc_E1R2_35m_I2_CTT1	STL1_TMR	STL1_E1R2_35min	163	NaN	NaN	120	NaN	NaN
sctc_E1R2_35m_I3_STL1	CTT1_CY5	CTT1_E1R2_35min	71	NaN	NaN	178	NaN	NaN
sctc_E1R2_35m_I3_CTT1	STL1_TMR	STL1_E1R2_35min	152	NaN	NaN	601	NaN	NaN
sctc_E1R2_35m_I4_STL1	CTT1_CY5	CTT1_E1R2_35min	70	NaN	NaN	147	NaN	NaN
sctc_E1R2_35m_I4_CTT1	STL1_TMR	STL1_E1R2_35min	158	NaN	NaN	107	NaN	NaN
sctc_E1R2_40m_I1_STL1	CTT1_CY5	CTT1_E1R2_40min	82	NaN	NaN	151	NaN	NaN
sctc_E1R2_40m_I1_CTT1	STL1_TMR	STL1_E1R2_40min	134	NaN	NaN	89	NaN	NaN
sctc_E1R2_40m_I2_STL1	CTT1_CY5	CTT1_E1R2_40min	73	NaN	NaN	154	NaN	NaN
sctc_E1R2_40m_I2_CTT1	STL1_TMR	STL1_E1R2_40min	136	NaN	NaN	54	NaN	NaN
sctc_E1R2_40m_I3_STL1	CTT1_CY5	CTT1_E1R2_40min	72	NaN	NaN	158	NaN	NaN
sctc_E1R2_40m_I3_CTT1	STL1_TMR	STL1_E1R2_40min	146	NaN	NaN	98	NaN	NaN
sctc_E1R2_40m_I4_STL1	CTT1_CY5	CTT1_E1R2_40min	69	NaN	NaN	167	NaN	NaN
sctc_E1R2_40m_I4_CTT1	STL1_TMR	STL1_E1R2_40min	149	NaN	NaN	96	NaN	NaN
sctc_E1R2_45m_I1_STL1	CTT1_CY5	CTT1_E1R2_45min	67	NaN	NaN	120	NaN	NaN
sctc_E1R2_45m_I1_CTT1	STL1_TMR	STL1_E1R2_45min	150	NaN	NaN	88	NaN	NaN
sctc_E1R2_45m_I2_STL1	CTT1_CY5	CTT1_E1R2_45min	80	NaN	NaN	180	NaN	NaN
sctc_E1R2_45m_I2_CTT1	STL1_TMR	STL1_E1R2_45min	140	NaN	NaN	82	NaN	NaN
sctc_E1R2_45m_I3_STL1	CTT1_CY5	CTT1_E1R2_45min	77	NaN	NaN	125	NaN	NaN
sctc_E1R2_45m_I3_CTT1	STL1_TMR	STL1_E1R2_45min	131	NaN	NaN	91	NaN	NaN
sctc_E1R2_45m_I4_STL1	CTT1_CY5	CTT1_E1R2_45min	70	NaN	NaN	161	NaN	NaN
sctc_E1R2_45m_I4_CTT1	STL1_TMR	STL1_E1R2_45min	128	NaN	NaN	103	NaN	NaN
sctc_E1R2_4m_I1_STL1	CTT1_CY5	CTT1_E1R2_04min	72	NaN	NaN	164	NaN	NaN
sctc_E1R2_4m_I1_CTT1	STL1_TMR	STL1_E1R2_04min	182	NaN	NaN	162	NaN	NaN
sctc_E1R2_4m_I2_STL1	CTT1_CY5	CTT1_E1R2_04min	82	NaN	NaN	96	NaN	NaN
sctc_E1R2_4m_I2_CTT1	STL1_TMR	STL1_E1R2_04min	181	NaN	NaN	31	NaN	NaN
sctc_E1R2_4m_I3_STL1	CTT1_CY5	CTT1_E1R2_04min	77	NaN	NaN	183	NaN	NaN
sctc_E1R2_4m_I3_CTT1	STL1_TMR	STL1_E1R2_04min	142	NaN	NaN	55	NaN	NaN
sctc_E1R2_4m_I4_STL1	CTT1_CY5	CTT1_E1R2_04min	81	NaN	NaN	119	NaN	NaN
sctc_E1R2_4m_I4_CTT1	STL1_TMR	STL1_E1R2_04min	134	NaN	NaN	36	NaN	NaN
sctc_E1R2_50m_I1_STL1	CTT1_CY5	CTT1_E1R2_50min	62	NaN	NaN	116	NaN	NaN
sctc_E1R2_50m_I1_CTT1	STL1_TMR	STL1_E1R2_50min	104	NaN	NaN	77	NaN	NaN
sctc_E1R2_50m_I2_STL1	CTT1_CY5	CTT1_E1R2_50min	59	NaN	NaN	137	NaN	NaN
sctc_E1R2_50m_I2_CTT1	STL1_TMR	STL1_E1R2_50min	112	NaN	NaN	81	NaN	NaN
sctc_E1R2_50m_I3_STL1	CTT1_CY5	CTT1_E1R2_50min	67	NaN	NaN	130	NaN	NaN
sctc_E1R2_50m_I3_CTT1	STL1_TMR	STL1_E1R2_50min	93	NaN	NaN	78	NaN	NaN
sctc_E1R2_55m_I1_STL1	CTT1_CY5	CTT1_E1R2_55min	81	NaN	NaN	185	NaN	NaN
sctc_E1R2_55m_I1_CTT1	STL1_TMR	STL1_E1R2_55min	153	NaN	NaN	58	NaN	NaN
sctc_E1R2_55m_I2_STL1	CTT1_CY5	CTT1_E1R2_55min	73	NaN	NaN	161	NaN	NaN
sctc_E1R2_55m_I2_CTT1	STL1_TMR	STL1_E1R2_55min	158	NaN	NaN	93	NaN	NaN
sctc_E1R2_55m_I3_STL1	CTT1_CY5	CTT1_E1R2_55min	72	NaN	NaN	160	NaN	NaN
sctc_E1R2_55m_I3_CTT1	STL1_TMR	STL1_E1R2_55min	162	NaN	NaN	70	NaN	NaN
sctc_E1R2_55m_I4_STL1	CTT1_CY5	CTT1_E1R2_55min	97	NaN	NaN	138	NaN	NaN
sctc_E1R2_55m_I4_CTT1	STL1_TMR	STL1_E1R2_55min	153	NaN	NaN	81	NaN	NaN
sctc_E1R2_6m_I1_STL1	CTT1_CY5	CTT1_E1R2_06min	84	NaN	NaN	99	NaN	NaN
sctc_E1R2_6m_I1_CTT1	STL1_TMR	STL1_E1R2_06min	191	NaN	NaN	137	NaN	NaN
sctc_E1R2_6m_I2_STL1	CTT1_CY5	CTT1_E1R2_06min	106	NaN	NaN	140	NaN	NaN
sctc_E1R2_6m_I2_CTT1	STL1_TMR	STL1_E1R2_06min	174	NaN	NaN	198	NaN	NaN
sctc_E1R2_6m_I3_STL1	CTT1_CY5	CTT1_E1R2_06min	84	NaN	NaN	152	NaN	NaN
sctc_E1R2_6m_I3_CTT1	STL1_TMR	STL1_E1R2_06min	169	NaN	NaN	196	NaN	NaN
sctc_E1R2_6m_I4_STL1	CTT1_CY5	CTT1_E1R2_06min	79	NaN	NaN	103	NaN	NaN
sctc_E1R2_6m_I4_CTT1	STL1_TMR	STL1_E1R2_06min	187	NaN	NaN	133	NaN	NaN
sctc_E1R2_8m_I1_STL1	CTT1_CY5	CTT1_E1R2_08min	81	NaN	NaN	99	NaN	NaN
sctc_E1R2_8m_I1_CTT1	STL1_TMR	STL1_E1R2_08min	155	NaN	NaN	97	NaN	NaN
sctc_E1R2_8m_I2_STL1	CTT1_CY5	CTT1_E1R2_08min	98	NaN	NaN	92	NaN	NaN
sctc_E1R2_8m_I2_CTT1	STL1_TMR	STL1_E1R2_08min	147	NaN	NaN	31	NaN	NaN
sctc_E1R2_8m_I3_STL1	CTT1_CY5	CTT1_E1R2_08min	86	NaN	NaN	99	NaN	NaN
sctc_E1R2_8m_I3_CTT1	STL1_TMR	STL1_E1R2_08min	143	NaN	NaN	195	NaN	NaN
sctc_E1R2_8m_I4_STL1	CTT1_CY5	CTT1_E1R2_08min	91	NaN	NaN	109	NaN	NaN
sctc_E1R2_8m_I4_CTT1	STL1_TMR	STL1_E1R2_08min	149	NaN	NaN	137	NaN	NaN
sctc_E2R1_0m_I1_STL1	CTT1_CY5	CTT1_E2R1_00min	86	NaN	NaN	198	NaN	NaN
sctc_E2R1_0m_I1_CTT1	STL1_TMR	STL1_E2R1_00min	135	NaN	NaN	139	NaN	NaN
sctc_E2R1_0m_I2_STL1	CTT1_CY5	CTT1_E2R1_00min	81	NaN	NaN	197	NaN	NaN
sctc_E2R1_0m_I2_CTT1	STL1_TMR	STL1_E2R1_00min	131	NaN	NaN	119	NaN	NaN
sctc_E2R1_0m_I3_STL1	CTT1_CY5	CTT1_E2R1_00min	73	NaN	NaN	188	NaN	NaN
sctc_E2R1_0m_I3_CTT1	STL1_TMR	STL1_E2R1_00min	126	NaN	NaN	98	NaN	NaN
sctc_E2R1_0m_I4_STL1	CTT1_CY5	CTT1_E2R1_00min	68	NaN	NaN	169	NaN	NaN
sctc_E2R1_0m_I4_CTT1	STL1_TMR	STL1_E2R1_00min	129	NaN	NaN	88	NaN	NaN
sctc_E2R1_10m_I1_STL1	CTT1_CY5	CTT1_E2R1_10min	78	NaN	NaN	644	NaN	NaN
sctc_E2R1_10m_I1_CTT1	STL1_TMR	STL1_E2R1_10min	141	NaN	NaN	622	NaN	NaN
sctc_E2R1_10m_I2_STL1	CTT1_CY5	CTT1_E2R1_10min	114	NaN	NaN	639	NaN	NaN
sctc_E2R1_10m_I2_CTT1	STL1_TMR	STL1_E2R1_10min	151	NaN	NaN	71	NaN	NaN
sctc_E2R1_10m_I3_STL1	CTT1_CY5	CTT1_E2R1_10min	111	NaN	NaN	593	NaN	NaN
sctc_E2R1_10m_I3_CTT1	STL1_TMR	STL1_E2R1_10min	167	NaN	NaN	587	NaN	NaN
sctc_E2R1_10m_I4_STL1	CTT1_CY5	CTT1_E2R1_10min	106	NaN	NaN	187	NaN	NaN
sctc_E2R1_10m_I4_CTT1	STL1_TMR	STL1_E2R1_10min	152	NaN	NaN	464	NaN	NaN
sctc_E2R1_15m_I1_STL1	CTT1_CY5	CTT1_E2R1_15min	87	NaN	NaN	280	NaN	NaN
sctc_E2R1_15m_I1_CTT1	STL1_TMR	STL1_E2R1_15min	129	NaN	NaN	63	NaN	NaN
sctc_E2R1_15m_I2_STL1	CTT1_CY5	CTT1_E2R1_15min	107	NaN	NaN	906	NaN	NaN
sctc_E2R1_15m_I2_CTT1	STL1_TMR	STL1_E2R1_15min	160	NaN	NaN	781	NaN	NaN
sctc_E2R1_15m_I3_STL1	CTT1_CY5	CTT1_E2R1_15min	104	NaN	NaN	395	NaN	NaN
sctc_E2R1_15m_I3_CTT1	STL1_TMR	STL1_E2R1_15min	167	NaN	NaN	726	NaN	NaN
sctc_E2R1_15m_I4_STL1	CTT1_CY5	CTT1_E2R1_15min	84	NaN	NaN	220	NaN	NaN
sctc_E2R1_15m_I4_CTT1	STL1_TMR	STL1_E2R1_15min	126	NaN	NaN	49	NaN	NaN
sctc_E2R1_15m_I5_STL1	CTT1_CY5	CTT1_E2R1_15min	99	NaN	NaN	322	NaN	NaN
sctc_E2R1_15m_I5_CTT1	STL1_TMR	STL1_E2R1_15min	145	NaN	NaN	818	NaN	NaN
sctc_E2R1_15m_I6_STL1	CTT1_CY5	CTT1_E2R1_15min	101	NaN	NaN	315	NaN	NaN
sctc_E2R1_15m_I6_CTT1	STL1_TMR	STL1_E2R1_15min	130	NaN	NaN	498	NaN	NaN
sctc_E2R1_15m_I7_STL1	CTT1_CY5	CTT1_E2R1_15min	105	NaN	NaN	317	NaN	NaN
sctc_E2R1_15m_I7_CTT1	STL1_TMR	STL1_E2R1_15min	138	NaN	NaN	592	NaN	NaN
sctc_E2R1_15m_I8_STL1	CTT1_CY5	CTT1_E2R1_15min	108	NaN	NaN	295	NaN	NaN
sctc_E2R1_15m_I8_CTT1	STL1_TMR	STL1_E2R1_15min	145	NaN	NaN	296	NaN	NaN
sctc_E2R1_15m_I9_STL1	CTT1_CY5	CTT1_E2R1_15min	88	NaN	NaN	589	NaN	NaN
sctc_E2R1_15m_I9_CTT1	STL1_TMR	STL1_E2R1_15min	119	NaN	NaN	715	NaN	NaN
sctc_E2R1_1m_I1_STL1	CTT1_CY5	CTT1_E2R1_01min	88	NaN	NaN	183	NaN	NaN
sctc_E2R1_1m_I1_CTT1	STL1_TMR	STL1_E2R1_01min	133	NaN	NaN	97	NaN	NaN
sctc_E2R1_1m_I2_STL1	CTT1_CY5	CTT1_E2R1_01min	72	NaN	NaN	153	NaN	NaN
sctc_E2R1_1m_I2_CTT1	STL1_TMR	STL1_E2R1_01min	111	NaN	NaN	98	NaN	NaN
sctc_E2R1_1m_I3_STL1	CTT1_CY5	CTT1_E2R1_01min	75	NaN	NaN	177	NaN	NaN
sctc_E2R1_1m_I3_CTT1	STL1_TMR	STL1_E2R1_01min	138	NaN	NaN	87	NaN	NaN
sctc_E2R1_1m_I4_STL1	CTT1_CY5	CTT1_E2R1_01min	82	NaN	NaN	186	NaN	NaN
sctc_E2R1_1m_I4_CTT1	STL1_TMR	STL1_E2R1_01min	141	NaN	NaN	104	NaN	NaN
sctc_E2R1_1m_I5_STL1	CTT1_CY5	CTT1_E2R1_01min	76	NaN	NaN	175	NaN	NaN
sctc_E2R1_1m_I5_CTT1	STL1_TMR	STL1_E2R1_01min	133	NaN	NaN	102	NaN	NaN
sctc_E2R1_1m_I6_STL1	CTT1_CY5	CTT1_E2R1_01min	73	NaN	NaN	162	NaN	NaN
sctc_E2R1_1m_I6_CTT1	STL1_TMR	STL1_E2R1_01min	118	NaN	NaN	96	NaN	NaN
sctc_E2R1_20m_I1_STL1	CTT1_CY5	CTT1_E2R1_20min	125	NaN	NaN	292	NaN	NaN
sctc_E2R1_20m_I1_CTT1	STL1_TMR	STL1_E2R1_20min	173	NaN	NaN	824	NaN	NaN
sctc_E2R1_20m_I2_STL1	CTT1_CY5	CTT1_E2R1_20min	113	NaN	NaN	973	NaN	NaN
sctc_E2R1_20m_I2_CTT1	STL1_TMR	STL1_E2R1_20min	165	NaN	NaN	70	NaN	NaN
sctc_E2R1_20m_I3_STL1	CTT1_CY5	CTT1_E2R1_20min	98	NaN	NaN	887	NaN	NaN
sctc_E2R1_20m_I3_CTT1	STL1_TMR	STL1_E2R1_20min	158	NaN	NaN	864	NaN	NaN
sctc_E2R1_20m_I4_STL1	CTT1_CY5	CTT1_E2R1_20min	131	NaN	NaN	354	NaN	NaN
sctc_E2R1_20m_I4_CTT1	STL1_TMR	STL1_E2R1_20min	173	NaN	NaN	691	NaN	NaN
sctc_E2R1_20m_I5_STL1	CTT1_CY5	CTT1_E2R1_20min	76	NaN	NaN	179	NaN	NaN
sctc_E2R1_20m_I5_CTT1	STL1_TMR	STL1_E2R1_20min	168	NaN	NaN	756	NaN	NaN
sctc_E2R1_25m_I1_STL1	CTT1_CY5	CTT1_E2R1_25min	118	NaN	NaN	82	NaN	NaN
sctc_E2R1_25m_I1_CTT1	STL1_TMR	STL1_E2R1_25min	161	NaN	NaN	826	NaN	NaN
sctc_E2R1_25m_I2_STL1	CTT1_CY5	CTT1_E2R1_25min	106	NaN	NaN	125	NaN	NaN
sctc_E2R1_25m_I2_CTT1	STL1_TMR	STL1_E2R1_25min	158	NaN	NaN	798	NaN	NaN
sctc_E2R1_25m_I3_STL1	CTT1_CY5	CTT1_E2R1_25min	106	NaN	NaN	168	NaN	NaN
sctc_E2R1_25m_I3_CTT1	STL1_TMR	STL1_E2R1_25min	158	NaN	NaN	279	NaN	NaN
sctc_E2R1_25m_I4_STL1	CTT1_CY5	CTT1_E2R1_25min	92	NaN	NaN	235	NaN	NaN
sctc_E2R1_25m_I4_CTT1	STL1_TMR	STL1_E2R1_25min	164	NaN	NaN	224	NaN	NaN
sctc_E2R1_2m_I1_STL1	CTT1_CY5	CTT1_E2R1_02min	71	NaN	NaN	174	NaN	NaN
sctc_E2R1_2m_I1_CTT1	STL1_TMR	STL1_E2R1_02min	121	NaN	NaN	95	NaN	NaN
sctc_E2R1_2m_I2_STL1	CTT1_CY5	CTT1_E2R1_02min	72	NaN	NaN	190	NaN	NaN
sctc_E2R1_2m_I2_CTT1	STL1_TMR	STL1_E2R1_02min	136	NaN	NaN	95	NaN	NaN
sctc_E2R1_2m_I3_STL1	CTT1_CY5	CTT1_E2R1_02min	79	NaN	NaN	160	NaN	NaN
sctc_E2R1_2m_I3_CTT1	STL1_TMR	STL1_E2R1_02min	142	NaN	NaN	72	NaN	NaN
sctc_E2R1_2m_I4_STL1	CTT1_CY5	CTT1_E2R1_02min	79	NaN	NaN	158	NaN	NaN
sctc_E2R1_2m_I4_CTT1	STL1_TMR	STL1_E2R1_02min	118	NaN	NaN	104	NaN	NaN
sctc_E2R1_30m_I1_STL1	CTT1_CY5	CTT1_E2R1_30min	110	NaN	NaN	294	NaN	NaN
sctc_E2R1_30m_I1_CTT1	STL1_TMR	STL1_E2R1_30min	112	NaN	NaN	100	NaN	NaN
sctc_E2R1_30m_I2_STL1	CTT1_CY5	CTT1_E2R1_30min	134	NaN	NaN	336	NaN	NaN
sctc_E2R1_30m_I2_CTT1	STL1_TMR	STL1_E2R1_30min	116	NaN	NaN	140	NaN	NaN
sctc_E2R1_30m_I3_STL1	CTT1_CY5	CTT1_E2R1_30min	105	NaN	NaN	330	NaN	NaN
sctc_E2R1_30m_I3_CTT1	STL1_TMR	STL1_E2R1_30min	118	NaN	NaN	141	NaN	NaN
sctc_E2R1_30m_I4_STL1	CTT1_CY5	CTT1_E2R1_30min	104	NaN	NaN	335	NaN	NaN
sctc_E2R1_30m_I4_CTT1	STL1_TMR	STL1_E2R1_30min	114	NaN	NaN	224	NaN	NaN
sctc_E2R1_35m_I1_STL1	CTT1_CY5	CTT1_E2R1_35min	112	NaN	NaN	231	NaN	NaN
sctc_E2R1_35m_I1_CTT1	STL1_TMR	STL1_E2R1_35min	127	NaN	NaN	128	NaN	NaN
sctc_E2R1_35m_I2_STL1	CTT1_CY5	CTT1_E2R1_35min	114	NaN	NaN	250	NaN	NaN
sctc_E2R1_35m_I2_CTT1	STL1_TMR	STL1_E2R1_35min	127	NaN	NaN	140	NaN	NaN
sctc_E2R1_35m_I3_STL1	CTT1_CY5	CTT1_E2R1_35min	113	NaN	NaN	216	NaN	NaN
sctc_E2R1_35m_I3_CTT1	STL1_TMR	STL1_E2R1_35min	134	NaN	NaN	48	NaN	NaN
sctc_E2R1_35m_I4_STL1	CTT1_CY5	CTT1_E2R1_35min	109	NaN	NaN	181	NaN	NaN
sctc_E2R1_35m_I4_CTT1	STL1_TMR	STL1_E2R1_35min	147	NaN	NaN	118	NaN	NaN
sctc_E2R1_40m_I1_STL1	CTT1_CY5	CTT1_E2R1_40min	108	NaN	NaN	192	NaN	NaN
sctc_E2R1_40m_I1_CTT1	STL1_TMR	STL1_E2R1_40min	124	NaN	NaN	123	NaN	NaN
sctc_E2R1_40m_I2_STL1	CTT1_CY5	CTT1_E2R1_40min	104	NaN	NaN	193	NaN	NaN
sctc_E2R1_40m_I2_CTT1	STL1_TMR	STL1_E2R1_40min	131	NaN	NaN	127	NaN	NaN
sctc_E2R1_40m_I3_STL1	CTT1_CY5	CTT1_E2R1_40min	101	NaN	NaN	198	NaN	NaN
sctc_E2R1_40m_I3_CTT1	STL1_TMR	STL1_E2R1_40min	137	NaN	NaN	158	NaN	NaN
sctc_E2R1_40m_I4_STL1	CTT1_CY5	CTT1_E2R1_40min	102	NaN	NaN	263	NaN	NaN
sctc_E2R1_40m_I4_CTT1	STL1_TMR	STL1_E2R1_40min	148	NaN	NaN	417	NaN	NaN
sctc_E2R1_45m_I1_STL1	CTT1_CY5	CTT1_E2R1_45min	90	NaN	NaN	184	NaN	NaN
sctc_E2R1_45m_I1_CTT1	STL1_TMR	STL1_E2R1_45min	125	NaN	NaN	53	NaN	NaN
sctc_E2R1_45m_I2_STL1	CTT1_CY5	CTT1_E2R1_45min	77	NaN	NaN	212	NaN	NaN
sctc_E2R1_45m_I2_CTT1	STL1_TMR	STL1_E2R1_45min	125	NaN	NaN	53	NaN	NaN
sctc_E2R1_45m_I3_STL1	CTT1_CY5	CTT1_E2R1_45min	88	NaN	NaN	271	NaN	NaN
sctc_E2R1_45m_I3_CTT1	STL1_TMR	STL1_E2R1_45min	132	NaN	NaN	111	NaN	NaN
sctc_E2R1_45m_I4_STL1	CTT1_CY5	CTT1_E2R1_45min	81	NaN	NaN	244	NaN	NaN
sctc_E2R1_45m_I4_CTT1	STL1_TMR	STL1_E2R1_45min	114	NaN	NaN	108	NaN	NaN
sctc_E2R1_4m_I1_STL1	CTT1_CY5	CTT1_E2R1_04min	67	NaN	NaN	119	NaN	NaN
sctc_E2R1_4m_I1_CTT1	STL1_TMR	STL1_E2R1_04min	129	NaN	NaN	96	NaN	NaN
sctc_E2R1_4m_I2_STL1	CTT1_CY5	CTT1_E2R1_04min	77	NaN	NaN	137	NaN	NaN
sctc_E2R1_4m_I2_CTT1	STL1_TMR	STL1_E2R1_04min	109	NaN	NaN	108	NaN	NaN
sctc_E2R1_4m_I3_STL1	CTT1_CY5	CTT1_E2R1_04min	73	NaN	NaN	156	NaN	NaN
sctc_E2R1_4m_I3_CTT1	STL1_TMR	STL1_E2R1_04min	111	NaN	NaN	78	NaN	NaN
sctc_E2R1_4m_I4_STL1	CTT1_CY5	CTT1_E2R1_04min	72	NaN	NaN	163	NaN	NaN
sctc_E2R1_4m_I4_CTT1	STL1_TMR	STL1_E2R1_04min	115	NaN	NaN	94	NaN	NaN
sctc_E2R1_50m_I1_STL1	CTT1_CY5	CTT1_E2R1_50min	82	NaN	NaN	191	NaN	NaN
sctc_E2R1_50m_I1_CTT1	STL1_TMR	STL1_E2R1_50min	110	NaN	NaN	267	NaN	NaN
sctc_E2R1_50m_I2_STL1	CTT1_CY5	CTT1_E2R1_50min	84	NaN	NaN	180	NaN	NaN
sctc_E2R1_50m_I2_CTT1	STL1_TMR	STL1_E2R1_50min	124	NaN	NaN	96	NaN	NaN
sctc_E2R1_50m_I3_STL1	CTT1_CY5	CTT1_E2R1_50min	84	NaN	NaN	170	NaN	NaN
sctc_E2R1_50m_I3_CTT1	STL1_TMR	STL1_E2R1_50min	121	NaN	NaN	92	NaN	NaN
sctc_E2R1_50m_I4_STL1	CTT1_CY5	CTT1_E2R1_50min	59	NaN	NaN	118	NaN	NaN
sctc_E2R1_50m_I4_CTT1	STL1_TMR	STL1_E2R1_50min	120	NaN	NaN	92	NaN	NaN
sctc_E2R1_55m_I1_STL1	CTT1_CY5	CTT1_E2R1_55min	81	NaN	NaN	186	NaN	NaN
sctc_E2R1_55m_I1_CTT1	STL1_TMR	STL1_E2R1_55min	107	NaN	NaN	90	NaN	NaN
sctc_E2R1_55m_I2_STL1	CTT1_CY5	CTT1_E2R1_55min	77	NaN	NaN	193	NaN	NaN
sctc_E2R1_55m_I2_CTT1	STL1_TMR	STL1_E2R1_55min	109	NaN	NaN	58	NaN	NaN
sctc_E2R1_55m_I3_STL1	CTT1_CY5	CTT1_E2R1_55min	89	NaN	NaN	143	NaN	NaN
sctc_E2R1_55m_I3_CTT1	STL1_TMR	STL1_E2R1_55min	106	NaN	NaN	324	NaN	NaN
sctc_E2R1_55m_I4_STL1	CTT1_CY5	CTT1_E2R1_55min	89	NaN	NaN	192	NaN	NaN
sctc_E2R1_55m_I4_CTT1	STL1_TMR	STL1_E2R1_55min	116	NaN	NaN	83	NaN	NaN
sctc_E2R1_6m_I1_STL1	CTT1_CY5	CTT1_E2R1_06min	71	NaN	NaN	137	NaN	NaN
sctc_E2R1_6m_I1_CTT1	STL1_TMR	STL1_E2R1_06min	126	NaN	NaN	198	NaN	NaN
sctc_E2R1_6m_I2_STL1	CTT1_CY5	CTT1_E2R1_06min	73	NaN	NaN	143	NaN	NaN
sctc_E2R1_6m_I2_CTT1	STL1_TMR	STL1_E2R1_06min	122	NaN	NaN	64	NaN	NaN
sctc_E2R1_6m_I3_STL1	CTT1_CY5	CTT1_E2R1_06min	69	NaN	NaN	176	NaN	NaN
sctc_E2R1_6m_I3_CTT1	STL1_TMR	STL1_E2R1_06min	121	NaN	NaN	57	NaN	NaN
sctc_E2R1_6m_I4_STL1	CTT1_CY5	CTT1_E2R1_06min	85	NaN	NaN	167	NaN	NaN
sctc_E2R1_6m_I4_CTT1	STL1_TMR	STL1_E2R1_06min	117	NaN	NaN	105	NaN	NaN
sctc_E2R1_8m_I1_STL1	CTT1_CY5	CTT1_E2R1_08min	75	NaN	NaN	155	NaN	NaN
sctc_E2R1_8m_I1_CTT1	STL1_TMR	STL1_E2R1_08min	106	NaN	NaN	153	NaN	NaN
sctc_E2R1_8m_I2_STL1	CTT1_CY5	CTT1_E2R1_08min	67	NaN	NaN	88	NaN	NaN
sctc_E2R1_8m_I2_CTT1	STL1_TMR	STL1_E2R1_08min	104	NaN	NaN	55	NaN	NaN
sctc_E2R1_8m_I3_STL1	CTT1_CY5	CTT1_E2R1_08min	87	NaN	NaN	154	NaN	NaN
sctc_E2R1_8m_I3_CTT1	STL1_TMR	STL1_E2R1_08min	122	NaN	NaN	502	NaN	NaN
sctc_E2R1_8m_I4_STL1	CTT1_CY5	CTT1_E2R1_08min	81	NaN	NaN	150	NaN	NaN
sctc_E2R1_8m_I4_CTT1	STL1_TMR	STL1_E2R1_08min	123	NaN	NaN	63	NaN	NaN
sctc_E2R2_0m_I1_STL1	CTT1_CY5	CTT1_E2R2_00min	67	NaN	NaN	142	NaN	NaN
sctc_E2R2_0m_I1_CTT1	STL1_TMR	STL1_E2R2_00min	117	NaN	NaN	79	NaN	NaN
sctc_E2R2_0m_I2_STL1	CTT1_CY5	CTT1_E2R2_00min	57	NaN	NaN	115	NaN	NaN
sctc_E2R2_0m_I2_CTT1	STL1_TMR	STL1_E2R2_00min	115	NaN	NaN	95	NaN	NaN
sctc_E2R2_0m_I3_STL1	CTT1_CY5	CTT1_E2R2_00min	54	NaN	NaN	132	NaN	NaN
sctc_E2R2_0m_I3_CTT1	STL1_TMR	STL1_E2R2_00min	118	NaN	NaN	102	NaN	NaN
sctc_E2R2_0m_I4_STL1	CTT1_CY5	CTT1_E2R2_00min	81	NaN	NaN	131	NaN	NaN
sctc_E2R2_0m_I4_CTT1	STL1_TMR	STL1_E2R2_00min	113	NaN	NaN	127	NaN	NaN
sctc_E2R2_10m_I1_STL1	CTT1_CY5	CTT1_E2R2_10min	66	NaN	NaN	205	NaN	NaN
sctc_E2R2_10m_I1_CTT1	STL1_TMR	STL1_E2R2_10min	104	NaN	NaN	89	NaN	NaN
sctc_E2R2_10m_I2_STL1	CTT1_CY5	CTT1_E2R2_10min	57	NaN	NaN	158	NaN	NaN
sctc_E2R2_10m_I2_CTT1	STL1_TMR	STL1_E2R2_10min	NaN	NaN	NaN	356	NaN	NaN
sctc_E2R2_10m_I3_STL1	CTT1_CY5	CTT1_E2R2_10min	82	NaN	NaN	193	NaN	NaN
sctc_E2R2_10m_I3_CTT1	STL1_TMR	STL1_E2R2_10min	97	NaN	NaN	111	NaN	NaN
sctc_E2R2_10m_I4_STL1	CTT1_CY5	CTT1_E2R2_10min	61	NaN	NaN	184	NaN	NaN
sctc_E2R2_10m_I4_CTT1	STL1_TMR	STL1_E2R2_10min	104	NaN	NaN	118	NaN	NaN
sctc_E2R2_10m_I5_STL1	CTT1_CY5	CTT1_E2R2_10min	66	NaN	NaN	161	NaN	NaN
sctc_E2R2_10m_I5_CTT1	STL1_TMR	STL1_E2R2_10min	102	NaN	NaN	318	NaN	NaN
sctc_E2R2_15m_I1_STL1	CTT1_CY5	CTT1_E2R2_15min	81	NaN	NaN	237	NaN	NaN
sctc_E2R2_15m_I1_CTT1	STL1_TMR	STL1_E2R2_15min	101	NaN	NaN	404	NaN	NaN
sctc_E2R2_15m_I2_STL1	CTT1_CY5	CTT1_E2R2_15min	70	NaN	NaN	214	NaN	NaN
sctc_E2R2_15m_I2_CTT1	STL1_TMR	STL1_E2R2_15min	111	NaN	NaN	71	NaN	NaN
sctc_E2R2_15m_I3_STL1	CTT1_CY5	CTT1_E2R2_15min	71	NaN	NaN	189	NaN	NaN
sctc_E2R2_15m_I3_CTT1	STL1_TMR	STL1_E2R2_15min	97	NaN	NaN	80	NaN	NaN
sctc_E2R2_15m_I4_STL1	CTT1_CY5	CTT1_E2R2_15min	69	NaN	NaN	219	NaN	NaN
sctc_E2R2_15m_I4_CTT1	STL1_TMR	STL1_E2R2_15min	102	NaN	NaN	71	NaN	NaN
sctc_E2R2_1m_I1_STL1	CTT1_CY5	CTT1_E2R2_01min	73	NaN	NaN	121	NaN	NaN
sctc_E2R2_1m_I1_CTT1	STL1_TMR	STL1_E2R2_01min	146	NaN	NaN	363	NaN	NaN
sctc_E2R2_1m_I2_STL1	CTT1_CY5	CTT1_E2R2_01min	70	NaN	NaN	98	NaN	NaN
sctc_E2R2_1m_I2_CTT1	STL1_TMR	STL1_E2R2_01min	136	NaN	NaN	124	NaN	NaN
sctc_E2R2_1m_I3_STL1	CTT1_CY5	CTT1_E2R2_01min	71	NaN	NaN	117	NaN	NaN
sctc_E2R2_1m_I3_CTT1	STL1_TMR	STL1_E2R2_01min	132	NaN	NaN	512	NaN	NaN
sctc_E2R2_1m_I4_STL1	CTT1_CY5	CTT1_E2R2_01min	63	NaN	NaN	132	NaN	NaN
sctc_E2R2_1m_I4_CTT1	STL1_TMR	STL1_E2R2_01min	118	NaN	NaN	227	NaN	NaN
sctc_E2R2_1m_I5_STL1	CTT1_CY5	CTT1_E2R2_01min	68	NaN	NaN	113	NaN	NaN
sctc_E2R2_1m_I5_CTT1	STL1_TMR	STL1_E2R2_01min	126	NaN	NaN	90	NaN	NaN
sctc_E2R2_20m_I1_STL1	CTT1_CY5	CTT1_E2R2_20min	107	NaN	NaN	777	NaN	NaN
sctc_E2R2_20m_I1_CTT1	STL1_TMR	STL1_E2R2_20min	134	NaN	NaN	836	NaN	NaN
sctc_E2R2_20m_I2_STL1	CTT1_CY5	CTT1_E2R2_20min	94	NaN	NaN	307	NaN	NaN
sctc_E2R2_20m_I2_CTT1	STL1_TMR	STL1_E2R2_20min	118	NaN	NaN	135	NaN	NaN
sctc_E2R2_20m_I3_STL1	CTT1_CY5	CTT1_E2R2_20min	82	NaN	NaN	390	NaN	NaN
sctc_E2R2_20m_I3_CTT1	STL1_TMR	STL1_E2R2_20min	119	NaN	NaN	609	NaN	NaN
sctc_E2R2_20m_I4_STL1	CTT1_CY5	CTT1_E2R2_20min	71	NaN	NaN	268	NaN	NaN
sctc_E2R2_20m_I4_CTT1	STL1_TMR	STL1_E2R2_20min	122	NaN	NaN	24	NaN	NaN
sctc_E2R2_25m_I1_STL1	CTT1_CY5	CTT1_E2R2_25min	81	NaN	NaN	200	NaN	NaN
sctc_E2R2_25m_I1_CTT1	STL1_TMR	STL1_E2R2_25min	102	NaN	NaN	85	NaN	NaN
sctc_E2R2_25m_I2_STL1	CTT1_CY5	CTT1_E2R2_25min	70	NaN	NaN	164	NaN	NaN
sctc_E2R2_25m_I2_CTT1	STL1_TMR	STL1_E2R2_25min	86	NaN	NaN	85	NaN	NaN
sctc_E2R2_25m_I3_STL1	CTT1_CY5	CTT1_E2R2_25min	76	NaN	NaN	241	NaN	NaN
sctc_E2R2_25m_I3_CTT1	STL1_TMR	STL1_E2R2_25min	88	NaN	NaN	268	NaN	NaN
sctc_E2R2_25m_I4_STL1	CTT1_CY5	CTT1_E2R2_25min	82	NaN	NaN	207	NaN	NaN
sctc_E2R2_25m_I4_CTT1	STL1_TMR	STL1_E2R2_25min	97	NaN	NaN	50	NaN	NaN
sctc_E2R2_2m_I1_STL1	CTT1_CY5	CTT1_E2R2_02min	56	NaN	NaN	115	NaN	NaN
sctc_E2R2_2m_I1_CTT1	STL1_TMR	STL1_E2R2_02min	92	NaN	NaN	335	NaN	NaN
sctc_E2R2_2m_I2_STL1	CTT1_CY5	CTT1_E2R2_02min	63	NaN	NaN	87	NaN	NaN
sctc_E2R2_2m_I2_CTT1	STL1_TMR	STL1_E2R2_02min	98	NaN	NaN	73	NaN	NaN
sctc_E2R2_2m_I3_STL1	CTT1_CY5	CTT1_E2R2_02min	60	NaN	NaN	113	NaN	NaN
sctc_E2R2_2m_I3_CTT1	STL1_TMR	STL1_E2R2_02min	103	NaN	NaN	333	NaN	NaN
sctc_E2R2_2m_I4_STL1	CTT1_CY5	CTT1_E2R2_02min	83	NaN	NaN	96	NaN	NaN
sctc_E2R2_2m_I4_CTT1	STL1_TMR	STL1_E2R2_02min	106	NaN	NaN	76	NaN	NaN
sctc_E2R2_30m_I1_STL1	CTT1_CY5	CTT1_E2R2_30min	87	NaN	NaN	246	NaN	NaN
sctc_E2R2_30m_I1_CTT1	STL1_TMR	STL1_E2R2_30min	117	NaN	NaN	224	NaN	NaN
sctc_E2R2_30m_I2_STL1	CTT1_CY5	CTT1_E2R2_30min	87	NaN	NaN	253	NaN	NaN
sctc_E2R2_30m_I2_CTT1	STL1_TMR	STL1_E2R2_30min	118	NaN	NaN	71	NaN	NaN
sctc_E2R2_30m_I3_STL1	CTT1_CY5	CTT1_E2R2_30min	96	NaN	NaN	293	NaN	NaN
sctc_E2R2_30m_I3_CTT1	STL1_TMR	STL1_E2R2_30min	125	NaN	NaN	62	NaN	NaN
sctc_E2R2_30m_I4_STL1	CTT1_CY5	CTT1_E2R2_30min	86	NaN	NaN	260	NaN	NaN
sctc_E2R2_30m_I4_CTT1	STL1_TMR	STL1_E2R2_30min	113	NaN	NaN	118	NaN	NaN
sctc_E2R2_35m_I1_STL1	CTT1_CY5	CTT1_E2R2_35min	73	NaN	NaN	207	NaN	NaN
sctc_E2R2_35m_I1_CTT1	STL1_TMR	STL1_E2R2_35min	106	NaN	NaN	343	NaN	NaN
sctc_E2R2_35m_I2_STL1	CTT1_CY5	CTT1_E2R2_35min	83	NaN	NaN	312	NaN	NaN
sctc_E2R2_35m_I2_CTT1	STL1_TMR	STL1_E2R2_35min	112	NaN	NaN	126	NaN	NaN
sctc_E2R2_35m_I3_STL1	CTT1_CY5	CTT1_E2R2_35min	87	NaN	NaN	297	NaN	NaN
sctc_E2R2_35m_I3_CTT1	STL1_TMR	STL1_E2R2_35min	103	NaN	NaN	116	NaN	NaN
sctc_E2R2_35m_I4_STL1	CTT1_CY5	CTT1_E2R2_35min	82	NaN	NaN	319	NaN	NaN
sctc_E2R2_35m_I4_CTT1	STL1_TMR	STL1_E2R2_35min	113	NaN	NaN	131	NaN	NaN
sctc_E2R2_40m_I1_STL1	CTT1_CY5	CTT1_E2R2_40min	87	NaN	NaN	200	NaN	NaN
sctc_E2R2_40m_I1_CTT1	STL1_TMR	STL1_E2R2_40min	123	NaN	NaN	456	NaN	NaN
sctc_E2R2_40m_I2_STL1	CTT1_CY5	CTT1_E2R2_40min	91	NaN	NaN	199	NaN	NaN
sctc_E2R2_40m_I2_CTT1	STL1_TMR	STL1_E2R2_40min	107	NaN	NaN	91	NaN	NaN
sctc_E2R2_40m_I3_STL1	CTT1_CY5	CTT1_E2R2_40min	79	NaN	NaN	130	NaN	NaN
sctc_E2R2_40m_I3_CTT1	STL1_TMR	STL1_E2R2_40min	126	NaN	NaN	116	NaN	NaN
sctc_E2R2_40m_I4_STL1	CTT1_CY5	CTT1_E2R2_40min	81	NaN	NaN	206	NaN	NaN
sctc_E2R2_40m_I4_CTT1	STL1_TMR	STL1_E2R2_40min	121	NaN	NaN	153	NaN	NaN
sctc_E2R2_45m_I1_STL1	CTT1_CY5	CTT1_E2R2_45min	62	NaN	NaN	209	NaN	NaN
sctc_E2R2_45m_I1_CTT1	STL1_TMR	STL1_E2R2_45min	101	NaN	NaN	97	NaN	NaN
sctc_E2R2_45m_I2_STL1	CTT1_CY5	CTT1_E2R2_45min	72	NaN	NaN	181	NaN	NaN
sctc_E2R2_45m_I2_CTT1	STL1_TMR	STL1_E2R2_45min	108	NaN	NaN	86	NaN	NaN
sctc_E2R2_45m_I3_STL1	CTT1_CY5	CTT1_E2R2_45min	67	NaN	NaN	194	NaN	NaN
sctc_E2R2_45m_I3_CTT1	STL1_TMR	STL1_E2R2_45min	103	NaN	NaN	103	NaN	NaN
sctc_E2R2_45m_I4_STL1	CTT1_CY5	CTT1_E2R2_45min	54	NaN	NaN	147	NaN	NaN
sctc_E2R2_45m_I4_CTT1	STL1_TMR	STL1_E2R2_45min	83	NaN	NaN	100	NaN	NaN
sctc_E2R2_4m_I1_STL1	CTT1_CY5	CTT1_E2R2_04min	49	NaN	NaN	140	NaN	NaN
sctc_E2R2_4m_I1_CTT1	STL1_TMR	STL1_E2R2_04min	86	NaN	NaN	367	NaN	NaN
sctc_E2R2_4m_I2_STL1	CTT1_CY5	CTT1_E2R2_04min	50	NaN	NaN	110	NaN	NaN
sctc_E2R2_4m_I2_CTT1	STL1_TMR	STL1_E2R2_04min	86	NaN	NaN	70	NaN	NaN
sctc_E2R2_4m_I3_STL1	CTT1_CY5	CTT1_E2R2_04min	58	NaN	NaN	95	NaN	NaN
sctc_E2R2_4m_I3_CTT1	STL1_TMR	STL1_E2R2_04min	94	NaN	NaN	73	NaN	NaN
sctc_E2R2_4m_I4_STL1	CTT1_CY5	CTT1_E2R2_04min	48	NaN	NaN	95	NaN	NaN
sctc_E2R2_4m_I4_CTT1	STL1_TMR	STL1_E2R2_04min	84	NaN	NaN	299	NaN	NaN
sctc_E2R2_50m_I1_STL1	CTT1_CY5	CTT1_E2R2_50min	60	NaN	NaN	152	NaN	NaN
sctc_E2R2_50m_I1_CTT1	STL1_TMR	STL1_E2R2_50min	110	NaN	NaN	283	NaN	NaN
sctc_E2R2_50m_I2_STL1	CTT1_CY5	CTT1_E2R2_50min	65	NaN	NaN	150	NaN	NaN
sctc_E2R2_50m_I2_CTT1	STL1_TMR	STL1_E2R2_50min	111	NaN	NaN	118	NaN	NaN
sctc_E2R2_50m_I3_STL1	CTT1_CY5	CTT1_E2R2_50min	64	NaN	NaN	142	NaN	NaN
sctc_E2R2_50m_I3_CTT1	STL1_TMR	STL1_E2R2_50min	119	NaN	NaN	101	NaN	NaN
sctc_E2R2_50m_I4_STL1	CTT1_CY5	CTT1_E2R2_50min	71	NaN	NaN	125	NaN	NaN
sctc_E2R2_50m_I4_CTT1	STL1_TMR	STL1_E2R2_50min	115	NaN	NaN	103	NaN	NaN
sctc_E2R2_50m_I5_STL1	CTT1_CY5	CTT1_E2R2_50min	84	NaN	NaN	160	NaN	NaN
sctc_E2R2_50m_I5_CTT1	STL1_TMR	STL1_E2R2_50min	120	NaN	NaN	112	NaN	NaN
sctc_E2R2_55m_I1_STL1	CTT1_CY5	CTT1_E2R2_55min	65	NaN	NaN	111	NaN	NaN
sctc_E2R2_55m_I1_CTT1	STL1_TMR	STL1_E2R2_55min	116	NaN	NaN	156	NaN	NaN
sctc_E2R2_55m_I2_STL1	CTT1_CY5	CTT1_E2R2_55min	56	NaN	NaN	131	NaN	NaN
sctc_E2R2_55m_I2_CTT1	STL1_TMR	STL1_E2R2_55min	120	NaN	NaN	82	NaN	NaN
sctc_E2R2_55m_I3_STL1	CTT1_CY5	CTT1_E2R2_55min	79	NaN	NaN	138	NaN	NaN
sctc_E2R2_55m_I3_CTT1	STL1_TMR	STL1_E2R2_55min	121	NaN	NaN	94	NaN	NaN
sctc_E2R2_55m_I4_STL1	CTT1_CY5	CTT1_E2R2_55min	58	NaN	NaN	120	NaN	NaN
sctc_E2R2_55m_I4_CTT1	STL1_TMR	STL1_E2R2_55min	114	NaN	NaN	74	NaN	NaN
sctc_E2R2_60m_I1_STL1	CTT1_CY5	CTT1_E2R2_60min	64	NaN	NaN	147	NaN	NaN
sctc_E2R2_60m_I1_CTT1	STL1_TMR	STL1_E2R2_60min	104	NaN	NaN	316	NaN	NaN
sctc_E2R2_60m_I2_STL1	CTT1_CY5	CTT1_E2R2_60min	65	NaN	NaN	160	NaN	NaN
sctc_E2R2_60m_I2_CTT1	STL1_TMR	STL1_E2R2_60min	119	NaN	NaN	62	NaN	NaN
sctc_E2R2_60m_I3_STL1	CTT1_CY5	CTT1_E2R2_60min	76	NaN	NaN	156	NaN	NaN
sctc_E2R2_60m_I3_CTT1	STL1_TMR	STL1_E2R2_60min	120	NaN	NaN	58	NaN	NaN
sctc_E2R2_60m_I4_STL1	CTT1_CY5	CTT1_E2R2_60min	61	NaN	NaN	165	NaN	NaN
sctc_E2R2_60m_I4_CTT1	STL1_TMR	STL1_E2R2_60min	113	NaN	NaN	374	NaN	NaN
sctc_E2R2_6m_I1_STL1	CTT1_CY5	CTT1_E2R2_06min	64	NaN	NaN	169	NaN	NaN
sctc_E2R2_6m_I1_CTT1	STL1_TMR	STL1_E2R2_06min	126	NaN	NaN	373	NaN	NaN
sctc_E2R2_6m_I2_STL1	CTT1_CY5	CTT1_E2R2_06min	60	NaN	NaN	134	NaN	NaN
sctc_E2R2_6m_I2_CTT1	STL1_TMR	STL1_E2R2_06min	118	NaN	NaN	335	NaN	NaN
sctc_E2R2_6m_I3_STL1	CTT1_CY5	CTT1_E2R2_06min	63	NaN	NaN	153	NaN	NaN
sctc_E2R2_6m_I3_CTT1	STL1_TMR	STL1_E2R2_06min	131	NaN	NaN	149	NaN	NaN
sctc_E2R2_6m_I4_STL1	CTT1_CY5	CTT1_E2R2_06min	63	NaN	NaN	137	NaN	NaN
sctc_E2R2_6m_I4_CTT1	STL1_TMR	STL1_E2R2_06min	124	NaN	NaN	399	NaN	NaN
sctc_E2R2_8m_I1_STL1	CTT1_CY5	CTT1_E2R2_08min	58	NaN	NaN	148	NaN	NaN
sctc_E2R2_8m_I1_CTT1	STL1_TMR	STL1_E2R2_08min	100	NaN	NaN	333	NaN	NaN
sctc_E2R2_8m_I2_STL1	CTT1_CY5	CTT1_E2R2_08min	53	NaN	NaN	167	NaN	NaN
sctc_E2R2_8m_I2_CTT1	STL1_TMR	STL1_E2R2_08min	105	NaN	NaN	132	NaN	NaN
sctc_E2R2_8m_I3_STL1	CTT1_CY5	CTT1_E2R2_08min	58	NaN	NaN	185	NaN	NaN
sctc_E2R2_8m_I3_CTT1	STL1_TMR	STL1_E2R2_08min	113	NaN	NaN	130	NaN	NaN
sctc_E2R2_8m_I4_STL1	CTT1_CY5	CTT1_E2R2_08min	75	NaN	NaN	128	NaN	NaN
sctc_E2R2_8m_I4_CTT1	STL1_TMR	STL1_E2R2_08min	96	NaN	NaN	173	NaN	NaN
sctc_E2R3_0m_I1_STL1	CTT1_CY5	CTT1_E2R3_00min	34	NaN	NaN	57	NaN	NaN
sctc_E2R3_0m_I1_CTT1	STL1_TMR	STL1_E2R3_00min	55	NaN	NaN	129	NaN	NaN
sctc_E2R3_0m_I2_STL1	CTT1_CY5	CTT1_E2R3_00min	46	NaN	NaN	129	NaN	NaN
sctc_E2R3_0m_I2_CTT1	STL1_TMR	STL1_E2R3_00min	59	NaN	NaN	59	NaN	NaN
sctc_E2R3_0m_I3_STL1	CTT1_CY5	CTT1_E2R3_00min	32	NaN	NaN	68	NaN	NaN
sctc_E2R3_0m_I3_CTT1	STL1_TMR	STL1_E2R3_00min	69	NaN	NaN	69	NaN	NaN
sctc_E2R3_0m_I4_STL1	CTT1_CY5	CTT1_E2R3_00min	39	NaN	NaN	57	NaN	NaN
sctc_E2R3_0m_I4_CTT1	STL1_TMR	STL1_E2R3_00min	67	NaN	NaN	141	NaN	NaN
sctc_E2R3_0m_I5_STL1	CTT1_CY5	CTT1_E2R3_00min	36	NaN	NaN	130	NaN	NaN
sctc_E2R3_0m_I5_CTT1	STL1_TMR	STL1_E2R3_00min	62	NaN	NaN	145	NaN	NaN
sctc_E2R3_10m_I1_STL1	CTT1_CY5	CTT1_E2R3_10min	62	NaN	NaN	132	NaN	NaN
sctc_E2R3_10m_I1_CTT1	STL1_TMR	STL1_E2R3_10min	103	NaN	NaN	490	NaN	NaN
sctc_E2R3_10m_I2_STL1	CTT1_CY5	CTT1_E2R3_10min	64	NaN	NaN	115	NaN	NaN
sctc_E2R3_10m_I2_CTT1	STL1_TMR	STL1_E2R3_10min	88	NaN	NaN	94	NaN	NaN
sctc_E2R3_10m_I3_STL1	CTT1_CY5	CTT1_E2R3_10min	84	NaN	NaN	116	NaN	NaN
sctc_E2R3_10m_I3_CTT1	STL1_TMR	STL1_E2R3_10min	92	NaN	NaN	566	NaN	NaN
sctc_E2R3_10m_I4_STL1	CTT1_CY5	CTT1_E2R3_10min	66	NaN	NaN	109	NaN	NaN
sctc_E2R3_10m_I4_CTT1	STL1_TMR	STL1_E2R3_10min	95	NaN	NaN	573	NaN	NaN
sctc_E2R3_10m_I5_STL1	CTT1_CY5	CTT1_E2R3_10min	55	NaN	NaN	116	NaN	NaN
sctc_E2R3_10m_I5_CTT1	STL1_TMR	STL1_E2R3_10min	76	NaN	NaN	527	NaN	NaN
sctc_E2R3_15m_I1_STL1	CTT1_CY5	CTT1_E2R3_15min	61	NaN	NaN	134	NaN	NaN
sctc_E2R3_15m_I1_CTT1	STL1_TMR	STL1_E2R3_15min	73	NaN	NaN	694	NaN	NaN
sctc_E2R3_15m_I2_STL1	CTT1_CY5	CTT1_E2R3_15min	62	NaN	NaN	161	NaN	NaN
sctc_E2R3_15m_I2_CTT1	STL1_TMR	STL1_E2R3_15min	89	NaN	NaN	480	NaN	NaN
sctc_E2R3_15m_I3_STL1	CTT1_CY5	CTT1_E2R3_15min	72	NaN	NaN	108	NaN	NaN
sctc_E2R3_15m_I3_CTT1	STL1_TMR	STL1_E2R3_15min	79	NaN	NaN	180	NaN	NaN
sctc_E2R3_15m_I4_STL1	CTT1_CY5	CTT1_E2R3_15min	61	NaN	NaN	122	NaN	NaN
sctc_E2R3_15m_I4_CTT1	STL1_TMR	STL1_E2R3_15min	87	NaN	NaN	142	NaN	NaN
sctc_E2R3_15m_I5_STL1	CTT1_CY5	CTT1_E2R3_15min	54	NaN	NaN	166	NaN	NaN
sctc_E2R3_15m_I5_CTT1	STL1_TMR	STL1_E2R3_15min	76	NaN	NaN	160	NaN	NaN
sctc_E2R3_20m_I1_STL1	CTT1_CY5	CTT1_E2R3_20min	62	NaN	NaN	148	NaN	NaN
sctc_E2R3_20m_I1_CTT1	STL1_TMR	STL1_E2R3_20min	95	NaN	NaN	796	NaN	NaN
sctc_E2R3_20m_I2_STL1	CTT1_CY5	CTT1_E2R3_20min	92	NaN	NaN	180	NaN	NaN
sctc_E2R3_20m_I2_CTT1	STL1_TMR	STL1_E2R3_20min	90	NaN	NaN	751	NaN	NaN
sctc_E2R3_20m_I3_STL1	CTT1_CY5	CTT1_E2R3_20min	65	NaN	NaN	204	NaN	NaN
sctc_E2R3_20m_I3_CTT1	STL1_TMR	STL1_E2R3_20min	88	NaN	NaN	713	NaN	NaN
sctc_E2R3_20m_I4_STL1	CTT1_CY5	CTT1_E2R3_20min	76	NaN	NaN	155	NaN	NaN
sctc_E2R3_20m_I4_CTT1	STL1_TMR	STL1_E2R3_20min	77	NaN	NaN	721	NaN	NaN
sctc_E2R3_20m_I5_STL1	CTT1_CY5	CTT1_E2R3_20min	75	NaN	NaN	182	NaN	NaN
sctc_E2R3_20m_I5_CTT1	STL1_TMR	STL1_E2R3_20min	88	NaN	NaN	612	NaN	NaN
sctc_E2R3_25m_I1_STL1	CTT1_CY5	CTT1_E2R3_25min	87	NaN	NaN	106	NaN	NaN
sctc_E2R3_25m_I1_CTT1	STL1_TMR	STL1_E2R3_25min	76	NaN	NaN	115	NaN	NaN
sctc_E2R3_25m_I2_STL1	CTT1_CY5	CTT1_E2R3_25min	63	NaN	NaN	117	NaN	NaN
sctc_E2R3_25m_I2_CTT1	STL1_TMR	STL1_E2R3_25min	86	NaN	NaN	146	NaN	NaN
sctc_E2R3_25m_I3_STL1	CTT1_CY5	CTT1_E2R3_25min	99	NaN	NaN	180	NaN	NaN
sctc_E2R3_25m_I3_CTT1	STL1_TMR	STL1_E2R3_25min	88	NaN	NaN	790	NaN	NaN
sctc_E2R3_25m_I4_STL1	CTT1_CY5	CTT1_E2R3_25min	92	NaN	NaN	199	NaN	NaN
sctc_E2R3_25m_I4_CTT1	STL1_TMR	STL1_E2R3_25min	78	NaN	NaN	159	NaN	NaN
sctc_E2R3_25m_I5_STL1	CTT1_CY5	CTT1_E2R3_25min	70	NaN	NaN	211	NaN	NaN
sctc_E2R3_25m_I5_CTT1	STL1_TMR	STL1_E2R3_25min	86	NaN	NaN	595	NaN	NaN
sctc_E2R3_2m_I1_STL1	CTT1_CY5	CTT1_E2R3_02min	40	NaN	NaN	88	NaN	NaN
sctc_E2R3_2m_I1_CTT1	STL1_TMR	STL1_E2R3_02min	66	NaN	NaN	68	NaN	NaN
sctc_E2R3_2m_I2_STL1	CTT1_CY5	CTT1_E2R3_02min	56	NaN	NaN	195	NaN	NaN
sctc_E2R3_2m_I2_CTT1	STL1_TMR	STL1_E2R3_02min	105	NaN	NaN	317	NaN	NaN
sctc_E2R3_2m_I3_STL1	CTT1_CY5	CTT1_E2R3_02min	39	NaN	NaN	113	NaN	NaN
sctc_E2R3_2m_I3_CTT1	STL1_TMR	STL1_E2R3_02min	75	NaN	NaN	68	NaN	NaN
sctc_E2R3_2m_I4_STL1	CTT1_CY5	CTT1_E2R3_02min	39	NaN	NaN	154	NaN	NaN
sctc_E2R3_2m_I4_CTT1	STL1_TMR	STL1_E2R3_02min	72	NaN	NaN	40	NaN	NaN
sctc_E2R3_30m_I1_STL1	CTT1_CY5	CTT1_E2R3_30min	83	NaN	NaN	129	NaN	NaN
sctc_E2R3_30m_I1_CTT1	STL1_TMR	STL1_E2R3_30min	69	NaN	NaN	108	NaN	NaN
sctc_E2R3_30m_I2_STL1	CTT1_CY5	CTT1_E2R3_30min	60	NaN	NaN	129	NaN	NaN
sctc_E2R3_30m_I2_CTT1	STL1_TMR	STL1_E2R3_30min	85	NaN	NaN	174	NaN	NaN
sctc_E2R3_30m_I3_STL1	CTT1_CY5	CTT1_E2R3_30min	64	NaN	NaN	142	NaN	NaN
sctc_E2R3_30m_I3_CTT1	STL1_TMR	STL1_E2R3_30min	80	NaN	NaN	177	NaN	NaN
sctc_E2R3_30m_I4_STL1	CTT1_CY5	CTT1_E2R3_30min	66	NaN	NaN	168	NaN	NaN
sctc_E2R3_30m_I4_CTT1	STL1_TMR	STL1_E2R3_30min	77	NaN	NaN	216	NaN	NaN
sctc_E2R3_30m_I5_STL1	CTT1_CY5	CTT1_E2R3_30min	65	NaN	NaN	150	NaN	NaN
sctc_E2R3_30m_I5_CTT1	STL1_TMR	STL1_E2R3_30min	85	NaN	NaN	140	NaN	NaN
sctc_E2R3_35m_I1_STL1	CTT1_CY5	CTT1_E2R3_35min	66	NaN	NaN	117	NaN	NaN
sctc_E2R3_35m_I1_CTT1	STL1_TMR	STL1_E2R3_35min	79	NaN	NaN	152	NaN	NaN
sctc_E2R3_35m_I2_STL1	CTT1_CY5	CTT1_E2R3_35min	52	NaN	NaN	124	NaN	NaN
sctc_E2R3_35m_I2_CTT1	STL1_TMR	STL1_E2R3_35min	65	NaN	NaN	142	NaN	NaN
sctc_E2R3_35m_I3_STL1	CTT1_CY5	CTT1_E2R3_35min	81	NaN	NaN	103	NaN	NaN
sctc_E2R3_35m_I3_CTT1	STL1_TMR	STL1_E2R3_35min	77	NaN	NaN	141	NaN	NaN
sctc_E2R3_35m_I4_STL1	CTT1_CY5	CTT1_E2R3_35min	52	NaN	NaN	120	NaN	NaN
sctc_E2R3_35m_I4_CTT1	STL1_TMR	STL1_E2R3_35min	72	NaN	NaN	156	NaN	NaN
sctc_E2R3_35m_I5_STL1	CTT1_CY5	CTT1_E2R3_35min	52	NaN	NaN	126	NaN	NaN
sctc_E2R3_35m_I5_CTT1	STL1_TMR	STL1_E2R3_35min	89	NaN	NaN	171	NaN	NaN
sctc_E2R3_40m_I1_STL1	CTT1_CY5	CTT1_E2R3_40min	63	NaN	NaN	131	NaN	NaN
sctc_E2R3_40m_I1_CTT1	STL1_TMR	STL1_E2R3_40min	86	NaN	NaN	189	NaN	NaN
sctc_E2R3_40m_I2_STL1	CTT1_CY5	CTT1_E2R3_40min	58	NaN	NaN	131	NaN	NaN
sctc_E2R3_40m_I2_CTT1	STL1_TMR	STL1_E2R3_40min	77	NaN	NaN	182	NaN	NaN
sctc_E2R3_40m_I4_STL1	CTT1_CY5	CTT1_E2R3_40min	51	NaN	NaN	120	NaN	NaN
sctc_E2R3_40m_I4_CTT1	STL1_TMR	STL1_E2R3_40min	73	NaN	NaN	160	NaN	NaN
sctc_E2R3_45m_I1_STL1	CTT1_CY5	CTT1_E2R3_45min	51	NaN	NaN	86	NaN	NaN
sctc_E2R3_45m_I1_CTT1	STL1_TMR	STL1_E2R3_45min	74	NaN	NaN	180	NaN	NaN
sctc_E2R3_45m_I2_STL1	CTT1_CY5	CTT1_E2R3_45min	52	NaN	NaN	113	NaN	NaN
sctc_E2R3_45m_I2_CTT1	STL1_TMR	STL1_E2R3_45min	82	NaN	NaN	191	NaN	NaN
sctc_E2R3_45m_I3_STL1	CTT1_CY5	CTT1_E2R3_45min	46	NaN	NaN	90	NaN	NaN
sctc_E2R3_45m_I3_CTT1	STL1_TMR	STL1_E2R3_45min	83	NaN	NaN	196	NaN	NaN
sctc_E2R3_45m_I4_STL1	CTT1_CY5	CTT1_E2R3_45min	54	NaN	NaN	102	NaN	NaN
sctc_E2R3_45m_I4_CTT1	STL1_TMR	STL1_E2R3_45min	83	NaN	NaN	205	NaN	NaN
sctc_E2R3_4m_I1_STL1	CTT1_CY5	CTT1_E2R3_04min	41	NaN	NaN	104	NaN	NaN
sctc_E2R3_4m_I1_CTT1	STL1_TMR	STL1_E2R3_04min	86	NaN	NaN	213	NaN	NaN
sctc_E2R3_4m_I2_STL1	CTT1_CY5	CTT1_E2R3_04min	45	NaN	NaN	105	NaN	NaN
sctc_E2R3_4m_I2_CTT1	STL1_TMR	STL1_E2R3_04min	93	NaN	NaN	293	NaN	NaN
sctc_E2R3_4m_I3_STL1	CTT1_CY5	CTT1_E2R3_04min	37	NaN	NaN	108	NaN	NaN
sctc_E2R3_4m_I3_CTT1	STL1_TMR	STL1_E2R3_04min	71	NaN	NaN	268	NaN	NaN
sctc_E2R3_4m_I4_STL1	CTT1_CY5	CTT1_E2R3_04min	48	NaN	NaN	108	NaN	NaN
sctc_E2R3_4m_I4_CTT1	STL1_TMR	STL1_E2R3_04min	85	NaN	NaN	197	NaN	NaN
sctc_E2R3_50m_I1_STL1	CTT1_CY5	CTT1_E2R3_50min	53	NaN	NaN	105	NaN	NaN
sctc_E2R3_50m_I1_CTT1	STL1_TMR	STL1_E2R3_50min	89	NaN	NaN	229	NaN	NaN
sctc_E2R3_50m_I2_STL1	CTT1_CY5	CTT1_E2R3_50min	63	NaN	NaN	141	NaN	NaN
sctc_E2R3_50m_I2_CTT1	STL1_TMR	STL1_E2R3_50min	72	NaN	NaN	183	NaN	NaN
sctc_E2R3_50m_I3_STL1	CTT1_CY5	CTT1_E2R3_50min	42	NaN	NaN	80	NaN	NaN
sctc_E2R3_50m_I3_CTT1	STL1_TMR	STL1_E2R3_50min	66	NaN	NaN	168	NaN	NaN
sctc_E2R3_50m_I4_STL1	CTT1_CY5	CTT1_E2R3_50min	44	NaN	NaN	141	NaN	NaN
sctc_E2R3_50m_I4_CTT1	STL1_TMR	STL1_E2R3_50min	92	NaN	NaN	172	NaN	NaN
sctc_E2R3_55m_I1_STL1	CTT1_CY5	CTT1_E2R3_55min	54	NaN	NaN	115	NaN	NaN
sctc_E2R3_55m_I1_CTT1	STL1_TMR	STL1_E2R3_55min	86	NaN	NaN	286	NaN	NaN
sctc_E2R3_55m_I2_STL1	CTT1_CY5	CTT1_E2R3_55min	52	NaN	NaN	121	NaN	NaN
sctc_E2R3_55m_I2_CTT1	STL1_TMR	STL1_E2R3_55min	88	NaN	NaN	279	NaN	NaN
sctc_E2R3_55m_I3_STL1	CTT1_CY5	CTT1_E2R3_55min	55	NaN	NaN	147	NaN	NaN
sctc_E2R3_55m_I3_CTT1	STL1_TMR	STL1_E2R3_55min	81	NaN	NaN	300	NaN	NaN
sctc_E2R3_55m_I4_STL1	CTT1_CY5	CTT1_E2R3_55min	53	NaN	NaN	136	NaN	NaN
sctc_E2R3_55m_I4_CTT1	STL1_TMR	STL1_E2R3_55min	81	NaN	NaN	159	NaN	NaN
sctc_E2R3_6m_I1_STL1	CTT1_CY5	CTT1_E2R3_06min	64	NaN	NaN	124	NaN	NaN
sctc_E2R3_6m_I1_CTT1	STL1_TMR	STL1_E2R3_06min	74	NaN	NaN	170	NaN	NaN
sctc_E2R3_6m_I2_STL1	CTT1_CY5	CTT1_E2R3_06min	55	NaN	NaN	125	NaN	NaN
sctc_E2R3_6m_I2_CTT1	STL1_TMR	STL1_E2R3_06min	78	NaN	NaN	190	NaN	NaN
sctc_E2R3_6m_I3_STL1	CTT1_CY5	CTT1_E2R3_06min	57	NaN	NaN	106	NaN	NaN
sctc_E2R3_6m_I3_CTT1	STL1_TMR	STL1_E2R3_06min	71	NaN	NaN	136	NaN	NaN
sctc_E2R3_6m_I4_STL1	CTT1_CY5	CTT1_E2R3_06min	73	NaN	NaN	113	NaN	NaN
sctc_E2R3_6m_I4_CTT1	STL1_TMR	STL1_E2R3_06min	68	NaN	NaN	154	NaN	NaN
sctc_E2R3_8m_I1_STL1	CTT1_CY5	CTT1_E2R3_08min	60	NaN	NaN	119	NaN	NaN
sctc_E2R3_8m_I1_CTT1	STL1_TMR	STL1_E2R3_08min	83	NaN	NaN	483	NaN	NaN
sctc_E2R3_8m_I2_STL1	CTT1_CY5	CTT1_E2R3_08min	54	NaN	NaN	105	NaN	NaN
sctc_E2R3_8m_I2_CTT1	STL1_TMR	STL1_E2R3_08min	69	NaN	NaN	117	NaN	NaN
sctc_E2R3_8m_I3_STL1	CTT1_CY5	CTT1_E2R3_08min	54	NaN	NaN	113	NaN	NaN
sctc_E2R3_8m_I3_CTT1	STL1_TMR	STL1_E2R3_08min	66	NaN	NaN	170	NaN	NaN
sctc_E2R3_8m_I4_STL1	CTT1_CY5	CTT1_E2R3_08min	64	NaN	NaN	103	NaN	NaN
sctc_E2R3_8m_I4_CTT1	STL1_TMR	STL1_E2R3_08min	70	NaN	NaN	154	NaN	NaN
sctc_E2R3_8m_I5_STL1	CTT1_CY5	CTT1_E2R3_08min	60	NaN	NaN	76	NaN	NaN
sctc_E2R3_8m_I5_CTT1	STL1_TMR	STL1_E2R3_08min	78	NaN	NaN	126	NaN	NaN
rsfish_celegans	Preibisch_celegans	Preibisch_celegans	221	6174	0.295376	145	1393	0.801948
rsfish_sim_bgs_30A	Preibisch_sim	Preibisch_sim	30	37	0.805970	942	85	0.521739
rsfish_sim_bgs_30B	Preibisch_sim	Preibisch_sim	30	36	0.848485	325	9021	0.006629
rsfish_sim_bgs_30C	Preibisch_sim	Preibisch_sim	32	39	0.840580	348	9113	0.006562
rsfish_sim_bgs_300A	Preibisch_sim	Preibisch_sim	28	399	0.809728	296	8508	0.066076
rsfish_sim_bgs_300B	Preibisch_sim	Preibisch_sim	26	408	0.793785	241	8607	0.064893
rsfish_sim_bgs_300C	Preibisch_sim	Preibisch_sim	25	389	0.789550	236	8646	0.065281
rsfish_sim_bgs_3000A	Preibisch_sim	Preibisch_sim	66	73	0.046209	104	6121	0.412893
rsfish_sim_bgs_3000B	Preibisch_sim	Preibisch_sim	52	316	0.182147	111	6156	0.428135
rsfish_sim_bgs_3000C	Preibisch_sim	Preibisch_sim	75	21	0.013903	107	6089	0.420948
rsfish_sim_bgl_30A	Preibisch_sim	Preibisch_sim	37	41	0.788732	548	86	0.517241
rsfish_sim_bgl_30B	Preibisch_sim	Preibisch_sim	37	46	0.736842	200	5795	0.009957
rsfish_sim_bgl_30C	Preibisch_sim	Preibisch_sim	33	51	0.666667	623	41	0.845070
rsfish_sim_bgl_300A	Preibisch_sim	Preibisch_sim	36	292	0.709459	478	317	0.907618
rsfish_sim_bgl_300B	Preibisch_sim	Preibisch_sim	33	314	0.716612	127	5410	0.095271
rsfish_sim_bgl_3000A	Preibisch_sim	Preibisch_sim	50	237	0.137782	52	3781	0.425601
rsfish_sim_bgl_3000B	Preibisch_sim	Preibisch_sim	61	63	0.041136	48	3888	0.416957
rsfish_sim_bgl_3000C	Preibisch_sim	Preibisch_sim	59	58	0.037933	289	1595	0.638955
rsfish_sim_snrs_1A	Preibisch_sim	Preibisch_sim	24	43	0.767123	647	93	0.471545
rsfish_sim_snrs_1B	Preibisch_sim	Preibisch_sim	23	37	0.865672	648	76	0.566038
rsfish_sim_snrs_1C	Preibisch_sim	Preibisch_sim	22	41	0.845070	685	51	0.740741
rsfish_sim_snrs_2A	Preibisch_sim	Preibisch_sim	33	37	0.895522	960	143	0.346821
rsfish_sim_snrs_2B	Preibisch_sim	Preibisch_sim	31	43	0.767123	337	9046	0.006611
rsfish_sim_snrs_2C	Preibisch_sim	Preibisch_sim	32	38	0.852941	328	9214	0.006491
rsfish_sim_snrs_4A	Preibisch_sim	Preibisch_sim	42	27	0.736842	558	7873	0.007592
rsfish_sim_snrs_4B	Preibisch_sim	Preibisch_sim	41	26	0.535714	534	8053	0.007423
rsfish_sim_snrs_4C	Preibisch_sim	Preibisch_sim	40	33	0.698413	589	7951	0.007518
rsfish_sim_snrl_1A	Preibisch_sim	Preibisch_sim	30	44	0.783784	434	69	0.606061
rsfish_sim_snrl_1B	Preibisch_sim	Preibisch_sim	27	48	0.743590	405	46	0.789474
rsfish_sim_snrl_1C	Preibisch_sim	Preibisch_sim	27	51	0.740741	114	6124	0.009750
rsfish_sim_snrl_2A	Preibisch_sim	Preibisch_sim	36	44	0.729730	582	108	0.420290
rsfish_sim_snrl_2B	Preibisch_sim	Preibisch_sim	35	47	0.727273	200	5693	0.010484
rsfish_sim_snrl_2C	Preibisch_sim	Preibisch_sim	38	45	0.746667	215	5590	0.010676
rsfish_sim_snri_30A	Preibisch_sim	Preibisch_sim	146	0	NaN	13306	29	0.983051
rsfish_sim_snri_30B	Preibisch_sim	Preibisch_sim	149	0	NaN	13150	29	0.983051
rsfish_sim_snri_30C	Preibisch_sim	Preibisch_sim	150	0	NaN	13473	29	0.983051
rsfish_sim_snri_300A	Preibisch_sim	Preibisch_sim	155	3	0.019802	7206	294	0.989899
rsfish_sim_snri_300B	Preibisch_sim	Preibisch_sim	156	6	0.039216	7672	292	0.986486
rsfish_sim_snri_300C	Preibisch_sim	Preibisch_sim	159	10	0.058065	9940	289	0.977929
rsfish_sim_snri_3000A	Preibisch_sim	Preibisch_sim	162	396	0.230860	4508	2010	0.800000
rsfish_sim_snri_3000B	Preibisch_sim	Preibisch_sim	147	523	0.291229	3993	2025	0.803582
rsfish_sim_snri_3000C	Preibisch_sim	Preibisch_sim	158	428	0.246208	4620	1991	0.794230
simvar_amplvar_var_pt2	SimVar	SimVar	53	240	0.965795	185	252	0.970530
simvar_amplvar_var_pt3	SimVar	SimVar	62	248	0.964981	210	261	0.975332
simvar_amplvar_var_pt4	SimVar	SimVar	43	221	0.962963	231	235	0.955603
simvar_amplvar_var_pt5	SimVar	SimVar	44	237	0.953722	159	250	0.964706
simvar_amplvar_var_pt6	SimVar	SimVar	43	227	0.949791	199	245	0.959677
simvar_amplvar_var_pt7	SimVar	SimVar	45	247	0.953668	158	261	0.966165
simvar_amplvar_var_pt8	SimVar	SimVar	41	227	0.959831	275	247	0.945233
simvar_bkgvar_var_pt05	SimVar	SimVar	46	220	0.971302	236	228	0.984816
simvar_bkgvar_var_pt10	SimVar	SimVar	49	229	0.952183	236	250	0.956175
simvar_bkgvar_var_pt15	SimVar	SimVar	70	204	0.942263	285	216	0.943820
simvar_bkgvar_var_pt20	SimVar	SimVar	79	220	0.938166	327	240	0.940695
simvar_bkgvar_var_pt25	SimVar	SimVar	98	224	0.947146	585	254	0.942346
simvar_bkgvar_var_pt30	SimVar	SimVar	108	245	0.966469	814	291	0.940325
simvar_bkgvar_var_pt35	SimVar	SimVar	114	223	0.946004	726	286	0.866920
simvar_cluster_var_10_31	SimVar	SimVar	43	175	0.777778	171	181	0.780702
simvar_cluster_var_12_38	SimVar	SimVar	47	157	0.701124	149	163	0.718404
simvar_cluster_var_14_45	SimVar	SimVar	41	152	0.777494	160	157	0.772727
simvar_cluster_var_2_3	SimVar	SimVar	40	232	0.970711	209	240	0.987654
simvar_cluster_var_4_10	SimVar	SimVar	41	219	0.906832	145	229	0.920892
simvar_cluster_var_6_17	SimVar	SimVar	43	162	0.773270	157	170	0.796253
simvar_cluster_var_8_24	SimVar	SimVar	53	213	0.874743	162	224	0.899598
simvar_expr_var_1024	SimVar	SimVar	44	996	0.961390	167	1065	0.969640
simvar_expr_var_16	SimVar	SimVar	28	9	0.416667	178	8	0.434783
simvar_expr_var_16384	SimVar	SimVar	NaN	NaN	NaN	96	10166	0.754763
simvar_expr_var_256	SimVar	SimVar	42	222	0.965217	265	230	0.978632
simvar_expr_var_4096	SimVar	SimVar	463	3061	0.855147	192	3658	0.927540
simvar_expr_var_64	SimVar	SimVar	40	75	0.914634	185	82	0.923977
simvar_intensity_var_100	SimVar	SimVar	51	7	0.053846	1129	21800	0.021584
simvar_intensity_var_200	SimVar	SimVar	42	191	0.847380	684	24997	0.018776
simvar_intensity_var_300	SimVar	SimVar	44	225	0.948936	613	26221	0.017985
simvar_intensity_var_400	SimVar	SimVar	39	243	0.956349	557	26048	0.019385
simvar_intensity_var_500	SimVar	SimVar	43	242	0.954455	795	309	0.870629
simvar_intensity_var_600	SimVar	SimVar	40	244	0.956863	245	26769	0.019012
simvar_intensity_var_700	SimVar	SimVar	40	232	0.983051	299	27115	0.017328
simvarmass_0033af15	SimVar1000	SimVar1000	73	1790	0.946310	NaN	NaN	NaN
simvarmass_00368c8d	SimVar1000	SimVar1000	83	2098	0.951474	178	23197	0.170136
simvarmass_007da2e3	SimVar1000	SimVar1000	89	3274	0.917978	499	3398	0.914136
simvarmass_00872053	SimVar1000	SimVar1000	95	1636	0.953075	472	1779	0.946279
simvarmass_00a827ab	SimVar1000	SimVar1000	76	1276	0.959038	174	1347	0.967057
simvarmass_014c429a	SimVar1000	SimVar1000	33	411	0.960280	107	430	0.980571
simvarmass_017294ed	SimVar1000	SimVar1000	103	3270	0.926615	501	3422	0.925386
simvarmass_017ff4a0	SimVar1000	SimVar1000	1440	293	0.138273	310	3630	0.939934
simvarmass_01dcaff7	SimVar1000	SimVar1000	112	723	0.951316	277	788	0.966562
simvarmass_024f78dd	SimVar1000	SimVar1000	136	3279	0.920051	182	20733	0.270400
simvarmass_02800722	SimVar1000	SimVar1000	1563	1383	0.479459	166	3868	0.930216
simvarmass_0290bbb2	SimVar1000	SimVar1000	84	3399	0.916194	146	20467	0.280880
simvarmass_02daa4b8	SimVar1000	SimVar1000	104	3340	0.852337	348	20719	0.300711
simvarmass_02ef6f18	SimVar1000	SimVar1000	86	3449	0.924047	91	20399	0.287681
simvarmass_031f1884	SimVar1000	SimVar1000	82	1238	0.966055	321	1322	0.970910
simvarmass_0324cc54	SimVar1000	SimVar1000	160	2233	0.699221	934	21788	0.268400
simvarmass_033cdb19	SimVar1000	SimVar1000	106	1172	0.961444	288	1221	0.967431
simvarmass_035ebae1	SimVar1000	SimVar1000	1417	846	0.551140	235	2107	0.965597
simvarmass_036b8dab	SimVar1000	SimVar1000	142	1232	0.958382	402	1341	0.950746
simvarmass_0394e7c4	SimVar1000	SimVar1000	133	2526	0.918289	411	2737	0.922187
simvarmass_03b61c22	SimVar1000	SimVar1000	527	2187	0.755571	239	3250	0.936369
simvarmass_0405f327	SimVar1000	SimVar1000	37	264	0.965265	371	289	0.961538
simvarmass_040e2043	SimVar1000	SimVar1000	117	2984	0.931024	641	3209	0.924770
simvarmass_04eac1fb	SimVar1000	SimVar1000	85	1596	0.935180	574	1753	0.924810
simvarmass_05f5a045	SimVar1000	SimVar1000	1765	718	0.252284	324	4235	0.899120
simvarmass_06033d3a	SimVar1000	SimVar1000	121	740	0.955398	917	849	0.927536
simvarmass_0603b709	SimVar1000	SimVar1000	67	3025	0.932182	454	3215	0.927523
simvarmass_0620182b	SimVar1000	SimVar1000	479	2268	0.889412	295	2573	0.939500
simvarmass_066432a7	SimVar1000	SimVar1000	119	824	0.965962	344	880	0.964773
simvarmass_06f60ed6	SimVar1000	SimVar1000	91	754	0.963578	232	25847	0.058894
simvarmass_06fc8010	SimVar1000	SimVar1000	37	952	0.956784	328	1020	0.961127
simvarmass_06fe9d6f	SimVar1000	SimVar1000	61	419	0.965438	389	457	0.966887
simvarmass_07899160	SimVar1000	SimVar1000	119	1607	0.954708	1042	2067	0.876834
simvarmass_0789a0f3	SimVar1000	SimVar1000	130	2238	0.932688	706	22976	0.181390
simvarmass_07b44a9c	SimVar1000	SimVar1000	109	1065	0.954301	323	1122	0.954128
simvarmass_07dccd64	SimVar1000	SimVar1000	110	3667	0.909181	123	19654	0.311283
simvarmass_07f0eb01	SimVar1000	SimVar1000	115	771	0.962547	95	803	0.977968
simvarmass_083b2a31	SimVar1000	SimVar1000	139	1021	0.945542	261	25439	0.076700
simvarmass_0873b7ba	SimVar1000	SimVar1000	64	953	0.967513	447	1027	0.972603
simvarmass_087a6c84	SimVar1000	SimVar1000	405	2391	0.784964	399	3271	0.916810
simvarmass_08f24a73	SimVar1000	SimVar1000	449	355	0.161290	424	3732	0.942795
simvarmass_090b7baf	SimVar1000	SimVar1000	83	956	0.963710	153	25758	0.073919
simvarmass_0995c52b	SimVar1000	SimVar1000	106	1589	0.956338	140	24118	0.125880
simvarmass_09d1b2f2	SimVar1000	SimVar1000	119	988	0.955051	263	1043	0.964218
simvarmass_0a10d52a	SimVar1000	SimVar1000	124	500	0.961464	144	27180	0.037088
simvarmass_0a30b947	SimVar1000	SimVar1000	92	2992	0.925897	353	21769	0.243357
simvarmass_0ab4e48b	SimVar1000	SimVar1000	145	3044	0.931881	565	21590	0.250718
simvarmass_0ada3d07	SimVar1000	SimVar1000	1468	883	0.472319	239	2623	0.945428
simvarmass_0b80d062	SimVar1000	SimVar1000	171	1726	0.947716	569	23673	0.140886
simvarmass_0b97225e	SimVar1000	SimVar1000	128	2736	0.886965	304	22164	0.232329
simvarmass_0bb86b1a	SimVar1000	SimVar1000	54	2731	0.935550	584	3008	0.933072
simvarmass_0c23b69a	SimVar1000	SimVar1000	1219	1448	0.551514	44	19489	0.280869
simvarmass_0c2bf665	SimVar1000	SimVar1000	787	2232	0.747989	15	19446	0.282374
simvarmass_0c45ac8e	SimVar1000	SimVar1000	137	589	0.839233	1091	24060	0.059774
simvarmass_0c50ef71	SimVar1000	SimVar1000	105	2008	0.847918	463	23136	0.187645
simvarmass_0c706dac	SimVar1000	SimVar1000	149	1578	0.941424	323	1671	0.949737
simvarmass_0cafbb9a	SimVar1000	SimVar1000	77	1944	0.959053	719	2086	0.958532
simvarmass_0d011625	SimVar1000	SimVar1000	128	1911	0.949801	699	2043	0.951877
simvarmass_0d4e98a7	SimVar1000	SimVar1000	139	1788	0.949495	401	23970	0.144311
simvarmass_0d6b6bc2	SimVar1000	SimVar1000	74	1500	0.956300	319	1596	0.953265
simvarmass_0db1e688	SimVar1000	SimVar1000	103	653	0.956713	653	747	0.934798
simvarmass_0db4faaf	SimVar1000	SimVar1000	47	182	0.940568	143	187	0.954082
simvarmass_0dbf6196	SimVar1000	SimVar1000	808	3978	0.897968	317	4340	0.917805
simvarmass_0dee1aa6	SimVar1000	SimVar1000	141	3448	0.916124	71	20116	0.291265
simvarmass_0e7acf26	SimVar1000	SimVar1000	167	377	0.911980	686	417	0.920746
simvarmass_0ed101e7	SimVar1000	SimVar1000	791	2653	0.935968	67	21311	0.229128
simvarmass_0f18e193	SimVar1000	SimVar1000	101	3079	0.933212	311	21332	0.255062
simvarmass_0f34776d	SimVar1000	SimVar1000	92	2965	0.915814	617	21205	0.249400
simvarmass_102b4a40	SimVar1000	SimVar1000	108	504	0.959087	609	566	0.955975
simvarmass_1052e817	SimVar1000	SimVar1000	113	1761	0.898075	428	24127	0.128041
simvarmass_1097fdcb	SimVar1000	SimVar1000	148	2038	0.941231	338	2137	0.941416
simvarmass_10af34f7	SimVar1000	SimVar1000	134	1205	0.950276	906	1457	0.903805
simvarmass_10b163ae	SimVar1000	SimVar1000	111	2385	0.942597	856	2617	0.922407
simvarmass_10c07806	SimVar1000	SimVar1000	165	1491	0.943878	517	24085	0.120404
simvarmass_10e25af3	SimVar1000	SimVar1000	1026	2285	0.842028	310	2943	0.954134
simvarmass_1115abf2	SimVar1000	SimVar1000	868	1523	0.793023	115	2141	0.954474
simvarmass_113acbd7	SimVar1000	SimVar1000	916	2263	0.749462	216	3457	0.939859
simvarmass_11aa0f3b	SimVar1000	SimVar1000	112	2453	0.938050	473	2636	0.934417
simvarmass_11f2a03f	SimVar1000	SimVar1000	67	2979	0.925540	329	3128	0.924035
simvarmass_12381dd4	SimVar1000	SimVar1000	54	694	0.963889	447	770	0.956464
simvarmass_123bf752	SimVar1000	SimVar1000	155	655	0.938040	499	25762	0.053897
simvarmass_12b06339	SimVar1000	SimVar1000	134	2578	0.933020	148	22020	0.211408
simvarmass_12cd60b8	SimVar1000	SimVar1000	158	224	0.927235	746	297	0.870036
simvarmass_135c1087	SimVar1000	SimVar1000	102	1804	0.940838	628	1949	0.938714
simvarmass_137586c6	SimVar1000	SimVar1000	96	2954	0.924528	69	21017	0.243950
simvarmass_14278158	SimVar1000	SimVar1000	41	78	0.896552	137	80	0.909091
simvarmass_14b9939d	SimVar1000	SimVar1000	87	1654	0.953287	279	1735	0.965906
simvarmass_14fdec33	SimVar1000	SimVar1000	71	3956	0.920387	301	20048	0.329537
simvarmass_158c6d6f	SimVar1000	SimVar1000	151	446	0.958110	228	27157	0.034079
simvarmass_15d70ca1	SimVar1000	SimVar1000	993	541	0.387675	135	2143	0.965627
simvarmass_15e8b12f	SimVar1000	SimVar1000	61	2505	0.939940	68	21505	0.213252
simvarmass_1609773c	SimVar1000	SimVar1000	119	2626	0.943586	72	21777	0.218797
simvarmass_16ed3239	SimVar1000	SimVar1000	59	1339	0.947965	249	1428	0.962251
simvarmass_17553ddf	SimVar1000	SimVar1000	157	1832	0.947668	227	23566	0.146519
simvarmass_176ec772	SimVar1000	SimVar1000	1412	553	0.316905	131	2708	0.951993
simvarmass_17ec41cc	SimVar1000	SimVar1000	703	788	0.291960	231	3950	0.909813
simvarmass_1815af94	SimVar1000	SimVar1000	72	3319	0.931742	178	20595	0.283653
simvarmass_18bddac2	SimVar1000	SimVar1000	83	2287	0.938776	554	22005	0.192414
simvarmass_18bedc09	SimVar1000	SimVar1000	430	46	0.023791	80	20040	0.292276
simvarmass_18bf134c	SimVar1000	SimVar1000	564	2871	0.914013	6	19047	0.279836
simvarmass_18c77a5a	SimVar1000	SimVar1000	144	259	0.779300	848	25646	0.029105
simvarmass_18d50b59	SimVar1000	SimVar1000	117	2303	0.936724	80	21795	0.193715
simvarmass_1927f645	SimVar1000	SimVar1000	127	3061	0.921355	712	3485	0.892553
simvarmass_1958a247	SimVar1000	SimVar1000	72	1296	0.955400	325	1353	0.959567
simvarmass_195eb129	SimVar1000	SimVar1000	146	597	0.960579	663	657	0.945510
simvarmass_19b429de	SimVar1000	SimVar1000	123	2306	0.936390	942	22673	0.188504
simvarmass_1a06ca02	SimVar1000	SimVar1000	92	1093	0.957093	275	1151	0.965841
simvarmass_1a0ffbfb	SimVar1000	SimVar1000	128	193	0.967419	207	27857	0.014539
simvarmass_1b0d6725	SimVar1000	SimVar1000	1809	555	0.217989	323	3924	0.905094
simvarmass_1b0f68d2	SimVar1000	SimVar1000	116	1318	0.957028	282	24991	0.102881
simvarmass_1b12b4bb	SimVar1000	SimVar1000	158	2495	0.936514	108	22158	0.207788
simvarmass_1b703957	SimVar1000	SimVar1000	127	1076	0.954747	352	1139	0.960725
simvarmass_1bad66b5	SimVar1000	SimVar1000	125	2424	0.940583	565	2652	0.935664
simvarmass_1c1f6378	SimVar1000	SimVar1000	113	520	0.960295	273	550	0.959569
simvarmass_1c691c91	SimVar1000	SimVar1000	901	1399	0.501164	117	3715	0.932523
simvarmass_1c6953fe	SimVar1000	SimVar1000	86	934	0.956477	378	24322	0.077424
simvarmass_1c801c66	SimVar1000	SimVar1000	156	2488	0.929520	672	2710	0.915455
simvarmass_1cca47ae	SimVar1000	SimVar1000	104	494	0.239583	933	104	0.774194
simvarmass_1d13cb6a	SimVar1000	SimVar1000	125	2421	0.953488	438	2599	0.950495
simvarmass_1d8f48d6	SimVar1000	SimVar1000	84	992	0.965920	381	1053	0.964539
simvarmass_1e292794	SimVar1000	SimVar1000	1114	217	0.243137	161	1496	0.973890
simvarmass_1ef11d56	SimVar1000	SimVar1000	1057	3152	0.833377	82	19171	0.329418
simvarmass_1f2146f2	SimVar1000	SimVar1000	67	1875	0.948647	524	2054	0.928848
simvarmass_1f7dec2e	SimVar1000	SimVar1000	54	2707	0.933448	83	21126	0.229324
simvarmass_1f9bee6c	SimVar1000	SimVar1000	59	1081	0.957909	170	1131	0.971825
simvarmass_1fa85e81	SimVar1000	SimVar1000	143	1419	0.924951	1374	1731	0.898507
simvarmass_2019dff8	SimVar1000	SimVar1000	108	2931	0.934568	174	21528	0.241483
simvarmass_2040c07c	SimVar1000	SimVar1000	95	915	0.955567	744	1035	0.932612
simvarmass_2073e39f	SimVar1000	SimVar1000	256	2113	0.829115	323	2687	0.931758
simvarmass_207810da	SimVar1000	SimVar1000	571	3800	0.920078	104	3986	0.936523
simvarmass_20965d30	SimVar1000	SimVar1000	140	1415	0.953504	497	1559	0.938946
simvarmass_20b8e1ca	SimVar1000	SimVar1000	1950	191	0.074420	284	4381	0.923952
simvarmass_20fe9f1d	SimVar1000	SimVar1000	667	2142	0.803602	247	2900	0.939399
simvarmass_217b106f	SimVar1000	SimVar1000	414	3016	0.847548	169	3495	0.911269
simvarmass_218590cf	SimVar1000	SimVar1000	131	899	0.969272	447	978	0.957601
simvarmass_218a3c9c	SimVar1000	SimVar1000	113	795	0.964221	300	26121	0.061538
simvarmass_2194e4e6	SimVar1000	SimVar1000	109	2438	0.931905	106	22315	0.199004
simvarmass_223ddcdb	SimVar1000	SimVar1000	91	2591	0.927813	726	2865	0.918511
simvarmass_2246722f	SimVar1000	SimVar1000	420	2493	0.940377	346	2666	0.958889
simvarmass_22c3bef7	SimVar1000	SimVar1000	45	2425	0.944477	474	2586	0.942199
simvarmass_22c87f1f	SimVar1000	SimVar1000	173	1977	0.909688	895	23283	0.167390
simvarmass_22f1554e	SimVar1000	SimVar1000	143	4166	0.922753	143	4328	0.935003
simvarmass_232f20ff	SimVar1000	SimVar1000	1063	1334	0.474311	104	3855	0.943040
simvarmass_23354941	SimVar1000	SimVar1000	151	3195	0.937326	328	21124	0.266591
simvarmass_23730928	SimVar1000	SimVar1000	40	1951	0.947522	261	2044	0.950820
simvarmass_23dcaeec	SimVar1000	SimVar1000	98	284	0.965986	483	307	0.972177
simvarmass_23df681e	SimVar1000	SimVar1000	103	2640	0.936087	323	2805	0.939467
simvarmass_2421fd62	SimVar1000	SimVar1000	157	3818	0.920029	317	20262	0.319473
simvarmass_24540a92	SimVar1000	SimVar1000	91	3885	0.926724	143	19985	0.323327
simvarmass_2473ca29	SimVar1000	SimVar1000	102	768	0.955818	539	844	0.957813
simvarmass_24830497	SimVar1000	SimVar1000	142	1524	0.960555	170	24241	0.121919
simvarmass_2488a473	SimVar1000	SimVar1000	932	2119	0.812500	452	2967	0.950198
simvarmass_256d35df	SimVar1000	SimVar1000	280	2463	0.768414	59	20076	0.294992
simvarmass_258b991f	SimVar1000	SimVar1000	116	1975	0.947141	450	2073	0.947887
simvarmass_25a99594	SimVar1000	SimVar1000	127	1823	0.869754	649	23164	0.168243
simvarmass_25cbd4e4	SimVar1000	SimVar1000	969	2005	0.594603	217	4152	0.926330
simvarmass_25ef5f1c	SimVar1000	SimVar1000	144	1218	0.949511	344	24992	0.096472
simvarmass_260be588	SimVar1000	SimVar1000	132	1074	0.799540	1158	23369	0.117250
simvarmass_26270823	SimVar1000	SimVar1000	69	954	0.957351	96	25623	0.073963
simvarmass_263e6d84	SimVar1000	SimVar1000	146	1186	0.827907	1204	23379	0.121818
simvarmass_269b0fa8	SimVar1000	SimVar1000	59	136	0.915254	241	143	0.920530
simvarmass_273ee887	SimVar1000	SimVar1000	161	1851	0.939371	606	23172	0.152041
simvarmass_2750ce6e	SimVar1000	SimVar1000	111	3656	0.917955	259	20211	0.306763
simvarmass_27c666b8	SimVar1000	SimVar1000	573	1825	0.945596	227	1961	0.961461
simvarmass_2805da1a	SimVar1000	SimVar1000	128	367	0.954368	514	25704	0.029727
simvarmass_283db249	SimVar1000	SimVar1000	125	1137	0.948686	1033	1397	0.910802
simvarmass_2870985c	SimVar1000	SimVar1000	1084	1425	0.618727	77	2844	0.939223
simvarmass_28887250	SimVar1000	SimVar1000	48	624	0.968192	245	642	0.976282
simvarmass_28ff8035	SimVar1000	SimVar1000	823	1400	0.597525	212	3047	0.949945
simvarmass_2923e3c9	SimVar1000	SimVar1000	174	820	0.960750	752	909	0.957684
simvarmass_29b2baa7	SimVar1000	SimVar1000	147	2539	0.929841	488	2675	0.926899
simvarmass_29cbf09c	SimVar1000	SimVar1000	1288	2266	0.706249	20	18675	0.325418
simvarmass_29d78f93	SimVar1000	SimVar1000	140	3889	0.926492	388	20289	0.322518
simvarmass_29f9711c	SimVar1000	SimVar1000	84	2538	0.944176	506	2688	0.941709
simvarmass_29ff6193	SimVar1000	SimVar1000	175	1835	0.927089	768	2097	0.912631
simvarmass_2a285943	SimVar1000	SimVar1000	128	1007	0.953598	385	1078	0.955566
simvarmass_2a6895f5	SimVar1000	SimVar1000	1376	193	0.118769	206	2829	0.951070
simvarmass_2af9baa6	SimVar1000	SimVar1000	877	911	0.682909	214	1690	0.963156
simvarmass_2b02193a	SimVar1000	SimVar1000	146	2442	0.928095	562	2554	0.928105
simvarmass_2b46b01d	SimVar1000	SimVar1000	126	1552	0.941649	397	24083	0.123166
simvarmass_2bafae7f	SimVar1000	SimVar1000	113	98	0.923810	643	25789	0.008108
simvarmass_2bfdedda	SimVar1000	SimVar1000	115	72	0.686567	518	59	0.842975
simvarmass_2c007613	SimVar1000	SimVar1000	98	2458	0.946962	394	2628	0.948273
simvarmass_2c291fa6	SimVar1000	SimVar1000	165	1647	0.942628	536	23685	0.135950
simvarmass_2c2b754d	SimVar1000	SimVar1000	157	2408	0.696660	1240	20670	0.298619
simvarmass_2c4ed30f	SimVar1000	SimVar1000	140	2603	0.925626	772	22192	0.215576
simvarmass_2c606d5d	SimVar1000	SimVar1000	83	1709	0.950473	210	23736	0.139339
simvarmass_2c7b671a	SimVar1000	SimVar1000	120	3674	0.870507	241	20356	0.316218
simvarmass_2c7f4b5a	SimVar1000	SimVar1000	57	1370	0.949082	207	1457	0.956960
simvarmass_2cb0f5cd	SimVar1000	SimVar1000	163	473	0.958932	921	561	0.905838
simvarmass_2cb34d52	SimVar1000	SimVar1000	171	1454	0.939571	658	1639	0.933497
simvarmass_2cc3689d	SimVar1000	SimVar1000	157	3226	0.919258	329	21002	0.267248
simvarmass_2d47e4a0	SimVar1000	SimVar1000	100	2109	0.942570	480	2271	0.936813
simvarmass_2d5afc24	SimVar1000	SimVar1000	1279	687	0.442512	128	2269	0.964796
simvarmass_2d9e4bfa	SimVar1000	SimVar1000	1350	1051	0.398559	100	19579	0.313587
simvarmass_2dc51da2	SimVar1000	SimVar1000	70	3300	0.933220	207	20795	0.274396
simvarmass_2df16dde	SimVar1000	SimVar1000	1592	931	0.514649	387	2495	0.947897
simvarmass_2e3428d7	SimVar1000	SimVar1000	79	1495	0.955854	187	1550	0.965105
simvarmass_2e971b22	SimVar1000	SimVar1000	86	1128	0.956300	461	1182	0.956450
simvarmass_2e9e1b5f	SimVar1000	SimVar1000	1015	1103	0.396193	242	3929	0.923755
simvarmass_2eb4322c	SimVar1000	SimVar1000	143	1019	0.962193	572	1124	0.948222
simvarmass_2f1b5a5f	SimVar1000	SimVar1000	825	1036	0.628069	161	2078	0.950933
simvarmass_2f453bf9	SimVar1000	SimVar1000	691	1202	0.428139	371	3937	0.924311
simvarmass_2f5b2fee	SimVar1000	SimVar1000	116	1576	0.955994	399	24023	0.126486
simvarmass_2f6b35b9	SimVar1000	SimVar1000	87	2588	0.930768	112	22045	0.212727
simvarmass_2fa025ec	SimVar1000	SimVar1000	144	3778	0.923886	236	20371	0.313749
simvarmass_303e209d	SimVar1000	SimVar1000	657	1936	0.846154	146	2416	0.941456
simvarmass_30dbea07	SimVar1000	SimVar1000	174	1749	0.941588	461	1869	0.944459
simvarmass_30e1e0ab	SimVar1000	SimVar1000	128	338	0.911278	268	27162	0.023064
simvarmass_31f8abbe	SimVar1000	SimVar1000	165	251	0.898917	637	26365	0.022049
simvarmass_3241ee85	SimVar1000	SimVar1000	100	1588	0.951724	320	1657	0.957109
simvarmass_328f80f1	SimVar1000	SimVar1000	648	1748	0.670502	168	3111	0.943287
simvarmass_330ad0b6	SimVar1000	SimVar1000	620	1705	0.600881	47	20042	0.285690
simvarmass_337425ae	SimVar1000	SimVar1000	41	3568	0.926899	629	3847	0.910506
simvarmass_3394996f	SimVar1000	SimVar1000	114	189	0.928747	362	210	0.934579
simvarmass_33dfe207	SimVar1000	SimVar1000	141	3256	0.933027	287	20874	0.272783
simvarmass_33ffa140	SimVar1000	SimVar1000	140	2949	0.879018	675	21586	0.256648
simvarmass_34406a5b	SimVar1000	SimVar1000	40	88	0.911917	372	105	0.895238
simvarmass_3441f94a	SimVar1000	SimVar1000	87	38	0.783505	255	41	0.800000
simvarmass_35041662	SimVar1000	SimVar1000	1842	206	0.136379	169	2589	0.954108
simvarmass_357db159	SimVar1000	SimVar1000	176	1505	0.782290	574	23402	0.165280
simvarmass_35e1660c	SimVar1000	SimVar1000	102	1762	0.958651	282	1820	0.951794
simvarmass_3627c8e7	SimVar1000	SimVar1000	335	555	0.202522	361	4484	0.912340
simvarmass_3642549e	SimVar1000	SimVar1000	110	526	0.966024	488	600	0.950989
simvarmass_366e6dde	SimVar1000	SimVar1000	40	1909	0.949726	225	2017	0.961706
simvarmass_36793b22	SimVar1000	SimVar1000	1652	1161	0.407726	84	3901	0.920213
simvarmass_36bb4c2c	SimVar1000	SimVar1000	664	3101	0.806712	431	3948	0.900996
simvarmass_36d96606	SimVar1000	SimVar1000	162	2005	0.941315	90	23169	0.162681
simvarmass_371cf04e	SimVar1000	SimVar1000	163	2404	0.942191	874	2696	0.918258
simvarmass_375f5c52	SimVar1000	SimVar1000	140	1048	0.963168	283	25283	0.082478
simvarmass_378bfb2d	SimVar1000	SimVar1000	40	3498	0.937718	246	20430	0.296284
simvarmass_37eb6798	SimVar1000	SimVar1000	134	2162	0.935728	633	2283	0.942640
simvarmass_381069bf	SimVar1000	SimVar1000	68	386	0.950739	422	444	0.933333
simvarmass_38474828	SimVar1000	SimVar1000	100	2687	0.940126	348	2802	0.938047
simvarmass_3852c7b0	SimVar1000	SimVar1000	143	3437	0.925128	409	20772	0.285934
simvarmass_38840b79	SimVar1000	SimVar1000	123	3073	0.938034	123	21028	0.256906
simvarmass_38a0f3c9	SimVar1000	SimVar1000	77	141	0.927632	223	151	0.936306
simvarmass_38f8c7ab	SimVar1000	SimVar1000	123	1974	0.939553	545	2133	0.928686
simvarmass_391943f4	SimVar1000	SimVar1000	54	396	0.956522	234	435	0.957324
simvarmass_39408a1e	SimVar1000	SimVar1000	160	1309	0.958211	241	24965	0.103927
simvarmass_3a4a561c	SimVar1000	SimVar1000	1098	1209	0.398747	457	4415	0.916721
simvarmass_3a4f329f	SimVar1000	SimVar1000	387	1711	0.527110	368	4261	0.921920
simvarmass_3a67e8d5	SimVar1000	SimVar1000	1553	790	0.427952	212	2640	0.929989
simvarmass_3b0ff24f	SimVar1000	SimVar1000	135	1298	0.939073	407	25039	0.102485
simvarmass_3b507a51	SimVar1000	SimVar1000	115	2683	0.843730	650	22049	0.245290
simvarmass_3b525d94	SimVar1000	SimVar1000	1370	63	0.048536	195	2388	0.958342
simvarmass_3bd477e1	SimVar1000	SimVar1000	115	3611	0.921875	598	3952	0.900233
simvarmass_3c589d67	SimVar1000	SimVar1000	97	667	0.965967	473	717	0.968553
simvarmass_3c7a0e3a	SimVar1000	SimVar1000	257	3233	0.936676	394	3439	0.939918
simvarmass_3cd1139d	SimVar1000	SimVar1000	150	2283	0.862392	583	22366	0.208393
simvarmass_3cea51ba	SimVar1000	SimVar1000	78	2648	0.931570	375	2716	0.933426
simvarmass_3d8063b2	SimVar1000	SimVar1000	123	2479	0.943418	239	22681	0.200778
simvarmass_3da5abcb	SimVar1000	SimVar1000	65	3760	0.926318	475	3991	0.920810
simvarmass_3dd1f5ef	SimVar1000	SimVar1000	86	997	0.968431	312	25518	0.077126
simvarmass_3ee3d134	SimVar1000	SimVar1000	119	1990	0.948926	1073	2305	0.907436
simvarmass_3f19edca	SimVar1000	SimVar1000	139	1601	0.951560	422	1687	0.955085
simvarmass_3f4a6e16	SimVar1000	SimVar1000	118	2390	0.939949	216	22549	0.197638
simvarmass_3f8c8e2c	SimVar1000	SimVar1000	138	1186	0.903424	1563	1628	0.857613
simvarmass_3fa62fa9	SimVar1000	SimVar1000	711	1754	0.886473	120	2068	0.965097
simvarmass_41239248	SimVar1000	SimVar1000	125	2303	0.909166	729	22578	0.184325
simvarmass_41b978de	SimVar1000	SimVar1000	154	1636	0.948561	468	1781	0.945901
simvarmass_4209aba5	SimVar1000	SimVar1000	565	1187	0.845030	263	1578	0.970607
simvarmass_420d8c31	SimVar1000	SimVar1000	67	1152	0.961202	283	1218	0.967925
simvarmass_42271b67	SimVar1000	SimVar1000	124	3730	0.910358	641	3920	0.900442
simvarmass_4278d716	SimVar1000	SimVar1000	962	1954	0.644247	115	3552	0.922756
simvarmass_42835432	SimVar1000	SimVar1000	212	3798	0.905881	122	19589	0.322082
simvarmass_4290f5ce	SimVar1000	SimVar1000	109	4101	0.914592	123	19400	0.344327
simvarmass_42af58fa	SimVar1000	SimVar1000	92	1955	0.924171	354	2115	0.927397
simvarmass_42efa23f	SimVar1000	SimVar1000	105	1250	0.954493	574	1381	0.944647
simvarmass_4342bc62	SimVar1000	SimVar1000	160	2295	0.938984	207	22712	0.186317
simvarmass_4385314b	SimVar1000	SimVar1000	85	1805	0.953261	126	23581	0.145836
simvarmass_43bc3288	SimVar1000	SimVar1000	55	306	0.951788	475	344	0.960352
simvarmass_43e38541	SimVar1000	SimVar1000	66	1200	0.962310	284	1298	0.966821
simvarmass_4403d3ed	SimVar1000	SimVar1000	150	1219	0.963197	869	1420	0.924487
simvarmass_44087b8d	SimVar1000	SimVar1000	122	2705	0.877147	521	21904	0.233565
simvarmass_447de12e	SimVar1000	SimVar1000	146	1334	0.930053	594	24056	0.112645
simvarmass_44805fd5	SimVar1000	SimVar1000	49	3521	0.935548	209	20426	0.296439
simvarmass_449806e8	SimVar1000	SimVar1000	101	593	0.972085	326	648	0.956795
simvarmass_44aaa311	SimVar1000	SimVar1000	767	148	0.078954	228	3333	0.948659
simvarmass_4507ea79	SimVar1000	SimVar1000	160	1657	0.948123	819	1942	0.906200
simvarmass_4509e5ed	SimVar1000	SimVar1000	143	1591	0.961329	771	1724	0.953238
simvarmass_451126e7	SimVar1000	SimVar1000	344	3306	0.861687	246	3848	0.926336
simvarmass_45504ee8	SimVar1000	SimVar1000	127	2960	0.913077	335	3111	0.916717
simvarmass_45a81515	SimVar1000	SimVar1000	901	649	0.427114	138	2240	0.960691
simvarmass_45c559ed	SimVar1000	SimVar1000	1334	1227	0.548135	100	2907	0.940718
simvarmass_4629fa96	SimVar1000	SimVar1000	120	3529	0.854563	1149	19066	0.302927
simvarmass_46c7c787	SimVar1000	SimVar1000	124	3353	0.923268	139	20412	0.282918
simvarmass_4720035d	SimVar1000	SimVar1000	122	2492	0.946269	508	2706	0.947272
simvarmass_479d938e	SimVar1000	SimVar1000	1635	168	0.093023	314	3228	0.945444
simvarmass_47a2dd88	SimVar1000	SimVar1000	138	649	0.965774	1059	710	0.960854
simvarmass_47b2e4bb	SimVar1000	SimVar1000	1075	1492	0.696708	249	2529	0.939474
simvarmass_47c96b2b	SimVar1000	SimVar1000	132	3058	0.931565	162	21247	0.253414
simvarmass_47e5ac67	SimVar1000	SimVar1000	93	4263	0.920683	265	19565	0.357794
simvarmass_48fe87a6	SimVar1000	SimVar1000	83	1935	0.955084	570	2072	0.953450
simvarmass_49420bf2	SimVar1000	SimVar1000	101	2184	0.944204	477	2298	0.945125
simvarmass_49723d89	SimVar1000	SimVar1000	158	2636	0.791578	771	21210	0.273480
simvarmass_497bd937	SimVar1000	SimVar1000	145	3782	0.924322	471	20635	0.306806
simvarmass_497f1863	SimVar1000	SimVar1000	817	220	0.085238	136	4377	0.929070
simvarmass_498ddeec	SimVar1000	SimVar1000	160	2067	0.665336	1548	20317	0.283324
simvarmass_499bad61	SimVar1000	SimVar1000	63	2808	0.882632	566	3220	0.899317
simvarmass_49a23205	SimVar1000	SimVar1000	137	2153	0.952023	646	2275	0.946394
simvarmass_49ad582d	SimVar1000	SimVar1000	1003	1101	0.860492	106	1400	0.972008
simvarmass_4a324a5c	SimVar1000	SimVar1000	119	3918	0.909260	167	19733	0.322869
simvarmass_4a3ec322	SimVar1000	SimVar1000	156	395	0.865342	744	26649	0.036451
simvarmass_4a5cc146	SimVar1000	SimVar1000	85	631	0.970023	435	694	0.957478
simvarmass_4ae936fb	SimVar1000	SimVar1000	74	728	0.959789	294	763	0.971649
simvarmass_4af4e733	SimVar1000	SimVar1000	482	3614	0.840624	80	18930	0.351539
simvarmass_4af9eae4	SimVar1000	SimVar1000	146	2487	0.943096	575	2690	0.936256
simvarmass_4b973734	SimVar1000	SimVar1000	815	588	0.408759	227	2162	0.958436
simvarmass_4bf851f4	SimVar1000	SimVar1000	108	1274	0.936709	676	24090	0.104933
simvarmass_4c3db3e0	SimVar1000	SimVar1000	114	1697	0.943449	576	23405	0.138766
simvarmass_4cff68dd	SimVar1000	SimVar1000	124	3514	0.904608	89	20014	0.295377
simvarmass_4da96527	SimVar1000	SimVar1000	1078	1988	0.824896	98	2654	0.960992
simvarmass_4e2037de	SimVar1000	SimVar1000	90	807	0.962433	225	835	0.968915
simvarmass_4e6424d4	SimVar1000	SimVar1000	51	2842	0.927650	411	3057	0.933102
simvarmass_4e6c66b5	SimVar1000	SimVar1000	103	1328	0.953990	330	1393	0.964524
simvarmass_4ee1f562	SimVar1000	SimVar1000	108	528	0.951949	621	586	0.954350
simvarmass_4f0a8f7b	SimVar1000	SimVar1000	136	2681	0.938375	398	2846	0.937893
simvarmass_4faa4c1b	SimVar1000	SimVar1000	42	1207	0.962520	153	1270	0.973162
simvarmass_4fc9f3d5	SimVar1000	SimVar1000	96	640	0.956652	598	712	0.954610
simvarmass_50141771	SimVar1000	SimVar1000	61	831	0.960139	131	864	0.965986
simvarmass_5038838c	SimVar1000	SimVar1000	1573	351	0.184059	33	20333	0.265759
simvarmass_507a3469	SimVar1000	SimVar1000	76	3436	0.930768	451	3635	0.923483
simvarmass_508f27ea	SimVar1000	SimVar1000	245	3004	0.786229	46	18965	0.328898
simvarmass_509cce05	SimVar1000	SimVar1000	69	1323	0.908465	528	1478	0.945443
simvarmass_50dc0c1b	SimVar1000	SimVar1000	148	2207	0.920058	582	2339	0.933577
simvarmass_5110afc0	SimVar1000	SimVar1000	94	4473	0.059534	618	150	0.932907
simvarmass_5130d79d	SimVar1000	SimVar1000	601	1108	0.366948	224	4441	0.933632
simvarmass_514dab69	SimVar1000	SimVar1000	139	1665	0.937500	625	1801	0.944685
simvarmass_519be62c	SimVar1000	SimVar1000	117	3355	0.938913	210	20673	0.281026
simvarmass_521b2fcf	SimVar1000	SimVar1000	72	1332	0.951429	184	1382	0.957193
simvarmass_52b9e24b	SimVar1000	SimVar1000	1514	754	0.330412	330	3342	0.907998
simvarmass_52cc7cad	SimVar1000	SimVar1000	163	3816	0.887622	44	19106	0.338357
simvarmass_52e9b9f6	SimVar1000	SimVar1000	736	2351	0.867688	296	2843	0.947048
simvarmass_53aa2603	SimVar1000	SimVar1000	785	2999	0.863643	69	3524	0.941365
simvarmass_5412536b	SimVar1000	SimVar1000	68	1199	0.956140	201	1245	0.962412
simvarmass_542d785e	SimVar1000	SimVar1000	140	1167	0.965975	824	1286	0.956109
simvarmass_547ded23	SimVar1000	SimVar1000	61	120	0.960000	311	130	0.953846
simvarmass_54f92f8f	SimVar1000	SimVar1000	168	654	0.938040	462	25708	0.053551
simvarmass_550575d2	SimVar1000	SimVar1000	96	641	0.958146	311	698	0.954839
simvarmass_5572f538	SimVar1000	SimVar1000	106	3912	0.905481	225	20043	0.323000
simvarmass_557bcb9f	SimVar1000	SimVar1000	117	1858	0.865819	451	23224	0.170532
simvarmass_55b80af7	SimVar1000	SimVar1000	149	1431	0.955882	212	24391	0.115136
simvarmass_55d2f605	SimVar1000	SimVar1000	130	1895	0.935812	314	2022	0.931764
simvarmass_55e79ac7	SimVar1000	SimVar1000	53	3031	0.937461	386	3219	0.938929
simvarmass_566f6ec3	SimVar1000	SimVar1000	1298	1550	0.690423	341	2777	0.952598
simvarmass_56809116	SimVar1000	SimVar1000	111	1652	0.944000	462	1792	0.944505
simvarmass_569a3926	SimVar1000	SimVar1000	435	2222	0.947930	271	2298	0.953801
simvarmass_569fe391	SimVar1000	SimVar1000	63	697	0.961379	231	731	0.966307
simvarmass_574b4882	SimVar1000	SimVar1000	115	3191	0.903819	612	20808	0.270675
simvarmass_578a5ba2	SimVar1000	SimVar1000	89	3777	0.872859	459	20378	0.320070
simvarmass_57989454	SimVar1000	SimVar1000	146	1219	0.967024	576	1323	0.961465
simvarmass_57cb1b17	SimVar1000	SimVar1000	1158	2719	0.792134	371	3780	0.933888
simvarmass_57ed1b96	SimVar1000	SimVar1000	93	1575	0.951920	667	1705	0.945010
simvarmass_58219ab8	SimVar1000	SimVar1000	44	1316	0.949801	196	1384	0.956644
simvarmass_5857e475	SimVar1000	SimVar1000	86	871	0.961900	627	952	0.959831
simvarmass_58c88cb8	SimVar1000	SimVar1000	109	1651	0.936400	946	1945	0.919287
simvarmass_5904c7c9	SimVar1000	SimVar1000	102	1400	0.970537	370	1475	0.974324
simvarmass_59331951	SimVar1000	SimVar1000	91	1046	0.951730	531	1181	0.944659
simvarmass_593b6ef9	SimVar1000	SimVar1000	121	3224	0.936418	232	20879	0.271200
simvarmass_59916540	SimVar1000	SimVar1000	152	2434	0.946345	128	22080	0.200645
simvarmass_599fc245	SimVar1000	SimVar1000	83	3333	0.927875	209	20836	0.279360
simvarmass_59bbde05	SimVar1000	SimVar1000	765	2079	0.608874	304	4094	0.901628
simvarmass_5a15dfc7	SimVar1000	SimVar1000	186	744	0.949585	221	26333	0.057961
simvarmass_5a3e9319	SimVar1000	SimVar1000	76	2571	0.929231	89	21717	0.212638
simvarmass_5a492619	SimVar1000	SimVar1000	154	2362	0.940426	530	2520	0.938381
simvarmass_5a694510	SimVar1000	SimVar1000	143	183	0.958115	767	239	0.853881
simvarmass_5a7e342f	SimVar1000	SimVar1000	115	3353	0.869988	876	3711	0.877338
simvarmass_5a9f8e7a	SimVar1000	SimVar1000	68	404	0.951708	220	435	0.961364
simvarmass_5aa243e5	SimVar1000	SimVar1000	153	2809	0.944940	704	3047	0.933139
simvarmass_5b395735	SimVar1000	SimVar1000	103	1113	0.962387	107	1165	0.969979
simvarmass_5b3a6fd2	SimVar1000	SimVar1000	159	2651	0.945903	434	2886	0.935572
simvarmass_5b6a9fc1	SimVar1000	SimVar1000	104	746	0.961340	954	842	0.951456
simvarmass_5bc6cd50	SimVar1000	SimVar1000	1342	1064	0.419393	251	3488	0.921312
simvarmass_5bd1d42c	SimVar1000	SimVar1000	50	1249	0.960031	281	1310	0.971085
simvarmass_5bf9cd3e	SimVar1000	SimVar1000	98	3221	0.926231	380	21254	0.263542
simvarmass_5c185bcd	SimVar1000	SimVar1000	135	1277	0.957895	116	24930	0.101167
simvarmass_5c9c66d2	SimVar1000	SimVar1000	116	4222	0.923936	181	19112	0.359845
simvarmass_5cb94119	SimVar1000	SimVar1000	706	2763	0.817698	175	3515	0.931292
simvarmass_5cc6f9ed	SimVar1000	SimVar1000	122	1680	0.951920	503	1761	0.957731
simvarmass_5cf74cd5	SimVar1000	SimVar1000	79	2043	0.944470	440	2226	0.931853
simvarmass_5d1433c9	SimVar1000	SimVar1000	59	3696	0.841718	898	4446	0.866801
simvarmass_5db79e71	SimVar1000	SimVar1000	96	2968	0.854855	529	21648	0.264824
simvarmass_5dfaa789	SimVar1000	SimVar1000	816	2612	0.810551	199	3379	0.925957
simvarmass_5e3334b1	SimVar1000	SimVar1000	46	257	0.960748	180	270	0.978102
simvarmass_5e5cb717	SimVar1000	SimVar1000	1907	752	0.317032	216	3495	0.914118
simvarmass_5e7e58f5	SimVar1000	SimVar1000	163	550	0.969109	1382	680	0.907363
simvarmass_5ec909b0	SimVar1000	SimVar1000	1212	1143	0.692937	241	2023	0.958124
simvarmass_5fbb60fb	SimVar1000	SimVar1000	146	4244	0.915174	192	19398	0.354955
simvarmass_6018f2df	SimVar1000	SimVar1000	59	2586	0.931171	443	2726	0.923374
simvarmass_601f97c7	SimVar1000	SimVar1000	1042	1871	0.669051	218	3403	0.943158
simvarmass_60555ad7	SimVar1000	SimVar1000	146	1520	0.949015	197	24586	0.121235
simvarmass_60f369b7	SimVar1000	SimVar1000	118	3071	0.929758	452	3231	0.936189
simvarmass_6106c83b	SimVar1000	SimVar1000	116	2849	0.941021	207	21601	0.239226
simvarmass_611d0266	SimVar1000	SimVar1000	346	2896	0.928778	83	20571	0.249279
simvarmass_613cc0be	SimVar1000	SimVar1000	1382	90	0.036863	93	18965	0.355670
simvarmass_614ec418	SimVar1000	SimVar1000	1197	763	0.289234	153	3897	0.921998
simvarmass_61de38c9	SimVar1000	SimVar1000	97	2382	0.948713	310	2519	0.950272
simvarmass_61f04b84	SimVar1000	SimVar1000	113	3225	0.925846	411	21361	0.263387
simvarmass_622dcdb1	SimVar1000	SimVar1000	134	987	0.859917	890	24854	0.086592
simvarmass_62ce7be9	SimVar1000	SimVar1000	85	3377	0.922656	334	3497	0.922560
simvarmass_62f549d9	SimVar1000	SimVar1000	124	3097	0.886841	265	21427	0.261117
simvarmass_63215b79	SimVar1000	SimVar1000	99	2776	0.940698	242	2893	0.941020
simvarmass_63250dba	SimVar1000	SimVar1000	128	3011	0.927250	195	3126	0.935635
simvarmass_6377e4e0	SimVar1000	SimVar1000	1018	733	0.339666	277	3276	0.935997
simvarmass_645bb2f2	SimVar1000	SimVar1000	194	1883	0.948828	139	23347	0.150840
simvarmass_64aa794a	SimVar1000	SimVar1000	155	2260	0.941668	226	22599	0.185893
simvarmass_64d1401e	SimVar1000	SimVar1000	115	2888	0.926063	513	3093	0.921118
simvarmass_64defaf0	SimVar1000	SimVar1000	141	2409	0.865297	713	22166	0.218386
simvarmass_65333ab4	SimVar1000	SimVar1000	128	160	0.952096	692	203	0.875332
simvarmass_654ce2e4	SimVar1000	SimVar1000	1287	831	0.426920	172	2774	0.944825
simvarmass_654fd554	SimVar1000	SimVar1000	72	1103	0.965427	172	1133	0.971058
simvarmass_65666ac5	SimVar1000	SimVar1000	106	482	0.973737	259	517	0.961951
simvarmass_6586fd74	SimVar1000	SimVar1000	75	945	0.959391	218	1003	0.973373
simvarmass_659fa243	SimVar1000	SimVar1000	149	3798	0.908000	386	20320	0.312885
simvarmass_65d8292e	SimVar1000	SimVar1000	88	4078	0.908118	184	19621	0.338460
simvarmass_663c9378	SimVar1000	SimVar1000	94	2112	0.947510	318	2239	0.957034
simvarmass_66a8d804	SimVar1000	SimVar1000	823	1227	0.776828	212	1853	0.969617
simvarmass_66d1f4c5	SimVar1000	SimVar1000	69	1646	0.947581	180	1757	0.952833
simvarmass_66f63cf6	SimVar1000	SimVar1000	90	3543	0.922656	231	20387	0.298070
simvarmass_67b2916e	SimVar1000	SimVar1000	1389	901	0.556173	135	2138	0.951083
simvarmass_6819313d	SimVar1000	SimVar1000	35	65	0.872483	151	72	0.858974
simvarmass_6897f4a7	SimVar1000	SimVar1000	100	12	0.615385	867	65	0.282609
simvarmass_689fa9ed	SimVar1000	SimVar1000	81	2221	0.945060	176	23028	0.180841
simvarmass_68f8a12f	SimVar1000	SimVar1000	162	2900	0.934429	450	3131	0.938801
simvarmass_690ae13f	SimVar1000	SimVar1000	1564	758	0.319024	262	3587	0.933650
simvarmass_695e624c	SimVar1000	SimVar1000	136	1328	0.956365	469	1435	0.959028
simvarmass_6965cbd0	SimVar1000	SimVar1000	104	695	0.959889	349	745	0.966578
simvarmass_698362ec	SimVar1000	SimVar1000	160	2212	0.950968	355	23072	0.179302
simvarmass_69ec5775	SimVar1000	SimVar1000	144	2215	0.945144	389	2293	0.946042
simvarmass_6b29022b	SimVar1000	SimVar1000	56	951	0.970904	408	999	0.970603
simvarmass_6b81ae5d	SimVar1000	SimVar1000	99	573	0.958996	354	619	0.962127
simvarmass_6bf089f5	SimVar1000	SimVar1000	170	928	0.957688	767	1010	0.954455
simvarmass_6c60f6f9	SimVar1000	SimVar1000	533	2038	0.905375	317	2267	0.946523
simvarmass_6c8f9341	SimVar1000	SimVar1000	119	3227	0.935020	334	3417	0.938181
simvarmass_6cfb89e7	SimVar1000	SimVar1000	134	811	0.961470	186	25978	0.062709
simvarmass_6d1b128c	SimVar1000	SimVar1000	153	502	0.956522	477	542	0.954419
simvarmass_6d6f1ea7	SimVar1000	SimVar1000	120	1440	0.954561	180	24552	0.114518
simvarmass_6d88b866	SimVar1000	SimVar1000	111	1932	0.935052	326	23285	0.157242
simvarmass_6e1e63e0	SimVar1000	SimVar1000	95	4174	0.917219	145	19212	0.353307
simvarmass_6e213421	SimVar1000	SimVar1000	61	1285	0.967620	211	1347	0.982340
simvarmass_6e6538b8	SimVar1000	SimVar1000	709	2216	0.772395	63	20292	0.263207
simvarmass_6e733dd7	SimVar1000	SimVar1000	114	3563	0.927574	383	3784	0.923896
simvarmass_6e9ec339	SimVar1000	SimVar1000	48	32	0.901408	712	44	0.795181
simvarmass_6eaf489e	SimVar1000	SimVar1000	64	1299	0.958672	182	1390	0.971082
simvarmass_6ec631d8	SimVar1000	SimVar1000	94	2157	0.952087	363	2306	0.957247
simvarmass_6fb02ac2	SimVar1000	SimVar1000	147	2039	0.948152	513	2163	0.946893
simvarmass_6ff7e6de	SimVar1000	SimVar1000	133	3378	0.912309	113	20241	0.285443
simvarmass_6ffa9b80	SimVar1000	SimVar1000	1816	489	0.268755	253	2900	0.935537
simvarmass_701c9c7a	SimVar1000	SimVar1000	145	3493	0.935497	356	20971	0.289793
simvarmass_70391638	SimVar1000	SimVar1000	152	294	0.871795	1140	25632	0.027999
simvarmass_705b44e5	SimVar1000	SimVar1000	160	1137	0.817391	757	24016	0.118257
simvarmass_70a83033	SimVar1000	SimVar1000	128	1368	0.963720	806	1538	0.947823
simvarmass_717702dc	SimVar1000	SimVar1000	163	2339	0.940963	882	2536	0.932946
simvarmass_71c62fa7	SimVar1000	SimVar1000	87	862	0.960357	368	956	0.957029
simvarmass_71e021f1	SimVar1000	SimVar1000	918	1799	0.675047	216	3165	0.933393
simvarmass_71fe28dc	SimVar1000	SimVar1000	112	2123	0.946500	206	22902	0.174233
simvarmass_723d899d	SimVar1000	SimVar1000	729	1120	0.414354	65	19704	0.306628
simvarmass_7253315a	SimVar1000	SimVar1000	449	2905	0.749484	173	4256	0.923432
simvarmass_726e096b	SimVar1000	SimVar1000	90	3087	0.911468	386	3222	0.912771
simvarmass_73294985	SimVar1000	SimVar1000	88	2762	0.940235	220	21831	0.229653
simvarmass_7339f995	SimVar1000	SimVar1000	1127	2832	0.801018	147	3847	0.944348
simvarmass_7368d9fd	SimVar1000	SimVar1000	119	3305	0.927028	612	3524	0.921443
simvarmass_73b06dc7	SimVar1000	SimVar1000	78	1848	0.950811	283	1936	0.961471
simvarmass_74144664	SimVar1000	SimVar1000	122	2469	0.937845	503	2637	0.941610
simvarmass_7425cdad	SimVar1000	SimVar1000	65	4158	0.917587	682	4509	0.904392
simvarmass_7435c5e1	SimVar1000	SimVar1000	131	1687	0.951763	124	23463	0.136172
simvarmass_74410e3f	SimVar1000	SimVar1000	58	2552	0.918364	689	2848	0.917365
simvarmass_74cc1597	SimVar1000	SimVar1000	112	2183	0.938293	334	2336	0.930891
simvarmass_74d2dd40	SimVar1000	SimVar1000	149	795	0.964548	662	875	0.955711
simvarmass_7553a95d	SimVar1000	SimVar1000	108	1052	0.955495	289	1135	0.959300
simvarmass_75616fde	SimVar1000	SimVar1000	114	3239	0.932699	167	21065	0.270059
simvarmass_75d9de72	SimVar1000	SimVar1000	95	1052	0.947748	258	1099	0.958977
simvarmass_76118e8b	SimVar1000	SimVar1000	157	831	0.961204	525	951	0.939903
simvarmass_76697c82	SimVar1000	SimVar1000	70	3634	0.898410	163	20205	0.303131
simvarmass_76ede883	SimVar1000	SimVar1000	144	2038	0.750468	657	22421	0.227292
simvarmass_77bb444e	SimVar1000	SimVar1000	110	3625	0.925205	658	3840	0.929328
simvarmass_77ecf679	SimVar1000	SimVar1000	34	2562	0.937901	679	2832	0.919532
simvarmass_782852aa	SimVar1000	SimVar1000	168	751	0.941620	684	844	0.954923
simvarmass_7878cd81	SimVar1000	SimVar1000	317	1662	0.941110	126	1764	0.957622
simvarmass_78a92236	SimVar1000	SimVar1000	136	975	0.959646	409	1058	0.957920
simvarmass_78af1b88	SimVar1000	SimVar1000	76	584	0.958882	449	25918	0.045348
simvarmass_794c7e74	SimVar1000	SimVar1000	140	2622	0.930777	447	2760	0.930700
simvarmass_794e016e	SimVar1000	SimVar1000	111	1249	0.960031	317	1315	0.968516
simvarmass_796335db	SimVar1000	SimVar1000	115	117	0.954733	816	139	0.928302
simvarmass_79f59f39	SimVar1000	SimVar1000	795	2871	0.889543	49	20191	0.275331
simvarmass_7a06a63e	SimVar1000	SimVar1000	132	3495	0.925931	414	3699	0.920913
simvarmass_7a4be8ac	SimVar1000	SimVar1000	126	601	0.963141	454	646	0.971384
simvarmass_7a7bd27b	SimVar1000	SimVar1000	90	1896	0.946317	717	2116	0.933491
simvarmass_7ab6f80b	SimVar1000	SimVar1000	83	2521	0.942408	253	2662	0.948442
simvarmass_7b13e426	SimVar1000	SimVar1000	66	2494	0.944876	257	2610	0.949768
simvarmass_7bbb9f2e	SimVar1000	SimVar1000	151	1657	0.962791	835	1830	0.944368
simvarmass_7c470f61	SimVar1000	SimVar1000	606	2143	0.604343	99	18772	0.366005
simvarmass_7d7f0b39	SimVar1000	SimVar1000	1233	1578	0.570808	367	3587	0.932873
simvarmass_7d96d10b	SimVar1000	SimVar1000	122	471	0.962206	764	541	0.926597
simvarmass_7dc5cba8	SimVar1000	SimVar1000	126	2128	0.927898	263	23237	0.172484
simvarmass_7e17cdc8	SimVar1000	SimVar1000	1753	671	0.361335	252	2723	0.936871
simvarmass_7e1f72b9	SimVar1000	SimVar1000	114	3590	0.923810	59	19855	0.301477
simvarmass_7e5123ee	SimVar1000	SimVar1000	126	328	0.973294	947	398	0.913978
simvarmass_7e6accd7	SimVar1000	SimVar1000	132	1077	0.948268	685	1190	0.935788
simvarmass_7e6ed0d4	SimVar1000	SimVar1000	150	1157	0.914216	1099	23444	0.099373
simvarmass_7e841338	SimVar1000	SimVar1000	108	223	0.963283	459	243	0.977226
simvarmass_7eecf1a8	SimVar1000	SimVar1000	86	2338	0.932721	491	2510	0.935727
simvarmass_7f636ed6	SimVar1000	SimVar1000	107	1646	0.949221	359	1760	0.946927
simvarmass_7f85124f	SimVar1000	SimVar1000	149	3576	0.886934	1118	21008	0.292028
simvarmass_7fa60030	SimVar1000	SimVar1000	48	3364	0.862140	515	3854	0.893540
simvarmass_7fd4cba4	SimVar1000	SimVar1000	74	3712	0.922655	744	4282	0.884987
simvarmass_7fe0d527	SimVar1000	SimVar1000	752	2994	0.744498	158	4395	0.924396
simvarmass_8011fdf4	SimVar1000	SimVar1000	99	1732	0.951883	690	1906	0.953555
simvarmass_8038687b	SimVar1000	SimVar1000	151	17	0.615385	1478	22845	0.002185
simvarmass_8064ea81	SimVar1000	SimVar1000	76	1848	0.937262	448	1990	0.940917
simvarmass_80c1924a	SimVar1000	SimVar1000	126	2273	0.918919	818	2549	0.914759
simvarmass_80d55429	SimVar1000	SimVar1000	771	2870	0.850370	103	3548	0.949381
simvarmass_80f2941a	SimVar1000	SimVar1000	119	895	0.953550	516	984	0.951070
simvarmass_811ea018	SimVar1000	SimVar1000	131	3681	0.917685	398	3884	0.915217
simvarmass_81bd4ab0	SimVar1000	SimVar1000	1258	2241	0.644058	86	3999	0.914076
simvarmass_82540903	SimVar1000	SimVar1000	109	594	0.958065	365	642	0.948758
simvarmass_827d7229	SimVar1000	SimVar1000	40	334	0.975182	181	340	0.981187
simvarmass_82c889bc	SimVar1000	SimVar1000	1642	128	0.051927	61	19145	0.355452
simvarmass_82d1fb2c	SimVar1000	SimVar1000	49	364	0.956636	121	384	0.970551
simvarmass_8313513c	SimVar1000	SimVar1000	121	1621	0.955497	259	24273	0.129084
simvarmass_837233ab	SimVar1000	SimVar1000	118	2096	0.941996	139	22922	0.170294
simvarmass_837d2c66	SimVar1000	SimVar1000	166	1690	0.953187	326	23945	0.136119
simvarmass_83876660	SimVar1000	SimVar1000	73	2425	0.940765	364	22430	0.201161
simvarmass_8431587b	SimVar1000	SimVar1000	106	1562	0.956762	608	1742	0.946237
simvarmass_844a2817	SimVar1000	SimVar1000	876	538	0.284355	302	2998	0.942665
simvarmass_845067c4	SimVar1000	SimVar1000	489	2337	0.879022	365	2764	0.947057
simvarmass_84adf24e	SimVar1000	SimVar1000	67	697	0.943805	151	731	0.960953
simvarmass_8523e7f2	SimVar1000	SimVar1000	860	930	0.331315	109	4009	0.912458
simvarmass_8540b49c	SimVar1000	SimVar1000	124	1590	0.944709	342	1698	0.952189
simvarmass_859ce34a	SimVar1000	SimVar1000	91	3948	0.933838	586	4224	0.926074
simvarmass_85ad50e3	SimVar1000	SimVar1000	137	1583	0.944976	484	1705	0.947490
simvarmass_86403c8b	SimVar1000	SimVar1000	123	273	0.952548	567	331	0.905901
simvarmass_8678b71a	SimVar1000	SimVar1000	144	1343	0.963415	486	1464	0.956342
simvarmass_86c06037	SimVar1000	SimVar1000	89	1376	0.970039	245	1424	0.974697
simvarmass_86c518d7	SimVar1000	SimVar1000	160	502	0.959302	706	26102	0.039051
simvarmass_87ad8028	SimVar1000	SimVar1000	116	900	0.961025	234	25648	0.070471
simvarmass_87b7f5cd	SimVar1000	SimVar1000	154	1114	0.957456	476	1192	0.962994
simvarmass_8876c877	SimVar1000	SimVar1000	87	2865	0.896228	373	3073	0.918599
simvarmass_88c53e48	SimVar1000	SimVar1000	506	3446	0.932341	485	3725	0.938062
simvarmass_896b855f	SimVar1000	SimVar1000	143	33	0.857143	823	34	0.843750
simvarmass_896ffc5c	SimVar1000	SimVar1000	83	2316	0.942805	367	2408	0.945055
simvarmass_89a0bbc8	SimVar1000	SimVar1000	151	1496	0.963607	444	1615	0.956576
simvarmass_89a470a0	SimVar1000	SimVar1000	1354	1943	0.603885	47	18879	0.335801
simvarmass_8bd61e45	SimVar1000	SimVar1000	77	2405	0.947182	398	2531	0.946538
simvarmass_8be11847	SimVar1000	SimVar1000	150	3409	0.922910	541	20979	0.282528
simvarmass_8c57a37a	SimVar1000	SimVar1000	123	1882	0.949016	529	2042	0.957787
simvarmass_8d1c2be6	SimVar1000	SimVar1000	155	400	0.915411	709	24969	0.035546
simvarmass_8d8f03ef	SimVar1000	SimVar1000	92	942	0.957317	230	1003	0.963036
simvarmass_8e0ce813	SimVar1000	SimVar1000	115	2528	0.936352	382	22476	0.206891
simvarmass_8e23897e	SimVar1000	SimVar1000	1019	457	0.246960	178	2929	0.943463
simvarmass_8e2ac158	SimVar1000	SimVar1000	127	2732	0.929828	277	21802	0.223854
simvarmass_8e41c1bc	SimVar1000	SimVar1000	102	3252	0.902718	728	21110	0.268030
simvarmass_8e690e5d	SimVar1000	SimVar1000	938	2246	0.712698	161	3663	0.942594
simvarmass_8f21444d	SimVar1000	SimVar1000	960	622	0.680153	110	1164	0.975960
simvarmass_8f7e5c76	SimVar1000	SimVar1000	93	2211	0.911539	576	2420	0.928118
simvarmass_8fbfc6b1	SimVar1000	SimVar1000	1654	1064	0.362336	168	4123	0.918495
simvarmass_8fc9dc3f	SimVar1000	SimVar1000	1154	884	0.344237	180	3761	0.932235
simvarmass_8ff198d4	SimVar1000	SimVar1000	41	632	0.964885	97	665	0.984363
simvarmass_9007607f	SimVar1000	SimVar1000	1181	1742	0.576681	156	3850	0.934201
simvarmass_90194d82	SimVar1000	SimVar1000	1541	1063	0.392903	40	19559	0.323838
simvarmass_90c2bed3	SimVar1000	SimVar1000	136	3759	0.901966	575	3912	0.900308
simvarmass_90c81c23	SimVar1000	SimVar1000	91	2570	0.943077	693	2838	0.933497
simvarmass_90ce4753	SimVar1000	SimVar1000	117	404	0.968825	225	27199	0.030041
simvarmass_9126b6c6	SimVar1000	SimVar1000	764	2894	0.752764	30	18528	0.340522
simvarmass_9138c9b7	SimVar1000	SimVar1000	156	3300	0.869092	549	20987	0.290099
simvarmass_9141969d	SimVar1000	SimVar1000	106	517	0.960821	447	576	0.954907
simvarmass_9144135b	SimVar1000	SimVar1000	140	2521	0.939728	877	2863	0.921593
simvarmass_9152f7db	SimVar1000	SimVar1000	115	58	0.678571	386	76	0.584615
simvarmass_91bac5d1	SimVar1000	SimVar1000	102	945	0.892704	981	1278	0.890535
simvarmass_91c509e6	SimVar1000	SimVar1000	108	1738	0.948116	372	1817	0.951083
simvarmass_91d12f66	SimVar1000	SimVar1000	146	2968	0.944887	253	21498	0.246211
simvarmass_927f997e	SimVar1000	SimVar1000	103	555	0.934690	462	26523	0.044572
simvarmass_9291bcb4	SimVar1000	SimVar1000	169	2493	0.810131	1003	20987	0.255553
simvarmass_92c1b5c1	SimVar1000	SimVar1000	158	2593	0.943060	689	2862	0.927159
simvarmass_92c70a2a	SimVar1000	SimVar1000	103	4085	0.922694	224	19700	0.345338
simvarmass_93909125	SimVar1000	SimVar1000	1020	2742	0.734853	401	4276	0.920614
simvarmass_93d17249	SimVar1000	SimVar1000	376	3927	0.899324	298	4271	0.911956
simvarmass_9418b085	SimVar1000	SimVar1000	125	2906	0.927118	534	21696	0.238805
simvarmass_943c95ac	SimVar1000	SimVar1000	157	1284	0.955713	618	1444	0.930804
simvarmass_94511d9a	SimVar1000	SimVar1000	114	1080	0.972949	491	1144	0.971954
simvarmass_9464ff4e	SimVar1000	SimVar1000	164	1590	0.957806	296	24200	0.126890
simvarmass_94669813	SimVar1000	SimVar1000	161	941	0.958206	544	25217	0.074625
simvarmass_9531917a	SimVar1000	SimVar1000	54	60	0.536082	250	29	0.787879
simvarmass_958fc30a	SimVar1000	SimVar1000	714	2405	0.838125	281	3034	0.936244
simvarmass_95aee47a	SimVar1000	SimVar1000	40	104	0.967442	702	119	0.913043
simvarmass_95ccffdb	SimVar1000	SimVar1000	143	1500	0.941287	607	1618	0.934908
simvarmass_95fd9ae1	SimVar1000	SimVar1000	61	3761	0.908226	484	20374	0.309348
simvarmass_965d6e75	SimVar1000	SimVar1000	103	3374	0.924284	392	3624	0.922545
simvarmass_96b86f97	SimVar1000	SimVar1000	109	1439	0.945120	207	24555	0.113001
simvarmass_970e718a	SimVar1000	SimVar1000	129	4011	0.909338	206	19937	0.334937
simvarmass_973b6dd9	SimVar1000	SimVar1000	1376	1064	0.398801	224	3845	0.933596
simvarmass_97e645de	SimVar1000	SimVar1000	132	1898	0.951856	364	1978	0.957719
simvarmass_97f8c504	SimVar1000	SimVar1000	159	692	0.957785	581	778	0.939255
simvarmass_9819ab98	SimVar1000	SimVar1000	1214	414	0.207259	327	3230	0.936720
simvarmass_983b3ec5	SimVar1000	SimVar1000	70	1008	0.959087	301	1082	0.957721
simvarmass_98de8b85	SimVar1000	SimVar1000	363	1525	0.956113	360	1623	0.975669
simvarmass_98f00cc4	SimVar1000	SimVar1000	136	2835	0.927641	800	3382	0.871485
simvarmass_99146b12	SimVar1000	SimVar1000	98	2103	0.948579	262	23338	0.170011
simvarmass_999606ec	SimVar1000	SimVar1000	43	2998	0.937881	128	21183	0.249023
simvarmass_9998f2a4	SimVar1000	SimVar1000	103	3512	0.886879	293	20681	0.294976
simvarmass_99f8a9e3	SimVar1000	SimVar1000	133	2204	0.945064	519	2354	0.947609
simvarmass_9a8152e0	SimVar1000	SimVar1000	165	4041	0.919713	211	19851	0.336465
simvarmass_9a9434af	SimVar1000	SimVar1000	137	3800	0.921938	760	4183	0.913457
simvarmass_9ab1bb36	SimVar1000	SimVar1000	60	1026	0.966102	374	1065	0.975497
simvarmass_9ac0b1e7	SimVar1000	SimVar1000	144	3501	0.910086	185	20518	0.289012
simvarmass_9ad6b4cd	SimVar1000	SimVar1000	96	2315	0.935196	282	22871	0.186554
simvarmass_9b3ab504	SimVar1000	SimVar1000	817	2411	0.753084	77	3395	0.914038
simvarmass_9b532070	SimVar1000	SimVar1000	99	29	0.794521	468	36	0.725000
simvarmass_9b627c8d	SimVar1000	SimVar1000	97	3833	0.877701	769	20176	0.331834
simvarmass_9ba43122	SimVar1000	SimVar1000	94	3592	0.924344	498	3802	0.922826
simvarmass_9bfb66b5	SimVar1000	SimVar1000	47	957	0.944444	324	1031	0.959809
simvarmass_9c6368fd	SimVar1000	SimVar1000	101	900	0.949709	378	25529	0.070971
simvarmass_9ca707ab	SimVar1000	SimVar1000	108	248	0.952015	350	265	0.970260
simvarmass_9cab894e	SimVar1000	SimVar1000	72	3908	0.923787	432	4085	0.921989
simvarmass_9cf70bc5	SimVar1000	SimVar1000	154	3120	0.931975	368	21342	0.258435
simvarmass_9d0581dd	SimVar1000	SimVar1000	997	1337	0.639254	230	2631	0.940296
simvarmass_9d117033	SimVar1000	SimVar1000	103	2782	0.879024	798	21444	0.244720
simvarmass_9d409a1f	SimVar1000	SimVar1000	77	1639	0.947917	685	1833	0.932603
simvarmass_9d6b4e07	SimVar1000	SimVar1000	142	84	0.874251	562	89	0.860465
simvarmass_9d84f4be	SimVar1000	SimVar1000	143	606	0.974277	422	25803	0.047502
simvarmass_9e509889	SimVar1000	SimVar1000	90	1300	0.950640	887	1432	0.948029
simvarmass_9e65e1b9	SimVar1000	SimVar1000	1511	649	0.253169	538	4051	0.921327
simvarmass_9e866580	SimVar1000	SimVar1000	118	3892	0.918752	417	20477	0.320995
simvarmass_9eb1e2de	SimVar1000	SimVar1000	155	1562	0.955909	511	1707	0.941073
simvarmass_9f7ba4f3	SimVar1000	SimVar1000	93	599	0.968472	299	628	0.974724
simvarmass_9fe0ac99	SimVar1000	SimVar1000	75	2883	0.939527	381	3082	0.941269
simvarmass_9fe70cf3	SimVar1000	SimVar1000	175	2579	0.939140	408	22335	0.210902
simvarmass_a07a3e42	SimVar1000	SimVar1000	167	318	0.951952	562	344	0.959538
simvarmass_a0a643b8	SimVar1000	SimVar1000	61	642	0.961740	418	690	0.976104
simvarmass_a0b632e5	SimVar1000	SimVar1000	90	1978	0.939639	366	23375	0.162703
simvarmass_a0fa54cc	SimVar1000	SimVar1000	1344	1168	0.386360	107	4055	0.905242
simvarmass_a107a7a1	SimVar1000	SimVar1000	146	1353	0.955477	953	1530	0.935151
simvarmass_a13aa03e	SimVar1000	SimVar1000	77	1538	0.955873	493	1732	0.937866
simvarmass_a14988c5	SimVar1000	SimVar1000	163	4088	0.910428	132	19222	0.342762
simvarmass_a15e4569	SimVar1000	SimVar1000	113	2654	0.938565	578	2830	0.939050
simvarmass_a1a8f156	SimVar1000	SimVar1000	53	296	0.961039	313	310	0.974603
simvarmass_a1c6098e	SimVar1000	SimVar1000	67	284	0.959459	407	313	0.975845
simvarmass_a2157ead	SimVar1000	SimVar1000	150	605	0.960254	1074	709	0.926579
simvarmass_a2616bb5	SimVar1000	SimVar1000	74	3021	0.941543	359	3193	0.949750
simvarmass_a28e99ef	SimVar1000	SimVar1000	165	1987	0.950467	269	23258	0.162358
simvarmass_a29ec531	SimVar1000	SimVar1000	1124	877	0.462431	217	2646	0.936713
simvarmass_a2d36323	SimVar1000	SimVar1000	153	2383	0.837799	708	22312	0.226114
simvarmass_a2ece752	SimVar1000	SimVar1000	304	3453	0.916114	262	3713	0.938414
simvarmass_a2f8d796	SimVar1000	SimVar1000	191	58	0.485356	1370	20824	0.015711
simvarmass_a3049b62	SimVar1000	SimVar1000	100	3140	0.932579	230	21694	0.251256
simvarmass_a33ed321	SimVar1000	SimVar1000	1144	1632	0.510000	240	4166	0.921424
simvarmass_a358d303	SimVar1000	SimVar1000	1735	1242	0.407614	221	4170	0.908224
simvarmass_a35f44e1	SimVar1000	SimVar1000	961	2320	0.654258	100	3995	0.907722
simvarmass_a37b32b1	SimVar1000	SimVar1000	54	762	0.956685	153	811	0.973203
simvarmass_a3a7f137	SimVar1000	SimVar1000	50	578	0.959336	218	26552	0.045035
simvarmass_a3e1508d	SimVar1000	SimVar1000	150	714	0.950601	275	25891	0.055783
simvarmass_a3fb0822	SimVar1000	SimVar1000	67	299	0.952229	482	339	0.943114
simvarmass_a3fc51dc	SimVar1000	SimVar1000	691	3637	0.889895	83	19244	0.336235
simvarmass_a41fe574	SimVar1000	SimVar1000	1008	3513	0.816934	128	4521	0.935665
simvarmass_a4851b19	SimVar1000	SimVar1000	74	734	0.923466	210	26305	0.059075
simvarmass_a4cf1575	SimVar1000	SimVar1000	809	3849	0.908511	270	4206	0.922293
simvarmass_a55cfb82	SimVar1000	SimVar1000	40	23	0.263158	179	18	0.303030
simvarmass_a56371c0	SimVar1000	SimVar1000	927	2213	0.883081	221	2612	0.956940
simvarmass_a57c2d34	SimVar1000	SimVar1000	113	1336	0.955619	691	1435	0.952644
simvarmass_a60820cd	SimVar1000	SimVar1000	439	299	0.133185	76	19787	0.316290
simvarmass_a624eb18	SimVar1000	SimVar1000	71	36	0.923077	345	47	0.831461
simvarmass_a695da7f	SimVar1000	SimVar1000	125	3109	0.937292	127	21025	0.260870
simvarmass_a6b9dbf6	SimVar1000	SimVar1000	107	2030	0.910539	654	23310	0.167413
simvarmass_a6f53098	SimVar1000	SimVar1000	375	1641	0.870027	149	1960	0.947420
simvarmass_a7fe0bd2	SimVar1000	SimVar1000	NaN	NaN	0.035206	68	19397	0.328926
simvarmass_a83a67fa	SimVar1000	SimVar1000	148	3438	0.929692	125	20468	0.286007
simvarmass_a8609fa2	SimVar1000	SimVar1000	84	257	0.962547	299	281	0.971326
simvarmass_a9128447	SimVar1000	SimVar1000	1277	2686	0.720322	398	4348	0.922453
simvarmass_a975be17	SimVar1000	SimVar1000	1265	1712	0.656316	46	20346	0.265649
simvarmass_a9b6d7d9	SimVar1000	SimVar1000	1353	1159	0.542476	99	2826	0.949158
simvarmass_aa1d5e84	SimVar1000	SimVar1000	106	1165	0.968815	173	25102	0.091109
simvarmass_aa8bf7c3	SimVar1000	SimVar1000	56	715	0.966216	176	758	0.973079
simvarmass_ab2044d4	SimVar1000	SimVar1000	43	1372	0.950364	198	24714	0.108759
simvarmass_ab301292	SimVar1000	SimVar1000	101	444	0.951768	397	480	0.951496
simvarmass_ab30392f	SimVar1000	SimVar1000	164	1372	0.801444	1142	23173	0.144318
simvarmass_ab725cdf	SimVar1000	SimVar1000	1392	1094	0.452253	286	3449	0.944529
simvarmass_ab7ec007	SimVar1000	SimVar1000	58	3741	0.923286	109	20043	0.316268
simvarmass_ab8d80a1	SimVar1000	SimVar1000	43	419	0.964327	165	448	0.973274
simvarmass_abc4715b	SimVar1000	SimVar1000	131	3497	0.933102	339	20665	0.290465
simvarmass_ac32dc12	SimVar1000	SimVar1000	133	554	0.960000	310	25990	0.043331
simvarmass_ac455b12	SimVar1000	SimVar1000	130	2883	0.940693	535	3082	0.940821
simvarmass_ac7ebfb5	SimVar1000	SimVar1000	143	113	0.801843	641	118	0.837838
simvarmass_acb48fa0	SimVar1000	SimVar1000	124	3696	0.917443	667	3857	0.909688
simvarmass_acef0cf2	SimVar1000	SimVar1000	143	1594	0.945022	613	1743	0.945361
simvarmass_ad1993c7	SimVar1000	SimVar1000	169	1647	0.901950	876	22789	0.146369
simvarmass_ad3c8ef6	SimVar1000	SimVar1000	66	995	0.954764	865	1137	0.929730
simvarmass_ad491f84	SimVar1000	SimVar1000	114	3118	0.922393	119	20815	0.262178
simvarmass_ad5bd7df	SimVar1000	SimVar1000	111	2288	0.949969	820	2679	0.916667
simvarmass_ad6ab13a	SimVar1000	SimVar1000	67	2095	0.942104	1050	2443	0.911218
simvarmass_ad88da2f	SimVar1000	SimVar1000	480	2446	0.780472	261	3421	0.933867
simvarmass_adabbca0	SimVar1000	SimVar1000	144	1175	0.954509	1047	1411	0.902891
simvarmass_ae46c111	SimVar1000	SimVar1000	1534	1256	0.481134	153	3453	0.925586
simvarmass_ae8f484a	SimVar1000	SimVar1000	156	2004	0.943316	319	23493	0.161023
simvarmass_aecd1d80	SimVar1000	SimVar1000	77	8	0.761905	604	16	0.620690
simvarmass_af471a8b	SimVar1000	SimVar1000	101	1620	0.827960	622	23636	0.159039
simvarmass_af5f72db	SimVar1000	SimVar1000	141	3344	0.913020	83	20658	0.273694
simvarmass_af7051e3	SimVar1000	SimVar1000	97	715	0.956522	298	760	0.959740
simvarmass_afa08bc2	SimVar1000	SimVar1000	97	634	0.963470	257	690	0.960584
simvarmass_b075c428	SimVar1000	SimVar1000	130	3261	0.920888	94	20600	0.270858
simvarmass_b107e328	SimVar1000	SimVar1000	1466	521	0.213787	210	3957	0.935018
simvarmass_b11be187	SimVar1000	SimVar1000	152	1044	0.883297	1031	23368	0.097527
simvarmass_b13532b4	SimVar1000	SimVar1000	911	1139	0.376404	137	4255	0.920812
simvarmass_b15828e2	SimVar1000	SimVar1000	133	2383	0.944985	698	2588	0.936641
simvarmass_b1802c78	SimVar1000	SimVar1000	294	3713	0.861985	379	4282	0.917247
simvarmass_b1a81dd6	SimVar1000	SimVar1000	120	1178	0.958299	997	1376	0.905446
simvarmass_b26dd97e	SimVar1000	SimVar1000	102	2059	0.951676	376	2173	0.962829
simvarmass_b2d72e73	SimVar1000	SimVar1000	1301	1982	0.581146	91	4258	0.933275
simvarmass_b2ddc1d6	SimVar1000	SimVar1000	923	2594	0.734012	51	18982	0.332452
simvarmass_b342ca83	SimVar1000	SimVar1000	120	2663	0.937302	563	2861	0.936011
simvarmass_b382a692	SimVar1000	SimVar1000	165	283	0.954469	566	330	0.912500
simvarmass_b388075f	SimVar1000	SimVar1000	160	1670	0.949104	225	23785	0.134597
simvarmass_b3ac667b	SimVar1000	SimVar1000	122	945	0.881517	1566	1229	0.898079
simvarmass_b3f59233	SimVar1000	SimVar1000	845	1071	0.783181	206	1583	0.965815
simvarmass_b42e4fc2	SimVar1000	SimVar1000	148	309	0.965625	492	398	0.880658
simvarmass_b44abeec	SimVar1000	SimVar1000	143	1452	0.936925	987	23541	0.119842
simvarmass_b4db6b08	SimVar1000	SimVar1000	151	2040	0.952136	144	23181	0.164018
simvarmass_b4e2af64	SimVar1000	SimVar1000	66	2684	0.929216	366	21937	0.225047
simvarmass_b4eb448d	SimVar1000	SimVar1000	382	4003	0.912013	57	18898	0.351515
simvarmass_b530d3e7	SimVar1000	SimVar1000	520	2251	0.636505	280	4099	0.907522
simvarmass_b54d34c8	SimVar1000	SimVar1000	71	567	0.963466	687	643	0.936951
simvarmass_b5ad4ebf	SimVar1000	SimVar1000	548	1478	0.884500	157	1732	0.960512
simvarmass_b5cc821e	SimVar1000	SimVar1000	130	3414	0.925593	625	3588	0.922524
simvarmass_b6bf924d	SimVar1000	SimVar1000	48	3395	0.916080	892	3743	0.904343
simvarmass_b6c3b693	SimVar1000	SimVar1000	521	3158	0.818241	285	3823	0.899809
simvarmass_b6c93e18	SimVar1000	SimVar1000	39	1820	0.950366	312	1915	0.957940
simvarmass_b7123098	SimVar1000	SimVar1000	1938	1010	0.349844	43	18911	0.336558
simvarmass_b72e650b	SimVar1000	SimVar1000	852	2470	0.872438	60	20505	0.248744
simvarmass_b74505e2	SimVar1000	SimVar1000	1279	929	0.524118	186	2407	0.948437
simvarmass_b757f60c	SimVar1000	SimVar1000	546	2632	0.795046	45	20002	0.289275
simvarmass_b7708d72	SimVar1000	SimVar1000	89	229	0.972399	497	268	0.917647
simvarmass_b79172d4	SimVar1000	SimVar1000	56	458	0.969312	160	472	0.978102
simvarmass_b792ab90	SimVar1000	SimVar1000	85	2955	0.924859	359	3101	0.918274
simvarmass_b7d0f4c2	SimVar1000	SimVar1000	1589	294	0.251067	151	1917	0.963934
simvarmass_b7dd8b66	SimVar1000	SimVar1000	101	1074	0.954891	784	24617	0.086572
simvarmass_b7eac224	SimVar1000	SimVar1000	1827	1067	0.406321	196	3668	0.921431
simvarmass_b830b9e5	SimVar1000	SimVar1000	108	3470	0.912179	560	3666	0.902580
simvarmass_b8ce6e85	SimVar1000	SimVar1000	133	486	0.952756	372	26661	0.037439
simvarmass_b9176ae6	SimVar1000	SimVar1000	400	1730	0.728728	309	2812	0.954031
simvarmass_b93fce27	SimVar1000	SimVar1000	1306	1861	0.640606	214	3401	0.920103
simvarmass_b9de1ff0	SimVar1000	SimVar1000	143	2506	0.924186	112	21965	0.206137
simvarmass_b9ef9fbd	SimVar1000	SimVar1000	1056	1401	0.540509	190	3405	0.934891
simvarmass_ba0997f3	SimVar1000	SimVar1000	115	157	0.936937	413	191	0.910082
simvarmass_ba2250f9	SimVar1000	SimVar1000	71	2964	0.815936	341	21321	0.280271
simvarmass_ba859da6	SimVar1000	SimVar1000	821	2179	0.761755	313	3261	0.939291
simvarmass_bad3aace	SimVar1000	SimVar1000	133	908	0.964931	270	25672	0.070405
simvarmass_bb0d8b0d	SimVar1000	SimVar1000	105	1323	0.959739	324	1401	0.972840
simvarmass_bb1a47f7	SimVar1000	SimVar1000	90	4206	0.911794	635	19825	0.342725
simvarmass_bb478e56	SimVar1000	SimVar1000	1188	608	0.450537	117	1963	0.960039
simvarmass_bbc725e1	SimVar1000	SimVar1000	123	1907	0.957810	523	2064	0.952404
simvarmass_bc1efc63	SimVar1000	SimVar1000	111	225	0.927835	361	245	0.938614
simvarmass_bcc4bfde	SimVar1000	SimVar1000	403	3289	0.847135	126	3806	0.914755
simvarmass_bd15c14a	SimVar1000	SimVar1000	124	2027	0.949765	442	23027	0.166192
simvarmass_bd7d09a7	SimVar1000	SimVar1000	85	2948	0.900820	1051	3401	0.888664
simvarmass_bdd233cf	SimVar1000	SimVar1000	160	1669	0.943375	722	1895	0.928153
simvarmass_be5467f1	SimVar1000	SimVar1000	106	953	0.951904	387	1023	0.960310
simvarmass_beb154e3	SimVar1000	SimVar1000	675	1373	0.909573	212	1600	0.966728
simvarmass_bfbc137d	SimVar1000	SimVar1000	151	3544	0.853162	572	20115	0.317986
simvarmass_c058a35b	SimVar1000	SimVar1000	800	2534	0.832184	248	3282	0.947646
simvarmass_c1437e96	SimVar1000	SimVar1000	1566	869	0.312984	395	4003	0.899965
simvarmass_c1d5bf12	SimVar1000	SimVar1000	599	1460	0.779172	119	2183	0.967323
simvarmass_c1e14fbf	SimVar1000	SimVar1000	1991	723	0.261814	63	18800	0.339322
simvarmass_c2065f19	SimVar1000	SimVar1000	137	616	0.966222	513	660	0.976462
simvarmass_c3161682	SimVar1000	SimVar1000	993	1133	0.546947	236	2792	0.947604
simvarmass_c347b06f	SimVar1000	SimVar1000	36	792	0.957678	186	835	0.969947
simvarmass_c3b64c6f	SimVar1000	SimVar1000	1404	1605	0.584913	144	3361	0.922419
simvarmass_c3c4bfa6	SimVar1000	SimVar1000	191	452	0.954593	542	489	0.945122
simvarmass_c3d45688	SimVar1000	SimVar1000	1020	2340	0.747007	194	3482	0.935601
simvarmass_c3dc1c01	SimVar1000	SimVar1000	139	3761	0.925065	383	3970	0.915067
simvarmass_c400d673	SimVar1000	SimVar1000	133	2592	0.927292	825	2946	0.911418
simvarmass_c41fa130	SimVar1000	SimVar1000	56	3454	0.928523	695	3861	0.918836
simvarmass_c4602667	SimVar1000	SimVar1000	75	3441	0.928225	130	20317	0.292902
simvarmass_c4662f60	SimVar1000	SimVar1000	109	1981	0.932579	403	2086	0.939038
simvarmass_c47275cd	SimVar1000	SimVar1000	82	3338	0.892225	753	3708	0.887356
simvarmass_c497c2ee	SimVar1000	SimVar1000	1131	1918	0.760055	35	20501	0.240711
simvarmass_c49f6224	SimVar1000	SimVar1000	112	3773	0.927439	483	4037	0.929736
simvarmass_c4a0b581	SimVar1000	SimVar1000	157	2019	0.952988	339	23302	0.164759
simvarmass_c573dc3b	SimVar1000	SimVar1000	115	760	0.959596	355	806	0.963190
simvarmass_c5881458	SimVar1000	SimVar1000	78	1250	0.953107	297	1313	0.960536
simvarmass_c5f2b379	SimVar1000	SimVar1000	95	1855	0.945223	464	1955	0.947081
simvarmass_c66cd307	SimVar1000	SimVar1000	1152	667	0.394784	113	2511	0.957455
simvarmass_c6e07f08	SimVar1000	SimVar1000	183	2677	0.942274	170	21979	0.220781
simvarmass_c6f7830b	SimVar1000	SimVar1000	43	78	0.917647	585	89	0.872928
simvarmass_c7150cc2	SimVar1000	SimVar1000	106	3191	0.937868	383	3413	0.938694
simvarmass_c7d08b62	SimVar1000	SimVar1000	1401	297	0.167939	129	2962	0.945824
simvarmass_c812c142	SimVar1000	SimVar1000	739	1620	0.546743	267	3766	0.919227
simvarmass_c8f362b2	SimVar1000	SimVar1000	122	822	0.966451	853	963	0.923913
simvarmass_c8f52af5	SimVar1000	SimVar1000	70	3395	0.936370	267	21251	0.278316
simvarmass_c92b8fb3	SimVar1000	SimVar1000	265	2895	0.876571	390	3307	0.928297
simvarmass_c98035bc	SimVar1000	SimVar1000	106	3319	0.892504	377	21058	0.278548
simvarmass_c9d6bfa6	SimVar1000	SimVar1000	152	2625	0.817879	1001	21655	0.253285
simvarmass_c9f6e910	SimVar1000	SimVar1000	152	2952	0.937420	536	21489	0.245474
simvarmass_ca1004cd	SimVar1000	SimVar1000	170	1967	0.948613	816	2147	0.941503
simvarmass_ca611d34	SimVar1000	SimVar1000	99	2740	0.931111	166	21643	0.226777
simvarmass_ca6ca1ee	SimVar1000	SimVar1000	123	1022	0.955083	711	23225	0.087260
simvarmass_cb60fb8f	SimVar1000	SimVar1000	129	3163	0.932036	124	20594	0.269431
simvarmass_cb9efa31	SimVar1000	SimVar1000	79	1079	0.957409	141	1130	0.971800
simvarmass_cc4375a8	SimVar1000	SimVar1000	106	1851	0.947125	440	23108	0.152825
simvarmass_ccc0c5d5	SimVar1000	SimVar1000	319	468	0.178831	427	4270	0.922532
simvarmass_cd13e995	SimVar1000	SimVar1000	445	3299	0.923142	54	19689	0.295840
simvarmass_cd3977da	SimVar1000	SimVar1000	658	2491	0.774204	226	3486	0.918977
simvarmass_cd7b8fa7	SimVar1000	SimVar1000	76	3124	0.922531	657	3308	0.920841
simvarmass_cdcf66fd	SimVar1000	SimVar1000	466	1923	0.812421	213	2535	0.930789
simvarmass_ce301f80	SimVar1000	SimVar1000	144	1553	0.947208	971	1763	0.921709
simvarmass_ce78f771	SimVar1000	SimVar1000	94	1080	0.951499	120	25573	0.083405
simvarmass_cf48b1ae	SimVar1000	SimVar1000	102	2105	0.955082	318	2222	0.962652
simvarmass_cfa1841c	SimVar1000	SimVar1000	82	1699	0.958263	274	1759	0.958403
simvarmass_cff078cd	SimVar1000	SimVar1000	151	4041	0.910115	176	19692	0.337397
simvarmass_d013d641	SimVar1000	SimVar1000	874	1422	0.670913	256	2578	0.940130
simvarmass_d053681a	SimVar1000	SimVar1000	695	993	0.347872	131	19206	0.351726
simvarmass_d065c8b5	SimVar1000	SimVar1000	131	3202	0.888696	799	20425	0.276002
simvarmass_d09ffdcc	SimVar1000	SimVar1000	56	263	0.968692	548	299	0.960276
simvarmass_d174a7f0	SimVar1000	SimVar1000	169	551	0.962248	1147	656	0.906752
simvarmass_d195f8ed	SimVar1000	SimVar1000	296	3419	0.868615	418	3872	0.900877
simvarmass_d2328572	SimVar1000	SimVar1000	142	791	0.952899	706	932	0.925988
simvarmass_d233262c	SimVar1000	SimVar1000	102	2960	0.941158	746	3260	0.925926
simvarmass_d2705cad	SimVar1000	SimVar1000	1801	976	0.450185	64	2956	0.932236
simvarmass_d276a605	SimVar1000	SimVar1000	105	2089	0.947822	685	2353	0.928938
simvarmass_d2845c5c	SimVar1000	SimVar1000	139	2108	0.886633	576	22916	0.185777
simvarmass_d2e1ee0e	SimVar1000	SimVar1000	101	131	0.939068	366	152	0.946667
simvarmass_d3b3e0e0	SimVar1000	SimVar1000	84	2547	0.939852	115	21795	0.212988
simvarmass_d3d3924d	SimVar1000	SimVar1000	84	1642	0.957689	623	1810	0.946314
simvarmass_d430e49c	SimVar1000	SimVar1000	NaN	NaN	0.034347	92	19587	0.321719
simvarmass_d48ff508	SimVar1000	SimVar1000	163	1018	0.957999	958	1196	0.915107
simvarmass_d4a68a15	SimVar1000	SimVar1000	1355	292	0.115758	145	4049	0.914338
simvarmass_d4f54e99	SimVar1000	SimVar1000	1393	1386	0.668598	294	2595	0.958894
simvarmass_d50d1294	SimVar1000	SimVar1000	143	1996	0.799141	1487	21199	0.206304
simvarmass_d59a2975	SimVar1000	SimVar1000	117	928	0.966667	496	25014	0.074444
simvarmass_d652ed10	SimVar1000	SimVar1000	1803	229	0.087992	468	4502	0.916860
simvarmass_d7365209	SimVar1000	SimVar1000	1545	530	0.238202	318	3451	0.929589
simvarmass_d7890311	SimVar1000	SimVar1000	111	2315	0.756839	1058	22963	0.126118
simvarmass_d78e020e	SimVar1000	SimVar1000	54	185	0.929648	288	194	0.928747
simvarmass_d80351b1	SimVar1000	SimVar1000	1104	1219	0.560847	225	2890	0.942838
simvarmass_d82c18aa	SimVar1000	SimVar1000	62	1904	0.950337	376	1991	0.956033
simvarmass_d836cd73	SimVar1000	SimVar1000	94	1062	0.948695	570	24396	0.087494
simvarmass_d845be36	SimVar1000	SimVar1000	137	2778	0.917425	599	2916	0.920563
simvarmass_d8654c95	SimVar1000	SimVar1000	125	39	0.838710	714	54	0.759259
simvarmass_d874cbbf	SimVar1000	SimVar1000	134	354	0.812796	1009	24736	0.037818
simvarmass_d88b2079	SimVar1000	SimVar1000	147	1486	0.880579	791	24151	0.131019
simvarmass_d8c2ef0a	SimVar1000	SimVar1000	118	1751	0.943111	212	1825	0.945810
simvarmass_d8cb7e20	SimVar1000	SimVar1000	93	262	0.952727	215	279	0.966490
simvarmass_d95c32cd	SimVar1000	SimVar1000	71	958	0.947108	265	1033	0.966635
simvarmass_d96de116	SimVar1000	SimVar1000	150	2960	0.930020	131	21325	0.245510
simvarmass_d97954b4	SimVar1000	SimVar1000	59	1051	0.952424	351	1106	0.962865
simvarmass_d9947da0	SimVar1000	SimVar1000	142	394	0.914355	701	25141	0.032609
simvarmass_d9fdb7af	SimVar1000	SimVar1000	152	2798	0.914464	849	3198	0.897242
simvarmass_da05d504	SimVar1000	SimVar1000	76	2298	0.948173	254	22645	0.187614
simvarmass_da378e15	SimVar1000	SimVar1000	47	308	0.940092	733	337	0.955882
simvarmass_daacaf19	SimVar1000	SimVar1000	96	2513	0.938189	309	2615	0.937878
simvarmass_db2ba867	SimVar1000	SimVar1000	149	422	0.975723	958	26424	0.032679
simvarmass_db56d1d4	SimVar1000	SimVar1000	127	2679	0.916968	999	3128	0.893074
simvarmass_dbcabce0	SimVar1000	SimVar1000	116	483	0.964965	480	527	0.953020
simvarmass_dc3c980d	SimVar1000	SimVar1000	132	590	0.955372	493	630	0.953600
simvarmass_dc583fb6	SimVar1000	SimVar1000	96	1454	0.955008	339	1537	0.953964
simvarmass_dcde65ef	SimVar1000	SimVar1000	124	3831	0.844319	801	20166	0.340111
simvarmass_dd399522	SimVar1000	SimVar1000	133	2050	0.946954	492	2196	0.946449
simvarmass_dd6742a1	SimVar1000	SimVar1000	649	1822	0.813938	132	2468	0.954909
simvarmass_dded9e36	SimVar1000	SimVar1000	125	327	0.961765	728	385	0.918699
simvarmass_de3181ba	SimVar1000	SimVar1000	40	356	0.946809	103	374	0.966234
simvarmass_de9f2dc4	SimVar1000	SimVar1000	130	1754	0.948364	166	24020	0.139727
simvarmass_deaf7c95	SimVar1000	SimVar1000	1698	286	0.302966	142	1513	0.965650
simvarmass_decc66e0	SimVar1000	SimVar1000	54	1440	0.945982	172	1510	0.951706
simvarmass_ded2d912	SimVar1000	SimVar1000	517	3987	0.902890	38	18392	0.371847
simvarmass_def0b7ad	SimVar1000	SimVar1000	353	3074	0.869221	113	20079	0.289891
simvarmass_df06413e	SimVar1000	SimVar1000	1449	722	0.420378	93	2461	0.949749
simvarmass_df609ec6	SimVar1000	SimVar1000	135	2405	0.940371	872	2661	0.920871
simvarmass_df6d009d	SimVar1000	SimVar1000	143	3255	0.919355	789	3548	0.901236
simvarmass_df6de312	SimVar1000	SimVar1000	519	2899	0.746107	402	4233	0.906315
simvarmass_df8b24be	SimVar1000	SimVar1000	1312	1384	0.504006	142	3656	0.935858
simvarmass_dfd9f0cb	SimVar1000	SimVar1000	146	3922	0.876760	1096	19410	0.343628
simvarmass_dfed5afd	SimVar1000	SimVar1000	1402	547	0.242143	196	3463	0.925209
simvarmass_e018a46b	SimVar1000	SimVar1000	152	1985	0.949437	330	23349	0.159768
simvarmass_e05133fd	SimVar1000	SimVar1000	660	1126	0.571574	173	2580	0.944012
simvarmass_e0c5c6fe	SimVar1000	SimVar1000	558	3636	0.863285	175	4148	0.916135
simvarmass_e0d59209	SimVar1000	SimVar1000	59	605	0.962550	224	642	0.975232
simvarmass_e1374a5a	SimVar1000	SimVar1000	157	324	0.967164	559	26126	0.025536
simvarmass_e1427067	SimVar1000	SimVar1000	61	2548	0.930921	323	2660	0.933381
simvarmass_e14878ff	SimVar1000	SimVar1000	1419	446	0.168843	295	4248	0.917116
simvarmass_e165459e	SimVar1000	SimVar1000	154	1375	0.898350	831	23853	0.122863
simvarmass_e18c1ab4	SimVar1000	SimVar1000	42	2307	0.946462	71	21850	0.195430
simvarmass_e1a008cd	SimVar1000	SimVar1000	783	1496	0.712211	207	2486	0.943941
simvarmass_e1db6151	SimVar1000	SimVar1000	419	2546	0.931407	417	2712	0.950470
simvarmass_e22b6a44	SimVar1000	SimVar1000	243	2772	0.946990	75	21184	0.233965
simvarmass_e23ab5dd	SimVar1000	SimVar1000	92	24	0.793103	206	28054	0.001638
simvarmass_e287be37	SimVar1000	SimVar1000	43	3105	0.932252	86	20629	0.261858
simvarmass_e2a72306	SimVar1000	SimVar1000	90	2627	0.915065	473	2779	0.919986
simvarmass_e2a8d5e2	SimVar1000	SimVar1000	160	1635	0.961131	701	1767	0.955215
simvarmass_e2aad6e7	SimVar1000	SimVar1000	123	2423	0.917620	255	22563	0.200441
simvarmass_e32a48a8	SimVar1000	SimVar1000	569	2269	0.890502	235	2590	0.937050
simvarmass_e356d4a7	SimVar1000	SimVar1000	147	2898	0.935406	476	21734	0.237796
simvarmass_e381c60b	SimVar1000	SimVar1000	47	876	0.970637	61	25304	0.069378
simvarmass_e3c941c3	SimVar1000	SimVar1000	110	997	0.955353	431	25478	0.077925
simvarmass_e3fc6056	SimVar1000	SimVar1000	108	3728	0.891807	417	20150	0.314619
simvarmass_e426384c	SimVar1000	SimVar1000	1058	1140	0.415831	458	3878	0.916434
simvarmass_e4790b66	SimVar1000	SimVar1000	1599	455	0.327103	151	2166	0.961051
simvarmass_e4c0b05b	SimVar1000	SimVar1000	51	2693	0.932617	477	2849	0.930005
simvarmass_e6269848	SimVar1000	SimVar1000	1573	914	0.427402	120	3044	0.945216
simvarmass_e63a952e	SimVar1000	SimVar1000	716	2724	0.768992	145	3751	0.917499
simvarmass_e64faa7a	SimVar1000	SimVar1000	88	1006	0.964063	418	1090	0.961769
simvarmass_e6ae5632	SimVar1000	SimVar1000	123	3608	0.926078	110	19675	0.313089
simvarmass_e6d07cd9	SimVar1000	SimVar1000	166	3429	0.919930	539	20633	0.287964
simvarmass_e6e0008a	SimVar1000	SimVar1000	120	1832	0.959413	390	1951	0.958354
simvarmass_e6f0924e	SimVar1000	SimVar1000	134	1909	0.944032	543	23300	0.157615
simvarmass_e71cd64f	SimVar1000	SimVar1000	119	2536	0.937824	657	2726	0.930282
simvarmass_e7217135	SimVar1000	SimVar1000	57	575	0.959933	245	601	0.970588
simvarmass_e7415e3e	SimVar1000	SimVar1000	60	204	0.960000	269	216	0.988558
simvarmass_e74193a0	SimVar1000	SimVar1000	666	1658	0.944191	229	1776	0.970248
simvarmass_e7425106	SimVar1000	SimVar1000	154	3189	0.910525	390	21421	0.263033
simvarmass_e76e8e1d	SimVar1000	SimVar1000	1361	776	0.374066	196	3098	0.947921
simvarmass_e7d86f55	SimVar1000	SimVar1000	104	3778	0.898922	971	4208	0.880410
simvarmass_e805a6ea	SimVar1000	SimVar1000	137	2215	0.847165	979	21922	0.211498
simvarmass_e8772445	SimVar1000	SimVar1000	1088	664	0.262502	308	4064	0.938409
simvarmass_e88de22b	SimVar1000	SimVar1000	77	787	0.965052	287	827	0.969479
simvarmass_e8d201d7	SimVar1000	SimVar1000	158	2504	0.936250	155	22077	0.206163
simvarmass_e8e16044	SimVar1000	SimVar1000	1120	1810	0.680963	90	3183	0.947227
simvarmass_e9c01814	SimVar1000	SimVar1000	83	2251	0.908023	221	22731	0.186969
simvarmass_ea197f0a	SimVar1000	SimVar1000	61	1259	0.953753	254	1307	0.962025
simvarmass_ea5cd2e0	SimVar1000	SimVar1000	63	3967	0.905126	638	4378	0.891167
simvarmass_eab08179	SimVar1000	SimVar1000	120	3713	0.910032	334	3830	0.908274
simvarmass_ead1808a	SimVar1000	SimVar1000	53	3838	0.916896	444	4059	0.905405
simvarmass_eb091d20	SimVar1000	SimVar1000	73	2052	0.947514	147	22858	0.169512
simvarmass_eb0a5746	SimVar1000	SimVar1000	150	586	0.961921	1108	726	0.900593
simvarmass_eb38558e	SimVar1000	SimVar1000	41	471	0.953441	152	502	0.973503
simvarmass_eb67dbde	SimVar1000	SimVar1000	127	732	0.956806	326	792	0.965995
simvarmass_eb7e930c	SimVar1000	SimVar1000	1279	1712	0.547958	27	18693	0.336864
simvarmass_eb99d8ff	SimVar1000	SimVar1000	1702	781	0.427711	274	2626	0.943060
simvarmass_eba86414	SimVar1000	SimVar1000	263	2357	0.804986	306	3124	0.930998
simvarmass_ebb67b3a	SimVar1000	SimVar1000	110	142	0.871166	766	189	0.815013
simvarmass_ec107c19	SimVar1000	SimVar1000	147	1885	0.949735	827	22528	0.159255
simvarmass_ec95a07e	SimVar1000	SimVar1000	95	3095	0.926581	320	21243	0.256949
simvarmass_ecf4b772	SimVar1000	SimVar1000	72	191	0.955000	306	208	0.964029
simvarmass_ecf95783	SimVar1000	SimVar1000	145	1533	0.699183	1104	22158	0.197832
simvarmass_edff7110	SimVar1000	SimVar1000	148	2839	0.940981	543	3015	0.938144
simvarmass_ee037e89	SimVar1000	SimVar1000	141	2167	0.932357	342	2266	0.936933
simvarmass_ee0b04b9	SimVar1000	SimVar1000	879	204	0.198637	182	1783	0.964492
simvarmass_ee758b42	SimVar1000	SimVar1000	151	3352	0.908224	346	21178	0.273739
simvarmass_ef76d16c	SimVar1000	SimVar1000	125	1678	0.955803	532	1821	0.947397
simvarmass_efa9c49e	SimVar1000	SimVar1000	1139	1607	0.684558	83	2741	0.936696
simvarmass_f007f81e	SimVar1000	SimVar1000	119	145	0.950820	407	162	0.931677
simvarmass_f010b067	SimVar1000	SimVar1000	648	2972	0.934297	426	3166	0.943258
simvarmass_f05c0e48	SimVar1000	SimVar1000	168	1222	0.963722	630	1400	0.934414
simvarmass_f117aadd	SimVar1000	SimVar1000	361	2864	0.831614	268	3478	0.912098
simvarmass_f1184a43	SimVar1000	SimVar1000	1865	696	0.265244	309	3919	0.897651
simvarmass_f12c1da8	SimVar1000	SimVar1000	109	800	0.958658	240	858	0.970469
simvarmass_f15dc045	SimVar1000	SimVar1000	75	862	0.960446	255	916	0.960519
simvarmass_f15e1b2a	SimVar1000	SimVar1000	87	3855	0.916081	204	19824	0.324415
simvarmass_f1a37d16	SimVar1000	SimVar1000	135	724	0.961385	523	806	0.957071
simvarmass_f1a58a86	SimVar1000	SimVar1000	147	187	0.931937	383	27675	0.013706
simvarmass_f20eaa64	SimVar1000	SimVar1000	162	1568	0.950820	1123	2018	0.877137
simvarmass_f21954be	SimVar1000	SimVar1000	1047	2834	0.762340	97	18950	0.338584
simvarmass_f294b35b	SimVar1000	SimVar1000	177	567	0.956962	762	646	0.935127
simvarmass_f34e527c	SimVar1000	SimVar1000	213	3565	0.911953	360	3740	0.907748
simvarmass_f38ffa44	SimVar1000	SimVar1000	162	1798	0.948759	125	23768	0.143190
simvarmass_f46f4548	SimVar1000	SimVar1000	149	2970	0.928784	429	3119	0.926583
simvarmass_f4c0e856	SimVar1000	SimVar1000	79	588	0.965517	364	628	0.977742
simvarmass_f5080c19	SimVar1000	SimVar1000	131	2300	0.938075	228	23010	0.184744
simvarmass_f5160ca2	SimVar1000	SimVar1000	125	3868	0.906135	811	20521	0.317065
simvarmass_f54fb0ed	SimVar1000	SimVar1000	82	1411	0.953378	179	1474	0.961297
simvarmass_f6203b49	SimVar1000	SimVar1000	59	2295	0.920048	205	22853	0.188205
simvarmass_f620bf30	SimVar1000	SimVar1000	103	1963	0.936933	69	22988	0.159692
simvarmass_f6405985	SimVar1000	SimVar1000	119	1091	0.953927	384	1186	0.949452
simvarmass_f6871db9	SimVar1000	SimVar1000	1627	335	0.141142	582	4162	0.924189
simvarmass_f767fb2a	SimVar1000	SimVar1000	137	2164	0.931749	303	22873	0.177908
simvarmass_f7a7b921	SimVar1000	SimVar1000	136	2124	0.938911	191	23062	0.172926
simvarmass_f7d7d223	SimVar1000	SimVar1000	77	2491	0.932410	463	2648	0.936340
simvarmass_f7da6ac3	SimVar1000	SimVar1000	53	3461	0.929407	124	20607	0.289387
simvarmass_f86b8d6a	SimVar1000	SimVar1000	149	2302	0.949649	594	2522	0.944730
simvarmass_f86bc8cd	SimVar1000	SimVar1000	101	3771	0.882318	719	19922	0.327538
simvarmass_f8c8f68e	SimVar1000	SimVar1000	152	3484	0.924343	599	3613	0.919222
simvarmass_f8d14033	SimVar1000	SimVar1000	145	3008	0.921849	1097	3295	0.908235
simvarmass_f8f49276	SimVar1000	SimVar1000	1019	580	0.773849	222	891	0.980110
simvarmass_f9124705	SimVar1000	SimVar1000	1242	818	0.429509	319	2749	0.935192
simvarmass_f96456a7	SimVar1000	SimVar1000	66	1692	0.956473	195	23872	0.135158
simvarmass_f9908f84	SimVar1000	SimVar1000	107	2461	0.940524	350	22456	0.202981
simvarmass_fa2d5fb3	SimVar1000	SimVar1000	954	1198	0.761602	116	1828	0.964513
simvarmass_fa4623eb	SimVar1000	SimVar1000	522	2945	0.797455	130	3744	0.910690
simvarmass_fa538008	SimVar1000	SimVar1000	91	2756	0.889577	443	21897	0.238915
simvarmass_fa94dee8	SimVar1000	SimVar1000	125	505	0.961612	929	576	0.939802
simvarmass_fad5bda7	SimVar1000	SimVar1000	131	2829	0.924339	444	3009	0.921352
simvarmass_faec5751	SimVar1000	SimVar1000	821	1111	0.450984	142	3303	0.920073
simvarmass_faff5b6e	SimVar1000	SimVar1000	147	646	0.945055	791	739	0.935528
simvarmass_fb0d8e36	SimVar1000	SimVar1000	145	3415	0.927832	147	20638	0.283795
simvarmass_fb3188b3	SimVar1000	SimVar1000	1444	1497	0.576767	282	3341	0.941294
simvarmass_fb4a4559	SimVar1000	SimVar1000	1271	1171	0.477375	399	3462	0.928165
simvarmass_fb7d4150	SimVar1000	SimVar1000	65	2779	0.937859	614	2931	0.934804
simvarmass_fbfaa1cf	SimVar1000	SimVar1000	170	2344	0.941959	844	2605	0.914800
simvarmass_fc3a9d18	SimVar1000	SimVar1000	148	86	0.960452	409	28009	0.006477
simvarmass_fcb0bd6f	SimVar1000	SimVar1000	44	956	0.959839	218	999	0.965111
simvarmass_fe115fac	SimVar1000	SimVar1000	1547	270	0.298343	150	1487	0.963991
simvarmass_fe214e9f	SimVar1000	SimVar1000	152	388	0.955665	496	454	0.929385
simvarmass_fe39eea6	SimVar1000	SimVar1000	146	2041	0.929076	602	2233	0.925497
simvarmass_fe535e59	SimVar1000	SimVar1000	70	2304	0.950279	710	2541	0.939811
simvarmass_fe619ce4	SimVar1000	SimVar1000	128	1122	0.958155	490	1228	0.960784
simvarmass_fe677c52	SimVar1000	SimVar1000	135	2986	0.897485	791	21051	0.243808
simvarmass_fe7a8fb0	SimVar1000	SimVar1000	456	1936	0.707861	208	3235	0.944600
simvarmass_feb6f796	SimVar1000	SimVar1000	139	3228	0.927448	303	21172	0.264903
simvarmass_febefd1f	SimVar1000	SimVar1000	1040	2199	0.718510	48	19708	0.287262
simvarmass_fedb75d7	SimVar1000	SimVar1000	124	1803	0.933613	673	22138	0.155968
simvarmass_ff505f61	SimVar1000	SimVar1000	790	106	0.051381	570	3818	0.936463
simvarmass_ffa14762	SimVar1000	SimVar1000	108	3379	0.849635	432	3954	0.900692
simvarmass_CY5L_0187fc2d	SimCY5L	SimCY5L	265	943	0.666902	143	1751	0.954345
simvarmass_CY5L_03be411c	SimCY5L	SimCY5L	229	585	0.740506	238	965	0.968367
simvarmass_CY5L_041707a3	SimCY5L	SimCY5L	33	564	0.952703	229	598	0.957307
simvarmass_CY5L_04cdf185	SimCY5L	SimCY5L	97	1736	0.937365	180	1840	0.953256
simvarmass_CY5L_06ba1502	SimCY5L	SimCY5L	36	1032	0.957249	265	1074	0.965360
simvarmass_CY5L_07960359	SimCY5L	SimCY5L	189	1725	0.812058	155	2271	0.939900
simvarmass_CY5L_07ecb936	SimCY5L	SimCY5L	450	291	0.249034	118	1851	0.941630
simvarmass_CY5L_088d2413	SimCY5L	SimCY5L	75	908	0.957761	276	969	0.973913
simvarmass_CY5L_08a8e0d5	SimCY5L	SimCY5L	141	1019	0.830819	215	1340	0.960346
simvarmass_CY5L_08c1fcc9	SimCY5L	SimCY5L	28	681	0.961186	297	716	0.975207
simvarmass_CY5L_08f3289c	SimCY5L	SimCY5L	31	1482	0.952136	247	1567	0.959350
simvarmass_CY5L_093ec882	SimCY5L	SimCY5L	213	879	0.776845	146	1284	0.953523
simvarmass_CY5L_0a302ca1	SimCY5L	SimCY5L	23	22	0.698413	119	25	0.757576
simvarmass_CY5L_0ad43798	SimCY5L	SimCY5L	202	968	0.835563	192	1267	0.959480
simvarmass_CY5L_0b18a890	SimCY5L	SimCY5L	35	1015	0.951265	237	1072	0.963943
simvarmass_CY5L_0d37d952	SimCY5L	SimCY5L	336	539	0.598889	202	1201	0.963444
simvarmass_CY5L_10670cf2	SimCY5L	SimCY5L	373	323	0.449861	98	1052	0.963510
simvarmass_CY5L_107b9d3d	SimCY5L	SimCY5L	145	842	0.886316	133	1011	0.972450
simvarmass_CY5L_10eeafd5	SimCY5L	SimCY5L	53	1335	0.952517	253	1391	0.959748
simvarmass_CY5L_10f3bb0a	SimCY5L	SimCY5L	44	951	0.960121	297	1016	0.963832
simvarmass_CY5L_11169287	SimCY5L	SimCY5L	34	678	0.956215	209	728	0.963165
simvarmass_CY5L_1134940f	SimCY5L	SimCY5L	227	1246	0.795912	128	1750	0.959010
simvarmass_CY5L_12ac335e	SimCY5L	SimCY5L	336	362	0.449132	214	1179	0.965830
simvarmass_CY5L_13e08ce8	SimCY5L	SimCY5L	350	540	0.448505	146	1684	0.941441
simvarmass_CY5L_14bcf616	SimCY5L	SimCY5L	38	590	0.954545	196	616	0.968203
simvarmass_CY5L_14dede87	SimCY5L	SimCY5L	24	167	0.927778	204	171	0.939560
simvarmass_CY5L_150a2128	SimCY5L	SimCY5L	40	1455	0.945964	312	1509	0.950736
simvarmass_CY5L_1562ae4c	SimCY5L	SimCY5L	429	344	0.310189	98	1719	0.951851
simvarmass_CY5L_167c7182	SimCY5L	SimCY5L	24	308	0.966929	306	332	0.977238
simvarmass_CY5L_16a81823	SimCY5L	SimCY5L	31	611	0.953942	149	637	0.960979
simvarmass_CY5L_190a4024	SimCY5L	SimCY5L	43	1208	0.956418	176	1255	0.966161
simvarmass_CY5L_1a06e206	SimCY5L	SimCY5L	399	237	0.347507	92	1052	0.962827
simvarmass_CY5L_1ac1b13a	SimCY5L	SimCY5L	325	443	0.452503	197	1392	0.953560
simvarmass_CY5L_1c94f091	SimCY5L	SimCY5L	514	150	0.154639	197	1674	0.957852
simvarmass_CY5L_1c9c6a5f	SimCY5L	SimCY5L	56	654	0.961765	174	681	0.973324
simvarmass_CY5L_1d398611	SimCY5L	SimCY5L	132	957	0.930481	198	1053	0.970739
simvarmass_CY5L_1dc6dcaa	SimCY5L	SimCY5L	22	327	0.942363	161	349	0.963687
simvarmass_CY5L_1e495a5d	SimCY5L	SimCY5L	37	67	0.930556	196	70	0.925170
simvarmass_CY5L_1f0383ed	SimCY5L	SimCY5L	33	583	0.951060	161	617	0.963492
simvarmass_CY5L_1f2b45f8	SimCY5L	SimCY5L	467	325	0.386445	108	1251	0.954755
simvarmass_CY5L_1f939cf0	SimCY5L	SimCY5L	135	1518	0.929862	181	1640	0.960142
simvarmass_CY5L_201f7a2d	SimCY5L	SimCY5L	25	399	0.971985	123	414	0.980861
simvarmass_CY5L_22977c18	SimCY5L	SimCY5L	28	671	0.967556	118	685	0.973590
simvarmass_CY5L_22d33ae7	SimCY5L	SimCY5L	620	145	0.166955	283	1503	0.962197
simvarmass_CY5L_237f4c72	SimCY5L	SimCY5L	400	640	0.406349	138	2283	0.947632
simvarmass_CY5L_2554166f	SimCY5L	SimCY5L	23	324	0.943231	89	337	0.960000
simvarmass_CY5L_258ca893	SimCY5L	SimCY5L	46	2059	0.923354	190	2128	0.935812
simvarmass_CY5L_25a36c92	SimCY5L	SimCY5L	103	1009	0.912630	121	1126	0.966466
simvarmass_CY5L_26f50e87	SimCY5L	SimCY5L	30	80	0.969697	460	87	0.965116
simvarmass_CY5L_28d950c6	SimCY5L	SimCY5L	340	1105	0.700032	183	1890	0.951801
simvarmass_CY5L_2c4ec817	SimCY5L	SimCY5L	580	153	0.136790	189	1906	0.945363
simvarmass_CY5L_2cbc3d23	SimCY5L	SimCY5L	27	200	0.985222	328	215	0.973872
simvarmass_CY5L_2ee74e9f	SimCY5L	SimCY5L	27	414	0.952819	294	449	0.980088
simvarmass_CY5L_30cb6637	SimCY5L	SimCY5L	71	1856	0.943809	148	1937	0.956652
simvarmass_CY5L_32a3aeb6	SimCY5L	SimCY5L	367	581	0.423778	144	1983	0.941120
simvarmass_CY5L_33842744	SimCY5L	SimCY5L	395	772	0.489692	176	2186	0.952923
simvarmass_CY5L_340e180a	SimCY5L	SimCY5L	486	427	0.324468	7	17005	0.207913
simvarmass_CY5L_3411b650	SimCY5L	SimCY5L	152	1125	0.946970	116	1187	0.967186
simvarmass_CY5L_3417dfb5	SimCY5L	SimCY5L	73	1539	0.942113	128	1602	0.953726
simvarmass_CY5L_34ee1647	SimCY5L	SimCY5L	506	418	0.310781	122	2075	0.948700
simvarmass_CY5L_35a74d8f	SimCY5L	SimCY5L	36	977	0.954568	157	1012	0.969260
simvarmass_CY5L_3ac13591	SimCY5L	SimCY5L	505	409	0.306023	7	18025	0.205629
simvarmass_CY5L_3baeb3a0	SimCY5L	SimCY5L	28	535	0.971844	258	558	0.983986
simvarmass_CY5L_3c3d0b00	SimCY5L	SimCY5L	21	39	0.906977	85	41	0.931818
simvarmass_CY5L_3ce660ee	SimCY5L	SimCY5L	203	952	0.849107	201	1241	0.968762
simvarmass_CY5L_3f293d0a	SimCY5L	SimCY5L	170	1487	0.844078	133	1861	0.948395
simvarmass_CY5L_3fbeb461	SimCY5L	SimCY5L	233	402	0.591611	95	895	0.958963
simvarmass_CY5L_404f03b0	SimCY5L	SimCY5L	194	1514	0.841959	150	1905	0.947553
simvarmass_CY5L_432f525a	SimCY5L	SimCY5L	396	214	0.349388	106	967	0.969666
simvarmass_CY5L_433b52eb	SimCY5L	SimCY5L	29	572	0.966921	207	593	0.975000
simvarmass_CY5L_445780d7	SimCY5L	SimCY5L	360	599	0.474080	129	1779	0.943620
simvarmass_CY5L_463f3d0e	SimCY5L	SimCY5L	361	613	0.592843	95	1364	0.962753
simvarmass_CY5L_481edd78	SimCY5L	SimCY5L	201	1370	0.759290	178	2032	0.941893
simvarmass_CY5L_4824bda2	SimCY5L	SimCY5L	403	715	0.584150	193	1641	0.966212
simvarmass_CY5L_4952c9ea	SimCY5L	SimCY5L	28	312	0.968944	212	326	0.975684
simvarmass_CY5L_4af3b5c2	SimCY5L	SimCY5L	34	954	0.971487	249	982	0.976908
simvarmass_CY5L_4b06e1a1	SimCY5L	SimCY5L	32	651	0.953846	252	686	0.961429
simvarmass_CY5L_4b8f9368	SimCY5L	SimCY5L	31	192	0.948148	259	208	0.926366
simvarmass_CY5L_4ba4183d	SimCY5L	SimCY5L	431	465	0.343681	110	2018	0.945292
simvarmass_CY5L_4e1231de	SimCY5L	SimCY5L	21	139	0.905537	129	147	0.933333
simvarmass_CY5L_500608c2	SimCY5L	SimCY5L	53	2189	0.927721	104	2248	0.939744
simvarmass_CY5L_5090057d	SimCY5L	SimCY5L	111	1611	0.907861	142	1769	0.950634
simvarmass_CY5L_525c29df	SimCY5L	SimCY5L	174	1102	0.864653	175	1386	0.967173
simvarmass_CY5L_539f9527	SimCY5L	SimCY5L	26	379	0.969309	155	395	0.979950
simvarmass_CY5L_53d5d0cc	SimCY5L	SimCY5L	337	521	0.412837	175	1852	0.942672
simvarmass_CY5L_5587e50e	SimCY5L	SimCY5L	78	1228	0.934095	210	1294	0.957265
simvarmass_CY5L_56136743	SimCY5L	SimCY5L	32	129	0.969925	270	140	0.967509
simvarmass_CY5L_56916148	SimCY5L	SimCY5L	279	860	0.694108	143	1529	0.963457
simvarmass_CY5L_56d1e161	SimCY5L	SimCY5L	33	677	0.958245	198	709	0.964706
simvarmass_CY5L_57c005f7	SimCY5L	SimCY5L	24	183	0.983871	317	194	0.986945
simvarmass_CY5L_592532aa	SimCY5L	SimCY5L	247	988	0.623541	87	1965	0.944042
simvarmass_CY5L_595bdded	SimCY5L	SimCY5L	42	731	0.953686	127	757	0.968570
simvarmass_CY5L_5a0cca46	SimCY5L	SimCY5L	33	284	0.974271	280	298	0.971524
simvarmass_CY5L_5ae7e106	SimCY5L	SimCY5L	35	811	0.954118	230	859	0.966819
simvarmass_CY5L_5ca999d3	SimCY5L	SimCY5L	494	319	0.263964	194	1942	0.951980
simvarmass_CY5L_5cdea545	SimCY5L	SimCY5L	43	1047	0.954815	178	1086	0.959641
simvarmass_CY5L_5d7bbad5	SimCY5L	SimCY5L	590	155	0.165687	100	1588	0.953995
simvarmass_CY5L_5df9ec3e	SimCY5L	SimCY5L	334	613	0.496557	285	1723	0.944957
simvarmass_CY5L_5f692ce6	SimCY5L	SimCY5L	37	720	0.960588	216	755	0.971279
simvarmass_CY5L_6133f4b1	SimCY5L	SimCY5L	472	136	0.251852	150	906	0.971892
simvarmass_CY5L_626c8c6a	SimCY5L	SimCY5L	389	600	0.529334	144	1557	0.956576
simvarmass_CY5L_629fcaa9	SimCY5L	SimCY5L	29	120	0.875912	195	140	0.884354
simvarmass_CY5L_63a09921	SimCY5L	SimCY5L	505	220	0.223464	138	1642	0.957830
simvarmass_CY5L_6421c005	SimCY5L	SimCY5L	165	588	0.818372	100	795	0.962287
simvarmass_CY5L_6464c463	SimCY5L	SimCY5L	31	1025	0.954821	272	1069	0.965769
simvarmass_CY5L_65b58cd3	SimCY5L	SimCY5L	17	2	0.444444	255	11	0.222222
simvarmass_CY5L_66024d2b	SimCY5L	SimCY5L	349	784	0.597333	205	1732	0.956619
simvarmass_CY5L_69b6847f	SimCY5L	SimCY5L	257	855	0.658960	194	1607	0.954287
simvarmass_CY5L_6b04b8c7	SimCY5L	SimCY5L	198	996	0.874835	158	1204	0.956942
simvarmass_CY5L_6c359100	SimCY5L	SimCY5L	456	157	0.309055	141	826	0.972107
simvarmass_CY5L_6ce031d4	SimCY5L	SimCY5L	35	202	0.917808	211	212	0.933036
simvarmass_CY5L_6dab5181	SimCY5L	SimCY5L	398	480	0.417210	104	1675	0.951373
simvarmass_CY5L_707ed63b	SimCY5L	SimCY5L	357	438	0.458639	105	1396	0.960948
simvarmass_CY5L_71057227	SimCY5L	SimCY5L	30	63	0.828947	158	64	0.836601
simvarmass_CY5L_750c4c5e	SimCY5L	SimCY5L	377	598	0.549128	208	1502	0.960415
simvarmass_CY5L_75f255b1	SimCY5L	SimCY5L	506	125	0.208681	135	1018	0.966045
simvarmass_CY5L_76f02db6	SimCY5L	SimCY5L	397	558	0.393373	150	2071	0.950345
simvarmass_CY5L_77874ae6	SimCY5L	SimCY5L	226	428	0.791859	108	607	0.960317
simvarmass_CY5L_78e70971	SimCY5L	SimCY5L	41	628	0.965411	241	658	0.976709
simvarmass_CY5L_7b75f26c	SimCY5L	SimCY5L	38	91	0.900990	362	99	0.904762
simvarmass_CY5L_7b9b6f0f	SimCY5L	SimCY5L	351	501	0.460055	125	1532	0.947959
simvarmass_CY5L_7c070caf	SimCY5L	SimCY5L	384	393	0.542818	120	997	0.968811
simvarmass_CY5L_7d1a3c5b	SimCY5L	SimCY5L	350	514	0.466213	29	16538	0.172692
simvarmass_CY5L_80c68fc4	SimCY5L	SimCY5L	363	415	0.423313	180	1414	0.949577
simvarmass_CY5L_80ee7cfe	SimCY5L	SimCY5L	308	826	0.631257	184	1656	0.948071
simvarmass_CY5L_82f91e7d	SimCY5L	SimCY5L	21	2	0.500000	247	16	0.181818
simvarmass_CY5L_83a9584a	SimCY5L	SimCY5L	333	588	0.506242	153	1614	0.960287
simvarmass_CY5L_83bd0ca8	SimCY5L	SimCY5L	30	456	0.950991	151	470	0.959918
simvarmass_CY5L_8410b31a	SimCY5L	SimCY5L	37	431	0.965286	340	451	0.972618
simvarmass_CY5L_897bba36	SimCY5L	SimCY5L	125	1821	0.899481	271	2048	0.942002
simvarmass_CY5L_8bf7b484	SimCY5L	SimCY5L	390	527	0.603666	114	1143	0.962743
simvarmass_CY5L_8d5d518f	SimCY5L	SimCY5L	512	360	0.307956	116	1822	0.953684
simvarmass_CY5L_8e259b70	SimCY5L	SimCY5L	29	654	0.966027	423	685	0.970397
simvarmass_CY5L_8f539d95	SimCY5L	SimCY5L	36	35	0.777778	153	38	0.774194
simvarmass_CY5L_8fe797af	SimCY5L	SimCY5L	53	1153	0.958836	368	1220	0.971683
simvarmass_CY5L_903c8326	SimCY5L	SimCY5L	566	131	0.140785	179	1609	0.948188
simvarmass_CY5L_9094ab2c	SimCY5L	SimCY5L	342	674	0.444152	133	2124	0.939576
simvarmass_CY5L_917b35e1	SimCY5L	SimCY5L	33	980	0.950899	123	1004	0.961076
simvarmass_CY5L_96198ad4	SimCY5L	SimCY5L	30	490	0.965517	229	512	0.966249
simvarmass_CY5L_96c4c192	SimCY5L	SimCY5L	73	513	0.951763	214	547	0.978417
simvarmass_CY5L_98343be9	SimCY5L	SimCY5L	619	118	0.110229	124	1875	0.949718
simvarmass_CY5L_9877a8d3	SimCY5L	SimCY5L	20	4	0.307692	227	33	0.095238
simvarmass_CY5L_99a8eb4f	SimCY5L	SimCY5L	306	1095	0.660833	90	2008	0.944405
simvarmass_CY5L_9a373e9b	SimCY5L	SimCY5L	27	317	0.940653	78	330	0.957787
simvarmass_CY5L_9ca8bccd	SimCY5L	SimCY5L	32	333	0.973684	366	354	0.987234
simvarmass_CY5L_9d179fa5	SimCY5L	SimCY5L	357	255	0.377219	197	1016	0.953147
simvarmass_CY5L_9d99e333	SimCY5L	SimCY5L	182	795	0.903409	123	903	0.956103
simvarmass_CY5L_9f809585	SimCY5L	SimCY5L	375	685	0.502015	106	1894	0.956831
simvarmass_CY5L_9f9145d3	SimCY5L	SimCY5L	391	614	0.389718	91	2269	0.941323
simvarmass_CY5L_9fd2384a	SimCY5L	SimCY5L	327	472	0.432631	292	1580	0.944073
simvarmass_CY5L_a1312b66	SimCY5L	SimCY5L	25	337	0.961373	224	367	0.954733
simvarmass_CY5L_a430d118	SimCY5L	SimCY5L	30	392	0.946731	157	413	0.953955
simvarmass_CY5L_a4d6d0bb	SimCY5L	SimCY5L	34	655	0.961765	178	689	0.971306
simvarmass_CY5L_a6e00e93	SimCY5L	SimCY5L	153	2039	0.892341	136	2297	0.948633
simvarmass_CY5L_a8047020	SimCY5L	SimCY5L	32	662	0.971345	497	687	0.974026
simvarmass_CY5L_a96389e6	SimCY5L	SimCY5L	23	320	0.960961	109	339	0.981022
simvarmass_CY5L_aa2d1ead	SimCY5L	SimCY5L	33	988	0.945855	182	1041	0.951402
simvarmass_CY5L_ab31cf1e	SimCY5L	SimCY5L	20	295	0.950081	101	308	0.958991
simvarmass_CY5L_ab88b7cd	SimCY5L	SimCY5L	323	640	0.540838	159	1591	0.953530
simvarmass_CY5L_abd7139e	SimCY5L	SimCY5L	337	662	0.485851	204	1894	0.945611
simvarmass_CY5L_ad5b63fc	SimCY5L	SimCY5L	28	78	0.871508	172	80	0.883978
simvarmass_CY5L_addda019	SimCY5L	SimCY5L	244	378	0.675603	167	712	0.971783
simvarmass_CY5L_ae0bc257	SimCY5L	SimCY5L	397	141	0.272201	114	842	0.963731
simvarmass_CY5L_b001e10f	SimCY5L	SimCY5L	434	482	0.375781	176	1929	0.949838
simvarmass_CY5L_b037e931	SimCY5L	SimCY5L	28	692	0.963788	194	724	0.976839
simvarmass_CY5L_b156f56a	SimCY5L	SimCY5L	331	977	0.641919	128	1898	0.951828
simvarmass_CY5L_b1a1efeb	SimCY5L	SimCY5L	352	915	0.558097	246	2184	0.946790
simvarmass_CY5L_b29fff8a	SimCY5L	SimCY5L	21	365	0.941935	135	386	0.967337
simvarmass_CY5L_b39363cd	SimCY5L	SimCY5L	369	572	0.436211	141	1882	0.952138
simvarmass_CY5L_b4603be1	SimCY5L	SimCY5L	23	198	0.977778	316	212	0.988067
simvarmass_CY5L_b4d3b176	SimCY5L	SimCY5L	476	267	0.249649	324	1775	0.940499
simvarmass_CY5L_b5fe215d	SimCY5L	SimCY5L	262	1185	0.664424	214	2174	0.944688
simvarmass_CY5L_b6e4ac56	SimCY5L	SimCY5L	287	595	0.577390	232	1383	0.957529
simvarmass_CY5L_b7717876	SimCY5L	SimCY5L	22	65	0.833333	121	67	0.848101
simvarmass_CY5L_b888945d	SimCY5L	SimCY5L	42	1032	0.956885	222	1076	0.968651
simvarmass_CY5L_b901537e	SimCY5L	SimCY5L	28	579	0.970662	337	613	0.976365
simvarmass_CY5L_b95234dd	SimCY5L	SimCY5L	37	909	0.959788	468	970	0.960533
simvarmass_CY5L_b9ca4f72	SimCY5L	SimCY5L	458	257	0.302709	225	1349	0.958423
simvarmass_CY5L_bae90715	SimCY5L	SimCY5L	34	711	0.936675	216	748	0.951706
simvarmass_CY5L_bf680c47	SimCY5L	SimCY5L	23	533	0.954342	182	564	0.973868
simvarmass_CY5L_bfdb01fb	SimCY5L	SimCY5L	453	422	0.329173	79	1979	0.950255
simvarmass_CY5L_c008c7b4	SimCY5L	SimCY5L	20	234	0.915851	88	247	0.942748
simvarmass_CY5L_c10f2b46	SimCY5L	SimCY5L	32	134	0.893333	200	138	0.901316
simvarmass_CY5L_c17e08be	SimCY5L	SimCY5L	24	23	0.657143	177	31	0.615385
simvarmass_CY5L_c335275c	SimCY5L	SimCY5L	338	470	0.564226	227	1164	0.966102
simvarmass_CY5L_c399cc8f	SimCY5L	SimCY5L	205	1204	0.733252	176	1886	0.944528
simvarmass_CY5L_c39aeae8	SimCY5L	SimCY5L	122	1340	0.893560	159	1558	0.953655
simvarmass_CY5L_c611a3c6	SimCY5L	SimCY5L	283	813	0.699096	99	1426	0.963215
simvarmass_CY5L_c618c353	SimCY5L	SimCY5L	104	1907	0.886094	127	2138	0.940318
simvarmass_CY5L_c761edd0	SimCY5L	SimCY5L	34	836	0.942503	117	882	0.962637
simvarmass_CY5L_c7c630f9	SimCY5L	SimCY5L	30	648	0.960653	223	675	0.970888
simvarmass_CY5L_ca22dc6d	SimCY5L	SimCY5L	26	338	0.956153	169	355	0.969613
simvarmass_CY5L_cad0905c	SimCY5L	SimCY5L	210	1365	0.818482	128	1821	0.956981
simvarmass_CY5L_cafb1423	SimCY5L	SimCY5L	22	281	0.927393	136	292	0.943274
simvarmass_CY5L_cbaf43a3	SimCY5L	SimCY5L	29	618	0.961749	166	635	0.973806
simvarmass_CY5L_cc3478bc	SimCY5L	SimCY5L	30	327	0.970326	436	347	0.979827
simvarmass_CY5L_ccdde8b6	SimCY5L	SimCY5L	538	230	0.173979	197	2224	0.951272
simvarmass_CY5L_cd845f0f	SimCY5L	SimCY5L	299	787	0.744560	150	1267	0.968389
simvarmass_CY5L_ceaa7951	SimCY5L	SimCY5L	31	127	0.973180	218	133	0.973783
simvarmass_CY5L_ced48015	SimCY5L	SimCY5L	325	968	0.573377	370	2227	0.941710
simvarmass_CY5L_d0884605	SimCY5L	SimCY5L	345	481	0.553314	172	1190	0.959902
simvarmass_CY5L_d0f3ce7f	SimCY5L	SimCY5L	38	805	0.960000	194	834	0.970657
simvarmass_CY5L_d20eccaf	SimCY5L	SimCY5L	395	165	0.399027	116	640	0.980725
simvarmass_CY5L_d2a6c082	SimCY5L	SimCY5L	25	987	0.945402	144	1029	0.963380
simvarmass_CY5L_d477463f	SimCY5L	SimCY5L	26	817	0.958920	160	855	0.970149
simvarmass_CY5L_d4f5fc46	SimCY5L	SimCY5L	149	1640	0.804423	140	2143	0.930680
simvarmass_CY5L_d52169a1	SimCY5L	SimCY5L	237	1349	0.791080	139	1898	0.951731
simvarmass_CY5L_d67250cf	SimCY5L	SimCY5L	210	801	0.683469	315	1466	0.966733
simvarmass_CY5L_d7fd035a	SimCY5L	SimCY5L	38	487	0.963403	276	512	0.976834
simvarmass_CY5L_d8102e43	SimCY5L	SimCY5L	198	821	0.808469	286	1165	0.972632
simvarmass_CY5L_d96fa1fa	SimCY5L	SimCY5L	26	641	0.955224	166	664	0.968452
simvarmass_CY5L_d9d7d7f1	SimCY5L	SimCY5L	58	1249	0.950019	188	1298	0.961798
simvarmass_CY5L_d9fc6491	SimCY5L	SimCY5L	433	666	0.475884	130	1977	0.956691
simvarmass_CY5L_daa12408	SimCY5L	SimCY5L	216	1152	0.713092	158	1905	0.945783
simvarmass_CY5L_dcbae292	SimCY5L	SimCY5L	202	1002	0.766055	313	1530	0.960560
simvarmass_CY5L_dcd5f12f	SimCY5L	SimCY5L	188	1063	0.865988	383	1343	0.965996
simvarmass_CY5L_dd038fa8	SimCY5L	SimCY5L	28	759	0.952321	167	792	0.969883
simvarmass_CY5L_df41bc25	SimCY5L	SimCY5L	31	1238	0.953408	325	1307	0.959490
simvarmass_CY5L_e158d5e9	SimCY5L	SimCY5L	31	1382	0.938859	203	1434	0.949266
simvarmass_CY5L_e2d3c3ee	SimCY5L	SimCY5L	36	1047	0.963645	168	1081	0.974173
simvarmass_CY5L_e310b86e	SimCY5L	SimCY5L	33	597	0.953526	247	648	0.971517
simvarmass_CY5L_e327cde7	SimCY5L	SimCY5L	36	786	0.957369	178	833	0.970989
simvarmass_CY5L_e3dfe44b	SimCY5L	SimCY5L	32	613	0.963079	180	644	0.976994
simvarmass_CY5L_e4216685	SimCY5L	SimCY5L	364	712	0.454371	111	2159	0.939969
simvarmass_CY5L_e5434f9d	SimCY5L	SimCY5L	402	738	0.502896	123	2026	0.952404
simvarmass_CY5L_e7479ac8	SimCY5L	SimCY5L	455	416	0.487691	133	1228	0.967434
simvarmass_CY5L_e74aa8b1	SimCY5L	SimCY5L	42	63	0.933333	206	65	0.948905
simvarmass_CY5L_e89f6af0	SimCY5L	SimCY5L	202	1060	0.834974	139	1383	0.958770
simvarmass_CY5L_e9a827f8	SimCY5L	SimCY5L	23	516	0.965388	182	537	0.981651
simvarmass_CY5L_e9b710b2	SimCY5L	SimCY5L	24	725	0.953887	129	751	0.967617
simvarmass_CY5L_ea8843b2	SimCY5L	SimCY5L	206	836	0.712702	131	1394	0.956612
simvarmass_CY5L_ec34d5b0	SimCY5L	SimCY5L	619	168	0.222812	114	1275	0.965966
simvarmass_CY5L_ec47a6ad	SimCY5L	SimCY5L	24	321	0.941349	172	333	0.959654
simvarmass_CY5L_ec97f39a	SimCY5L	SimCY5L	440	641	0.477823	170	1903	0.957668
simvarmass_CY5L_ef9dfecd	SimCY5L	SimCY5L	408	487	0.354440	337	2043	0.942379
simvarmass_CY5L_efb30c9a	SimCY5L	SimCY5L	24	526	0.966912	253	552	0.973070
simvarmass_CY5L_f09f925c	SimCY5L	SimCY5L	27	840	0.952381	160	886	0.972376
simvarmass_CY5L_f16c4f04	SimCY5L	SimCY5L	359	284	0.453312	117	909	0.963791
simvarmass_CY5L_f3ca3027	SimCY5L	SimCY5L	212	503	0.707952	134	880	0.968854
simvarmass_CY5L_f4101ca1	SimCY5L	SimCY5L	431	271	0.425432	141	959	0.973496
simvarmass_CY5L_f57370ec	SimCY5L	SimCY5L	141	1487	0.914180	232	1649	0.955757
simvarmass_CY5L_f597b922	SimCY5L	SimCY5L	219	1535	0.818448	216	2071	0.959645
simvarmass_CY5L_f687367f	SimCY5L	SimCY5L	21	221	0.913223	100	233	0.931452
simvarmass_CY5L_f71f2ae3	SimCY5L	SimCY5L	36	242	0.956522	224	263	0.960152
simvarmass_CY5L_fa5eacdd	SimCY5L	SimCY5L	156	1130	0.803413	87	1540	0.951288
simvarmass_CY5L_fa6ac544	SimCY5L	SimCY5L	218	1263	0.737796	119	1955	0.940433
simvarmass_CY5L_fd058bc6	SimCY5L	SimCY5L	26	674	0.953999	189	696	0.965854
simvarmass_CY5L_fe7b94ae	SimCY5L	SimCY5L	396	438	0.461782	190	1381	0.969014
simvarmass_CY5L_fe9feef3	SimCY5L	SimCY5L	27	613	0.952603	166	642	0.963526
simvarmass_CY5L_feb64b1c	SimCY5L	SimCY5L	287	502	0.524556	229	1333	0.962477
simvarmass_TMRL_00a36523	SimTMRL	SimTMRL	124	447	0.958199	767	498	0.957317
simvarmass_TMRL_035bbb91	SimTMRL	SimTMRL	91	949	0.962475	239	1009	0.955709
simvarmass_TMRL_03e9ae6e	SimTMRL	SimTMRL	115	2111	0.932215	348	2209	0.935812
simvarmass_TMRL_0442bcde	SimTMRL	SimTMRL	139	1459	0.945219	415	1559	0.941287
simvarmass_TMRL_051f2b11	SimTMRL	SimTMRL	85	1359	0.955908	280	1403	0.953803
simvarmass_TMRL_0618c3c0	SimTMRL	SimTMRL	108	1080	0.001840	304	8073	0.000248
simvarmass_TMRL_065cc51d	SimTMRL	SimTMRL	101	1935	0.939490	561	2088	0.927366
simvarmass_TMRL_070849ff	SimTMRL	SimTMRL	76	781	0.952439	168	820	0.962478
simvarmass_TMRL_072b5701	SimTMRL	SimTMRL	85	1218	0.953388	503	1285	0.946565
simvarmass_TMRL_091ea053	SimTMRL	SimTMRL	133	1388	0.952937	142	17552	0.150039
simvarmass_TMRL_0c7f7779	SimTMRL	SimTMRL	96	792	0.947873	311	841	0.954598
simvarmass_TMRL_0d35ae2d	SimTMRL	SimTMRL	149	819	0.943548	61	18529	0.087936
simvarmass_TMRL_0d8365fd	SimTMRL	SimTMRL	146	1024	0.953001	1007	1158	0.933859
simvarmass_TMRL_0efde4f6	SimTMRL	SimTMRL	899	410	0.283541	209	2288	0.944654
simvarmass_TMRL_0f8520f7	SimTMRL	SimTMRL	148	533	0.922010	547	603	0.944444
simvarmass_TMRL_11be5298	SimTMRL	SimTMRL	158	997	0.948325	517	1078	0.949793
simvarmass_TMRL_12d1c501	SimTMRL	SimTMRL	140	1418	0.943723	62	15698	0.170919
simvarmass_TMRL_132b0e1d	SimTMRL	SimTMRL	82	1932	0.936727	254	2039	0.939509
simvarmass_TMRL_13951781	SimTMRL	SimTMRL	136	153	0.844720	528	157	0.889571
simvarmass_TMRL_144094e6	SimTMRL	SimTMRL	143	2057	0.925232	73	15187	0.243777
simvarmass_TMRL_154fc139	SimTMRL	SimTMRL	151	1202	0.955830	827	1335	0.937264
simvarmass_TMRL_169f172d	SimTMRL	SimTMRL	185	1192	0.943606	709	1319	0.940643
simvarmass_TMRL_17945961	SimTMRL	SimTMRL	80	204	0.951049	388	225	0.937778
simvarmass_TMRL_17fcfcf4	SimTMRL	SimTMRL	172	1756	0.931071	558	1894	0.923785
simvarmass_TMRL_19c9fe8a	SimTMRL	SimTMRL	176	1887	0.893587	97	14864	0.240531
simvarmass_TMRL_1f6e6208	SimTMRL	SimTMRL	96	1686	0.943121	259	1778	0.952199
simvarmass_TMRL_1fe9cbf5	SimTMRL	SimTMRL	90	1475	0.946423	246	1535	0.954359
simvarmass_TMRL_20610138	SimTMRL	SimTMRL	104	368	0.942382	404	397	0.945679
simvarmass_TMRL_217a84bc	SimTMRL	SimTMRL	103	2061	0.931457	486	2212	0.923853
simvarmass_TMRL_217b8a01	SimTMRL	SimTMRL	120	1742	0.945425	547	1915	0.928423
simvarmass_TMRL_21a3efda	SimTMRL	SimTMRL	145	1965	0.946024	327	2081	0.937178
simvarmass_TMRL_2338f30b	SimTMRL	SimTMRL	72	447	0.937107	414	485	0.947581
simvarmass_TMRL_235d3ca8	SimTMRL	SimTMRL	109	522	0.940000	572	568	0.954625
simvarmass_TMRL_23e19e42	SimTMRL	SimTMRL	147	867	0.939837	401	956	0.949328
simvarmass_TMRL_23e7c892	SimTMRL	SimTMRL	159	2136	0.925412	121	16672	0.231878
simvarmass_TMRL_24124f4a	SimTMRL	SimTMRL	120	2213	0.430951	139	21025	0.058910
simvarmass_TMRL_248aabc0	SimTMRL	SimTMRL	110	1933	0.934398	433	2025	0.935828
simvarmass_TMRL_25a8a99e	SimTMRL	SimTMRL	180	439	0.921444	175	18988	0.049048
simvarmass_TMRL_266202bc	SimTMRL	SimTMRL	147	1532	0.920941	566	1706	0.918578
simvarmass_TMRL_273c5723	SimTMRL	SimTMRL	116	1600	0.942563	302	1681	0.948216
simvarmass_TMRL_27986836	SimTMRL	SimTMRL	100	145	0.956522	861	160	0.942675
simvarmass_TMRL_28dc6f47	SimTMRL	SimTMRL	138	1294	0.946055	520	1393	0.949008
simvarmass_TMRL_2c8705eb	SimTMRL	SimTMRL	154	106	0.909871	531	133	0.846154
simvarmass_TMRL_2c8cbd79	SimTMRL	SimTMRL	83	587	0.966255	335	630	0.965024
simvarmass_TMRL_2db7b5fd	SimTMRL	SimTMRL	164	1243	0.930746	194	17295	0.140364
simvarmass_TMRL_2e3f28f3	SimTMRL	SimTMRL	96	928	0.489445	799	387	0.875339
simvarmass_TMRL_2ebdbaf0	SimTMRL	SimTMRL	159	703	0.939987	555	772	0.940722
simvarmass_TMRL_2ef76c51	SimTMRL	SimTMRL	67	338	0.961593	400	373	0.964770
simvarmass_TMRL_32388b80	SimTMRL	SimTMRL	126	1529	0.947597	89	19736	0.147256
simvarmass_TMRL_3374d92b	SimTMRL	SimTMRL	129	1245	0.951108	336	1329	0.943005
simvarmass_TMRL_35c8d048	SimTMRL	SimTMRL	107	646	0.944282	555	711	0.939118
simvarmass_TMRL_3bb5d83a	SimTMRL	SimTMRL	102	99	0.876106	452	115	0.851240
simvarmass_TMRL_3c29f86e	SimTMRL	SimTMRL	83	2011	0.923360	314	2116	0.931685
simvarmass_TMRL_3d5487ce	SimTMRL	SimTMRL	106	2104	0.919535	548	2293	0.915368
simvarmass_TMRL_3dab40da	SimTMRL	SimTMRL	148	1200	0.958816	458	1376	0.918192
simvarmass_TMRL_40da6748	SimTMRL	SimTMRL	84	415	0.957324	236	440	0.955157
simvarmass_TMRL_4179b643	SimTMRL	SimTMRL	150	1053	0.949504	521	1133	0.950392
simvarmass_TMRL_418898bd	SimTMRL	SimTMRL	111	926	0.950668	617	1003	0.955017
simvarmass_TMRL_4415117e	SimTMRL	SimTMRL	73	1363	0.944560	258	1439	0.950034
simvarmass_TMRL_44d95a97	SimTMRL	SimTMRL	125	755	0.953885	402	806	0.953488
simvarmass_TMRL_4552f372	SimTMRL	SimTMRL	93	577	0.952931	346	611	0.947791
simvarmass_TMRL_456b410c	SimTMRL	SimTMRL	179	1240	0.955951	201	21270	0.113715
simvarmass_TMRL_45b2c534	SimTMRL	SimTMRL	67	54	0.931034	404	58	0.933333
simvarmass_TMRL_46c8a8cf	SimTMRL	SimTMRL	162	384	0.951673	138	19684	0.039389
simvarmass_TMRL_487e5f1d	SimTMRL	SimTMRL	103	1985	0.912353	326	2118	0.921429
simvarmass_TMRL_492fc7d6	SimTMRL	SimTMRL	144	1213	0.948688	763	1337	0.950318
simvarmass_TMRL_49455a7c	SimTMRL	SimTMRL	96	2065	0.932429	414	2168	0.933746
simvarmass_TMRL_4a02cbce	SimTMRL	SimTMRL	68	351	0.952510	320	380	0.955614
simvarmass_TMRL_4aff60bf	SimTMRL	SimTMRL	72	1379	0.956974	326	1448	0.962386
simvarmass_TMRL_4b89c98e	SimTMRL	SimTMRL	141	375	0.962773	427	417	0.950061
simvarmass_TMRL_4ca7c1f8	SimTMRL	SimTMRL	100	380	0.953576	447	416	0.960384
simvarmass_TMRL_4d299943	SimTMRL	SimTMRL	131	2118	0.932424	321	2228	0.943907
simvarmass_TMRL_4db68b26	SimTMRL	SimTMRL	127	1193	0.938165	306	1289	0.945731
simvarmass_TMRL_4e01ce8f	SimTMRL	SimTMRL	142	1183	0.937575	849	1311	0.923950
simvarmass_TMRL_4ee7b39c	SimTMRL	SimTMRL	92	1381	0.944596	324	1476	0.946009
simvarmass_TMRL_4fa41ff4	SimTMRL	SimTMRL	95	335	0.959885	496	360	0.965422
simvarmass_TMRL_5050c5eb	SimTMRL	SimTMRL	108	374	0.963918	418	416	0.948655
simvarmass_TMRL_51aca410	SimTMRL	SimTMRL	127	749	0.938009	451	824	0.943780
simvarmass_TMRL_531f2826	SimTMRL	SimTMRL	75	1258	0.009339	481	33	0.200000
simvarmass_TMRL_54048b1d	SimTMRL	SimTMRL	147	1881	0.927866	409	2022	0.931487
simvarmass_TMRL_54a4ef33	SimTMRL	SimTMRL	72	498	0.954938	436	534	0.960148
simvarmass_TMRL_54df1a75	SimTMRL	SimTMRL	137	1439	0.940675	125	16811	0.163166
simvarmass_TMRL_55394eb0	SimTMRL	SimTMRL	137	2126	0.927460	95	18312	0.210613
simvarmass_TMRL_577ce5ca	SimTMRL	SimTMRL	169	1907	0.897073	677	2191	0.902655
simvarmass_TMRL_58abd6b5	SimTMRL	SimTMRL	160	551	0.916173	126	20086	0.056478
simvarmass_TMRL_59ada9e0	SimTMRL	SimTMRL	136	1096	0.940722	752	1213	0.934151
simvarmass_TMRL_5bb3b255	SimTMRL	SimTMRL	172	1675	0.948565	633	1864	0.928803
simvarmass_TMRL_5d617c83	SimTMRL	SimTMRL	77	2082	0.930546	303	2174	0.931513
simvarmass_TMRL_5fefc118	SimTMRL	SimTMRL	169	1571	0.922036	584	1743	0.923551
simvarmass_TMRL_600a446c	SimTMRL	SimTMRL	130	666	0.950071	431	714	0.947586
simvarmass_TMRL_6040aa37	SimTMRL	SimTMRL	114	922	0.950026	358	1002	0.941118
simvarmass_TMRL_604ef355	SimTMRL	SimTMRL	190	1603	0.935361	626	1741	0.929435
simvarmass_TMRL_617d8a56	SimTMRL	SimTMRL	144	1974	0.922066	108	15410	0.232256
simvarmass_TMRL_633d3698	SimTMRL	SimTMRL	180	1024	0.940744	561	1104	0.941958
simvarmass_TMRL_64f6c0b0	SimTMRL	SimTMRL	104	1783	0.933997	424	1914	0.941504
simvarmass_TMRL_6676fd5c	SimTMRL	SimTMRL	72	2193	0.937246	305	2273	0.944199
simvarmass_TMRL_66b77acd	SimTMRL	SimTMRL	108	384	0.943820	477	402	0.962149
simvarmass_TMRL_6984e828	SimTMRL	SimTMRL	154	2117	0.931308	434	2296	0.923110
simvarmass_TMRL_6c313417	SimTMRL	SimTMRL	134	43	0.881720	780	56	0.811321
simvarmass_TMRL_6c6e2c30	SimTMRL	SimTMRL	83	2105	0.944108	520	2226	0.944056
simvarmass_TMRL_6dc88c32	SimTMRL	SimTMRL	72	93	0.873239	309	103	0.887892
simvarmass_TMRL_6e8cb638	SimTMRL	SimTMRL	906	370	0.279245	325	2132	0.935177
simvarmass_TMRL_6ef7c896	SimTMRL	SimTMRL	102	96	0.129032	111	17653	0.000905
simvarmass_TMRL_70a83343	SimTMRL	SimTMRL	161	914	0.918233	136	18457	0.100349
simvarmass_TMRL_721e1aef	SimTMRL	SimTMRL	122	557	0.956971	471	598	0.952618
simvarmass_TMRL_72d333b8	SimTMRL	SimTMRL	173	2063	0.940988	656	2248	0.929998
simvarmass_TMRL_79b3efaf	SimTMRL	SimTMRL	93	150	0.937500	440	163	0.948949
simvarmass_TMRL_7a76b5a4	SimTMRL	SimTMRL	122	695	0.950752	557	762	0.950948
simvarmass_TMRL_7c6cea1c	SimTMRL	SimTMRL	96	1007	0.943219	318	1077	0.953203
simvarmass_TMRL_7d35c0dc	SimTMRL	SimTMRL	152	777	0.944107	125	19826	0.079246
simvarmass_TMRL_7d3e1a6f	SimTMRL	SimTMRL	153	490	0.936782	659	573	0.917480
simvarmass_TMRL_7d4309e5	SimTMRL	SimTMRL	177	1349	0.930939	70	17734	0.147503
simvarmass_TMRL_7e9c2032	SimTMRL	SimTMRL	119	1186	0.953722	387	1262	0.942601
simvarmass_TMRL_7ed3b3eb	SimTMRL	SimTMRL	91	768	0.948543	486	824	0.946675
simvarmass_TMRL_7fab4291	SimTMRL	SimTMRL	83	1218	0.950410	198	1287	0.957414
simvarmass_TMRL_7fbc4fc0	SimTMRL	SimTMRL	115	679	0.962963	81	18282	0.073026
simvarmass_TMRL_80fee400	SimTMRL	SimTMRL	181	1967	0.940445	888	2132	0.924988
simvarmass_TMRL_8160d8bc	SimTMRL	SimTMRL	82	1463	0.945666	240	1542	0.948597
simvarmass_TMRL_81924417	SimTMRL	SimTMRL	195	1602	0.927098	193	18619	0.165103
simvarmass_TMRL_81c5ded7	SimTMRL	SimTMRL	102	621	0.945205	324	683	0.950581
simvarmass_TMRL_833b30e6	SimTMRL	SimTMRL	78	795	0.933568	299	856	0.952327
simvarmass_TMRL_83872c3e	SimTMRL	SimTMRL	93	1469	0.943032	261	1553	0.950799
simvarmass_TMRL_846117a2	SimTMRL	SimTMRL	106	1997	0.923733	428	2095	0.926852
simvarmass_TMRL_853a3a38	SimTMRL	SimTMRL	163	1800	0.903681	99	15512	0.218237
simvarmass_TMRL_87569aa8	SimTMRL	SimTMRL	130	863	0.937398	557	983	0.938171
simvarmass_TMRL_879db323	SimTMRL	SimTMRL	133	1727	0.931929	61	16236	0.196475
simvarmass_TMRL_87e73254	SimTMRL	SimTMRL	163	375	0.929397	215	17574	0.044276
simvarmass_TMRL_898211e5	SimTMRL	SimTMRL	102	1238	0.954107	317	1292	0.955043
simvarmass_TMRL_8c95d1ab	SimTMRL	SimTMRL	76	1194	0.940157	304	1262	0.945552
simvarmass_TMRL_8d74bdc9	SimTMRL	SimTMRL	151	1241	0.940145	454	1373	0.923412
simvarmass_TMRL_8e20de30	SimTMRL	SimTMRL	82	2051	0.938673	60	18538	0.200316
simvarmass_TMRL_8ea5cf01	SimTMRL	SimTMRL	161	2131	0.911154	447	2367	0.908090
simvarmass_TMRL_8f54885b	SimTMRL	SimTMRL	137	2124	0.933333	353	2261	0.929090
simvarmass_TMRL_91852647	SimTMRL	SimTMRL	114	1686	0.933222	484	1785	0.934736
simvarmass_TMRL_92519093	SimTMRL	SimTMRL	80	1364	0.948834	317	1463	0.950202
simvarmass_TMRL_92f018f0	SimTMRL	SimTMRL	101	892	0.946419	279	958	0.957458
simvarmass_TMRL_94722e72	SimTMRL	SimTMRL	87	596	0.962066	358	635	0.967136
simvarmass_TMRL_97fa77e2	SimTMRL	SimTMRL	96	306	0.128440	257	17544	0.002391
simvarmass_TMRL_9a4dbf7c	SimTMRL	SimTMRL	140	1377	0.937436	88	16408	0.160169
simvarmass_TMRL_9ab65de4	SimTMRL	SimTMRL	142	1047	0.939802	653	1180	0.929207
simvarmass_TMRL_9b2e6352	SimTMRL	SimTMRL	150	1770	0.951305	543	1877	0.948745
simvarmass_TMRL_9b8222e8	SimTMRL	SimTMRL	174	1065	0.937693	749	1256	0.917685
simvarmass_TMRL_9be462c3	SimTMRL	SimTMRL	132	644	0.956909	758	750	0.913223
simvarmass_TMRL_9d78b00c	SimTMRL	SimTMRL	77	444	0.974753	453	474	0.977683
simvarmass_TMRL_9db466e8	SimTMRL	SimTMRL	112	1088	0.947277	393	1180	0.946795
simvarmass_TMRL_9e2ebb0b	SimTMRL	SimTMRL	133	1676	0.945609	448	1818	0.932462
simvarmass_TMRL_a25afbb5	SimTMRL	SimTMRL	131	2048	0.931419	382	2171	0.929965
simvarmass_TMRL_a2e1fcdd	SimTMRL	SimTMRL	98	723	0.964643	605	774	0.963871
simvarmass_TMRL_a566aba4	SimTMRL	SimTMRL	105	386	0.930120	514	468	0.881579
simvarmass_TMRL_a62aa723	SimTMRL	SimTMRL	143	1029	0.943552	74	18703	0.108497
simvarmass_TMRL_a66b9c69	SimTMRL	SimTMRL	168	496	0.961240	156	22308	0.045526
simvarmass_TMRL_a72b8843	SimTMRL	SimTMRL	83	1165	0.950632	365	1225	0.951016
simvarmass_TMRL_a72f8a37	SimTMRL	SimTMRL	147	594	0.971947	232	20475	0.057460
simvarmass_TMRL_a8db5834	SimTMRL	SimTMRL	142	215	0.912951	706	252	0.901575
simvarmass_TMRL_aa416f85	SimTMRL	SimTMRL	148	1772	0.925177	898	1956	0.908089
simvarmass_TMRL_aa62ca2c	SimTMRL	SimTMRL	110	1647	0.937091	351	1750	0.938606
simvarmass_TMRL_ac8b146d	SimTMRL	SimTMRL	75	1780	0.936036	477	1874	0.935012
simvarmass_TMRL_ad3cc05c	SimTMRL	SimTMRL	175	1297	0.945295	596	1393	0.941508
simvarmass_TMRL_ae6ab853	SimTMRL	SimTMRL	190	1628	0.941517	159	18025	0.169966
simvarmass_TMRL_af462d76	SimTMRL	SimTMRL	137	349	0.905072	481	399	0.881563
simvarmass_TMRL_afc93458	SimTMRL	SimTMRL	171	1364	0.947478	281	21391	0.124443
simvarmass_TMRL_afda365f	SimTMRL	SimTMRL	258	1963	0.929604	240	2103	0.946089
simvarmass_TMRL_b07da363	SimTMRL	SimTMRL	157	1416	0.953504	714	1547	0.942885
simvarmass_TMRL_b1062cd2	SimTMRL	SimTMRL	86	1031	0.958624	310	1076	0.958106
simvarmass_TMRL_b1617b06	SimTMRL	SimTMRL	138	1142	0.944099	460	1227	0.948000
simvarmass_TMRL_b2a1181c	SimTMRL	SimTMRL	148	1808	0.937679	529	1972	0.928732
simvarmass_TMRL_b53fd232	SimTMRL	SimTMRL	204	338	0.945455	499	393	0.929870
simvarmass_TMRL_b58de1b6	SimTMRL	SimTMRL	114	1521	0.945601	377	1620	0.946924
simvarmass_TMRL_b689c4d9	SimTMRL	SimTMRL	88	1651	0.947731	328	1719	0.957183
simvarmass_TMRL_b8c4544d	SimTMRL	SimTMRL	162	264	0.944345	483	292	0.929915
simvarmass_TMRL_ba74c496	SimTMRL	SimTMRL	147	396	0.938389	560	437	0.931073
simvarmass_TMRL_bb5e8dac	SimTMRL	SimTMRL	160	856	0.954780	181	18009	0.091323
simvarmass_TMRL_bbb2fa80	SimTMRL	SimTMRL	114	370	0.952258	434	409	0.958231
simvarmass_TMRL_bc410f7e	SimTMRL	SimTMRL	174	1446	0.941522	202	19350	0.144527
simvarmass_TMRL_bdd06456	SimTMRL	SimTMRL	138	1758	0.920052	578	1932	0.927551
simvarmass_TMRL_be862ff3	SimTMRL	SimTMRL	54	13064	0.049006	535	369	0.928962
simvarmass_TMRL_beac175f	SimTMRL	SimTMRL	124	1718	0.924778	82	15454	0.206707
simvarmass_TMRL_beb8d9ce	SimTMRL	SimTMRL	81	256	0.955224	403	288	0.940141
simvarmass_TMRL_bebc9568	SimTMRL	SimTMRL	190	570	0.963652	814	640	0.949721
simvarmass_TMRL_bf32f465	SimTMRL	SimTMRL	171	566	0.951178	733	645	0.926598
simvarmass_TMRL_bfe94955	SimTMRL	SimTMRL	127	1209	0.954491	509	1300	0.940413
simvarmass_TMRL_c0010e10	SimTMRL	SimTMRL	127	1533	0.947434	105	17091	0.167092
simvarmass_TMRL_c0213033	SimTMRL	SimTMRL	86	2145	0.930182	470	2274	0.934824
simvarmass_TMRL_c02b436f	SimTMRL	SimTMRL	91	1210	0.947162	287	1273	0.954927
simvarmass_TMRL_c0f004c4	SimTMRL	SimTMRL	146	1506	0.938318	414	1646	0.939104
simvarmass_TMRL_c1621bcc	SimTMRL	SimTMRL	114	506	0.952830	513	559	0.938005
simvarmass_TMRL_c1dbffdc	SimTMRL	SimTMRL	87	1027	0.948730	233	1091	0.954688
simvarmass_TMRL_c25f7281	SimTMRL	SimTMRL	108	1440	0.950181	100	19094	0.143582
simvarmass_TMRL_c286e651	SimTMRL	SimTMRL	73	262	0.973978	313	283	0.948122
simvarmass_TMRL_c37876a5	SimTMRL	SimTMRL	133	657	0.926004	411	734	0.942513
simvarmass_TMRL_c403b364	SimTMRL	SimTMRL	88	261	0.928826	500	295	0.946309
simvarmass_TMRL_c4241d45	SimTMRL	SimTMRL	95	1279	0.956262	209	1338	0.963424
simvarmass_TMRL_c465b212	SimTMRL	SimTMRL	152	2167	0.909323	83	15386	0.248591
simvarmass_TMRL_c724cf94	SimTMRL	SimTMRL	157	1789	0.923395	83	15636	0.215008
simvarmass_TMRL_c773909b	SimTMRL	SimTMRL	102	827	0.964994	530	925	0.951435
simvarmass_TMRL_c8168f67	SimTMRL	SimTMRL	138	1364	0.932785	482	1516	0.942634
simvarmass_TMRL_c845118f	SimTMRL	SimTMRL	105	425	0.943396	348	447	0.944745
simvarmass_TMRL_c97de8d3	SimTMRL	SimTMRL	169	352	0.901099	656	368	0.905914
simvarmass_TMRL_cc84932a	SimTMRL	SimTMRL	138	1976	0.933113	462	2105	0.929358
simvarmass_TMRL_ce31054b	SimTMRL	SimTMRL	99	254	0.935543	663	287	0.944444
simvarmass_TMRL_ce40b073	SimTMRL	SimTMRL	160	1013	0.940520	730	1121	0.950442
simvarmass_TMRL_cff585d1	SimTMRL	SimTMRL	124	950	0.945582	456	1035	0.935824
simvarmass_TMRL_d12eec9e	SimTMRL	SimTMRL	65	504	0.957265	234	523	0.968284
simvarmass_TMRL_d2c8fb9a	SimTMRL	SimTMRL	73	453	0.976293	396	483	0.968685
simvarmass_TMRL_d2d73305	SimTMRL	SimTMRL	183	1038	0.905364	589	1236	0.932156
simvarmass_TMRL_d311a735	SimTMRL	SimTMRL	124	426	0.395722	145	20478	0.011546
simvarmass_TMRL_d3939da3	SimTMRL	SimTMRL	120	2238	0.942640	617	2342	0.933966
simvarmass_TMRL_d497b2ec	SimTMRL	SimTMRL	173	1614	0.925373	156	18334	0.169471
simvarmass_TMRL_d4d47896	SimTMRL	SimTMRL	149	937	0.965979	223	22250	0.083000
simvarmass_TMRL_d5a7c403	SimTMRL	SimTMRL	107	1075	0.957646	347	1141	0.965786
simvarmass_TMRL_d7bbd0e2	SimTMRL	SimTMRL	106	1811	0.941452	366	1922	0.944360
simvarmass_TMRL_d8b2080a	SimTMRL	SimTMRL	135	370	0.942234	112	18953	0.040285
simvarmass_TMRL_d8f4a6ae	SimTMRL	SimTMRL	131	1723	0.935072	55	18630	0.171945
simvarmass_TMRL_d9f4557f	SimTMRL	SimTMRL	128	1138	0.927028	376	1268	0.937669
simvarmass_TMRL_db34801c	SimTMRL	SimTMRL	542	1080	0.650211	455	2076	0.928208
simvarmass_TMRL_db5f4d7e	SimTMRL	SimTMRL	175	1148	0.941273	128	19561	0.115407
simvarmass_TMRL_dc02391f	SimTMRL	SimTMRL	164	1921	0.917703	701	2229	0.911765
simvarmass_TMRL_dcd948ad	SimTMRL	SimTMRL	97	940	0.953831	432	1002	0.956222
simvarmass_TMRL_dd7166d2	SimTMRL	SimTMRL	1131	349	0.248841	40	18586	0.213573
simvarmass_TMRL_de87cb98	SimTMRL	SimTMRL	144	1594	0.922676	451	1774	0.918249
simvarmass_TMRL_e2d70a40	SimTMRL	SimTMRL	103	571	0.954774	287	616	0.963680
simvarmass_TMRL_e587ecca	SimTMRL	SimTMRL	160	1059	0.948315	616	1188	0.935429
simvarmass_TMRL_e6bb8457	SimTMRL	SimTMRL	72	1060	0.955385	428	1112	0.969617
simvarmass_TMRL_e79f6619	SimTMRL	SimTMRL	158	1502	0.931013	148	17078	0.169522
simvarmass_TMRL_ea7ac772	SimTMRL	SimTMRL	50	33	0.216216	279	10	0.313725
simvarmass_TMRL_eaeb7500	SimTMRL	SimTMRL	123	1996	0.910669	316	2135	0.915855
simvarmass_TMRL_ebd071e5	SimTMRL	SimTMRL	145	2227	0.930155	96	15867	0.248724
simvarmass_TMRL_ec03aa6c	SimTMRL	SimTMRL	194	412	0.946882	1123	502	0.924686
simvarmass_TMRL_ed5a8d2f	SimTMRL	SimTMRL	143	957	0.935116	697	1076	0.924228
simvarmass_TMRL_eddd606c	SimTMRL	SimTMRL	77	82	0.937143	272	103	0.846939
simvarmass_TMRL_f023a4b4	SimTMRL	SimTMRL	105	92	0.932642	620	118	0.858447
simvarmass_TMRL_f0f3a4a2	SimTMRL	SimTMRL	69	1233	0.950289	362	1284	0.962207
simvarmass_TMRL_f24946d7	SimTMRL	SimTMRL	154	1098	0.948596	614	1208	0.940206
simvarmass_TMRL_f4a57b9f	SimTMRL	SimTMRL	176	407	0.938870	494	455	0.926776
simvarmass_TMRL_f5c16209	SimTMRL	SimTMRL	120	1464	0.943907	439	1555	0.950830
simvarmass_TMRL_f7e45d35	SimTMRL	SimTMRL	86	1111	0.956110	52	18354	0.117136
simvarmass_TMRL_f8a97aae	SimTMRL	SimTMRL	91	1432	0.948344	310	1508	0.963824
simvarmass_TMRL_f9a98ebb	SimTMRL	SimTMRL	136	137	0.981949	1203	181	0.866044
simvarmass_TMRL_f9aea244	SimTMRL	SimTMRL	157	2049	0.929430	120	15822	0.233773
simvarmass_TMRL_fa2aaf75	SimTMRL	SimTMRL	156	1986	0.928571	149	16538	0.219162
simvarmass_TMRL_faf6135e	SimTMRL	SimTMRL	154	1815	0.933780	695	1969	0.934820
simvarmass_TMRL_fbfb73de	SimTMRL	SimTMRL	146	1096	0.937901	519	1193	0.940789
simvarmass_TMRL_fc1513a8	SimTMRL	SimTMRL	137	1649	0.939601	689	1795	0.936543
simvarmass_TMRL_fc5b60a0	SimTMRL	SimTMRL	149	220	0.885906	728	260	0.845996
simvarmass_TMRL_fc9ef2d1	SimTMRL	SimTMRL	146	1487	0.942631	388	1614	0.930530
simvarmass_TMRL_fdb9a44a	SimTMRL	SimTMRL	163	1114	0.940828	567	1205	0.939357
simvarmass_TMRL_fe259400	SimTMRL	SimTMRL	79	1248	0.947168	447	1300	0.949683
simvarmass_TMRL_feb3ab2e	SimTMRL	SimTMRL	154	1150	0.952658	203	20867	0.107661
simvarmass_TMRL_ff787d2e	SimTMRL	SimTMRL	130	2023	0.939507	536	2217	0.919858
simvarmass_TMRL_ffeace8a	SimTMRL	SimTMRL	125	1103	0.937473	449	1195	0.949652
